english,polish,alternatives
00databasealphabet,abcdefghijklmnopqrstuvwxyzâèéêï,
00databasedictfmt1130,00-database-dictfmt-1.13.0,
00databaseinfo,"'
     (km","* a separate item is extending the dictionary with an xml
     representation of idarexen (described in a paper by bański and
     moszczyński|* added non-diacritic versions to headwords with diacritics|* anchored some of the pos values in the freedict interface to
     gold|* converted codes into letters with diacritics in utf-8"
00databaseshort,english - polish piotrowski+saloni,freedict dictionary ver. 0.2
00databaseurl,unknown,
aa,automobilklub,"i.
   see also: {alcoholics anonymous}
  anonimowi alkoholicy
ii.
   see also: {automobile association}
  związek automobilowy|ˌ$⋅$ˈ$⋅$"
aaa,amerykański automobilklub,amerykański związek automobilowy|ˌ$⋅⋅$ˈ$⋅$
aardvark,mrównik,ˈaːdvaːk
abacus,liczydło,ˈæbəkəs
abandon,1.  zostawiać,"opuszczać
 2.  zaprzestawać
 3.  rzucać
 4.  oddawać 
 5.  with abandon 
 - beztrosko|əˈbændən"
abandonment,"1.  opuszczenie
 2.  zaprzestanie",əˈbændənmənt
abashed,zakłopotany,əˈbæʃt
abate,zelżeć,əˈbeɪt
abattoir,rzeźnia,ˈæbətʊɑ:
abbess,przeorysza,ˈæbɪs
abbey,klasztor,opactwo|ˈæbɪ
abbot,opat,ˈæbət
abbreviate,skracać,əˈbri:vɪeɪt
abbreviated,skrócony,əˈbri:vɪeɪtɪd
abbreviation,skrót,əˌbri:vɪˈeɪʃən
abc,biological,"biologiczna|chemical}
  atomowa|chemiczna|i.   1.  alfabet
 2.  abc
 3.  elementarz
ii.
   see also: {american broadcasting company}
  amerykańska korporacja nadawcza
iii.
   see also: {australian broadcasting company}
  australijska korporacja nadawcza
iv.
   see also: {atomic"
abdicate,"1.  abdykować
 2.  zrzekać się",wyrzekać się|ˈæbdɪkeɪt
abdication,"1.  abdykacja
 2.  odrzucenie",ˌæbdɪˈkeɪʃən
abdomen,brzuch,ˈæbdəmən
abdominal,brzuszny,æbˈdɒmɪnəl
abduct,uprowadzać,æbˈdʌkt
abduction,uprowadzenie,æbˈdʌkʃən
aberration,zboczenie,ˌæbəˈreɪʃən
abet,wspomagać  [coś złego],əˈbet
abhor,nie cierpieć,əbˈhɔ:
abhorrence,nienawiść,əbˈhɒrəns
abhorrent,znienawidzony,əbˈhɒrənt
abide,"i.   1.  trwać
 2.  cannot abide 
 - nie znosić
ii.  abide by   stosować się do",əˈbaɪd
abiding,długotrwały,əˈbaɪdɪŋ
ability,1.  zdolność,"abilities 
 - jak najlepiej można|możliwość
 2.  to the best of one's ability|əˈbɪlɪtɪ"
abject,"1.  okropny
 2.  nędzny",ˈæbʤekt
ablaze,"1.  w płomieniach
 2.  rozświetlony",əˈbleɪz
able,"1.  zdolny
 2.  be able to 
 - móc",ˈeɪbəl
ablebodied,able-bodied,dobrze zbudowany|ˌeɪbəl ˈbɒdɪd
ably,znakomicie,ˈeɪblɪ
abnormal,nienormalny,æbˈnɔ:məl
abnormality,nieprawidłowość,ˌæbnɔ:ˈmælɪtɪ
abnormally,"1.  niezwykle
 2.  nienormalnie",æbˈnɔ:məlɪ
aboard,"1.  na pokładzie
 2.  wewnątrz  [pojazdu]",əˈbɔ:d
abode,miejsce zamieszkania,əˈbəʊd
abolish,obalić,əˈbɒlɪʃ
abolition,obalenie,ˌæbəˈlɪʃən
abomb,a-bomb,bomba atomowa|ˈeɪbɒm
abominable,"i.    straszny
ii.  abominable snowman   yeti",əˈbɒmɪnəbəl
abominably,okropnie,əˈbɒmɪnəblɪ
abort,i.   1.  poronić,"przerwanie zadania|przerwać ciążę
 2.  przerwać [przed zakończeniem]
ii.    [komp]  abort|əˈbɔ:t"
abortion,aborcja,poronienie|əˈbɔ:ʃən
abortive,nieskuteczny,əˈbɔ:tɪv
abound,być w obfitości,obfitować|əˈbaʊnd
about,"1.  o
 2.  z
 3.  około
 4.  wokoło
 5.  be about 
 - istnieć","być dostępnym
 6.  be about to do sth 
 - mieć coś zrobić|zamierzać coś zrobić|əˈbaʊt"
aboutturn,"1.  zwrot w tył
 2.  zmiana poglądów na przeciwne",about-turn|əˌbaʊtˈtɜ:n
above,"i.    ponad
ii.   1.  wyżej
 2.  powyżej
iii.    nad
iv.   the above  powyższe
v.  above board",uczciwy|əˈbʌv|əˈbʌv bɔ:d
abrasion,otarcie,əˈbreɪʒən
abrasive,"1.  szorstki
 2.  ścierny",əˈbreɪsɪv
abreast,"1.  w szeregu
 2.  keep abreast  )
 - być na bieżąco z czymś",być na bieżąco|əˈbrest
abridged,skrócony,əˈbrɪʤd
abroad,za granicą,za granicę|əˈbrɔ:d
abrupt,1.  nagły,"raptowny
 2.  ostry|əˈbrʌpt"
abruptly,1.  nagle,"raptownie
 2.  ostro|əˈbrʌptlɪ"
abscess,ropień,ˈæbses
abscond,uciec,əbˈskɒnd
absence,"1.  nieobecność
 2.  brak",ˈæbsəns
absent,"1.  nieobecny
 2.  nieuważny",ˈæbsənt
absentee,ktoś nieobecny,nieobecny|osoba nieobecna|ˌæbsənˈti:
absently,nieuważnie,ˈæbsəntlɪ
absentminded,absent-minded,roztargniony|ˌæbsənt ˈmaɪndɪd
absentmindedly,absent-mindedly,przez roztargnienie|ˌæbsənt ˈmaɪndɪdlɪ
absolute,"i.   1.  całkowity
 2.  zupełny
 3.  absolutny
ii.    absolut",ˈæbsəlu:t
absolutely,"1.  zupełnie
 2.  dokładnie tak",ˈæbsəlu:tlɪ
absolution,rozgrzeszenie,ˌæbsəˈlu:ʃən
absolve,"1.  rozgrzeszać
 2.  oczyszczać",əbˈzɒlv
absorb,"1.  wchłaniać
 2.  absorbować
 3.  przyswajać",əbˈsɔ:b
absorbent,wchłaniający,əbˈsɔ:bənt
absorbing,[książka]  pasjonujący,əbˈsɔ:bɪŋ
absorption,"1.  zainteresowanie
 2.  wchłanianie",əbˈsɔ:pʃən
abstain,wstrzymywać się,əbˈsteɪn
abstemious,wstrzemięźliwy,əbˈsti:mɪəs
abstention,wstrzymanie się,wstrzymanie się od głosu|əbˈstenʃən
abstinence,abstynencja,ˈæbstɪnəns
abstract,"abstract
i.   1.  abstrakcyjny
 2.  oderwany
ii.    streszczenie
iii.   1.  streszczać
 2.  [treść]  wyciągnąć",
abstracted,wyobcowany,æbˈstræktɪd
abstraction,"1.  abstrakcja
 2.  wyobcowanie",æbˈstrækʃən
absurd,absurdalny,groteskowy|əbˈsɜ:d
absurdity,absurd,əbˈsɜ:dɪtɪ
abundance,obfitość,əˈbʌndəns
abundant,obfity,əˈbʌndənt
abundantly,"1.  niezwykle
 2.  obficie",əˈbʌndəntlɪ
abuse,"abuse
i.   1.  nadużywać
 2.  [przeklinać]  obrzucać wymysłami
 3.  [źle traktować]  znęcać się 
ii.   1.  [przekleństwa]  wymysły
 2.  [nad kimś]  znęcanie się
 3.  [władzy]  nadużycie
 4.  [alkoholu]  nadużywanie",
abusive,obraźliwy,əˈbju:sɪv
abysmal,nędzny,okropny|əˈbɪzməl
abyss,"1.  otchłań
 2.  przepaść",əˈbɪs
ac,a,"c
i.
   see also: {account}
  konto
ii.
   see also: {air conditioning}
  klimatyzacja|prąd zmienny|ˌ$⋅$ˈ$⋅$"
academic,"i.   1.  naukowy
 2.  uniwersytecki
 3.  akademicki
 4.  zdolny
ii.    nauczyciel akademicki",naukowiec|ˌækəˈdemɪk
academy,akademia,əˈkædəmɪ
accede,przychylać się,əkˈsi:d
accelerate,przyspieszać,əkˈseləreɪt
acceleration,przyspieszenie,əkˌseləˈreɪʃən
accelerator,"1.  akcelerator
 2.  [w samochodzie]  pedał gazu",əkˈseləreɪtə
accent,"accent
i.   1.  dialekt","akcent
 2.  akcent
 3.  nacisk
ii.    akcentować"
accentuate,kłaść nacisk na,əkˈsenʧʊeɪt
accept,1.  przyjmować,"uznawać
 2.  pogodzić się 
 3.  akceptować|əkˈsept"
acceptable,1.  uznawalny,"akceptowalny
 2.  do przyjęcia|əkˈseptəbəl"
acceptance,"1.  przyjęcie
 2.  potwierdzenie przyjęcia 
 3.  akceptacja
 4.  zgoda na
 5.  pogodzenie się",əkˈseptəns
access,"i.   1.  [form]  dojście 
 2.  dostęp 
ii.    [informacje z komputera]  wydobywać",ˈækses
accessible,"1.  dostępny
 2.  [łatwy]  dostępny",əkˈsesəbəl
accession,akcesja,əkˈseʃən
accessory,1.  akcesoria,"wyposażenie
 2. accessories  [do stroju]  dodatki
 3.  [przestępstwa]  wspólnik|əkˈsesərɪ"
accident,"1.  przypadek
 2.  wypadek",ˈæksɪdənt
accidental,przypadkowy,ˌæksɪˈdentəl
accidentprone,accident-prone,podatny na wypadki|ˈæksɪdəntprəʊn
acclaim,"i.    wychwalać
ii.    aplauz",əˈkleɪm
acclimatize,"1.  aklimatyzować się
 2.  przywykać",əˈklaɪmətaɪz
accolade,uznanie,ˈækəleɪd
accommodate,"1.  przyjmować
 2.  wychodzić naprzeciw
 3.  pomieścić",zakwaterować|əˈkɒmədeɪt
accommodating,uczynny,əˈkɒmədeɪtɪŋ
accommodation,miejsce  [zamieszkania,w hotelu]|əˌkɒməˈdeɪʃən
accompaniment,"1.  akompaniament
 2.  dodatek",əˈkʌmpənɪmənt
accompanist,akompaniator,əˈkʌmpənɪst
accompany,"1.  towarzyszyć
 2.  akompaniować",əˈkʌmpənɪ
accomplice,[przestępstwa]  wspólnik,əˈkʌmplɪs
accomplish,dokonać,əˈkʌmplɪʃ
accomplished,znakomity,əˈkʌmplɪʃt
accomplishment,"1.  zdolność
 2.  dokonanie
 3.  spełnienie
 4.  wyczyn",əˈkʌmplɪʃmənt
accord,"1.  dawać
 2.  [form]  korespondować","zgadzać się 
 3.  of one's own accord 
 - z własnej woli
 4.  in accord 
 - w zgodzie|əˈkɔ:d"
accordance,"in accordance with  :in :accordance :with)
 - zgodnie z",əˈkɔ:dəns
according to,według,zgodnie z|əˈkɔ:dɪŋ tə
accordingly,odpowiednio,wedle zasługi|əˈkɔ:dɪŋlɪ
accordion,akordeon,əˈkɔ:dɪən
accost,zaczepić,əˈkɒst
account,i.   1.  sprawozdanie,"opis 
 2. accounts  rachunki księgowe
 3.  konto
 4.  rachunek
 5.  *take sth into account|take account of sth* 
 - brać coś pod uwagę
 6.  on account of 
 - z powodu|z przyczyny
 7.  on no account 
 - pod żadnym pozorem
 8.  of no account 
 - bez znaczenia
ii.  account for  1.  wytłumaczyć się
 2.  składać się|əˈkaʊnt"
accountability,odpowiedzialność,əˌkaʊntəˈbɪlɪtɪ
accountable,odpowiedzialny,əˈkaʊntəbəl
accountancy,księgowość,əˈkaʊntənsɪ
accountant,księgowy,əˈkaʊntənt
accredited,"1.  akredytowany 
 2.  uznawany",əˈkredɪtɪd
acct,"acct.
  konto",
accumulate,gromadzić,əˈkju:mjəleɪt
accumulation,"1.  nagromadzenie
 2.  akumulacja",əˌkju:mjəˈleɪʃən
accuracy,"1.  dokładność
 2.  staranność",skrupulatność|ˈækjərəsɪ
accurate,"1.  wierny
 2.  dokładny",ˈækjərət
accusation,oskarżenie,ˌækju:ˈzeɪʃən
accuse,"1.  obwiniać 
 2.  oskarżać",əˈkju:z
accused,oskarżony,əˈkju:zd
accusing,oskarżycielski,əˈkju:zɪŋ
accustom,przyzwyczajać,əˈkʌstəm
accustomed,1.  zwykły,"normalny
 2.  be accustomed  :accustomed :to [np | vbg])
 - być przyzwyczajonym|əˈkʌstəmd"
ace,eɪs,"i.    as
ii.    [nieform]  wyborowy|wyborny"
ache,eɪk,"i.    ból
ii.   1.  [o części ciała albo całym ciele]  boleć   
 2.  mieć ochotę"
achieve,osiągać,əˈʧi:v
achievement,1.  osiągnięcie,"wyczyn
 2.  spełnienie|əˈʧi:vmənt"
acid,"i.   1.  kwas
 2.  lsd
ii.   1.  kwasowy
 2.  kwaśny
 3.  jadowity
iii.  an acid test   papierek lakmusowy",ˈæsɪd
acidic,kwasowy,əˈsɪdɪk
acidity,"1.  kwasowość
 2.  jadowitość",əˈsɪdɪtɪ
ack,"ack.
  potwierdzony",
acknowledge,"1.  przyznawać 
 2.  uznawać   
 3.  witać 
 4.  potwierdzać
 5.  odpowiadać",əkˈnɒlɪʤ
acknowledgement,"1.  przyznanie się 
 2.  uznanie
 3.  pozdrowienie
 4.  potwierdzenie
 5. acknowledgements  podziękowania",əkˈnɒlɪʤmənt
acne,trądzik,ˈæknɪ
acorn,żołądź,ˈeɪkɔ:n
acoustic,akustyczny,əˈku:stɪk
acoustics,akustyka,əˈku:stɪks
acquaint,zaznajamiać się,əˈkweɪnt
acquaintance,"1.  znajomy
 2.  znajomość
 3.  make sb's acquaintance 
 - poznać kogoś",əˈkweɪntəns
acquiesce,zgadzać się,ˌækwɪˈes
acquire,"1.  zdobywać
 2.  nabywać",əˈkwaɪə
acquisition,1.  nabytek,"zdobycz
 2.  nabycie|ˌækwɪˈzɪʃən"
acquit,"1.  uniewinniać
 2.  [form]  acquit oneself 
 - postępować",zachowywać się|əˈkwɪt
acquittal,uniewinnienie,əˈkwɪtəl
acrid,"1.  palący
 2.  zjadliwy",ˈækrɪd
acrimonious,[spór]  zażarty,ostry|ˌækrɪˈməʊnɪəs
acrimony,zażartość,ˈækrɪmənɪ
acrobat,akrobata,ˈækrəbæt
acrobatic,"i.    akrobatyczny
ii.   acrobatics  akrobatyka",ˌækrəˈbætɪk
across,"i.    przez
ii.   1.  w poprzek
 2.  po drugiej stronie
 3.  na szerokość",əˈkrɒs
act,"akt
 4.  [w teatrze]  akt
 5.  [na estradzie]  wstawka
 6.  in the act  
 - w trakcie robienia czegoś","i.   1.  działać
 2.  [zachowywać się]  postępować 
 3.  [działać]  funkcjonować   
 4.  [w teatrze]  grać
ii.   1.  [działanie]  akt|popisywać się|postępek
 2.  [łudzenie]  gra
 3.  [prawny]  ustawa|w trakcie
iii.  act up  1.  nawalać 
 2.  popisywać się złym zachowaniem"
acting,"1.  aktorstwo
 2.  p.o.",pełniący obowiązki|ˈæktɪŋ
action,"1.  działanie
 2.  postępek
 3.  akcja
 4.  put sth into action 
 - wprowadzać coś w działanie","wprowadzać coś do akcji
 5.  out of action 
 - zepsuty|ˈækʃən"
activate,aktywować,uruchamiać|ˈæktɪveɪt
active,"1.  aktywny
 2.  intensywny",energiczny|ˈæktɪv
activist,aktywista,działacz|ˈæktɪvɪst
activity,"1.  działalność
 2.  zajęcie
 3.  praca",æˈktɪvɪtɪ
actor,aktor,ˈæktə
actress,aktorka,ˈæktrəs
actual,"1.  rzeczywisty
 2.  faktyczny",sam|ˈækʧʊəl
actuality,"in actuality 
 - faktycznie",w istocie|właściwie|ˌækʧʊˈælɪtɪ
actually,"1.  naprawdę
 2.  faktycznie
 3.  przy okazji","tak w ogóle
 4.  chyba|w istocie|w rzeczy samej|ˈækʧʊəlɪ"
acumen,zdolności,żyłka|ˈækju:mən
acute,ostry,əˈkju:t
ad,a.d.,anno domini|ogłoszenie|roku pańskiego|æd
ad hoc,doraźny,ˌædˈhɒk
adamant,niewzruszony,ˈædəmənt
adams apple,adam's apple,grdyka|jabłko adama|ˌædəmz ˈæpəl
adapt,"1.  dostosowywać się 
 2.  przystosowywać 
 3.  adaptować (for - dla",na)|əˈdæpt
adaptability,przystosowalność,əˌdæptəˈbɪlɪtɪ
adaptable,łatwo dostosowujący się,əˈdæptəbəl
adapter,"1.  rozgałęźnik
 2.  zasilacz",adaptor|əˈdæptə
adaptor,"1.  rozgałęźnik
 2.  zasilacz",adapter|əˈdæptə
add,"add.
  adres","i.   1.  dodawać
 2.  zwiększać 
ii.  add up  1.  podsumowywać
 2.  składać się w całość
iii.  add up to   razem wynosić|æd"
adder,żmija,ˈædə
addict,"1.  narkoman
 2.  zapaleniec",ˈædɪkt
addicted,"1.  uzależniony 
 2.  łakomy 
 3.  be addicted to sth 
 - nie móc sobie odmówić czegoś",əˈdɪktɪd
addiction,1.  uzależnienie,"narkomania
 2.  łakomstwo|əˈdɪkʃən"
addictive,powodujący uzależnienie,əˈdɪktɪv
addition,"1.  dodatek
 2.  dodanie
 3.  dodawanie",əˈdɪʃən
additional,dodatkowy,əˈdɪʃənəl
additive,dodatek,przyprawa|ˈædɪtɪv
address,"i.   1.  a. adres
 b.
      ""at an address""  - pod adresem
 2.  [zamieszkania]  miejsce
 3.  przemowa
ii.   1.  [list]  adresować
 2.  przemawiać
 3.  [uwagę]  kierować
 4.  [do problemu",zadania]  zabrać się|əˈdres
adept,biegły,zręczny|ˈædept
adequacy,"1.  wystarczającość
 2.  adekwatność",ˈædɪkwəsɪ
adequate,"1.  wystarczający 
 2.  właściwy",ˈædɪkwɪt
adhere,"1.  przylegać 
 2.  stosować się 
 3.  trzymać się",ədˈhɪə
adherence,przestrzeganie,ədˈhɪərəns
adherent,stronnik,ədˈhɪərənt
adhesion,przyleganie,przylepność|ədˈhi:ʒən
adhesive,"i.    substancja klejąca
ii.    przylepny",ədˈhi:sɪv
adjacent,sąsiadujący,əˈʤeɪsənt
adjectival,przymiotnikowy,ˌæʤɪkˈtaɪvəl
adjective,przymiotnik,ˈæʤɪktɪv
adjoin,przylegać,stykać się|əˈʤɔɪn
adjourn,"1.  odraczać
 2.  odkładać",əˈʤɜ:n
adjournment,odroczenie,əˈʤɜ:nmənt
adjudged,uznawany,uznawany za|əˈʤʌʤd
adjudicate,wyrokować,əˈʤu:dɪkeɪt
adjunct,"1.  dodatek   
 2.  [gram]  okolicznik",ˈæʤʌŋkt
adjust,"1.  dostosowywać się 
 2.  poprawiać
 3.  nastawiać",regulować|əˈʤʌst
adjustable,dostosowywalny,nastawialny|əˈʤʌstəbəl
adjustment,"1.  regulacja
 2.  dostosowywanie się",əˈʤʌstmənt
adlib,ad-lib,"bez przygotowania|i.    improwizować
ii.    a vista|ˌædˈlɪb"
administer,"1.  zarządzać
 2.  stosować
 3.  [form]  aplikować",ədˈmɪnɪstə
administration,1.  administracja,"władze
 4.  [us]  rząd|zarządzanie
 2.  stosowanie
 3.  zarząd|ədˌmɪnɪˈstreɪʃən"
administrative,administracyjny,ədˈmɪnɪstrətɪv
administrator,zarządca,ədˈmɪnɪstreɪtə
admirable,godny podziwu,znakomity|ˈædmərəbəl
admiral,admirał,ˈædmərəl
admiration,podziw,ˌædmɪˈreɪʃən
admire,podziwiać,ədˈmaɪə
admirer,wielbiciel,ədˈmaɪərə
admiring,pełen podziwu,ədˈmaɪərɪŋ
admissible,do przyjęcia,ədˈmɪsəbəl
admission,"1.  przyjęcie   
 2.  wstęp
 3.  opłata za wstęp
 4.  przyznanie się",ədˈmɪʃən
admit,"1.  przyznać się 
 2.  przyjmować 
 3.  admit defeat 
 - uznawać się za pokonanego",ədˈmɪt
admittance,wejście,zezwolenie na wejście|ədˈmɪtəns
admittedly,co prawda,wprawdzie|ədˈmɪtɪdlɪ
admonish,karcić,ədˈmɒnɪʃ
ado,"further ado 
 - bez ceregieli",without more|əˈdu:
adolescence,okres dojrzewania,ˌædəˈlesəns
adolescent,nieletni,ˌædəˈlesənt
adopt,"1.  adoptować
 2.  przyjmować",əˈdɒpt
adoption,"1.  adopcja
 2.  przyjmowanie",əˈdɒpʃən
adorable,miły,əˈdɔ:rəbəl
adoration,uwielbienie,ˌædəˈreɪʃən
adore,uwielbiać,əˈdɔ:
adorn,przyozdabiać,əˈdɔ:n
adornment,"1.  ozdoba
 2.  zdobnictwo",ozdabianie|əˈdɔ:nmənt
adrift,dryfujący,w dryfie|əˈdrɪft
adroit,biegły,wprawny|əˈdrɔɪt
adulation,adoracja,czołobitność|ˌæʤʊˈleɪʃən
adult,"1.  dorosły
 2.  dojrzały",əˈdʌlt|ˈædʌlt
adulterate,chrzcić,chrzcić mleko|fałszować|əˈdʌltəreɪt
adultery,cudzołóstwo,zdrada|əˈdʌltərɪ
adulthood,dorosłość,ˈædʌlthʊd
advance,i.   1.  nadchodzić,"nacierać
 2.  [z wiedzą]  posuwać się naprzód
 3.  [zaliczkę|pożyczka
 2. advances  umizgi
 3.  [wiedzy]  postęp
iii.   1.  [zapłata]  uprzedni
 2.  in advance of 
 - w czołówce
 3.  in advance 
 - z góry|pożyczkę]  wypłacać
ii.   1.  [wypłata]  zaliczka|z wyprzedzeniem"
advanced,"1.  zaawansowany
 2.  wysoko rozwinięty",ədˈvɑ:nst
advancement,"1.  awans
 2.  rozwój",ədˈvɑ:nsmənt
advantage,"1.  przewaga
 2.  zaleta
 3.  to sb's advantage 
 - dla czyjegoś dobra
 4.  take advantage of 
 - wykorzystywać",ədˈvɑ:ntɪʤ
advantageous,korzystny,ˌædvənˈteɪʤəs
advent,adwent,nadejście|ˈædvent
adventist,adwentysta,ˈædvəntɪst
adventure,przygoda,ədˈvenʧə
adventurer,"1.  awanturnik
 2.  poszukiwacz przygód",ədˈvenʧərə
adventurous,"1.  rzutki
 2.  żądny przygód",ədˈvenʧərəs
adverb,przysłówek,ˈædvɜ:b
adverbial,przysłówkowy,ədˈvɜ:bɪəl
adversary,przeciwnik,ˈædvəsərɪ
adverse,niekorzystny,ˈædvɜ:s
advert,ogłoszenie,reklama|ˈædvɜ:t
advertise,"1.  reklamować
 2.  a. poszukiwać
 b.
      ""for a worker""  - pracownika",ˈædvətaɪz
advertisement,ogłoszenie,reklama|ədˈvɜ:tɪsmənt
advertiser,osoba firma reklamująca się,osoba reklamująca się|ˈædvətaɪzə
advertising,ogłoszenia,reklama|ˈædvətaɪzɪŋ
advice,rada,ədˈvaɪs
advisable,celowy,sensowny|ədˈvaɪzəbəl
advise,"1.  radzić
 2.  przestrzegać 
 3.  doradzać",ədˈvaɪz
adviser,advisor,doradca|ədˈvaɪzə
advisor,adviser,doradca|ədˈvaɪzə
advisory,doradczy,ədˈvaɪzərɪ
advocate,"i.    być zwolennikiem
ii.   1.  zwolennik
 2.  obrońca",ˈædvəkeɪt
advt,"advt.
  ogłoszenie",
aerial,i.   1.  powietrzny,"napowietrzny
 2.  lotniczy
ii.    [br]  antena|ˈeərɪəl"
aerodrome,lotnisko,ˈeərədrəʊm
aeroplane,samolot,ˈeərəpleɪn
aesthetic,estetyczny,esthetic|i:sˈθetɪk
afar,"from afar 
 - z oddali",əˈfɑ:
affable,przyjacielski,życzliwy|ˈæfəbəl
affair,"1.  sprawa
 2.  romans",przygoda|əˈfeə
affect,"1.  mieć wpływ 
 2.  atakować
 3.  [form]  silić się",pozować|əˈfekt
affectation,afektacja,ˌæfekˈteɪʃən
affected,afektowany,əˈfektɪd
affection,uczucie,əˈfekʃən
affectionate,pełen uczucia,uczuciowy|əˈfekʃənət
affiliated,afiliowany,przyłączony|əˈfɪlɪeɪtɪd
affinity,1.  bliskość,"poczucie przynależności   
 2.  have an affinity with 
 - być podobnym do|əˈfɪnɪtɪ"
affirm,1.  stwierdzać,"wyrażać
 2.  potwierdzać
 3.  [poglądy]  głosić|əˈfɜ:m"
affirmative,1.  twierdzący,"potwierdzający
 2.  in the affirmative 
 - twierdząco|əˈfɜ:mətɪv"
affix,umocować,əˈfɪks
afflict,"1.  a. udręczyć
 b.
      ""with an illness""  - chorobą
 c.
      ""by an illness""  - chorobą
 2.  be afflicted 
 - być nękanym",əˈflɪkt
affliction,udręka,əˈflɪkʃən
affluence,dostatek,ˈæflʊəns
affluent,dostatni,majętny|ˈæflʊənt
afford,1.  pozwolić sobie   (to do sth - na to,"by coś robić)
 2.  [poparcia]  udzielać
 3.  [przyjemność|możliwość]  dawać|əˈfɔ:d"
affront,"1.  obraza 
 2.  be affronted 
 - być urażonym",əˈfrʌnt
afield,"from far afield 
 - z daleka",əˈfi:ld
afloat,na powierzchni,əˈfləʊt
afoot,szykowany,əˈfʊt
aforementioned,wyżej wspomniany,əˌfɔ:ˈmenʃənd
aforesaid,wyżej wspomniany,əˈfɔ:sed
afraid,"1.  wystraszony
 2.  be afraid  :afraid [:of [np | vbg] | :to verb])
 - bać się    
 3.  i am afraid 
 - niestety",obawiam się|əˈfreɪd
afresh,od nowa,əˈfreʃ
africa,afryka,ˈæfrɪkə
african,"i.    afrykański
ii.    afrykanin",murzyn|ˈæfrɪkən
aftereffect,after-effect,następstwo|skutek późniejszy|ˈɑ:ftərɪfekt
aftermath,pokłosie,ˈɑ:ftəmæθ
afternoon,"i.    a. popołudnie
 b.
      ""in the afternoon""  - po południu
ii.    popołudniowy",ɑ:ftəˈnu:n
aftershave,płyn po goleniu,ˈɑ:ftəʃeɪv
afterthought,uzupełnienie  [czegoś powiedzianego lub zrobionego wcześniej],ˈɑ:ftəθɔ:t
afterward,afterwards,później|ˈɑ:ftəwədz
afterwards,afterward,później|ˈɑ:ftəwədz
again,"1.  znów
 2.  jeszcze raz
 3.  *again and again","ciągle
 4.  then again 
 - jednak|time and again* 
 - wciąż|əˈgen|əˈgeɪn"
against,"1.  [opierać się]  o
 2.  [komuś]  przeciw
 3.  [prawu]  wbrew
 4.  [wiatr]  pod
 5.  [tle]  na",əˈgenst|əˈgeɪnst
age,eɪʤ,"i.   1.  wiek   
 2.  zaawansowany wiek|lata
ii.   1.  starzeć się
 2.  under age 
 - nieletni
 3.  come of age 
 - dojść do pełnoletności|okres
 4.  wiek|starość
 3.  wiek"
aged,"1.  w wieku
 2.  leciwy",ˈeɪʤɪd
ageless,"1.  nie starzejący się
 2.  odwieczny",ponadczasowy|ˈeɪʤlɪs
agency,agencja,biuro|ˈeɪʤənsɪ
agenda,rozkład dnia,əˈʤendə
agent,1.  przedstawiciel,"impresario
 2.  czynnik|ˈeɪʤənt"
ageold,age-old,wiekowy|ˌeɪʤˈəʊld
aggravate,"1.  pogarszać
 2.  irytować",ˈægrəveɪt
aggregate,1.  zespół,"wynik 
 2.  suma|zbiór|ˈægrɪgət"
aggression,"1.  agresywność
 2.  agresja",əˈgreʃən
aggressive,1.  zaczepny,"agresywny
 2.  rzutki|əˈgresɪv"
aggressor,agresor,əˈgresə
aggrieved,zirytowany,əˈgri:vd
aggro,agresja,napastliwość|ˈægrəʊ
aghast,przerażony,əˈgɑ:st
agile,"1.  zwinny
 2.  żywy",sprawny|ˈæʤaɪl
agility,"1.  zwinność
 2.  sprawność",əˈʤɪlɪtɪ
agitate,1.  agitować,"występować   
 2.  wstrząsać
 3.  wzburzać|ˈæʤɪteɪt"
agitation,"1.  podniecenie
 2.  agitacja",ˌæʤɪˈteɪʃən
agitator,orędownik,ˈæʤɪteɪtə
agm,doroczne walne zgromadzenie,ˌ$⋅⋅$ˈ$⋅$
ago,"a. temu
 b.
      ""5 minutes ago""  - 5 minut temu",əˈgəʊ
agog,podniecony,əˈgɒg
agonize,przemyśliwać,zadręczać się|ˈægənaɪz
agonizing,"1.  dręczący
 2.  trudny",ˈægənaɪzɪŋ
agony,cierpienie,ˈægənɪ
agree,i.   1.  zgadzać się (with - z,"na)
 2.  be agreed  :agreed)
 - zgadzać się
ii.  agree with   a. służyć 
 b.
      ""it does not agree with her""  - to jej nie służy|əgˈri:"
agreeable,"1.  przyjemny
 2.  miły 
 3.  be agreeable to 
 - zgadzać się na",əgˈri:əbəl
agreement,"1.  a. umowa
 b.
      ""under an agreement""  - zgodnie z umową
 2.  porozumienie","zgoda   
 3.  in agreement 
 - w zgodzie|əgˈri:mənt"
agricultural,"1.  rolniczy
 2.  [o produkcie",banku]  rolny|ˌægrɪˈkʌlʧərəl
agriculture,rolnictwo,ˈægrɪˌkʌlʧə
aground,na mieliznie,əˈgraʊnd
ah,ach,no|o|och|ɑ:
aha,ɑ:ˈhɑ:,
ahead,"1.  w przód
 2.  przed
 3.  naprzód
 4.  prowadzący",əˈhed
ahoy,ahoj,əˈhɔɪ
ai,$⋅$ˈ$⋅$,sztuczna inteligencja
aid,eɪd,"i.    pomoc
ii.   1.  pomagać|wspomagać
 2.  in aid of 
 - na wspomożenie
 3.  with the aid of 
 - przy pomocy"
aide,adiutant,asystent|eɪd
aids,eɪdz,
ail,eɪl,niedomagać
ailment,dolegliwość,ˈeɪlmənt
aim,eɪm,"i.   1.  mierzyć 
 2.  starać się     
 3.  wymierzać 
ii.   1.  cel
 2.  celowanie
 3.  take aim  :aim)
 - celować"
aimless,bezcelowy,bezsensowny|ˈeɪmlɪs
air,budynek lotów,"eə|i.   1.  powietrze
 2.  charakter
ii.   1.  [poglądy]  wygłaszać
 2.  wietrzyć
iii.   1.  [np. materac]  nadmuchiwany
 2.  by air 
 - lotem
 3.  into thin air 
 - bez śladu
 4.  out of thin air 
 - nie wiadomo skąd
 5.  on the air 
 - na wizji|na fonii
iv.  air force|nalot
vii.  air terminal"
airborne,"i.    powietrzny
ii.    w powietrzu",ˈeəbɔ:n
airconditioned,air-conditioned,klimatyzowany|ˈeəkənˌdɪʃənd
aircraft,"i.    samolot
ii.    [np. przemysł]  samolotowy",ˈeəkrɑ:ft
aircraftcarrier,aircraft-carrier,lotniskowiec|ˈeəkrɑ:ft ˌkærɪə
airfield,małe lotnisko,ˈeəfi:ld
airing,1.  wietrzenie,"przewietrzanie
 2.  rozgłaszanie|ˈeərɪŋ"
airless,duszny,ˈeəlɪs
airline,linia lotnicza,ˈeəlaɪn
airliner,samolot pasażerski,ˈeəlaɪnə
airmail,poczta lotnicza,ˈeəmeɪl
airplane,samolot,ˈeəpleɪn
airport,port lotniczy,ˈeəpɔ:t
airship,sterowiec,ˈeəʃɪp
airsick,chory na chorobę lokomocyjną,ˈeəsɪk
airspace,przestrzeń powietrzna,ˈeəspeɪs
airtight,szczelny  [nie przepuszczający powietrza],ˈeətaɪt
airtraffic control,air-traffic control,kontrola lotów|ˌeətræfɪk kənˈtrəʊl
airwaves,fale radiowe,ˈeəweɪvz
airy,"1.  przestronny
 2.  lekkomyślny",niepoważny|ˈeərɪ
aisle,1.  przejście  [między rzędami foteli,"aɪl|nawa|np. w teatrze|w samolocie]
 2.  nawa boczna"
ajar,eˈʤɑ:,uchylony
akin,podobny,əˈkɪn
alabama,ˌæləˈbæmə,
alacrity,"[form]  with alacrity 
 - skwapliwie",əˈlækrɪtɪ
alarm,budzik,"i.   1.  a. przestrach|raise the alarm 
 - alarmować
iii.  alarm clock|trwoga
 b.
      ""in alarm""  - z przestrachem
 2.  alarm
ii.   1.  wystraszyć
 2.  sound|əˈlɑ:m"
alarming,zatrważający,əˈlɑ:mɪŋ
alarmist,"i.    panikarz
ii.    panikarski",əˈlɑ:mɪst
alaska,əˈlæskə,
albania,ælˈbeɪnɪə,
albanian,"i.    albański
ii.    albańczyk",ælˈbeɪnɪən
albeit,choć,ɔ:lˈbi:t
albino,albinos,ælˈbi:nəʊ
album,ˈælbəm,
alcoholic,"i.    alkoholowy
ii.    alkoholik",ˌælkəˈhɒlɪk
alcove,alkowa,nisza|ˈælkəʊv
ale,ale  [piwo angielskie],eɪl
alert,"czujny
iii.   1.  alert
 2.  be on the alert 
 - być przygotowanym na wszystko","i.    ostrzegać 
ii.    uważny|əˈlɜ:t"
alevel,[br dawniej]  matura,a-level|ˈeɪˌlevəl
algeria,algieria,ælˈʤɪərɪə
algerian,algierski,ælˈʤɪərɪən
algorithm,algorytm,ˈælgərɪθəm
alias,"i.    pseudonim
ii.    czyli",ˈeɪlɪəs
alien,"i.   1.  obcy
 2.  niesamowity
 3.  odległy 
ii.   1.  obcokrajowiec
 2.  istota pozaziemska",ˈeɪlɪən
alienate,"1.  zrazić
 2.  be alienated 
 - być wyobcowanym",ˈeɪlɪəneɪt
alienation,"1.  wyobcowanie
 2.  niechęć",ˌeɪlɪəˈneɪʃən
alight,"i.   1.  płonący
 2.  rozjarzony 
ii.   1.  siadać","lądować
 2.  [form]  wysiadać|əˈlaɪt"
align,1.  wyrównywać,"porządkować
 2.  sprzymierzać się|əˈlaɪn"
alignment,1.  wyrównanie,"porządkowanie
 2.  sprzymierzenie się|əˈlaɪnmənt"
alike,"i.    podobny
ii.   1.  podobnie
 2.  zarówno",po równi|əˈlaɪk
alimony,alimenty,ˈælɪmənɪ
alive,"1.  żywy
 2.  aktywny
 3.  ożywiony
 4.  be alive 
 - żyć
 5.  come alive 
 - ożywiać się",być ożywionym|əˈlaɪv
alkali,zasada,ˈælkəlaɪ
all,"1.  w porządku
 2.  dobrze","ale
 10.  at all 
 - wcale
 11.  first of all 
 - przede wszystkim
 12.  a. for all 
 - przy całym
 b.
      ""for all her sensitivity""  - przy całej jej wrażliwości
 13.  in all 
 - razem|but 
 - to wszystko pięknie|całkowicie
 b.
      ""i'm all alone""  - jestem całkiem sam
 2.  a. jedyne|co robisz"
allah,allach,ˈælə
allay,[emocję,strach]  zredukować|əˈleɪ
allegation,domniemanie,ˌælɪˈgeɪʃən
allege,domniemywać,əˈleʤ
alleged,domniemany,əˈleʤd
allegiance,lojalność,oddanie|əˈli:ʤəns
allegorical,alegoryczny,ˌælɪˈgɒrɪkəl
allegory,alegoria,ˈælɪgərɪ
alleluia,alleluja,ˌælɪˈlu:jə
allergic,alergiczny,uczulony|əˈlɜ:ʤɪk
allergy,alergia,uczulenie|ˈæləʤɪ
alleviate,[ból]  zmniejszać,əˈli:vɪeɪt
alleviation,zelżenie,zmniejszenie|əˌli:vɪˈeɪʃən
alley,"1.  [w mieście]  pasaż
 2.  [w parku]  alejka",dróżka|ˈælɪ
alliance,przymierze,współpraca|əˈlaɪəns
allied,"1.  sprzymierzony
 2.  podobny",əˈlaɪd|ˈælaɪd
alligator,aligator,ˈælɪgeɪtə
allin,all-in,całkowity|ˌɔ:lˈɪn
allnight,all-night,całonocny|ˌɔ:lˈnaɪt
allocate,przeznaczać,przydzielać|ˈæləkeɪt
allocation,przydział,ˌæləˈkeɪʃən
allot,przydzielić,əˈlɒt
allotment,1.  [br]  działka,"ogródek
 2.  przydział|əˈlɒtmənt"
allout,all-out,bezpardonowy|ˌɔ:lˈaʊt
allow,"by coś zrobić
 4.  be allowed sth 
 - mieć pozwolenie na coś
 5.  allow me 
 - proszę mi pozwolić
ii.  allow for   uwzględniać","i.   1.  pozwalać 
 2.  przyznawać 
 3.  be allowed to do sth 
 - móc coś zrobić|mieć pozwolenie|əˈlaʊ"
allowable,dopuszczalny,əˈlaʊəbəl
allowance,"1.  zasiłek
 2.  [np. podatkowe]  odliczenie
 3.  make allowances 
 - brać pod uwagę",əˈlaʊəns
alloy,stop,ˈælɔɪ
allpowerful,all-powerful,wszechpotężny|ˌɔ:lˈpaʊəfʊl
allround,all-round,wszechstronny|ˌɔ:lˈraʊnd
allspice,ziele angielskie,ˈɔ:lspaɪs
allude,robić aluzje,əˈlu:d
allure,"i.    powab
ii.    wabić",əˈlʊə
allusion,aluzja,əˈlu:ʒən
ally,"ally
i.   1.  aliant
 2.  sprzymierzeniec
ii.   ally oneself with 
 - sprzymierzać się z",
almighty,1. the almighty  bóg wszechmocny,"wszechmocny
 2.  [nieform]  przeogromny|ɔ:lˈmaɪtɪ"
almond,migdał,ˈɑ:mənd
almost,prawie,ˈɔ:lməʊst
aloft,w górze,əˈlɒft
alone,"i.    sam
ii.   1.  samotnie
 2.  a. tylko
 b.
      ""mary alone""  - tylko mary
 3.  a. jedynie
 b.
      ""pride alone""  - jedynie duma
 4.  [nieform]  go it alone 
 - robić coś na własną rękę",na własną rękę|əˈləʊn
along,"1.  wzdłuż
 2.  a. przy
 b.
      ""along this road""  - przy tej drodze
 3.  take sb along 
 - zabrać kogoś
 4.  all along 
 - cały czas
 5.  along with 
 - wraz z",əˈlɒŋ
alongside,"1.  obok
 2.  razem z
 3.  jeden obok drugiego",əˌlɒŋˈsaɪd
aloof,1.  samotniczy,"powściągliwy
 2.  z dala|əˈlu:f"
aloud,głośno,na głos|əˈlaʊd
alphabet,alfabet,ˈælfəbet
alphabetical,alfabetyczny,ˌælfəˈbetɪkəl
alphanumeric,alfanumeryczny,literowo-cyfrowy|ˌælfənju:ˈmerɪk
alpine,alpejski,wysokogórski|ˈælpaɪn
already,już,ɔ:lˈredɪ
also,także,ˈɔ:lsəʊ
altar,ołtarz,ˈɔ:ltə
alter,1.  zmieniać się,"zmieniać
 2.  przerabiać|ˈɔ:ltə"
alteration,"1.  zmiana
 2.  poprawka
 3.  przeróbka",ˌɔ:ltəˈreɪʃən
altercation,zwada,ˌɔ:ltəˈkeɪʃən
alternate,"alternate
i.   1.  naprzemienny
 2.  co drugi
ii.   1.  przerzucać się 
 2.  następować",
alternately,na przemian,ɔ:lˈtɜ:nətlɪ
alternating,zmienny,ˈɔ:ltəneɪtɪŋ
alternation,następstwo,ˌɔ:ltəˈneɪʃən
alternative,"i.   1.  alternatywa 
 2.  możliwość
ii.   1.  alternatywny
 2.  niekonwencjonalny",ɔ:lˈtɜ:nətɪv
although,chociaż,ɔ:lˈðəʊ
altitude,wysokość,ˈæltɪtju:d
alto,"i.    alt
ii.    altowy",ˈæltəʊ
altogether,"1.  całkowicie
 2.  całkiem
 3.  a. wszystkiego
 b.
      ""to get $ 340 a week altogether""  - dostawać wszystkiego 340 dolarów tygodniowo",ˌɔ:ltəˈgeðə
always,zawsze,ˈɔ:lweɪz
am,a.m.,ante meridiem|przed południem  [w godz. 0--12]|ˌ$⋅$ˈ$⋅$
ama,amerykańskie towarzystwo medyczne,ˌ$⋅⋅$ˈ$⋅$
amalgamate,łączyć się,əˈmælgəmeɪt
amass,zgromadzić,əˈmæs
amateur,"amator
ii.    domorosły",i.    hobbista|nieprofesjonalny|ˈæmətə
amateurish,domorosły,nieprofesjonalny|ˈæmətərɪʃ
amaze,zadziwiać,əˈmeɪz
amazement,zdumienie,əˈmeɪzmənt
amazing,zdumiewający,əˈmeɪzɪŋ
amazon,"1.  [kobieta]  amazonka
 2.  the amazon 
 - amazonka  [rzeka]",ˈæməzən
ambassador,ambasador,æmˈbæsədə
amber,"i.    bursztyn
ii.    bursztynowy",miodowy|ˈæmbə
ambidextrous,oburęczny,ˌæmbɪˈdekstrəs
ambiguity,niejednoznaczność,ˌæmbɪˈgju:ɪty
ambiguous,dwuznaczny,niejednoznaczny|æmˈbɪgjʊəs
ambition,"1.  a. ambicja
 b.
      ""her ambition is to""  - ma ambicję","by
 2.  żądza wybicia się|æmˈbɪʃən"
ambitious,"1.  przebojowy
 2.  ambitny",æmˈbɪʃəs
ambivalent,ambiwalentny,dwuznaczny|æmˈbɪvələnt
amble,"i.    przechadzać się
ii.    krok spacerowy",ˈæmbəl
ambulance,ambulans,karetka|ˈæmbjʊləns
ambush,"i.    zasadzka
ii.    urządzać zasadzkę",ˈæmbʊʃ
ameliorate,ulepszać,əˈmi:lɪəreɪt
amen,"1.  amen
 2.  niech tak będzie",ɑ:ˈmen
amenable,"1.  skłonny 
 2.  podlegający",əˈmi:nəbəl
amend,1.  poprawiać,"wprowadzać poprawki 
 2.  make amends for 
 - rekompensować za|əˈmend"
amendment,poprawka,əˈmendmənt
amenity,udogodnienie,wygoda|əˈmi:nɪtɪ
america,ameryka,əˈmerɪkə
american,"i.    amerykański
ii.    amerykanin",əˈmerɪkən
amiable,przyjazny,ˈeɪmɪəbəl
amicable,"1.  przyjacielski
 2.  polubowny",ˈæmɪkəbəl
amid,amidst,pośród|əˈmɪd
amidst,amid,pośród|əˈmɪd
amiss,"1.  nie w porządku
 2.  take sth amiss 
 - obrażać się na coś",əˈmɪs
ammonia,amoniak,əˈməʊnɪə
ammunition,amunicja,ˌæmjʊˈnɪʃən
amnesia,amnezja,æmˈni:zɪə
amnesty,amnestia,ˈæmnəstɪ
among,amongst,pomiędzy|əˈmʌŋ
amongst,among,pomiędzy|əˈmʌŋ
amoral,amoralny,ˌeɪˈmɒrəl
amorous,erotyczny,kochliwy|ˈæmərəs
amorphous,amorficzny,bezkształtny|əˈmɔ:fəs
amount,być równoznacznym,"i.    ilość
ii.   1.  dochodzić 
 2.  sprowadzać się 
 3.  sprowadzać się|əˈmaʊnt"
amp,amper,ampere|ˈæmp
ampere,amp,amper|ˈæmp
amphibian,płaz,æmˈfɪbɪən
amphibious,ziemno-wodny,æmˈfɪbɪəs
amphitheatre,amfiteatr,ˈæmfɪθɪətə
ample,"1.  duży
 2.  wiele",ˈæmpəl
amplification,"1.  wzmocnienie
 2.  wyjaśnienie",ˌæmplɪfɪˈkeɪʃən
amplifier,wzmacniacz,ˈæmplɪfaɪə
amplify,"1.  wzmacniać
 2.  dawać dodatkowe wyjaśnienia",ˈæmplɪfaɪ
amply,obszernie,ˈæmplɪ
amputate,amputować,ˈæmpjʊteɪt
amputation,amputacja,ˌæmpjʊˈteɪʃən
amuse,"1.  rozbawiać
 2.  zabawiać się",zabawiać|əˈmju:z
amused,rozbawiony,əˈmju:zd
amusement,"1.  rozbawienie
 2.  zabawa
 3.  rozrywka",əˈmju:zmənt
amusing,zabawny,əˈmju:zɪŋ
anachronism,anachronizm,əˈnækrənɪzəm
anachronistic,anachroniczny,əˌnækrəˈnɪstɪk
anaemia,anemia,əˈni:mɪə
anaemic,"1.  cierpiący na anemię
 2.  anemiczny",anemic|əˈni:mɪk
anaesthesia,"1.  anestezja
 2.  brak czucia",anesthesia|ˌænəsˈθi:zɪə
anaesthetic,anesthetic,środek znieczulający|ˌænəsˈθetɪk
anal,odbytowy,ˈeɪnəl
analgesic,środek przeciwbólowy,ˌænəlˈʤi:zɪk
analogous,analogiczny,əˈnæləgəs
analogy,analogia,əˈnæləʤɪ
analyse,analizować,analyze|ˈænəlaɪz
analysis,"1.  analiza
 2.  [us]  psychoanaliza
 3.  in the last","final analysis 
 - w ostatecznym rozrachunku|əˈnælɪsɪs"
analyst,"1.  analityk
 2.  [us]  psychoanalityk",ˈænəlɪst
analytic,analityczny,analytical|ˌænəˈlɪtɪk
analytical,analityczny,analytic|ˌænəˈlɪtɪk
analyze,analizować,analyse|ˈænəlaɪz
anarchist,"i.    anarchista
ii.    anarchistyczny",ˈænəkɪst
anarchy,anarchia,ˈænəkɪ
anathema,"1.  klątwa
 2.  coś znienawidzonego",əˈnæθɪmə
anatomical,anatomiczny,ˌænəˈtɒmɪkəl
anatomy,"1.  anatomia
 2.  struktura",əˈnætəmɪ
ancestor,przodek,ˈænsəstə
ancestral,rodowy,ænˈsestrəl
ancestry,pochodzenie,ród|ˈænsəstrɪ
anchor,"i.    kotwica
ii.   1.  zakotwiczać
 2.  przymocowywać",ˈæŋkə
anchovy,sardela,ˈænʧəvɪ
ancient,"1.  starożytny
 2.  starodawny
 3.  sędziwy",ˈeɪnʃənt
ancillary,"1.  pomocniczy
 2.  podrzędny",ænˈsɪlərɪ
and,1.  i,"a
 2.  [z dwoma przymiotnikami w stopniu wyższym]  a. coraz
 b.
      ""more and more""  - coraz bardziej|ænd|ən|ənd"
anecdote,anegdota,żart|ˈænɪkdəʊt
anemia,anaemia,əˈni:mɪə
anemic,"1.  cierpiący na anemię
 2.  anemiczny",anaemic|əˈni:mɪk
anemone,anemon,zawilec|əˈnemənɪ
anesthesia,"1.  anestezja
 2.  brak czucia",anaesthesia|ˌænəsˈθi:zɪə
anesthetic,anaesthetic,środek znieczulający|ˌænəsˈθetɪk
anew,od nowa,əˈnju:
angel,anioł,ˈeɪnʤəl
angelic,anielski,ænˈʤelɪk
anger,"i.    gniew     
ii.    gniewać",ˈæŋgə
angle,"i.   1.  kąt
 2.  narożnik","nachylony|róg
 3.  [aspekt]  strona
 4.  [prezentacja]  punkt widzenia
ii.   1.  [prezentować]  nastawiać   
 2.  wyczekiwać 
 3.  at an angle 
 - pod kątem|ˈæŋgəl"
angler,wędkarz,ˈæŋglə
anglican,anglikański,ˈæŋglɪkən
angry,1.  zły,"gniewać się na|gniewny
 2.  be angry with   :angry :with)
 - gniewać się na kogoś|ˈæŋgrɪ"
anguish,1.  cierpienie,"udręka
 2.  in anguish 
 - cierpiący|ˈæŋgwɪʃ"
angular,kanciasty,ˈæŋgjʊlə
animal,"i.   1.  zwierzę
 2.  ssak
ii.    zwierzęcy",ˈænɪməl
animate,"animate
i.    ożywiony
ii.    ożywiać",
animated,"1.  ożywiony
 2.  animowany",ˈænɪmeɪtɪd
animation,"1.  ożywienie
 2.  animacja",ˌænɪˈmeɪʃən
animosity,niechęć,uraza|ˌænɪˈmɒsɪtɪ
aniseed,anyż  [przyprawa],ˈænɪsi:d
ankle,kostka,ˈæŋkəl
annals,"in the annals of sth 
 - w annałach czegoś",ˈænəlz
annex,"annex
i.    skrzydło","dobudówka 
ii.    anektować"
annexation,aneksja,ˌænekˈseɪʃən
annihilate,unicestwiać,əˈnaɪəleɪt
annihilation,unicestwienie,əˌnaɪəˈleɪʃən
anniversary,rocznica,ˌænɪˈvɜ:sərɪ
anno domini,a.d.,ad|roku pańskiego|ˌ$⋅$ˈ$⋅$
announce,1.  ogłaszać,"zawiadamiać
 2.  oznajmiać|əˈnaʊns"
announcement,"1.  zawiadomienie
 2.  ogłoszenie",əˈnaʊnsmənt
announcer,spiker,əˈnaʊnsə
annoy,drażnić,złościć|əˈnɔɪ
annoyance,irytacja,rozzłoszczenie się|əˈnɔɪəns
annual,"i.   1.  coroczny
 2.  roczny
ii.   1.  rocznik
 2.  roślina jednoroczna",ˈænjʊəl
annul,anulować,rozwiązywać|əˈnʌl
anoint,namaszczać,əˈnɔɪnt
anomalous,nieprawidłowy,əˈnɒmələs
anomaly,anomalia,əˈnɒməlɪ
anon,anon.,anonim|anonimowy|əˈnɒn
anonymity,anonimowość,ˌænəˈnɪmɪtɪ
anonymous,anonimowy,əˈnɒnɪməs
anorak,kurtka z kapturem,skafander|ˈænəræk
another,"1.  następny
 2.  inny
 3.  a. one another 
 - się","patrzeć po sobie
 4.  one  after another  :after :another)
 - jedno za drugim|siebie|siebie wzajemnie
 b.
      ""to look at one another""  - patrzeć na siebie|się wzajemnie"
ans,"ans.
  odpowiedź",
ansi,narodowy amerykański instytut normalizacyjny,ˈænsɪ
answer,być odpowiedzialnym za,"i.   1.  odpowiadać
 2.  [drzwi -- na dźwięk dzwonka]  otwierać
 3.  [telefon]  odbierać
 4.  [na pytanie]  odpowiedź
ii.   1.  [zza drzwi]  odzew
 2.  [problemu]  rozwiązanie 
iii.  answer back   odpyskowywać
iv.  answer for  1.  odpowiadać za|ręczyć za
 2.  have a lot to answer for 
 - być odpowiedzialnym za coś złego|ˈɑ:nsə"
answerable,odpowiedzialny,ˈɑ:nsərəbəl
ant,mrówka,ænt
antagonism,ænˈtægənɪzəm,
antagonist,przeciwnik,ænˈtægənɪst
antagonistic,1.  przeciwny,"antagonistyczny   
 2.  wrogi|ænˌtægəˈnɪstɪk"
antagonize,zrażać sobie,ænˈtægənaɪz
antarctic,"1.  antarktyczny
 2.  the antarctic circle 
 - koło podbiegunowe południowe",æntˈɑ:rktɪk
antarctica,antarktyda,æntˈɑ:rktɪkə
ante meridiem,a.m.,przed południem  [w godz. 0--12]|ˌ$⋅$ˈ$⋅$
antecedent,poprzednik,przodek|ˌæntɪˈsi:dənt
antelope,antylopa,ˈæntɪləʊp
antenatal,"i.    przedporodowy
ii.  antenatal clinic   szkoła rodzenia",ˌæntɪˈneɪtəl
anthem,hymn,ˈænθəm
anthology,antologia,ænˈθɒləʤɪ
anthropologist,antropolog,ˌænθrəˈpɒləʤɪst
anthropology,antropologia,ˌænθrəˈpɒləʤɪ
antibiotic,"i.    antybiotyk
ii.    antybiotykowy",ˌæntɪbaɪˈɒtɪk
antichrist,antychryst,ˈæntɪkraɪst
anticipate,"1.  przewidywać
 2.  wyczekiwać",ænˈtɪsɪpeɪt
anticipation,"1.  przewidywanie
 2.  oczekiwanie",ænˌtɪsɪˈpeɪʃən
anticlimax,rozczarowanie,zawód|ˌæntɪˈklaɪmæks
anticlockwise,anti-clockwise,przeciwnie do ruchu wskazówek zegara|przeciwny do ruchu wskazówek zegara|ˌæntɪˈklɒkwaɪz
antics,"1.  zabawy
 2.  wyskoki",ˈæntɪks
anticyclone,obszar wysokiego ciśnienia,ˌæntɪˈsaɪkləʊn
antidote,antidotum,odtrutka|ˈæntɪdəʊt
antifreeze,substancja przeciw zamarzaniu,ˈæntɪfri:z
antipathy,antypatia,ænˈtɪpəθɪ
antiquarian,antykwaryczny,ˌæntɪˈkweərɪən
antiquated,przestarzały,ˈæntɪkweɪtɪd
antique,antyk,zabytek|ænˈti:k
antiquity,1.  antyk,"antyczność
 2.  zabytek
 3.  starożytność|ænˈtɪkwɪtɪ"
antisemitism,anti-semitism,antysemityzm|ˌæntɪˈsemɪtɪzəm
antiseptic,środek odkażający,ˌæntɪˈseptɪk
antisocial,"1.  nietowarzyski
 2.  aspołeczny",anti-social|ˌæntɪˈsəʊʃəl
antithesis,przeciwieństwo,ænˈtɪθɪsɪs
antler,poroże,ˈæntlə
antwerp,antwerpia,ˈæntwɜ:p
anus,odbyt,ˈeɪnəs
anvil,kowadło,ˈænvɪl
anxiety,"1.  niepokój
 2.  kłopot",æŋˈzaɪətɪ
anxious,"1.  zaniepokojony
 2.  niepokojący
 3.  pragnący",ˈæŋkʃəs
any,"1.  żaden
 2.  1. którykolwiek
 2. jakikolwiek
 3. jakiś
 3.  dowolny",ˈenɪ
anyhow,jakkolwiek,ˈenɪhaʊ
anyone,"1.  nikt
 2.  ktoś
 3.  każdy",ˈenɪwʌn
anything,"1.  cokolwiek
 2.  nic",ˈenɪθɪŋ
anyway,"1.  w każdym razie
 2.  tak w ogóle",ˈenɪweɪ
anywhere,"1.  gdziekolwiek
 2.  nigdzie",ˈenɪweə
apart,"1.  z dala 
 2.  osobno","w rozłące
 3.  apart from 
 - z wyjątkiem|əˈpɑ:t"
apartment,"1.  [us]  mieszkanie
 2.  apartament",əˈpɑ:tmənt
apathetic,apatyczny,ˌæpəˈθetɪk
apathy,apatia,ˈæpəθɪ
ape,eɪp,"i.    małpa człekokształtna
ii.    małpować"
aperitif,əˌperɪˈti:f,
aperture,"1.  otwór
 2.  [fot]  przesłona",ˈæpəʧə
apex,wierzchołek,ˈeɪpeks
aphorism,aforyzm,ˈæfərɪzəm
aphrodisiac,afrodyzjak,ˌæfrəˈdɪzɪæk
apiece,na osobę,na sztukę|əˈpi:s
aplomb,pewność siebie,əˈplɒm
apolitical,apolityczny,ˌeɪpəˈlɪtɪkəl
apologetic,1.  przepraszający,"for 
 - przepraszać za|usprawiedliwiający
 2.  be apologetic about|əˌpɒləˈʤetɪk"
apologize,prosić o wybaczenie,przepraszać|əˈpɒləʤaɪz
apology,prośba o wybaczenie,przeprosiny|əˈpɒləʤɪ
apoplexy,apopleksja,udar|ˈæpəpleksɪ
apostle,apostoł,əˈpɒstəl
app,"app.
  dodatek",suplement
appal,appall,napełniać niesmakiem|zatrważać|əˈpɔ:l
appall,appal,napełniać niesmakiem|zatrważać|əˈpɔ:l
appalling,"1.  zatrważający
 2.  okropny",əˈpɔ:lɪŋ
apparatus,urządzenie,ˌæpəˈreɪtəs
apparent,"1.  pozorny
 2.  oczywisty",widoczny|əˈpærənt
apparition,zjawa,ˌæpəˈrɪʃən
appeal,apelacja,"apelować
 3.  [do sądu]  składać odwołanie   
 4.  a. podobać się|i.   1.  ubiegać się|odpowiadać
 b.
      ""sth appeals to sb""  - coś się komuś podoba
ii.   1.  [co się podoba]  atrakcja|odwołanie"
appealing,atrakcyjny,əˈpi:lɪŋ
appear,"1.  pojawiać się
 2.  ukazywać się
 3.  występować 
 4.  stawiać się
 5.  wydawać się",əˈpɪə
appearance,"1.  pojawienie się
 2.  wygląd","by all appearances 
 - na pozór|pozory
 3.  make an appearance 
 - występować
 4.  to|əˈpɪərəns"
appease,łagodzić,əˈpi:z
append,dodawać,dołączać|əˈpend
appendicitis,[med]  zapalenie wyrostka robaczkowego,əˌpendɪˈsaɪtɪs
appetite,"1.  apetyt
 2.  żądza",ˈæpɪtaɪt
appetizing,apetyczny,ˈæpɪtaɪzɪŋ
applaud,oklaskiwać,əˈplɔ:d
applause,aplauz,oklaski|əˈplɔ:z
apple,"i.   1.  jabłko
 2.  the apple of someone's eye 
 - oczko w głowie
ii.  apple tree",jabłoń|ˈæpəl|ˈæpəl tri:
appliance,urządzenie,əˈplaɪəns
applicable,"1.  odnoszący się
 2.  be applicable 
 - odnosić się",əˈplɪkəbəl
applicant,do),kandydat (for - na|ˈæplɪkənt
application,1.  podanie,"na)
 2.  zastosowanie
 3.  przykładanie się 
 4.  [komp]  program użytkowy|zgłoszenie (for - do|ˌæplɪˈkeɪʃən"
applied,stosowany,əˈplaɪd
apply,1.  zgłaszać swoją kandydaturę,"stosować 
 3.  [do osoby]  odnosić się 
 4.  [regułę]  stosować|zgłaszać kandydaturę   
 2.  [do roboty]  zabierać|əˈplaɪ"
appoint,1.  mianować (to - na,"do)  
 2.  [form]  wyznaczać|əˈpɔɪnt"
appointment,"1.  mianowanie
 2.  stanowisko
 3.  spotkanie
 4.  [u lekarza]  wizyta
 5.  by appointment 
 - zgodnie z wcześniejszą umową
 6.  have an appointment 
 - być umówionym  
 7.  make an appointment 
 - umawiać się",əˈpɔɪntmənt
appraisal,"1.  ocena
 2.  make an appraisal of sth 
 - oceniać coś",əˈpreɪzəl
appraise,oceniać,əˈpreɪz
appreciable,znaczny,əˈpri:ʃəbəl
appreciate,"1.  doceniać
 2.  w pełni zdawać sobie sprawę
 3.  być wdzięcznym za coś","być wdzięcznym
 4.  zyskiwać na wartości|əˈpri:ʃɪeɪt"
appreciation,"1.  uznanie
 2.  zrozumienie
 3.  wzrost wartości
 4.  ocena",əˌpri:ʃɪˈeɪʃən
appreciative,1.  rozumiejący,"doceniający
 2.  be appreciative of sth 
 - być wdzięcznym za coś|əˈpri:ʃətɪv"
apprehension,obawa,przeczucie|ˌæprɪˈhenʃən
apprehensive,co do),pełen obawy (about - o|ˌæprɪˈhensɪv
apprentice,praktykant,terminator|əˈprentɪs
apprenticeship,praktyka,terminowanie|əˈprentɪsʃɪp
appro,zatwierdzenie,ˈæprəʊ
approach,"dojazd 
 3.  [do kogoś]  zgłoszenie się
 4.  [do problemu]  podejście","i.   1.  zbliżać się|nadchodzić
 2.  [w sprawie]  zgłaszać się   
 3.  [problemu]  podchodzić do
 4.  [o liczbie]  dochodzić 
ii.   1.  [daty|terminu]  nadejście
 2.  dojście|əˈprəʊʧ"
approachable,1.  przystępny,":approachable [:by | :from])
 - do czegoś można dojść|przyjazny
 2.  sth is approachable  be v|əˈprəʊʧəbəl"
approbation,aprobata,zgoda|əˌprəˈbeɪʃən
appropriate,"appropriate
i.    stosowny   
ii.   [form]   przywłaszczać",
approval,"1.  zgoda
 2.  podziw
 3.  on approval 
 - w okresie próbnym",əˈpru:vəl
approve,"1.  pochwalać 
 2.  aprobować 
 3.  zgadzać się",əˈpru:v
approximate,"approximate
i.    przybliżony
ii.    zbliżać się",
approximation,"1.  przybliżenie   
 2.  oszacowanie",əˌprɒksɪˈmeɪʃən
apr,"apr.
  kwiecień",
apricot,morela,ˈeɪprɪkɒt
april,kwiecień,ˈeɪprɪl
apron,fartuch,ˈeɪprən
apt,"1.  trafny
 2.  be apt to do sth 
 - zwykle coś robić",æpt
aptitude,zdolność,ˈæptɪtju:d
aquarium,akwarium,əˈkweərɪəm
aquarius,wodnik  [znak zodiaku],əˈkweərɪəs
aquatic,wodny,əˈkwætɪk
aqueduct,akwedukt,ˈækwɪdʌkt
arab,ˈærəb,
arabia,əˈreɪbɪə,
arabian,arabski,əˈreɪbɪən
arabic,arabski,ˈærəbɪk
arable,orny,uprawny|ˈærəbəl
arbiter,ˈɑ:bɪtə,
arbitrary,arbitralny,ˈɑ:bɪtrərɪ
arbitrate,rozstrzygać,ˈɑ:bɪtreɪt
arbitration,arbitraż,ˌɑ:bɪˈtreɪʃən
arc,łuk,ɑ:k
arcade,arkada,podcienie|ɑ:ˈkeɪd
arch,"i.   1.  łuk
 2.  podbicie stopy","podbicie
ii.    zagadkowy
iii.    wyginać się w łuk|wyginać w łuk
iv.    a. arcy-
 b.
      ""arch enemy""  - arcy-wróg|ɑ:ʧ"
archaeologist,archeolog,archeologist|ˌɑ:kɪˈɒləʤɪst
archaeology,archeologia,archeology|ˌɑ:kɪˈɒləʤɪ
archaic,archaiczny,ɑ:ˈkeɪɪk
archbishop,arcybiskup,ˌɑ:ʧˈbɪʃəp
archeologist,archaeologist,archeolog|ˌɑ:kɪˈɒləʤɪst
archeology,archaeology,archeologia|ˌɑ:kɪˈɒləʤɪ
archer,łucznik,ˈɑ:ʧə
archery,łucznictwo,ˈɑ:ʧərɪ
archetype,archetyp,uosobienie|ˈɑ:kɪtaɪp
archipelago,archipelag,ˌɑ:kɪˈpeləgəʊ
architect,architekt,budowniczy|ˈɑ:kɪtekt
architecture,architektura,ˈɑ:kɪtekʧə
archive,archiwum,ˈɑ:kaɪv
arctic,"1.  arktyczny
 2.  the arctic 
 - arktyka
 3.  the arctic circle 
 - koło podbiegunowe północne",ˈɑ:rktɪk
ardent,zapalony,ˈɑ:dənt
ardor,ardour,zapał|ˈɑ:də
ardour,ardor,zapał|ˈɑ:də
arduous,nużący,ˈɑ:djʊəs
area,1.  obszar,"region
 2.  miejsce
 3.  dziedzina
 4.  in an area 
 - na obszarze|ˈeərɪə"
arena,əˈri:nə,
argentina,argentyna,ˌɑ:ʤənˈti:nə
argentine,"argentine
i.    argentyna
ii.    argentyńczyk",
argentinian,argentyński,ˌɑ:ʤenˈtɪnɪən
arguable,"1.  dyskusyjny
 2.  możliwy do wykazania",ˈɑ:gjʊəbəl
argue,"1.  kłócić się 
 2.  twierdzić 
 3.  przekonywać   
 4.  argue sb out of sth 
 - wyperswadować coś komuś",ˈɑ:gju:
argument,"1.  kłótnia
 2.  argument   
 3.  have an argument 
 - kłócić się",ˈɑ:gju:mənt
argumentative,kłótliwy,ˌɑ:gjʊˈmentətɪv
aria,ˈɑ:rɪə,
arid,jałowy,ˈærɪd
aries,baran  [znak zodiaku],ˈeəri:z
arise,powstawać,əˈraɪz
aristocracy,arystokracja,ˌærɪˈstɒkrəsɪ
aristocrat,arystokrata,ˈærɪstəkræt
arithmetic,"arithmetic
i.    arytmetyka
ii.   arithmetics  arytmetyka",
arizona,ˌærɪˈzəʊnə,
ark,arka,ɑ:k
arkansas,ˈɑ:kənsɔ:,
arm,1.  ramię,"ręka
 2. arms  broń
 3.  arm in arm 
 - ramię w ramię
 4.  with open arms 
 - z otwartymi ramionami
 5.  at arm's length 
 - na odległość wyciągniętej ręki
 6.  keep sb at arm's length 
 - trzymać kogoś na dystans
 7.  up in arms 
 - uzbrojony po zęby|ɑ:m"
armament,"1.  uzbrojenie
 2.  zbrojenie się",ˈɑ:məmənt
armchair,fotel,ˈɑ:mʧeə
armed,"i.   1.  uzbrojony 
 2.  zbrojny
ii.  armed forces",siły zbrojne|ɑ:md|ˌɑ:md ˈfɔ:sɪs
armenia,əˈmi:nɪə,
armenian,"i.    ormiański
ii.    ormianin",əˈmi:nɪən
armful,naręcze,ˈɑ:mfʊl
armistice,zawieszenie broni,ˈɑ:mɪstɪs
armor,"1.  pancerz
 2.  zbroja",armour|ˈɑ:mə
armored,armoured,opancerzony|pancerny|ˈɑ:məd
armour,"1.  pancerz
 2.  zbroja",armor|ˈɑ:mə
armoured,armored,opancerzony|pancerny|ˈɑ:məd
armpit,pacha,ˈɑ:mpɪt
army,armia,wojsko|ˈɑ:mɪ
aroma,aromat,əˈrəʊmə
aromatic,aromatyczny,ˌærəˈmætɪk
arousal,obudzenie,pobudzenie|əˈraʊzəl
arouse,1.  pobudzać,"poruszać
 2.  prowokować
 3.  [lit]  budzić|əˈraʊz"
arrange,"1.  organizować
 2.  a. ustalać","bym go spotkał
 4.  układać
 5.  [muz]  aranżować|umawiać się
 b.
      ""i've arranged with him to come for you""  - umówiłem się z nim|załatwić
 b.
      ""it could be arranged for me to meet him""  - można było załatwić|że przyjdzie po ciebie
 3.  a. postarać się"
array,i.    zgromadzenie,"ukazywać|wystawa
ii.    [form]  prezentować|əˈreɪ"
arrears,1.  długi,"dłużności
 2.  sth is in arrears 
 - zalega się z czymś
 3.  in arrears 
 - z dołu|əˈrɪəz"
arrest,i.    aresztowanie,"zatrzymanie
ii.   1.  aresztować
 2.  [form]  powstrzymywać
 3.  zajmować
 4.  under arrest 
 - aresztowany|əˈrest"
arrival,i.   1.  przybycie,"przyjazd
 2.  nadejście
 3.  przyjście na świat
ii.    przybyły|əˈraɪvəl"
arrive,1.  przybywać,"przyjeżdżać   
 2.  dochodzić 
 3.  przychodzić na świat
 4.  nadchodzić|əˈraɪv"
arrogance,arogancja,ˈærəgəns
arrogant,arogancki,ˈærəgənt
arrow,strzała,strzałka|ˈærəʊ
arse,dupa,ɑ:s
arsenic,arszenik,ˈɑ:sənɪk
arson,umyślne podpalenie,ˈɑ:sən
art,"i.   1.  sztuka
 2.  sztuki piękne
ii.    artystyczny
iii.   1. arts  kultura
 2. arts  humanistyka",ɑ:t
artefact,artefakt,wytwór ludzi|ˈɑ:təfækt
artery,tętnica,ˈɑ:tərɪ
artful,zręczny,ˈɑ:tfʊl
arthritis,artretyzm,ɑ:ˈθraɪtɪs
artichoke,"1. globe artichoke  karczoch
 2. jerusalem artichoke  bulwa",topinambur|ˈɑ:tɪʃəʊk
article,"1.  artykuł
 2.  przedmiot","obiekt
 3.  [gram]  przedimek|ˈɑ:tɪkəl"
articulate,"articulate
i.    wymowny
ii.    [form]  artykułować",
articulated,"i.   1.  artykułowany
 2.  [pojazd]  przegubowy
ii.  articulated lorry   ciągnik siodłowy",ɑ:ˌtɪkjʊˈleɪted
articulation,wyartykułowanie,ɑ:ˌtɪkjʊˈleɪʃən
artificial,[komp]   sztuczna inteligencja,"i.    sztuczny
ii.  artificial intelligence|ˌɑ:tɪˈfɪʃəl|ˌɑ:tɪˈfɪʃəl ɪnˈtelɪʤəns"
artificiality,sztuczność,ˌɑ:tɪfɪʃɪˈælɪtɪ
artillery,artyleria,ɑ:ˈtɪlərɪ
artisan,rzemieślnik,ˌɑ:tɪˈzæn
artist,artysta,ˈɑ:tɪst
artistic,"1.  artystyczny
 2.  twórczy",ɑ:ˈtɪstɪk
artistry,sztuka,ˈɑ:tɪstrɪ
artless,naiwny,naturalny|szczery|ˈɑ:tlɪs
arty,interesujący się sztuką,ˈɑ:tɪ
asbestos,azbest,æsˈbestɒs
ascend,"1.  [lit]  wznosić się
 2.  [lit]  wspinać się
 3.  ascend the throne 
 - wstępować na tron",əˈsend
ascendancy,przewaga,æˈsendənsɪ
ascent,"1.  wspinaczka
 2.  zbocze
 3.  pójście w górę",əˈsent
ascertain,stwierdzać,ˌæsəˈteɪn
ascetic,"i.    ascetyczny
ii.    asceta",əˈsetɪk
ascribe,przypisywać,əˈskraɪb
asexual,bezpłciowy,ˌeɪˈsekʃʊəl
ash,"1.  popiół
 2.  jesion",æʃ
ashamed,"be ashamed 
 - wstydzić się",əˈʃeɪmd
ashore,do brzegu,na brzeg|əˈʃɔ:
ashtray,popielniczka,ˈæʃtreɪ
asia,azja mniejsza,"i.    azja
ii.  asia minor|ˈeɪʃə|ˈeɪʃə ˌmaɪnə"
asian,"i.    azjatycki
ii.    azjata",ˈeɪʃən
aside,"i.   1.  na bok
 2.  oprócz","z wyjątkiem
ii.   1.  [teatr]  apart
 2.  słowa na stronie|əˈsaɪd"
ask,"by coś zrobił)
 3.  zapraszać 
 4.  for the asking 
 - za nic
 5.  if you ask me 
 - jeśli chcesz wiedzieć
ii.  ask after   dopytywać się 
iii.  ask for  1.  prosić
 2.  prosić o
 3.  sb is asking for trouble 
 - ktoś się sam doprasza niemiłych konsekwencji","i.   1.  pytać 
 2.  prosić   (sb to do sth - kogoś|ktoś się sam doprasza|ɑ:sk"
askew,skrzywiony,əˈskju:
asleep,"1.  be asleep 
 - spać
 2.  fall asleep 
 - zasypiać
 3.  be fast","sound asleep 
 - mocno spać|əˈsli:p"
asp,osika,æsp
asparagus,"1.  asparagus
 2.  szparag",əˈspærəgəs
aspect,"1.  aspekt
 2.  [form]  wystawa","widok
 3.  postać|ˈæspekt"
aspersions,"cast aspersions on 
 - oczerniać",əˈspɜ:ʃənz
asphalt,asfalt,ˈæsfælt
asphyxiate,"be asphyxiated 
 - dusić się",æˈsfɪksɪeɪt
aspirant,after,"be an aspirant to|for 
 - aspirować do|əˈspaɪərənt"
aspiration,aspiracja,ˌæspɪˈreɪʃən
aspire,dążyć,əˈspaɪə
aspirin,aspiryna,ˈæspɪrɪn
aspiring,ambitny,əsˈpaɪərɪŋ
ass,"1.  osioł
 2.  dureń
 3.  [us]  dupa",æs
assail,"1.  atakować
 2.  osaczać",əˈseɪl
assailant,napastnik,əˈseɪlənt
assassin,morderca,əˈsæsɪn
assassinate,mordować,əˈsæsɪneɪt
assassination,morderstwo,əˌsæsɪˈneɪʃən
assault,"i.   1.  natarcie
 2.  napaść
 3.  atak","szturm
ii.    szturmowy
iii.    napadać|əˈsɔ:lt"
assemble,1.  gromadzić się,"gromadzić
 2.  montować|əˈsembəl"
assembly,"i.   1.  zgromadzenie
 2.  gromadzenie się
 3.  montaż
ii.    montażowy
iii.  assembly line",linia montażowa|əˈsemblɪ|əˈsemblɪ laɪn
assent,"aprobata
ii.    aprobować",i.    zgoda|əˈsent
assert,"1.  utwierdzać się
 2.  wykazywać",əˈsɜ:t
assess,"1.  oceniać
 2.  szacować",əˈses
assessment,"1.  ocena
 2.  oszacowanie",əˈsesmənt
asset,1.  atut,"majątek|plus 
 2. assets  aktywa|ˈæset"
assiduous,pilny,əˈsɪdjʊəs
assign,"1.  wyznaczać 
 2.  be assigned to 
 - być przydzielonym do",əˈsaɪn
assignment,"1.  zadanie
 2.  przydział",əˈsaɪnmənt
assimilate,"1.  przyswajać
 2.  asymilować się",asymilować|əˈsɪmɪleɪt
assimilation,1.  przyswajanie,"absorpcja
 2.  asymilacja|əˌsɪmɪˈleɪʃən"
assist,pomagać,əˈsɪst
assistance,"1.  pomoc 
 2.  of assistance 
 - pomocny",əˈsɪstəns
assistant,"1.  a. wice-
 b.
      ""assistant director""  - zastępca dyrektora
 2.  asystent 
 3.  sprzedawca",ekspedient|əˈsɪstənt
assoc,"assoc.
  stowarzyszenie",
associate,"associate
i.   1.  kojarzyć 
 2.  przestawać 
 3.  be associated with 
 - być związanym z
 4.  associate oneself with 
 - wiązać się z
ii.    [w interesach]  kolega","partner
iii.    [członek|profesor]  nadzwyczajny"
association,"1.  stowarzyszenie
 2.  związek
 3.  skojarzenie
 4.  in association 
 - we współpracy",əˌsəʊsɪˈeɪʃən
assorted,mieszany,różniący się|əˈsɔ:tɪd
assortment,wybór,əˈsɔ:tmənt
asst,"asst.
  zastępca",
assume,1.  zakładać,"przypuszczać (that -|że)  
 2.  brać
 3.  przybierać|əˈsju:m"
assuming,przyjmując,əˈsju:mɪŋ
assumption,"1.  założenie
 2.  objęcie
 3.  make an assumption 
 - przyjmować założenie",przyjmować|əˈsʌmpʃən
assurance,"1.  zapewnienie
 2.  ubezpieczenie na życie","ubezpieczenie
 3.  with assurance 
 - z przekonaniem|z pewnością siebie|əˈʃʊərəns"
assure,1.  zapewniać,"być zapewnionym o czymś
 3.  rest assured 
 - być spokojnym|upewniać
 2.  be assured of sth 
 - zapewniać o czymś|upewniać się|əˈʃʊə"
assured,pewny siebie,əˈʃʊəd
asterisk,gwiazdka,ˈæstərɪsk
astern,na rufie,wstecz|əˈstɜ:n
asthma,astma,ˈæsmə
asthmatic,astmatyczny,æsˈmætɪk
astir,poruszony,wzburzony|əˈstɜ:
astonish,zadziwiać,əˈstɒnɪʃ
astonishment,zdumienie,əˈstɒnɪʃmənt
astound,zdumiewać,əˈstaʊnd
astray,"1.  lead sb astray 
 - prowadzić kogoś na manowce
 2.  go astray 
 - gubić się",əˈstreɪ
astride,okrakiem,əˈstraɪd
astringent,i.    środek ściągający,"srogi|ściągający
ii.    ostry|əˈstrɪnʤənt"
astrologer,astrolog,əˈstrɒləʤə
astrology,astrologia,əˈstrɒləʤɪ
astronaut,astronauta,ˈæstrənɔ:t
astronomer,astronom,əˈstrɒnəmə
astronomical,astronomiczny,ˌæstrəˈnɒmɪkəl
astronomy,astronomia,əˈstrɒnəmɪ
astute,przenikliwy,zręczny|əˈstju:t
asylum,"1.  szpital psychiatryczny
 2.  azyl",əˈsaɪləm
at,1.  [miejsce]  przy,"h|na
 2.  [czas]  a. o|w|w
 b.
      ""at five o'clock""  - o piątej
 c.
      ""at christmas""  - w dniu bożego narodzenia
 3.  at mary's 
 - u mary
 4.  at 16 
 - w wieku szesnastu lat
 5.  at $ 6 
 - za 6 dolarów
 6.  at 80 kph 
 - z szybkością 80 km"
atheism,ateizm,ˈeɪθɪɪzəm
athlete,atleta,lekkoatleta|ˈæθli:t
athletic,"1.  atletyczny
 2.  lekkoatletyczny",æθˈletɪk
athletics,lekka atletyka,æθˈletɪks
atlantic,"1.  atlantycki
 2.  the atlantic  
 - atlantyk",ətˈlæntɪk
atlas,ˈætləs,
atmosphere,atmosfera,ˈætməsfɪə
atmospheric,atmosferyczny,ˌætməsˈferɪk
atom,"1.  atom
 2.  odrobina",ˈætəm
atomic,atomowy,nuklearny|əˈtɒmɪk
atone,odpokutowywać,əˈtəʊn
atrocious,odrażający,okropny|əˈtrəʊʃəs
atrocity,bestialstwo,əˈtrɒsɪtɪ
attach,1.  przyłączać,"dołączać 
 2.  odnosić się|odnosić|əˈtæʧ"
attached,przywiązany,əˈtæʧt
attachment,"1.  przywiązanie
 2.  przystawka",əˈtæʧmənt
attack,"atak
ii.   1.  atakować","i.    napad|napadać
 2.  zabierać się do wykonania jakiegoś zadania|zabierać się do
 3.  prowadzić atak|əˈtæk"
attain,osiągać,əˈteɪn
attainable,do osiągnięcia,osiągalny|əˈteɪnəbəl
attainment,osiągnięcie,əˈteɪnmənt
attempt,"i.    usiłować 
ii.   1.  próba 
 2.  zamach 
 3.  make an attempt 
 - usiłować zrobić",əˈtemt
attempted,usiłowany,əˈtemtɪd
attend,"1.  uczestniczyć
 2.  uczęszczać 
 3.  załatwić 
 4.  [form]  zwracać baczną uwagę",əˈtend
attendance,1.  uczestnictwo,"obecność
 2.  uczęszczanie|əˈtendəns"
attendant,"i.    obsługujący
ii.    [form]  towarzyszący",əˈtendənt
attention,"1.  uwaga
 2.  opieka
 3. attentions  uprzejmości
 4.  ``attention!'' 
 -","at attention 
 - stawać na baczność|baczność!''
 5.  *bring sth to sb's attention|catch sb's attention 
 - przyciągać czyjąś uwagę
 7.  pay attention to 
 - zwracać uwagę na
 8.  stand to|draw sb's attention to sth* 
 - zwracać czyjąś uwagę na coś
 6.  attract"
attentive,"1.  uważny
 2.  uczynny",əˈtentɪv
attest,poświadczać,əˈtest
attested,atestowany,əˈtestɪd
attic,mansarda,ˈætɪk
attire,odzienie,əˈtaɪə
attitude,postawa,ˈætɪtju:d
attorney,i.   1.  adwokat,"prokurator
 2.  pełnomocnik
ii.  attorney general   minister sprawiedliwości
iii.  power of attorney   pełnomocnictwo|əˈtɜ:nɪ"
attract,"1.  przyciągać 
 2.  pociągać
 3.  sb is attracted to sth  be v: :attracted :to)
 - coś pociąga kogoś",əˈtrækt
attraction,1.  urok,"pociąg 
 2.  atrakcja|əˈtrækʃən"
attractive,atrakcyjny,əˈtræktɪv
attribute,atrybut,"i.    przypisywać 
ii.    cecha|ˈætrɪbju:t"
au pair,au pair girl,ˌəʊˈpeə
au pair girl,au pair,ˌəʊˈpeə
aubergine,bakłażan,ˈəʊbəʒi:n
auburn,kasztanowy,ˈɔ:bən
auction,"at auction 
 - na licytacji
iii.  auction off   wyprzedawać na licytacji","aukcja
ii.   1.  licytować|i.    licytacja|sprzedawać na licytacji
 2.  by|wyprzedawać"
auctioneer,licytator,ˌɔ:kʃəˈnɪə
audacious,zuchwały,śmiały|ɔ:ˈdeɪʃəs
audacity,czelność,ɔ:ˈdæsɪtɪ
audible,słyszalny,ˈɔ:dɪbəl
audience,1.  widownia,"publiczność
 2.  audiencja|ˈɔ:dɪəns"
audio,dźwiękowy,muzyczny|ˈɔ:dɪəʊ
audiovisual,audio-visual,audiowizualny|ˌɔ:dɪəʊˈvɪʒʊəl
audit,"i.    badać bilans
ii.    badanie bilansu",ˈɔ:dɪt
audition,i.    próba,"na)|przesłuchanie
ii.    przesłuchiwać (for - do|ɔ:ˈdɪʃən"
auditor,biegły księgowy,ˈɔ:dɪtə
auditorium,"1.  widownia
 2.  [form]  sala widowiskowa",ˌɔ:dɪˈtɔ:rɪəm
aug,"aug.
  sierpień",
augment,zwiększać,ɔ:gˈment
augur,wróżyć,ˈɔ:gə
august,dostojny,sierpień|ɔ:ˈgʌst|ˈɔ:gəst
aunt,ciotka,ɑ:nt
auntie,ciocia,ˈɑ:ntɪ
aura,ˈɔ:rə,
aural,dźwiękowy,słuchowy|ˈɔ:rəl
auspices,"under the auspices of 
 - pod auspicjami",ˈɔ:spɪsɪz
auspicious,pomyślny,ɔ:ˈspɪʃəs
aussie,"1.  australijczyk
 2.  australia",ˈɒzɪ
austere,"1.  surowy
 2.  prosty",niewyszukany|ɔ:ˈstɪə
austerity,prostota,surowość|ɔ:ˈsterɪtɪ
australia,ɒˈstreɪlɪə,
australian,"i.    australijski
ii.    australijczyk",ɒˈstreɪlɪən
austria,ˈɒstrɪə,
austrian,"i.    austriacki
ii.    austriak",ˈɒstrɪən
authentic,autentyczny,ɔ:ˈθentɪk
authenticate,potwierdzać autentyczność,ɔ:ˈθentɪkeɪt
authenticity,autentyczność,ˌɔ:θenˈtɪsɪtɪ
author,autor,pisarz|ˈɔ:θə
authoritarian,"i.    apodyktyczny
ii.    despota",ɔ:ˌθɒrɪˈteərɪən
authoritative,"1.  autorytatywny
 2.  wyczerpujący",miarodajny|ɔ:ˈθɒrɪtətɪv
authority,"1. authorities  władze
 2.  urząd","administracja|organ
 3.  władza 
 4.  autorytet 
 5.  upoważnienie
 6.  have sth on good authority 
 - mieć coś z dobrego źródła|ɔ:ˈθɒrɪtɪ"
authorization,upoważnienie,ˌɔ:θəraɪˈzeɪʃən
authorize,"1.  zatwierdzać
 2.  upoważniać
 3.  be authorized 
 - mieć prawo",ˈɔ:θəraɪz
auto,samochód,ˈɔ:təʊ
autobiographical,autobiograficzny,ˌɔ:təbaɪəˈgræfɪkəl
autobiography,autobiografia,ˌɔ:təbaɪˈɒgrəfɪ
autocracy,autokracja,ɔ:ˈtɒkrəsɪ
autograph,"i.    autograf
ii.    podpisywać",składać autografy|ˈɔ:təgrɑ:f
automate,automatyzować,ˈɔ:təmeɪt
automatic,"i.   1.  automatyczny
 2.  z urzędu
ii.    automat",ˌɔ:təˈmætɪk
automation,automatyzacja,ˌɔ:təˈmeɪʃən
automaton,automat,robot|ɔ:ˈtɒmətən
automobile,samochód,ˈɔ:təməbi:l
autonomous,autonomiczny,ɔ:ˈtɒnəməs
autonomy,autonomia,ɔ:ˈtɒnəmɪ
autopsy,sekcja zwłok,ˈɔ:tɒpsɪ
autumn,[br]  jesień,ˈɔ:təm
autumnal,jesienny,ɔ:ˈtʌmnəl
auxiliary,"dodatkowy
 2.  [o czasowniku]  posiłkowy","i.    pracownik pomocniczy
ii.   1.  pomocniczy|ɔ:gˈzɪljərɪ"
av,"av.
  ul.","i.
   see also: {audio-visual}
  audio-wizualny
ii.
   see also: {authorised version}

   see also: {authorised version of the bible}
  wersja autoryzowana biblii|ulica|wersja autoryzowana  [tłumaczenie z xvii w.]|ˌ$⋅$ˈ$⋅$"
avail,"1.  avail oneself of sth 
 - skorzystać z czegoś
 2.  of no avail 
 - bez skutku",əˈveɪl
availability,dostępność,əˌveɪləˈbɪlɪtɪ
available,dostępny,osiągalny|əˈveɪləbəl
avalanche,"1.  lawina
 2.  potop",zalew|ˈævəlɑ:nʃ
avantgarde,avant-garde,awangarda|awangardowy|ˌævɒŋˈgɑ:d
avarice,chciwość,ˈævərɪs
avaricious,chciwy,ˌævəˈrɪʃəs
ave,"ave.
  ul.",ulica
avenge,mścić,əˈvenʤ
avenue,"1.  aleja
 2.  ulica
 3.  kanał",ˈævɪnju:
average,"i.   1.  przeciętna
 2.  norma
ii.   1.  przeciętny
 2.  normalny","przeciętnie
iv.  average out   wyliczać średnią|wynosić przeciętnie
 2.  on  average  :average)
 - średnio|średni
iii.   1.  układać się wokół średniej|ˈævərɪʤ"
averse,niechętny,əˈvɜ:s
aversion,"1.  wstręt 
 2.  sb's aversion is 
 - ktoś nie cierpi",əˈvɜ:ʃən
avert,"1.  zapobiegać
 2.  odwracać",əˈvɜ:t
aviary,ptaszarnia,ˈeɪvɪərɪ
aviation,lotnictwo,ˌeɪvɪˈeɪʃən
avid,"1.  zapalony
 2.  złakniony",ˈævɪd
avocado,awokado,ˌævəˈkɑ:dəʊ
avoid,uchylać się,unikać|əˈvɔɪd
avoidable,do uniknięcia,əˈvɔɪdəbəl
avoidance,uchylanie się,əˈvɔɪdəns
avowal,deklaracja,əˈvaʊəl
avowed,zdeklarowany,əˈvaʊd
avuncular,dobrotliwie protekcjonalny,ojcowski|əˈvʌŋkjələ
await,oczekiwać,əˈweɪt
awake,"budzić
ii.   1.  czuwający  [nie śpiący]
 2.  be awake 
 - nie spać
 3.  fully awake 
 - rozbudzony",i.    budzić się|əˈweɪk
awaken,"1.  rozbudzać
 2.  przebudzać się","przebudzać
 3.  sb awakens to sth 
 - komuś otwierają się oczy na coś|əˈweɪkən"
awakening,przebudzenie,rozbudzenie|əˈweɪkənɪŋ
award,"i.   1.  nagroda
 2.  odszkodowanie
ii.   1.  nagradzać","przyznawać nagrodę
 2.  zasądzać|əˈwɔ:d"
away,"i.   1.  od
 2.  [z wieloma czasownikami tłumaczy się]  a. od-","od
 4.  he is away 
 - nie ma go|s-
 b.
      ""he walked away""  - odszedł
 c.
      ""melt away""  - stopnieć
ii.    a. w odległości
 b.
      ""a lake two miles away""  - jezioro w odległości dwóch mil
iii.   1.  [w wyrażeniach czasu]  a. odległy o
 b.
      ""the meeting is two months away""  - spotkanie jest odległe o dwa miesiące|spotkanie będzie za dwa miesiące
 2.  [mecz]  gościnny
 3.  away from 
 - z dala od|wyszedł"
awe,1.  trwoga,"bojaźń|przestrach|respekt
 2.  be awed by sth 
 - zatrwożyć się czymś|ɔ:"
awed,pełen respektu,ɔ:d
aweinspiring,awe-inspiring,wzbudzający respekt|ˈɔ:ɪnˌspaɪərɪŋ
awesome,straszliwy,ˈɔ:səm
awestruck,awe-struck,pełen respektu|przytłoczony|ˈɔ:strʌk
awful,"i.    okropny
ii.    okropnie
iii.    straszny",ˈɔ:fʊl
awkward,"1.  niezręczny
 2.  nieporęczny","ciężki
 3.  trudny|niewygodny|ˈɔ:kwəd"
awning,markiza,ˈɔ:nɪŋ
awry,"1.  przekrzywiony
 2.  go awry  :awry)
 - nie udawać się",iść na opak|əˈraɪ
axe,"i.    topór
ii.    utrącać",redukować|æks
axiom,aksjomat,ˈæksɪəm
axiomatic,aksjomatyczne,ˌæksɪəˈmætɪk
axis,np. budynku],oś  [symetrii|ˈæksɪs
axle,oś  [wozu],ˈæksəl
aye,aɪ,"i.    [szkot]  tak
ii.    głos za|za"
azerbaijan,azerbejdżan,ˌæzəbaɪˈʤɑ:n
azerbaijani,"i.    azerbejdżański
ii.    azerbejdżanin",ˌæzəbaɪˈʤɑ:nɪ
azure,i.    błękitny,"lazurowy
ii.    lazur|ˈæʒə"
b,"b.
  bakałarz","b.
  ur.|licencjat  [stopień naukowy]|urodzony"
b and b,zakwaterowanie z wyżywieniem,ˌbɪ: ən ˈbi:
babble,"i.   1.  paplać
 2.  [lit]  pluskać","szemrać
ii.    paplanina|ˈbæbəl"
babe,"1.  [przest]  dziecię
 2.  [us nieform]  dziecinka",beɪb
baboon,bəˈbu:n,pawian
baby,"1.  niemowlę
 2.  [nieform]  dziecinka",ˈbeɪbɪ
babyhood,niemowlęctwo,ˈbeɪbɪhʊd
babyish,dziecinny,dziecięcy|ˈbeɪbɪɪʃ
babysit,baby-sit,opiekować się dziećmi|opiekować się dziećmi pod nieobecność rodziców|ˈbeɪbɪsɪt
babysitter,baby-sitter,opiekun do dziecka|opiekunka do dziecka|ˈbeɪbɪsɪtə
babysitting,baby-sitting,opiekowanie się dziećmi|ˈbeɪbɪsɪtɪŋ
bachelor,bakałarz,"i.    stary kawaler|kawaler
ii.  bachelor of arts   absolwent uniwersytecki  [bez stopnia magistra]|licencjat|ˈbæʧələ"
back,bæk,"cofać
 3.  [partię|do tyłu|droga]  tylny
iv.   1.  [o domach]  wychodzić tyłem 
 2.  [o samochodzie]  cofać się|grzbiet
 2.  [krzesła]  tył"
backbiting,obmowa,ˈbækbaɪtɪŋ
backbone,"1.  kręgosłup
 2.  [przen]  kościec",ˈbækbəʊn
backbreaking,back-breaking,mozolny|w pocie czoła|ˈbækbreɪkɪŋ
backdate,antedatować,ˌbækˈdeɪt
backdoor,zakulisowy,ˈbækdɔ:
backer,protektor,sponsor|ˈbækə
backfire,"1.  obracać się przeciw komuś
 2.  strzelać  [o silniku samoch.]",ˌbækˈfaɪə
background,"1.  tło
 2.  uwarunkowanie  [przez środowisko","doświadczenie|wykształcenie]
 3.  kontekst|ˈbækgraʊnd"
backhand,bekhend,ˈbækhænd
backhanded,"1.  z bekhendu
 2.  [komplement]  dwuznaczny",wątpliwy|ˌbækˈhændɪd
backing,"1.  poparcie
 2.  podpórka","wyściółka
 3.  [muzyczny]  podkład|ˈbækɪŋ"
backlash,[w życiu społecznym i politycznym]  przeciwreakcja,ˈbæklæʃ
backlog,zaległości,ˈbæklɒg
backpack,plecak,ˈbækpæk
backside,tyłek,ˈbæksaɪd
backstage,"i.    kulisy
ii.    zakulisowy",ˈbæksteɪʤ
backstreet,nielegalny,ˈbækstri:t
backstroke,styl grzbietowy,ˈbækstrəʊk
backup,back-up,"i.    wspomaganie
ii.    [wyposażenie|kopia]  zapasowy|plan|ˈbækʌp"
backward,1.  w tył,"do tyłu
 2.  zacofany
 3.  opóźniony|do tyłu
 5.  backwards and forwards 
 - tam i z powrotem
 6.  know sth backward 
 - znać coś na wylot|niedorozwinięty
 4. backwards  [br]  z tyłu|ˈbækwəd"
backwardlooking,backward-looking,wsteczny|zacofany|ˌbækwədˈlʊkɪŋ
backwater,prowincja,zaścianek|ˈbækwɔ:tə
backwoods,"i.    głusza
ii.    [miejscowość]  zagubiony w głuszy",ˈbækwʊdz
backyard,podwórko,ˌbækˈjɑ:d
bacon,bekon,boczek|ˈbeɪkən
bacteria,bakterie,bækˈtɪərɪə
bad,1.  zły,"bæd|niedobry
 2.  [przeziębienie]  silny
 3.  [np. ząb]  chory
 4.  niegrzeczny
 5.  go bad 
 - psuć się
 6.  sb feels bad about sth 
 - głupio komuś z jakiegoś powodu
 7.  sb is bad at sth 
 - komuś niedobrze idzie z czymś
 8.  too bad 
 - trudno|niestety
 9.  from bad to worse 
 - coraz gorzej"
badge,1.  znaczek,"bæʤ|odznaka
 2.  oznaka"
badger,"i.    borsuk
ii.    dręczyć",marudzić|ˈbæʤə
badly,"bardzo
ii.  badly off   niemajętny","i.   1.  źle|niedobrze
 2.  poważnie|paskudnie
 3.  [pragnąć lub potrzebować]  strasznie|ubogi"
baffle,"be baffled 
 - być zaskoczonym",ˈbæfəl
bag,1.  torba,"bæg|pewny|torba
 3.  [br nieform]  bags of 
 - kupa
 4.  [nieform]  in the bag 
 - pewny jak w banku|torba podróżna"
baggage,bagaż,ˈbægɪʤ
baggy,[spodnie]  wypchany,rozepchany|ˈbægɪ
bagpipes,dudy,kobza|ˈbægpaɪps
bail,beɪl,"i.    kaucja
ii.    wyczerpywać
iii.  bail out  1.  składać kaucję
 2.  wybawiać
 3.  wyskakiwać z uszkodzonego samolotu|wyskakiwać"
bailiff,"1.  komornik
 2.  zarządca",ˈbeɪlɪf
bait,beɪt,"i.    przynęta
ii.   1.  zakładać przynętę
 2.  [zwierzę]  drażnić
 3.  *rise to|take* the bait 
 - brać przynętę"
bake,"1.  piec
 2.  spiekać się",beɪk
baked beans,fasolka po bretońsku,ˌbeɪktˈbi:nz
baker,"1.  piekarz
 2.  the baker 
 - piekarnia  [gdzie się sprzedaje]",ˈbeɪkə
bakery,piekarnia  [gdzie się piecze],ˈbeɪkərɪ
baking,i.    pieczenie,"wypiekanie
ii.    [nieform]  rozpalony|ˈbeɪkɪŋ"
balance,"i.   1.  równowaga
 2.  [bank]  saldo","stan konta
ii.   1.  być w równowadze|utrzymywać w równowadze 
 2.  równoważyć 
 3.  bilansować
 4.  the balance swings 
 - przewaga przechyla się
 5.  be off balance 
 - tracić równowagę
 6.  hold the balance of power 
 - utrzymywać równowagę sił
 7.  in the balance 
 - w zawieszeniu|w niepewności
 8.  on balance 
 - biorąc wszystko pod uwagę|ˈbæləns"
balcony,balkon,ˈbælkənɪ
bald,"1.  łysy
 2.  [stwierdzenie",bez osłonek|bezceremonialny|bɔ:ld|pytanie]  lakoniczny
balding,łysiejący,ˈbɔ:ldɪŋ
baldly,bez ogródek,ˈbɔ:ldlɪ
bale,beɪl,wiązka
balk,baulk,bɔ:k|zapierać się
balkan,"1.  bałkański
 2.  the balkans 
 - bałkany",ˈbɔ:lkən
ball,"1.  [us]  mecz piłki nożnej
 2.  [nieform]  a whole new","bɔ:l|different ball game 
 - nowa sytuacja|gałka
 3.  [ręki|i.   1.  piłka
 2.  kłębek"
ballad,ballada,ˈbæləd
ballast,balast,ˈbæləst
ballet,balet,ˈbæleɪ
balloon,"balonik
ii.    wydymać się",bəˈlu:n|i.    balon
ballot,"i.    tajne głosowanie
ii.   1.  sondować","urna wyborcza|urządzać tajne głosowanie
 2.  by ballot 
 - w tajnym głosowaniu
iii.  ballot box|ˈbælət|ˈbælətˌbɒks"
ballroom,sala balowa,ˈbɔ:lru:m
balm,balsam,bɑ:m
balmy,balsamiczny,ˈbɑ:mɪ
baltic,"1.  bałtycki
 2.  the baltic 
 - bałtyk",ˈbɔ:ltɪk
balustrade,balustrada,ˌbæləˈstreɪd
bamboo,bambus,ˌbæmˈbu:
bamboozle,bæmˈbu:zəl,wpuszczać w maliny
ban,bæn,"i.    zakazać 
ii.    zakaz"
banal,banalny,bəˈnɑ:l
banality,banalność,banał|bəˈnælɪtɪ
banana,"1.  banan
 2.  [nieform]  be bananas 
 - mieć świra",bəˈnɑ:nə
band,"band
 2.  orkiestra dęta
 3.  [zainteresowań]  grupa
 4.  [na głowę]  opaska",bænd|grupować się|i.   1.  grupa|kapela
bandage,"i.    bandaż
ii.    bandażować",ˈbændɪʤ
bandit,rozbójnik,ˈbændɪt
bandstand,estrada,podium dla orkiestry|ˈbændstænd
bandy about,[pogłoski,oszczerstwa]  powtarzać|rozpowszechniać|ˌbændɪ əˈbaʊt
bandylegged,bandy-legged,krzywonogi|ˌbændɪˈlegd
bang,bæŋ,"i.   1.  huk
 2.  uderzenie
ii.   1.  trzaskać
 2.  walić 
 3.  uderzać 
 4.  [nieform]  go with a bang 
 - iść jak cholera
 5.  [nieform]  sth is bang there 
 - coś jest dokładnie tam
 6.  bang! 
 - bam!"
banger,"1.  kiełbacha
 2.  trup  [samochód]
 3.  fajerwerk",ogień sztuczny|ˈbæŋə
bangle,bransoleta,ˈbæŋgəl
banish,"1.  wypędzać na banicję
 2.  odganiać
 3.  be banished 
 - być usuniętym",ˈbænɪʃ
banishment,banicja,wygnanie|ˈbænɪʃmənt
banister,poręcz,ˈbænɪstə
banjo,bandżo,ˈbænʤəʊ
bank,"[br]   święto publiczne  [kiedy banki są zamknięte]
iii.  bank on   polegać na
iv.  bank statement","bæŋk|chmurach]  masa|danych]
 2.  [rzeki]  brzeg|i.   1.  bank  [także krwi"
banker,bankier,bankowiec|ˈbæŋkə
banking,bankowość,ˈbæŋkɪŋ
banknote,banknot,ˈbæŋknəʊt
bankrupt,"i.    zbankrutowany
ii.    doprowadzić do bankructwa
iii.   1.  bankrut
 2.  go bankrupt 
 - bankrutować",ˈbæŋkrʌpt
bankruptcy,bankructwo,ˈbæŋkrʌptsɪ
banner,transparent,ˈbænə
bannister,poręcz,ˈbænɪstə
banquet,bankiet,ˈbæŋkwɪt
banter,i.    paplać,"przekomarzanie się|przekomarzać się
ii.    paplanina|ˈbæntə"
baptism,chrzest,ˈbæptɪzəm
baptize,bæpˈtaɪz,chrzcić
bar,"barykadować
 2.  [do czegoś]  nie dopuszczać 
 3.  [form]  a. wyjąwszy
 b.
      ""all things are here bar two""  - wszystko jest tu z wyjątkiem dwóch rzeczy
 4.  behind bars 
 - za kratkami","bɑ:|i.   1.  bar
 2.  [żelaza]  sztaba
 3.  [mydła]  kostka
 4.  [czekolady]  tabliczka
 5.  [na drodze]  przeszkoda 
 6.  [muzyka]  takt
ii.   1.  [o przejściu]  blokować"
barb,"1.  grot
 2.  przycinek",bɑ:b|kolec
barbarian,barbarzyńca,bɑ:ˈbeərɪən
barbaric,barbarzyński,bɑ:ˈbærɪk
barbarism,barbarzyństwo,ˈbɑ:bərɪzəm
barbarous,"1.  prymitywny
 2.  barbarzyński",ˈbɑ:bərəs
barbecue,"1.  grill  [do użycia na dworze]
 2.  przyjęcie  [na dworze przy grillu]",ˈbɑ:bɪkju:
barbed,drut kolczasty,"i.    z przycinkami
ii.  barbed wire|ˈbɑ:bd|ˌbɑ:bd ˈwaɪə"
barber,1.  fryzjer męski,"fryzjer
 2.  the barber's 
 - zakład fryzjerski|ˈbɑ:bə"
bare,beə,"i.   1.  goły
 2.  nagi|odsłaniać
 2.  with one's bare hands 
 - gołymi rękoma|ogołocony 
 3.  sam
ii.   1.  obnażać"
bareback,na oklep,ˈbeəbæk
barefaced,bezwstydny,ˌbeəˈfeɪst
barefoot,bosy,na bosaka|ˈbeəfʊt
barely,ledwo,ˈbeəlɪ
barge,bɑ:ʤ,"i.    barka
ii.   1.  wpadać|wtrącać się
 2.  [nieform br]  he would not touch her with a barge pole 
 - nie ma zamiaru się z nią zadawać"
baritone,baryton,ˈbærɪtəʊn
bark,bɑ:k,"i.   1.  szczekać
 2.  warczeć|iść fałszywym tropem|wrzeszczeć 
ii.   1.  szczeknięcie
 2.  kora
 3.  [nieform]  be barking up the wrong tree 
 - kierować się pod zły adres"
barley,jęczmień,ˈbɑ:lɪ
barmaid,barmanka,ˈbɑ:meɪd
barn,bɑ:n,stodoła
barnacle,wąsonóg  [skorupiak],ˈbɑ:nəkəl
barometer,barometr,bəˈrɒmɪtə
baron,"1.  baron
 2.  magnat",ˈbærən
baroness,baronowa,ˈbærənɪs
baroque,bəˈrɒk,"i.    barok
ii.    barokowy"
barr,"barr.
  adwokat",
barrack,"i.    [czyjeś przemówienie]  zakrzykiwać
ii.   barracks  koszary",ˈbærək
barrage,"1.  zapora
 2.  nawałnica  [pytań",skarg]|ˈbærɑ:ʤ
barrel,co się jeszcze da,"i.   1.  beczka
 2.  lufa
 3.  [nieform]  to be scraping the barrel 
 - wybierać|katarynka|przebierać w resztkach
ii.  barrel organ|ˈbærəl"
barren,bezpłodny,jałowy|ˈbærən
barricade,barykadować,"i.    barykada|zapora
ii.    barykadować się|ˈbærɪkeɪd"
barrier,bariera,barierka|ˈbærɪə
barring,wyjąwszy,ˈbɑ:rɪŋ
barrister,adwokat  [mogący bronić lub oskarżać w sądzie],ˈbærɪstə
barrow,taczka,wózek|ˈbærəʊ
bartender,barman,kelner|ˈbɑ:tendə
barter,"i.    wymieniać
ii.    barter",sprzedaż wymienna|ˈbɑ:tə
base,beɪs,"i.    opierać się   
ii.   1.  podstawa
 2.  [wojsk]  baza
 3.  [chem]  zasada
 4.  [firmy]  siedziba
 5.  be based in 
 - mieć siedzibę w"
baseless,bezpodstawny,ˈbeɪslɪs
basement,suterena,ˈbeɪsmənt
bash,bæʃ,"i.   1.  grzmocić
 2.  walić się   
ii.   1.  walnięcie się 
 2.  have a bash at sth 
 - spróbować czegoś"
bashful,płochliwy,wstydliwy|ˈbæʃfʊl
basic,"1.  podstawowy
 2.  zasadniczy 
 3.  standardowy","prymitywny
 4.  basics 
 - podstawy|ˈbeɪsɪk"
basically,zasadniczo,ˈbeɪsɪkəlɪ
basin,"1.  miska
 2.  umywalka
 3.  dorzecze",ˈbeɪsən
basis,"1.  podstawa
 2.  on the basis of sth 
 - na podstawie czegoś
 3.  a. on a ... basis 
 - na zasadzie ... czegoś","na zasadzie ...|według ...
 b.
      ""on a daily basis""  - codziennie
 c.
      ""on a first-name basis""  - po imieniu|według ... czegoś|ˈbeɪsɪs"
basket,kosz,koszyk|ˈbɑ:skɪt
basketball,koszykówka,ˈbɑ:skɪtbɔ:l
bass,beɪs,"i.    bas
ii.    basowy"
bassoon,bəˈsu:n,fagot
bastard,"1.  [przest]  bękart
 2.  [nieform]  gnój",menda|ˈbɑ:stəd
baste,beɪst,polewać tłuszczem
bastion,oparcie,ˈbæstɪən
bat,bæt,"i.   1.  [do ping-ponga]  paletka
 2.  [np. do palanta]  kij
 3.  nietoperz
ii.   1.  odbijać
 2.  off one's own bat 
 - bez proszenia się
 3.  not to bat an eyelid  bat v: :an :eyelid)
 - ani nie mrugnąć okiem"
batch,[komp]   przetwarzanie wsadowe,"bæʧ|i.   1.  [ludzi|spraw]  grupa
 2.  [towaru]  partia
 3.  [komp]  wsad
ii.  batch processing|ˈbæʧ ˌprəʊsesɪŋ"
bated,"with bated breath 
 - z zapartym tchem",ˈbeɪtɪd
bath,bɑ:θ,"i.   1.  wanna
 2.  kąpiel
 3. baths  kąpielisko
ii.   1.  kąpać
 2.  have|take a bath 
 - kąpać się"
bathe,beɪð,"i.   1.  [np. w morzu]  kąpać się
 2.  [us]  kąpać się  [w łazience]
 3.  przemywać
ii.   1.  kąpiel  [np. w morzu]
 2.  be bathed in 
 - być skąpanym w"
bather,kąpiący się,ˈbeɪðə
bathing suit,[br]   spodenki kąpielowe,"i.    kostium kąpielowy
ii.  bathing trunks|ˈbeɪðɪŋ su:t|ˈbeɪðɪŋ trʌŋks"
bathrobe,"1.  płaszcz kąpielowy
 2.  szlafrok",ˈbɑ:θrəʊb
bathroom,ubikacja,łazienka|ˈbɑ:θru:m
bathtub,wanna,ˈbɑ:θtʌb
baton,"1.  batuta
 2.  pałeczka
 3.  pałka",ˈbætən
battalion,batalion,bəˈtælɪən
batter,i.   1.  bić,"maltretować
 2.  uderzać
ii.    rzadkie ciasto  [np. na naleśniki]
iii.  batter down   wyłamywać|ˈbætə"
battery,"1.  bateria
 2.  zestaw",seria|ˈbætərɪ
battle,i.    bitwa,"walka     
ii.   1.  walczyć
 2.  sth is half the battle 
 - coś jest już na pół wygrane|ˈbætəl"
battlefield,pole bitwy,ˈbætəlfi:ld
battleground,teren walki,ˈbætəlgraʊnd
battlements,blanki,ˈbætəlmənts
battleship,okręt wojenny,ˈbætəlʃɪp
batty,"1.  trzepnięty
 2.  sb goes batty 
 - pogarsza się komuś",ˈbætɪ
bauble,błyskotka,ˈbɔ:bəl
baud,bod,bɔ:d
baulk,balk,bɔ:k|zapierać się
bawdy,rubaszny,ˈbɔ:dɪ
bawl,bɔ:l,"i.    drzeć się
ii.  bawl out  1.  [nieform]  ochrzaniać 
 2.  wydzierać się"
bay,beɪ,"i.   1.  zatoka
 2.  a. miejsce do czegoś
 b.
      ""loading bay""  - miejsce załadunku
ii.   1.  wyć|ujadać
 2.  keep sth at bay 
 - utrzymywać coś groźnego w bezpiecznej odległości|utrzymywać w bezpiecznej odległości
iii.  bay window|wykusz"
bayonet,bagnet,ˈbeɪənɪt
bazaar,"1.  bazar
 2.  sprzedaż na cele dobroczynne",bəˈzɑ:
bazooka,bəˈzu:kə,rusznica przeciwpancerna
bbc,"i.
   see also: {british broadcasting corporation}
  brytyjska korporacja nadawcza",ˈbibisi
bc,"a.chr.n.
ii.
   see also: {british columbia}
  kolumbia brytyjska
ii.
   see also: {basque country}
  kraj basków","b.c.|i.
   see also: {before christ}
  p.n.e.|ˈbisi"
beach,bi:ʧ,plaża
beacon,sygnał,sygnał świetlny|ˈbi:kən
bead,1.  paciorek,"bi:d|koral
 2.  kropla"
beak,bi:k,dziób
beaker,kubek,kubek plastikowy|ˈbi:kə
beam,bi:m,"fale radiowe]  wysyłać
ii.   1.  rozpromieniony uśmiech
 2.  promień|i.   1.  rozpromieniać się 
 2.  [promienie światła|smuga
 3.  belka"
bearable,do wytrzymania,ˈbeərəbəl
beard,broda,bɪəd
bearded,brodaty,z brodą|ˈbɪədɪd
bearer,"1.  tragarz
 2.  doręczyciel","okaziciel|zwiastun
 3.  [form]  posiadacz|ˈbeərə"
bearing,1.  [form]  postawa,"find one's bearings 
 - pozbierać się|obejście
 2.  [w maszynie]  łożysko
 3.  have a bearing on 
 - mieć znaczenie co do
 4.  get|połapać się
 5.  lose one's bearings 
 - pogubić się|ˈbeərɪŋ"
beast,"1.  zwierzę
 2.  [przest]  bydlę",bi:st
beastly,"1.  paskudny
 2.  be beastly 
 - być świnią",ˈbi:stlɪ
beat,bi:t,"i.   1.  bić
 2.  [jajka]  ubijać
 3.  [w zawodach]  pobić|na obchodzie
 7.  beat it! 
 - spływaj!
iii.  beat down  1.  prażyć
 2.  spadać 
 3.  skłaniać do opuszczenia ceny|skrzydeł]  uderzenie
 2.  [w muzyce]  rytm|skłaniać do opuszczenia
iv.  beat up   pobić"
beating,i.   1.  pobicie,"lanie
 2.  give sb a beating 
 - pobić kogoś
 3.  take a beating 
 - zostać pobitym
 4.  [nieform]  sth will take some beating 
 - coś jest nie do pobicia
ii.  beating up   ciężkie pobicie|pobicie|ˈbi:tɪŋ"
beautician,bju:ˈtɪʃən,kosmetyczka|manikurzystka
beautiful,piękny,ˈbju:tɪfʊl
beautify,upiększać,ˈbju:tɪfaɪ
beauty,"atrakcja  
 6.  moda","atrakcyjne miejsce|i.   1.  piękno
 2.  piękność
 3.  [nieform]  cudo
 4. beauties  uroki
 5.  the beauty 
 - urok|miejsce widokowa|miejscowość widokowa"
beaver,"i.    bóbr
ii.  beaver away   harować (at - nad",przy)|ˈbi:və
because,1.  ponieważ,"bo
 2.  because of 
 - z powodu|bɪˈkɒz"
beck,"at sb's beck and call 
 - na każde zawołanie kogoś",bek
beckon,1.  dać znak,"skinąć 
 2.  wzywać|ˈbekən"
become,bɪˈkʌm,stawać się
becoming,bɪˈkʌmɪŋ,stosowny
bed,i.   1.  łóżko,"mieszkanie z wyżywieniem
iii.  bed and breakfast|pokój ze śniadaniem
iv.  bed down   kłaść się|tapczan
 2.  klomb
 3.  dno
 4.  [rzeki]  łożysko
 5.  go to bed 
 - iść spać
 6.  go to bed with sb 
 - iść z kimś do łóżka
 7.  make the bed 
 - słać łóżko
ii.  bed and board|ˌbed ən ˈbrekfəst"
bedbug,pluskwa,ˈbedbʌg
bedclothes,pościel,ˈbedkləʊðz
bedding,pościel,ˈbedɪŋ
bedevil,"be bedeviled by 
 - być gnębionym przez",bɪˈdevəl
bedfellow,kompan,ˈbedfeləʊ
bedlam,dom wariatów,ˈbedləm
bedraggled,bɪˈdrægəld,obdarty
bedridden,przykuty do łóżka,ˈbedˌrɪdən
bedrock,podwaliny,ˈbedrɒk
bedroom,sypialnia,ˈbedru:m
bedside,1.  miejsce przy łóżku,"by sb's bedside 
 - przy czyimś łożu|przy łóżku
 2.  at|ˈbedsaɪd"
bedsitter,kawalerka,wynajęty pokój|ˌbedˈsɪtə
bedspread,narzuta,narzuta na łóżko|ˈbedspred
bedtime,pora snu,ˈbedtaɪm
bee,"1.  pszczoła
 2.  have a bee in one's bonnet about sth 
 - mieć kuku na punkcie czegoś",bi:
beech,bi:ʧ,buk
beef,bi:f,wołowina
beefsteak,befsztyk,ˈbi:fˌsteɪk
beefy,silny,umięśniony|ˈbi:fɪ
beehive,ul,ˈbi:haɪv
beeline,"make a beeline for sth 
 - puścić się prosto dokądś",ˈbi:laɪn
been,bi:n,"bɪn|he has been to  
 - on był w paryżu|on był w"
beer,bɪə,piwo
beet,bi:t,burak|burak pastewny
beetle,chrząszcz,żuk|ˈbi:təl
beetroot,burak,burak ćwikłowy|ˈbi:tru:t
befall,bɪˈfɔ:l,przydarzyć się
befit,a. wypadać komuś,"bɪˈfɪt|wypadać
 b.
      ""sth befits sb""  - komuś coś przystoi"
before,bɪˈfɔ:,"i.    [o czasie]  przed|już
iv.    [form]  [o przestrzeni]  a. przed
 b.
      ""before me""  - przede mną|zanim
ii.    a. zeszłego
 b.
      ""the night before""  - zeszłej nocy
iii.    kiedyś"
beforehand,bɪˈfɔ:hænd,uprzednio
befriend,bɪˈfrend,zaprzyjaźnić się
befuddle,bɪˈfʌdəl,zamraczać
beggar,żebrak,ˈbegə
beginner,bɪˈgɪnə,początkujący
beginning,"1.  początek
 2.  at","bɪˈgɪnɪŋ|in the beginning 
 - na początku
 3.  from the beginning 
 - od początku"
begrudge,bɪˈgrʌʤ,mieć za złe
beguile,bɪˈgaɪl,oczarowywać|łudzić
behave,"1.  zachowywać się 
 2.  behave oneself 
 - zachowywać się dobrze",bɪˈheɪv|zachowywać się
behaviour,bɪˈheɪvɪə,zachowanie|zachowanie się
behead,"be beheaded 
 - być ściętym",bɪˈhed
behind,1.  za,"być u podstawy czegoś
 5.  behind schedule|bɪˈhaɪnd|time 
 - opóźniony
 6.  stay behind 
 - pozostać
 7.  leave sth behind 
 - zostawić coś|z tyłu
 2.  w tyle   
 3.  tyłek
 4.  be behind sth 
 - stać za czymś"
behold,bɪˈhəʊld,oglądać
beholder,bɪˈhəʊldə,obserwator
beige,beż,beɪʒ
beijing,pekin,ˌbeɪˈʤɪŋ
being,"1.  [lit]  istota
 2.  in being 
 - istniejący
 3.  come into being 
 - powstać",ˈbi:ɪŋ|ˈbɪɪŋ
belarus,białoruś,ˈbelərʊs
belated,bɪˈleɪtɪd,spóźniony
beleaguered,"1.  osaczony
 2.  oblężony",bɪˈli:gəd
belfry,dzwonnica,ˈbelfrɪ
belgian,belgijski,ˈbelʤən
belgium,belgia,ˈbelʤəm
belie,bɪˈlaɪ,zadawać kłam
belief,1.  wiara,"bɪˈli:f|przekonanie 
 2.  in the belief that 
 - w przekonaniu|że
 3.  beyond belief 
 - nie do wiary"
believable,bɪˈli:vəbəl,wiarogodny
believe,bɪˈli:v,"i.   1.  sądzić
 2.  wierzyć   
ii.  believe in   a. być za
 b.
      ""believe in compromises""  - być za kompromisami"
believer,bɪˈli:və,"i.    zwolennik 
ii.    wierzący"
belittle,bɪˈlɪtəl,pomniejszać
bell,1.  dzwonek,"bel|dzwon
 2.  [nieform]  sth rings a bell 
 - coś brzmi znajomo"
belligerent,bɪˈlɪʤərənt,wojowniczy
bellow,"i.    ryczeć
ii.    wrzask",ˈbeləʊ
bellows,miech,ˈbeləʊz
belly,brzuch,ˈbelɪ
belong,"1.  należeć 
 2.  sb belongs somewhere 
 - czyjeś miejsce jest gdzieś",bɪˈlɒŋ
belongings,bɪˈlɒŋɪŋz,czyjeś rzeczy|rzeczy
belorussia,białoruś,ˌbelɒˈrʌʃə
belorussian,"i.    białoruski
ii.    białorusin",ˌbelɒˈrʌʃən
beloved,bɪˈlʌvɪd,ukochany
below,1.  poniżej,"bɪˈləʊ|niżej
 2.  below  ground  :ground)
 - pod ziemią
 3.  from below 
 - z dołu"
belt,i.    pas,"pasek
ii.   1.  [nieform]  lać
 2.  [nieform]  lecieć
 3.  below the belt 
 - poniżej pasa
 4.  under the belt 
 - w kieszeni
 5.  tighten the belt 
 - zaciskać pasa"
bemoan,bɪˈməʊn,opłakiwać
bemused,bɪˈmju:zd,oszołomiony
bench,benʧ,ława|ławka
bend,i.   1.  schylać się,"schylać
 2.  zginać się|usilnie starać się zrobić
 3.  drive sb round the bend 
 - wprawiać kogoś w szał
 4.  bend the rules 
 - naginać przepisy|zginać
ii.   1.  zakręt|zgięcie
 2.  bend over backwards  
 - usilnie starać się zrobić coś"
beneath,bɪˈni:θ,pod
benefactor,dobroczyńca,ˈbenɪfæktə
beneficial,dobroczynny,ˌbenɪˈfɪʃəl
beneficiary,"1.  spadkobierca
 2.  be a beneficiary 
 - korzystać",ˌbenɪˈfɪʃərɪ
benefit,i.   1.  korzyść,"pożytek
 2.  świadczenie|zasiłek
ii.   1.  przynosić korzyść   
 2.  have the benefit of 
 - skorzystać z
 3.  of benefit 
 - korzystny|ˈbenɪfɪt"
benevolence,bɪˈnevələns,wyrozumiałość
benevolent,bɪˈnevələnt,wyrozumiały|łagodny
benign,1.  łagodny,"bɪˈnaɪn|dobroduszny
 2.  [nowotwór]  łagodny|niezłośliwy"
bequeath,bɪˈkwi:ð,przekazać|przekazać w spadku
bequest,bɪˈkwest,legat|zapis
bereaved,bɪˈri:vd,osamotniony|pogrążony w smutku
bereavement,bɪˈri:vmənt,strata|utrata|utrata kogoś bliskiego
bereft,bɪˈreft,pozbawiony
beret,bəˈreɪ,ˈbereɪ
berry,jagoda,ˈberɪ
berserk,bə:ˈsɜ:k,"to go berserk 
 - dostać amoku"
berth,"1.  stanowisko  [cumownicze]
 2.  koja","bɜ:θ|łóżko
 3.  give sb a wide berth 
 - obchodzić kogoś z daleka"
beseech,błagać,bɪˈsi:ʧ|upraszać
beseeching,błagalny,bɪˈsi:ʧɪŋ
beset,"1.  [np. ludzie]  osaczać   
 2.  [o kłopotach]  męczyć",bɪˈset|dręczyć
besides,1.  obok,"bez uwzględnienia
 2.  poza tym|bɪˈsaɪdz"
best,"i.    najlepszy
ii.   1.  najlepiej
 2.  at best 
 - co najwyżej
 3.  make the best of 
 - robić co się da
 4.  do sth as best sb can 
 - robić coś najlepiej","jak się potrafi
 5.  all the best 
 - wszystkiego najlepszego|serdeczne pozdrowienia"
bestial,bestialski,ˈbestɪəl
bestman,drużba,ˌbestˈmæn
bestow,bɪˈstəʊ,obdarzyć
bestseller,best-seller,bestseler|ˌbestˈselə
bet,"best bet 
 - najlepsze","co można zrobić|i'll bet|i.    stawiać|my bet is* that 
 - o co zakład"
betray,bɪˈtreɪ,zdradzać
betrayal,bɪˈtreɪəl,zdrada
betrothed,[przest]  zaręczony,bɪˈtrəʊðd
between,bɪˈtwi:n,między|pomiędzy
bevel,i.    ukos,"skos
ii.    ścinać na skos|ˈbevəl"
beverage,napój,ˈbevərɪʤ
beware,bɪˈweə,strzec się
bewildered,bɪˈwɪldəd,oszołomiony
bewilderment,bɪˈwɪldəmənt,zaskoczenie
bewitch,bɪˈwɪʧ,oczarowywać
bias,nastawienie,stronniczość|ˈbaɪəs
biased,1.  stronniczy,"uprzedzony
 2.  nakierowany|ˈbaɪəst"
bib,bɪb,śliniak
bible,"the bible 
 - biblia",ˈbaɪbəl
biblical,biblijny,ˈbɪblɪkəl
bibliographical,bibliografia,ˌbɪblɪəˈgræfɪkəl
bibliography,bibliografia,ˌbɪblɪˈɒgrəfɪ
bicentenary,dwustulecie,ˌbaɪsenˈti:nərɪ
bicentennial,"i.    [us]  dwustulecie
ii.    dwustuletni",ˌbaɪsenˈte:nɪəl
biceps,bicepsy,ˈbaɪseps
bicker,sprzeczać się,ˈbɪkə
bicycle,rower,ˈbaɪsɪkəl
bidder,"1.  oferent
 2.  the highest bidder 
 - oferujący najwyższą stawkę",ˈbɪdə
bide,baɪd,"bide one's time 
 - czekać na sposobność"
big,1.  duży,"bɪg|starszy
 b.
      ""my big sister""  - moja starsza siostra|wielki
 2.  [nieform]  a. większy"
biggish,spory,ˈbɪgɪʃ
bigot,ˈbɪgət,
bigoted,fanatyczny,ˈbɪgətɪd
bigotry,bigoteria,ˈbɪgətrɪ
bigwig,szycha,ˈbɪgwɪg
bike,baɪk,motor|motorower|rower
bile,baɪl,żółć
bilingual,baɪˈlɪŋgwəl,dwujęzyczny
bilious,1.  odpychający,"wstrętny
 2.  zgryźliwy|ˈbɪlɪəs"
bill,bɪl,"i.   1.  rachunek
 2.  [us]  [pieniądz]  banknot
 3.  [w parlamencie]  projekt ustawy
 4.  [np. teatralny]  afisz
 5.  [występu]  program
ii.    [występ]  ogłaszać|reklamować
iii.    [ptaka]  dziób
iv.  bill of exchange   weksel"
billboard,tablica na reklamy,tablica na reklamy afisze|ˈbɪlbɔ:d
billiard,bilardowy,ˈbɪljəd
billiards,bilard,ˈbɪljədz
billion,"1.  miliard
 2.  [br dawniej]  bilion
 3.  by the billion 
 - miliardami",ˈbɪljən
billionaire,miliarder,ˌbɪljəˈneə
billow,i.    nadymać się,"wydymać się
ii.    [dymu]  kłąb|ˈbɪləʊ"
bin,1.  wiadro na śmieci,"bɪn|wiadro
 2.  pojemnik"
binary,binarny,dwójkowy|ˈbaɪnərɪ
bind,"1.  wiązać
 2.  związywać","baɪnd|cholerstwo|co za nudziarstwo|przywiązywać
 3.  [lit]  zobowiązywać
 4.  oprawiać
 5.  [nieform]  it is a bind 
 - to paskudztwo"
binder,skoroszyt,ˈbaɪndə
binding,"i.    obowiązujący
ii.   1.  oprawa","okładka
 2.  oblamowanie|ˈbaɪndɪŋ"
binge,bɪnʤ,"go on a binge 
 - iść w rejs"
binoculars,bɪˈnɒkjʊləz,lornetka
biographer,baɪˈɒgrəfə,biograf
biographical,biograficzny,ˌbaɪəˈgræfɪkəl
biography,baɪˈɒgrəfɪ,biografia
biological,biologiczny,ˌbaɪəˈlɒʤɪkəl
biologist,baɪˈɒləʤɪst,biolog
biology,baɪˈɒləʤɪ,biologia
birch,"1.  brzoza
 2.  rózga",bɜ:ʧ
bird,bɜ:d,"drapieżnik|i.   1.  ptak
 2.  [br nieform]  cizia
ii.  bird of prey   ptak drapieżnik"
birdcage,klatka,klatka na ptaki|ˈbɜ:dkeɪʤ
biro,długopis,ˈbaɪərəʊ
birth,bɜ:θ,"i.   1.  narodziny|przyrost naturalny|urodziny
 2.  give birth 
 - urodzić
 3.  by birth 
 - z pochodzenia
ii.  birth control|zapobieganie ciąży
iii.  birth rate"
birthday,urodziny,ˈbɜ:θdeɪ
birthplace,"1.  miejsce urodzenia
 2.  [przen]  kolebka",ˈbɜ:θpleɪs
biscuit,herbatnik,ˈbɪskɪt
bisect,baɪˈsekt,przecinać
bishop,"1.  biskup
 2.  [w szachach]  goniec",laufer|ˈbɪʃəp
bishopric,biskupstwo,ˈbɪʃəprɪk
bison,bizon,ˈbaɪsən
bistro,ˈbi:strəʊ,
bitch,"1.  suka
 2.  [wulg]  dziwka",bɪʧ|zdzira
bite,baɪt,"i.   1.  gryźć|kawałek
 2.  [owada]  ukąszenie
iii.    [o sankcjach]  odnosić skutek|kąsać
 2.  [o rybie]  brać|połykać przynętę
ii.   1.  [do jedzenia]  kąsek"
biting,"1.  przenikliwy
 2.  kąśliwy",ˈbaɪtɪŋ
bitter,"i.   1.  gorzki
 2.  rozgoryczony
 3.  przykry","piwo
 2.  to the bitter end 
 - do upadłego|zacięty|zapiekły
 4.  przenikliwy
ii.   1.  piwo gorzkie|ˈbɪtə"
bizarre,bɪˈzɑ:,dziwaczny
bk,"bk.
  księga",
black,"1.  czarno-biały
 2.  in black and white 
 - czarno na białym
v.  black eye","aż do siniaków
iv.  black and white|blæk|czarny rynek
vii.  black out   stracić przytomność|i.    czarny
ii.    czarny"
blackberry,jeżyna,ˈblækbərɪ
blackbird,kos,ˈblækbɜ:d
blackboard,tablica,tablica szkolna|ˈblækbɔ:d
blackcurrant,czarna porzeczka,ˌblækˈkʌrənt
blacken,"1.  czernić
 2.  szargać",psuć|ˈblækən
blackish,czarniawy,ˈblækɪʃ
blackmail,"i.    szantaż
ii.    szantażować",ˈblækmeɪl
blackmailer,szantażysta,ˈblækmeɪlə
blackout,"1.  zaciemnienie
 2.  omdlenie",ˈblækaʊt
blacksmith,kowal,ˈblæksmɪθ
bladder,pęcherz,ˈblædə
blade,1.  ostrze,"bleɪd|brzeszczot
 2.  łopata|płat
 3.  pióro
 4.  źdźbło"
blame,a nie ma b czegoś za złe,"bleɪm|i.    robić zarzuty|odpowiedzialność za
 4.  a does not blame b for 
 - a nie wini b z powodu czegoś|potępiać"
blameless,bez zarzutu,ˈbleɪmlɪs
blanch,"1.  wybielić
 2.  zbieleć",blɑ:nʧ
bland,bez wyrazu,blænd
blank,"bezmyślny
ii.   1.  czarna plama","blæŋk|i.   1.  czysty
 2.  pusty|pustka
 2.  [nieform]  draw a blank 
 - nie mieć szczęścia"
blanket,"i.   1.  koc
 2.  pokrywa","ogólny|osłona
ii.    pokryć
iii.    bezwyjątkowy|ˈblæŋkɪt"
blare,bleə,"i.    [o głośniku|syrenie]  ryczeć
ii.    ryk
iii.  blare out   wywrzaskiwać"
blase,blasé,zblazowany|ˈblɑ:zeɪ
blaspheme,bluźnić,blæsˈfi:m
blasphemous,bluźnierczy,ˈblæsfəməs
blasphemy,bluźnierstwo,ˈblæsfəmɪ
blast,blɑ:st,"i.   1.  wybuch
 2.  [wybuchu]  podmuch
 3.  [lokomotywy]  gwizd|na całego
iii.  blast off   startować|wznosić się|wznosić się w powietrze"
blasted,cholerny,ˈblɑ:stɪd
blastoff,blast-off,start|wzniesienie się|wzniesienie się w powietrze|ˈblɑ:stɒf
blasé,blase,zblazowany|ˈblɑ:zeɪ
blatant,bezwstydny,ˈbleɪtənt
blaze,blask,"bleɪz|i.   1.  płonąć
 2.  jarzyć się 
ii.   1.  pożar
 2.  centrum|wybuch"
blazer,"1.  marynarka  [z naszytym herbem szkoły lub klubu sportowego]
 2.  blezer",ˈbleɪzə
blazing,"1.  rozpalony od upału
 2.  blazing hot 
 - gorący jak w piecu",ˈbleɪzɪŋ
bldg,"bldg.
  budynek",
bleach,bli:ʧ,"i.   1.  bielić
 2.  płowieć
ii.    wybielacz|środek czyszczący"
bleak,bli:k,ponury|posępny
bleary,załzawiony,ˈblɪərɪ
bleat,bli:t,"i.    beczeć
ii.    bek
iii.    piszczeć"
bleed,bli:d,krwawić
bleeding,krwawienie,ˈbli:dɪŋ
blemish,i.    skaza,"plamka
ii.    psuć|rujnować|ˈblemɪʃ"
blend,"i.   1.  a. mieszać
 b.
      ""one with something else""  - jedno z drugim
 2.  stapiać się
ii.   1.  mieszanka
 2.  stop",
blender,mikser,ˈblendə
bless,"1.  błogosławić
 2.  *``god bless''","``bless you''* 
 -|bles|bóg zapłać''|dzięki''
 3.  ``bless you!'' 
 -"
blessed,"1.  błogosławiony
 2.  cudowny
 3.  obdarzony",ˈblesɪd
blessing,1.  błogosławieństwo,"co ma także złe strony|dar
 2.  aprobata
 3.  with sb's blessing 
 - z błogosławieństwem
 4.  sth was a blessing in disguise 
 - coś wyszło w końcu na dobre
 5.  count sb's blessings 
 - można mówić o szczęściu|dar boży|mogło być gorzej
 6.  a mixed blessing 
 - coś dobrego"
blight,blaɪt,"i.    nieszczęście|zguba       
ii.    zniszczyć"
blind,"1.  słaby punkt
 2.  niewidoczne miejsce","1.  ślepa uliczka
 2.  be up in a blind alley 
 - utknąć w ślepym zaułku
vi.  blind spot|blaɪnd|i.    ślepy|niewidomy
ii.    oślepiać
iii.    niewidoczny
iv.   1.  roleta
 2.  be blind to sth 
 - zamykać oczy na coś
 3.  turn a blind eye to sth 
 - przymykać oczy na coś
 4.  [nieform]  not a blind bit of 
 - za cholerę
v.  blind alley"
blindfold,i.    przepaska na oczy,"przepaska
ii.    przewiązać oczy przepaską|przewiązać oczy|ˈblaɪndfəʊld"
blindfolded,z zawiązanymi oczami,ˈblaɪndfəʊldɪd
blindly,na oślep,ˈblaɪndlɪ
blindness,ślepota,ˈblaɪndnɪs
blink,blɪŋk,"i.   1.  mrugać
 2.  migotać
ii.   1.  mruganie
 2.  migotanie"
blinkered,zaślepiony,ˈblɪŋkəd
blinkers,klapki na oczy,końskie okulary|ˈblɪŋkəz
bliss,blɪs,błogość|szczęście
blissful,"1.  błogi
 2.  radosny",ˈblɪsfʊl
blister,"i.    pęcherz
ii.    pokrywać się pęcherzami",ˈblɪstə
blistering,"1.  rozpalony
 2.  zjadliwy",sarkastyczny|ˈblɪstərɪŋ
blithe,"1.  beztroski
 2.  [przest]  radosny",blaɪð
blizzard,zamieć,zamieć śnieżna|ˈblɪzəd
bloated,"1.  rozdęty
 2.  [nieform]  napchany",naćkany|ˈbləʊtɪd
blob,blɒb,kleks|kropla|plama
bloc,blok  [zgrupowanie krajów],blɒk
blockade,blɒˈkeɪd,"i.    blokada
ii.    zakładać blokadę"
blockage,zatkanie,ˈblɒkɪʤ
bloke,bləʊk,facet
blond,blondyn,"blɒnd|i.    blond
ii.    blondynka"
blood,blʌd,"ciśnienie krwi
v.  blood vessel|fresh|i.   1.  krew
 2.  sth makes his blood boil 
 - coś sprawia|krwiodawca
iii.  blood poisoning"
bloodbath,krwawa łaźnia,ˈblʌdbɑ:θ
bloodcurdling,mrożący krew,mrożący krew w żyłach|ˈblʌdˌkɜ:dlɪŋ
bloodless,"1.  bezkrwisty
 2.  bezkrwawy",ˈblʌdlɪs
bloodshed,rozlanie krwi,ˈblʌdʃed
bloodshot,nabiegły krwią,ˈblʌdʃɒt
bloodstained,skrwawiony,ˈblʌdsteɪnd
bloodstream,krwiobieg,ˈblʌdstri:m
bloodthirsty,krwiożerczy,ˈblʌdˌθɜ:stɪ
bloody,"1.  krwawy
 2.  zakrwawiony
 3.  [br nieform]  cholerny",pieprzony|ˈblʌdɪ
bloodyminded,bloody-minded,mendowaty|złośliwy|ˌblʌdɪ ˈmaɪndɪd
bloom,blu:m,"i.    kwiat
ii.   1.  kwitnąć|rozkwitać
 2.  in bloom 
 - kwitnący"
blossom,"i.    kwiat
ii.   1.  kwitnąć","rozkwitać
 2.  in blossom 
 - kwitnący|ˈblɒsəm"
blot,blɒt,"i.   1.  kleks
 2.  plama  [też przen]
ii.    wycierać
iii.  blot out  1.  przesłaniać
 2.  wymazywać"
blotch,blɒʧ,plama|znamię
blotchy,plamisty,ˈblɒʧɪ
blotting paper,bibuła,ˈblɒtɪŋ peɪpə
blouse,blaʊz,bluzka
blowbyblow,blow-by-blow,"blow-by-blow account 
 - szczegółowy opis|ˌbləʊbaɪˈbləʊ"
bludgeon,"i.    [form]  pałka
ii.   1.  [form]  zadawać ciosy pałką","zadawać ciosy
 2.  zmuszać|ˈblʌʤən"
blue,blu:,"błękitny
ii.   1.  blues
 2.  porno
 3.  out of the blue 
 - nieoczekiwanie|i.    niebieski"
bluebell,dzwonek  [kwiat],ˈblu:bəl
blueblack,blue-black,granatowy|ˌblu:ˈblæk
bluebottle,mucha końska,mucha końska plujka|ˈblu:ˌbɒtəl
bluecollar,blue-collar,fizyczny  [pracownik]|ˌblu:ˈkɒlə
blueprint,plan,ˈblu:prɪnt
bluff,blʌf,"by odkrył karty|i.    blef
ii.   1.  blefować
 2.  call sb's bluff 
 - zmusić kogoś"
bluish,niebieskawy,ˈblʊɪʃ
blunder,błąd,"gafa|i.   1.  popełniać poważny błąd
 2.  błąkać się|łazić
ii.    poważny błąd|ˈblʌndə"
blunt,blʌnt,"i.   1.  zaokrąglony
 2.  obcesowy
 3.  tępy
ii.    stępiać"
blur,blɜ:,"i.    rozmyta plama|plama
ii.   1.  zamazywać się|wypaplać|zacierać
iii.  blurt out   wygadać"
blurred,"1.  zamazany
 2.  zatarty",blɜ:d
blush,blʌʃ,"czerwienić
ii.    rumieniec|czerwienić się|i.    rumienić się|rumienić"
bluster,"i.    rzucać się
ii.    podniecenie",rzucanie się|ˈblʌstə
blustery,ostry,ˈblʌstərɪ
blvd,"blvd.
  bulwar",
bma,brytyjskie towarzystwo medyczne,ˌ$⋅⋅$ˈ$⋅$
bo,zapach ciała,zapach ciała smród|ˌ$⋅$ˈ$⋅$
boar,"1.  knur
 2.  dzik",bɔ:
board,"bez wyjątku
 5.  sweep the board 
 - zgarnąć wszystkie stawki
iii.  board up   zabijać  [deską]","bɔ:d|i.   1.  deska
 2.  tablica
 3.  a. zarząd|komisja
 b.
      ""on the board""  - w zarządzie
 4.  jedzenie|utrzymanie
ii.   1.  [form]  wsiadać
 2.  on board 
 - na pokładzie"
boarder,pensjonariusz,stołownik|ˈbɔ:də
boarding,"hotel
iv.  boarding school","i.    deski  [na podłogę|karta wstępu  [do samolotu lub na statek]
iii.  boarding house|parkan itp.]
ii.  boarding card|pensjonat"
boardroom,"1.  sala posiedzeń zarządu
 2.  dyrekcja",ˈbɔ:dru:m
boast,bəʊst,"i.    przechwalać się
ii.    przechwałki"
boastful,chełpliwy,ˈbəʊstfʊl
boat,"1.  a. łódź
 b.
      ""by boat""  - łodzią","bəʊt|statkiem
 2.  [nieform]  statek|łajba
 3.  rock the boat 
 - stwarzać zagrożenie
 4.  be in the same boat 
 - jechać na tym samym wózku"
boating,żeglarstwo,ˈbəʊtɪŋ
boatswain,bosman,bosun|ˈbəʊsən
bob,bɒb,"i.    podskakiwać na wodzie
ii.    [nieform]  szyling"
bobbin,szpulka,ˈbɒbɪn
bobby,policjant,ˈbɒbɪ
bobsleigh,bob-sleigh,bobslej|ˈbɒbsleɪ
bode,[lit]  bode ill,"być dobrym znakiem|bəʊd|well 
 - być złym znakiem"
bodice,stan,stanik|ˈbɒdɪs
bodily,"i.    cielesny
ii.    w całości",ˈbɒdɪlɪ
body,1.  ciało  [także niebieskie,"karoseria|prawne itd.]
 2.  instytucja
 3.  kadłub|ˈbɒdɪ"
bodyguard,"1.  ochrona
 2.  ochroniarz",ˈbɒdɪgɑ:d
bodywork,karoseria,ˈbɒdɪwɜ:k
bog,bɒg,"bɒg dəʊn|i.    bagno
ii.  bog down|ugrzęznąć"
boggle,"1.  a. być nie do pojęcia
 b.
      ""it boggles the mind""  - to się nie mieści w głowie
 2.  a. nie ogarniać
 b.
      ""the mind boggles at this""  - to się nie mieści w głowie",ˈbɒgəl
bogus,podrabiany,ˈbəʊgəs
bohemia,"1.  [kraina]  czechy
 2.  bohema",bəʊˈhi:mɪə|cyganeria
bohemian,bəʊˈhi:mɪən,"i.    czeski
ii.    czech
iii.    [związany z cyganerią]  cygański
iv.    [przedstawiciel cyganerii]  cygan"
boil,bɔɪl,"i.   1.  gotować się|kipieć
 2.  gotować
ii.   1.  czyrak
 2.  boiling hot 
 - bardzo gorący
 3.  bring to the boil 
 - zagotować
 4.  come to the boil 
 - kipieć
iii.  boil away   wygotowywać się
iv.  boil down to   sprowadzać się do
v.  boil dry   wygotować się
vi.  boil over  1.  wykipieć
 2.  [o emocjach]  wybuchać"
boiler,kocioł,kocioł centralnego ogrzewania|ˈbɔɪlə
boisterous,żywiołowy,ˈbɔɪstərəs
bold,"1.  odważny
 2.  śmiały
 3.  tłusty",bəʊld
bollard,słupek  [oznaczający skrzyżowanie lub przejście dla pieszych],ˈbɒləd
bolster,"i.    [samopoczucie]  poprawić
ii.  bolster up   udzielać poparcia",wspierać|ˈbəʊlstə
bolt,bəʊlt,"i.   1.  śruba
 2.  zasuwa
ii.   1.  [śrubami]  przykręcać
 2.  [na zasuwę]  zamykać
 3.  [do biegu]  zrywać się
 4. bolt down  [zjeść]  przełknąć|jak struna|wrzucić w siebie
 5.  bolt upright 
 - jak struna wyprostowany"
bomb,bɒm,"i.    bomba|pocisk
ii.    bombardować
iii.  bomb out   zniszczyć bombardowaniem"
bombard,"1.  bombardować 
 2.  ostrzeliwać",bɒmˈbɑ:d
bombardment,bɒmˈbɑ:dmənt,ostrzał
bombastic,bɒmˈbæstɪk,napuszony|pompatyczny
bomber,bombowiec,ˈbɒmə
bombshell,bomba,ˈbɒmʃel
bona fide,i.    prawdziwy,"rzetelny
ii.   bona fides  rzeczywiste intencje|ˌbəʊnə ˈfaɪdɪ"
bonanza,bəˈnænzə,złota żyła
bond,bɒnd,"i.   1.  spajać|kleić   
 2.  skupiać się
ii.   1.  więź
 2. bonds  więzy
 3.  obligacja pożyczki|obligacja"
bondage,zniewolenie,ˈbɒndɪʤ
bone,bəʊn,"i.    kość|know sth in one's bones 
 - czuć coś w kościach
 3.  make no bones about sth 
 - nie robić ceregieli
 4.  a bag of bones 
 - skóra i kości
 5.  all skin and bone 
 - skóra i kości|ość
ii.    usuwać kości|usuwać ości
iii.   1.  kostny"
bonfire,ogień,ognisko|ˈbɒnfaɪə
bonhomie,jowialność,ˈbɒnəmɪ
bonnet,1.  czapka,"czepek
 2.  [br]  [w samochodzie]  maska|ˈbɒnɪt"
bonny,niebrzydki,ˈbɒnɪ
bonus,premia,ˈbəʊnəs
bony,kościsty,ˈbəʊnɪ
boo,bu:,"i.    wygwizdywać|wrzaski|wytupywać
ii.    boos 
 - gwizdy"
boob,"1.  cycek
 2.  idiotyczny błąd",bu:b
booboo,boo-boo,idiotyczny błąd|ˈbu:bʊ
booby prize,nagroda dla najgorszego,ˈbu:bɪ praɪz
boobytrap,"bomba pułapka
ii.    instalować miny pułapki",booby-trap|i.    mina pułapka|ˈbu:bɪ træp
book,"bad books 
 - mieć u kogoś wysokie notowania","bʊk|i.   1.  książka
 2.  bloczek
 3. books  księgi rachunkowe|księgi
ii.   1.  rezerwować (for - dla|mieć u kogoś niskie notowania
iii.  book in  [br]   zameldować się 
iv.  book into  [br]   zameldować się
v.  book up   zająć całkowicie"
bookcase,biblioteczka,ˈbʊkkeɪs
booked,bʊkt,wykupiony|zarezerwowany
booking,rezerwacja,ˈbʊkɪŋ
bookish,książkowy,uczony|ˈbʊkɪʃ
bookkeeping,księgowość,ˈbʊkˌki:pɪŋ
booklet,broszura,książeczka|ˈbʊklɪt
bookmaker,buchmacher,ˈbʊkˌmeɪkə
bookmark,zakładka,ˈbʊkmɑ:k
bookseller,księgarz,ˈbʊkselə
bookshelf,biblioteczka,ˈbʊkʃelf
bookshop,księgarnia,ˈbʊkʃɒp
bookstall,kiosk,stragan  [z książkami]|ˈbʊkstɔ:l
bookstore,księgarnia,ˈbʊkstɔ:
bookworm,mól książkowy,ˈbʊkwɜ:m
boom,bu:m,"i.   1.  boom|koniunktura
 2.  huk
 3.  [na statku]  bom
ii.   1.  [o gospodarce]  rozkwitać
 2.  huczeć
iii.  boom out   huczeć"
boomerang,bumerang,ˈbu:məræŋ
boon,bu:n,dobrodziejstwo
boor,bʊə,prostak
boorish,prostacki,ˈbʊəɪʃ
boost,bu:st,"i.   1.  zwiększać
 2.  wzbudzać|pobudzać
 3.  reklamować
ii.   1.  zwiększenie
 2.  zastrzyk|pobudzenie"
boot,"be given* the boot 
 - zostać wyrzuconym z pracy
 6.  [lit]  to boot 
 - w dodatku
iii.  boot out  [nieform]   [z pracy","bu:t|butować
 3.  put the boots in 
 - kopać leżącego
 4.   is getting too big for his boots 
 - woda sodowa uderza mu do głowy|i.   1.  but|kozaczek
 2.  [br]  bagażnik
ii.   1.  [nieform]  przykopywać
 2.  [komp]  uruchamiać system"
booth,1.  budka telefoniczna,"bu:θ|budka
 2.  stragan|stoisko"
bootstrap,i.    ładować,"inicjować
ii.    ładowanie początkowe|ˈbu:tstræp"
booty,łup,ˈbu:tɪ
booze,bu:z,"i.    wóda
ii.    tankować"
boozer,"1.  pijak
 2.  [br]  knajpa",pub|ˈbu:zə
boozy,pijacki,wstawiony|ˈbu:zɪ
bop,bɒp,"i.    przytup
ii.    podskakiwać"
border,i.   1.  granica,"pogranicze
 2.  obramowanie
ii.   1.  graniczyć   
 2.  opasywać
iii.  border on   graniczyć|ˈbɔ:də"
borderline,"dyskusyjny
ii.    granica",i.    graniczny|ˈbɔ:dəlaɪn
bore,bɔ:,"i.   1.  wiercić
 2.  [kogoś]  nudzić 
 3.  [oczyma]  wpijać się 
ii.   1.  [człowiek]  nudziarz
 2.  [zdarzenie]  nudziarstwo
 3.  [nieform]  bore sb to death|tears 
 - nudzić kogoś na śmierć
 4.  [nieform]  bore sb stiff 
 - nudzić kogoś na śmierć"
boredom,nuda,ˈbɔ:dəm
born,"1.  urodzony
 2.  be born 
 - rodzić się",bɔ:n|narodzić się
borough,okręg,okręg miejski|ˈbʌrə
borrow,pożyczać,ˈbɒrəʊ
borrower,kredytobiorca,pożyczający|ˈbɒrəʊə
borstal,dom poprawczy,ˈbɔ:stəl
bosom,"i.    łono
ii.   1.  serdeczny
 2.  in the bosom 
 - na łonie",ˈbʊzəm
bossy,władczy,ˈbɒsɪ
bosun,boatswain,bosman|ˈbəʊsən
botanic,botaniczny,bəˈtænɪk
botanical,botaniczny,bəˈtænɪkəl
botanist,botanik,ˈbɒtənɪst
botany,botanika,ˈbɒtənɪ
botch,"1.  schrzanić
 2.  make a botch 
 - schrzanić",bɒʧ
both,"1.  obaj 
 2.  a. both ... and ... 
 - zarówno ... jak i ...","bəʊθ|tak ... jak ...
 b.
      ""both you and me""  - zarówno ty jak i ja"
bother,"about sth 
 - nie martwić się o coś
 4.  i can't be bothered 
 - nie chce mi się","i.    a. niepokoić|jak wyglądam
ii.   1. bothers  kłopoty|nie odpowiada mi|problem
 2.  [nieform]  be a bother 
 - naprzykrzać się
 3.  not to bother with"
bottle,"i.    butelka
ii.    butelkować
iii.  bottle up   zduszać",ˈbɒtəl
bottom,"dno
 2.  dół","i.   1.  spód|na dole
 2.  get to the bottom 
 - docierać do sedna
iv.  bottom out   osiągać najniższy punkt|najniższy
 2.  denny
iii.   1.  w dole|ogon
 3.  siedzenie"
bottomless,bezdenny,ˈbɒtəmlɪs
bough,baʊ,konar
boulder,głaz,skała|ˈbəʊldə
boulevard,bulwar,ˈbu:lvɑ:d
bounce,baʊns,"i.    odbicie się|odbicie|odbijać
 2.  podskakiwać
 3.  [nieform]  [o czeku bez pokrycia]  nie być przyjętym
iii.  bounce back   przychodzić do siebie|podskok
ii.   1.  odbijać się"
bouncer,bramkarz,wykidajło|ˈbaʊnsə
bouncy,energiczny,ˈbaʊnsɪ
boundary,granica,ˈbaʊndərɪ
boundless,bezgraniczny,ˈbaʊndlɪs
bounds,baʊndz,granice
bounty,"1.  hojność
 2.  dary",ˈbaʊntɪ
bouquet,bukiet,bʊˈkeɪ
bourgeois,"i.   1.  mieszczański
 2.  burżuazyjny
ii.    burżuj",ˈbʊəʒwɑ:
bourgeoisie,burżuazja,ˌbʊəʒwɑ:ˈzi:
bout,1.  napad,"atak
 2.  spotkanie|baʊt|walka"
bowel,"1.  jelito
 2. bowels  wnętrzności",ˈbaʊəl
bowl,1.  a. miska,"bəʊl|miseczka
 b.
      ""sugar bowl""  - cukiernica
 2.  muszla"
bowlegged,bow-legged,krzywonogi|ˈbəʊˌlegd
bowler,melonik,ˈbəʊlə
bowling,kręgle,ˈbəʊlɪŋ
box,"1.  kasa
 2.  kasowy  [sukces]","bɒks|i.   1.  pudełko|pudło
ii.   1.  [produkty]  paczkować
 2.  [sport]  boksować się
iii.  box in   blokować|skrzynia
 2.  [na formularzu]  ramka
 3.  [w teatrze]  loża
 4.  [nieform]  [tv]  telewizja"
boxer,bokser,ˈbɒksə
boxing,[br]   drugi dzień bożego narodzenia  [26.xii],"i.    boks
ii.  boxing day|ˈbɒksɪŋ|ˈbɒksɪŋ deɪ"
boy,"1.  chłopiec
 2.  [us]  ``boy!'' 
 -",ale!''|bɔɪ|no!''
boycott,"i.    bojkot
ii.    bojkotować",ˈbɔɪkɒt
boyfriend,chłopak,facet|ˈbɔɪfrend
boyhood,dzieciństwo,okres chłopięcy|ˈbɔɪhʊd
boyish,chłopięcy,ˈbɔɪɪʃ
br,"br.
i.
   see also: {britain}
  brytania
ii.
   see also: {british}
  brytyjski
iii.
   see also: {brother}
  brat",koleje brytyjskie|ˌ$⋅$ˈ$⋅$
bra,brɑ:,stanik
brace,breɪs,"i.   1.  zebrać się w sobie|zebrać się
 2.  [przed upadkiem]  zabezpieczyć się
 3.  [ramiona]  napinać
ii.   1.  [na zębach]  klamra
 2.  [proteza]  usztywnienie
 3. braces  [br]  [do spodni]  szelki"
bracelet,bransoletka,ˈbreɪslɪt
bracing,[klimat,powietrze]  pobudzający|ˈbreɪsɪŋ
bracken,orlica,paproć orlica|ˈbrækən
bracket,"i.    nawias
ii.   1.  umieszczać w nawiasach
 2.  umieszczać   
iii.   1.  grupa","podpórka|przedział
 2.  wspornik|ˈbrækɪt"
brag,bræg,przechwalać się
braid,breɪd,"galon
 2.  [us]  warkocz
ii.    [us]  zaplatać warkocze|i.   1.  taśma z oplotem"
braille,brajl,breɪl
brain,"1.  mózg
 2.  *brains","a good brain* 
 - dobra głowa|breɪn|głowa|radzić się kogoś"
brainchild,oryginalny pomysł,pomysł|ˈbreɪnʧaɪld
brainless,bezmózgi,ˈbreɪnlɪs
brainstorm,1.  [br]  zaćmienie umysłu,"zaćmienie
 2.  [us]  olśnienie|ˈbreɪnstɔ:m"
brainwash,urabiać kogoś,ˈbreɪnwɒʃ
brainwashing,pranie mózgu,ˈbreɪnwɒʃɪŋ
brainwave,olśnienie,ˈbreɪnweɪv
brainy,z głową,ˈbreɪnɪ
brake,breɪk,"i.    hamulec
ii.   1.  hamować
 2.  put the brake on 
 - hamować"
branch,"1.  konar
 2.  gałąź
 3.  filia","brɑ:nʧ|oddział
 4.  władza"
brand,brænd,"i.   1.  marka
 2.  rodzaj
ii.    piętnować
iii.  brand name|nazwa firmowa|ˈbrænd neɪm"
brandish,wywijać,ˈbrændɪʃ
brandnew,brand-new,fabrycznie nowy|ˌbrændˈnju:
brandy,winiak,ˈbrændɪ
brash,bræʃ,nachalny|obcesowy
brass,"1.  mosiądz
 2.  tabliczka
 3. the brass  instrumenty blaszane
 4.  get down to brass tacks 
 - przejść do rzeczy",brɑ:s
brassiere,biustonosz,ˈbræzjə
brat,bachor,bræt
bravado,brawura,brəˈvɑ:dəʊ
brave,breɪv,"i.    odważny
ii.   1.  [lit]  stawiać czoło|ryzykować
 2.  put a brave face on sth 
 - robić dobrą minę do czegoś"
bravery,odwaga,ˈbreɪvərɪ
bravo,brawo,ˈbrɑ:vəʊ
brawl,brɔ:l,"i.    bójka
ii.    bić się"
brawn,mięśnie,siła fizyczna|ˈbrɔ:n
brawny,krzepki,ˈbrɔ:nɪ
bray,1.  ryczeć jak osioł,"breɪ|niemiłe dźwięki|ryczeć
 2.  wydawać głośne"
brazen,"bezwstydny
ii.  brazen out   pokryć bezczelnością",i.    bezczelny|ˈbreɪzən
brazier,kosz  [na żarzący się koks],żelazny kosz|ˈbreɪzjə
breach,bri:ʧ,"i.   1.  [form]  łamać|naruszać
 2.  [form]  robić wyłom 
ii.   1.  naruszenie
 2.  [form]  rozłam
 3.  [form]  wyłom"
bread,"1.  chleb
 2.  bread and butter 
 - chleb z masłem",bred
breadcrumbs,"1.  bułka tarta
 2.  okruchy",ˈbredkrʌmz
breadline,"be on the breadline 
 - znajdować się pod kreską",ˈbredlaɪn
breadth,"1.  szerokość
 2.  rozmach",bretθ
breadwinner,żywiciel rodziny,ˈbredwɪnə
break,breɪk,"i.   1.  [też przen]  rozbijać|odchodzić
 2.  przerwać
 3.  zerwać
vii.  break out  1.  wybuchać
 2.  występować
viii.  break through  1.  przedzierać się
 2.  wychodzić|puścić się
 3.  wejść
vi.  break off  1.  odrywać się|rozkładać
 4.  [drzwi]  wyłamywać
iv.  break in  1.  włamywać się
 2.  wtrącać się 
 3.  przyuczać
v.  break into  1.  włamywać się
 2.  uderzyć"
breakable,kruchy,ˈbreɪkəbəl
breakage,"1.  stłuczenie
 2.  stłuczki",ˈbreɪkɪʤ
breakaway,[grupa]  rozłamowy,ˈbreɪkəweɪ
breakdown,"1.  rozpad
 2.  załamanie się","analiza|defekt
 4.  klasyfikacja|załamanie
 3.  awaria|ˈbreɪkdaʊn"
breaker,bałwan,fala|ˈbreɪkə
breakfast,"i.    śniadanie
ii.    [form]  spożywać śniadanie",ˈbrekfəst
breakin,break-in,włamanie|ˈbreɪkɪn
breakneck,karkołomny,ˈbreɪknek
breakthrough,przełom,ˈbreɪkθru:
breakup,break-up,rozpad|ˈbreɪkʌp
breakwater,falochron,ˈbreɪkˌwɔ:tə
breast,"1.  pierś
 2.  make a clean breast of sth 
 - wyspowiadać się z czegoś",brest|wyznać coś
breastbone,mostek,ˈbrestbəʊn
breaststroke,żabka,ˈbreststrəʊk
breath,"1.  a. oddech
 b.
      ""on the breath""  - w oddechu
 2.  take a breath 
 - łapać oddech
 3.  out of breath 
 - bez tchu
 4.  get one's breath back 
 - złapać oddech
 5.  hold one's breath 
 - wstrzymywać oddech
 6.  take sb's breath away 
 - zatykać dech
 7.  under one's breath 
 - pod nosem
 8.  *save","breθ|don't waste* your breath 
 - szkoda słów
 9.  a breath of fresh air 
 - łyk świeżego powietrza"
breathalyser,alkoholomierz,ˈbreθəlaɪzə
breathalyze,badać trzeźwość,badać trzeźwość kierowcy|ˈbreθəlaɪz
breathe,bri:ð,"i.   1.  oddychać
 2.  wdychać
 3.  [lit]  szeptać|wciągać
iii.  breathe out   wydychać|wciągać powietrze|wzdychać
 4.  [lit]  tchnąć 
 5.  be breathing down sb's neck 
 - śledzić czyjś każdy ruch
ii.  breathe in   wdychać"
breather,odetchnienie,odsapka|ˈbri:ðə
breathless,"1.  zadyszany
 2.  bez tchu",z zapartym tchem|ˈbreθlɪs
breathtaking,zapierający dech,ˈbreθteɪkɪŋ
breeches,bryczesy,ˈbrɪʧɪs
breed,bri:d,"i.   1.  hodować
 2.  rozmnażać się|rozmnażać
 3.  rodzić
ii.   1.  rasa
 2.  gatunek
 3.  [form]  be bred for 
 - być wychowanym do
 4.  be born and bred in a 
 - spędzić dzieciństwo w a|spędzić dzieciństwo"
breeding,"1.  wychowanie
 2.  hodowla
 3.  rozród",ˈbri:dɪŋ
breeze,1.  bryza,"bri:z|wietrzyk
 2.  [us]  łatwizna
 3.  breeze into a place 
 - wpadać bezceremonialnie"
breezy,"1.  przewiewny
 2.  dynamiczny",ˈbri:zɪ
brethren,[relig przest]  bracia,ˈbreðrən
brevity,"1.  krótkotrwałość
 2.  lapidarność",ˈbrevɪtɪ
brew,bru:,"i.   1.  parzyć
 2.  warzyć
ii.   1.  napar
 2.  be brewing 
 - wylęgać się|zanosić się na|zanosić się na coś"
brewer,piwowar,ˈbru:ə
brewery,browar,ˈbru:ərɪ
briar,dzika róża,ˈbraɪə
bribe,braɪb,"i.    łapówka
ii.    dawać łapówkę|przekupywać"
bribery,przekupstwo,łapownictwo|ˈbraɪbərɪ
bricabrac,bric-a-brac,drobiazgi|ˈbrɪkəbræk
brick,brɪk,"i.    cegła
ii.  brick up   zamurowywać"
bricklayer,murarz,ˈbrɪkleɪə
brickwork,mur,murarka|murarstwo|ˈbrɪkwɜ:k
bridal,weselny,ślubny|ˈbraɪdəl
bride,braɪd,panna młoda
bridegroom,pan młody,ˈbraɪdgru:m
bridesmaid,druhna,ˈbraɪdzmeɪd
bridge,"1.  most
 2.  pomost
 3.  mostek kapitański","brɪʤ|mostek
 4.  bridż
 5.  bridge the gap 
 - zapełniać lukę"
bridle,i.    ogłowie,"uzda
ii.   1.  kiełznać
 2.  zesztywnieć|ˈbraɪdəl"
brief,bri:f,"i.   1.  krótki
 2.  zwięzły
ii.   1.  akta|instruować|sprawa
 2. briefs  majtki
iii.    przygotowywać"
briefcase,aktówka,teczka|ˈbri:fkeɪs
briefing,instruktaż,odprawa|ˈbri:fɪŋ
briefly,"1.  krótko
 2.  zwięźle
 3.  w skrócie",ˈbri:flɪ
brigade,brygada,brɪˈgeɪd
brigadier,brygadier,ˌbrɪgəˈdɪə
bright,1.  jasny,"braɪt|jaskrawy
 2.  [przedmiot]  rozjarzony|lotny
 4.  [pomysł]  świetny
 5.  [człowiek]  pogodny
 6.  [perspektywa]  pomyślny
 7.  bright and early 
 - skoro świt|świecący
 3.  bystry"
brighten,i.    rozjaśniać się,"rozjaśniać
ii.  brighten up  1.  rozchmurzać się
 2.  rozjaśniać|ˈbraɪtən"
brilliance,"1.  talent
 2.  jasność
 3.  roziskrzenie się",roziskrzenie|ˈbrɪlɪəns
brilliant,"1.  błyskotliwy
 2.  [br nieform]  świetny","jarzący|jaskrawy
 4.  świetlisty|znakomity
 3.  olśniewający|ˈbrɪlɪənt"
brim,brɪm,"i.   1.  rondo
 2.  be brimming with 
 - być pełnym
 3.  to the brim 
 - po brzegi
ii.  brim over  1.  przelewać się
 2.  be brimming over with 
 - być pełnym"
brine,braɪn,solanka
brisk,"1.  energiczny
 2.  szybki
 3.  żwawy","brɪsk|dobry
 4.  rześki"
bristle,"i.   1.  szczecina
 2.  włosie
ii.    jeżyć się","wstawać
iii.  bristle with   być najeżonym|ˈbrɪsəl"
bristly,pokryty szczeciną,szczeciniasty|ˈbrɪslɪ
brit,angol,"brit.
i.
   see also: {britain}
  brytania
ii.
   see also: {british}
  brytyjski|brɪt"
britain,brytania,ˈbrɪtən
britches,bryczesy,ˈbrɪʧɪs
british,"1.  brytyjski
 2.  the british 
 - brytyjczycy",ˈbrɪtɪʃ
britisher,brytyjczyk,ˈbrɪtɪʃə
briton,brytyjczyk,ˈbrɪtən
brittle,1.  łamliwy,"bez serca
 3.  suchy|kruchy
 2.  bezwzględny|ˈbrɪtəl"
bro,"bro
  brat",
broach,brəʊʧ,poruszać
broad,brɔ:d,"bób|i.   1.  szeroki
 2.  [uczucie]  powszechny
 3.  [teoria]  ogólny
 4.  [mrugnięcie]  wyraźny
 5.  [dialekt]  silny
 6.  in broad daylight 
 - w świetle dnia|w biały dzień
ii.  broad beans|ˌbrɔ:dˈbi:nz"
broadcast,"i.    nadawać
ii.    audycja",ˈbrɔ:dkɑ:st
broadcaster,dziennikarz,dziennikarz radiowy|dziennikarz telewizyjny|ˈbrɔ:dkɑ:stə
broaden,i.   1.  poszerzać się,"poszerzać
 2.  rozszerzać
ii.  broaden out   rozszerzać|ˈbrɔ:dən"
broadly,"1.  w zasadzie
 2.  szeroko
 3.  broadly  
 - ogólnie mówiąc",ogólnie|ˈbrɔ:dlɪ
broadminded,tolerancyjny,ˌbrɔ:dˈmaɪndɪd
brocade,brokat,brəˈkeɪd
broccoli,brokuły,ˈbrɒkəlɪ
brochure,broszura,folder|ˈbrəʊʃə
broil,brɔɪl,piec|piec na ruszcie
broke,"1.  [nieform]  goły  [bez pieniędzy]
 2.  go broke 
 - bankrutować",brəʊk
broken,1.  rozbity,"złamany
 2.  [maszyna]  zepsuty
 3.  [linia]  przerywany
 4.  [obietnica]  niedotrzymany
 5.  [małżeństwo]  rozbity
 6.  [angielski]  łamany|ˈbrəʊkən"
brokendown,"1.  zepsuty
 2.  rozwalający się",broken-down|ˌbrəʊkənˈdaʊn
brokenhearted,broken-hearted,ze złamanym sercem|ˌbrəʊkənˈhɑ:tɪd
broker,makler,pośrednik|ˈbrəʊkə
bronchial tubes,oskrzela,ˌbrɒŋkɪəl ˈtju:bz
bronchitis,bronchit,brɒŋˈkaɪtɪs|zapalenie oskrzeli
bronze,brɒnz,"i.    brąz
ii.    brązowy"
bronzed,brɒnzd,pięknie opalony
brooch,broszka,brəʊʧ
brood,bru:d,"i.   1.  lęg
 2.  stado
ii.    dumać"
brooding,groźny,niepokojący|ˈbru:dɪŋ
broody,"i.    zadumany
ii.    lęgowy",ˈbru:dɪ
brook,brʊk,strumień
broom,bru:m,miotła
broomstick,kij od miotły,ˈbru:mˌstɪk
bros,"bros
  bracia",
broth,brɒθ,bulion
brothel,burdel,ˈbrɒθəl
brother,brat,ˈbrʌðə
brotherhood,braterstwo,ˈbrʌðəhʊd
brotherinlaw,brother-in-law,szwagier|ˈbrʌðərɪnlɔ:
brotherly,braterski,ˈbrʌðəlɪ
brow,"1.  [form]  brew
 2.  czoło
 3.  wierzchołek",braʊ
browbeat,zmuszać,zmuszać używając presji moralnej|ˈbraʊbi:t
brown,braʊn,"brązowić|i.   1.  brązowy
 2.  [o oczach]  piwny
ii.    brązowić się"
brownish,brązowawy,ˈbraʊnɪʃ
browse,"1.  przeglądać
 2.  [w książkach]  szperać",braʊz
bruise,bru:z,"i.    siniak
ii.    siniaczyć"
brunette,brunetka,brʊˈnet
brunt,bear,"brʌnt|take the brunt 
 - brać ciężar"
brush,brʌʃ,"i.   1.  pędzel
 2.  szczotka
 3.  zarośla
 4.  starcie
ii.   1.  odgarniać
 2.  ocierać się 
 3.  give a brush 
 - czyścić szczotką
iii.  brush aside   odrzucać|odpychać
iv.  brush up   podciągać się"
brushwood,chrust,zarośla|ˈbrʌʃwʊd
brusque,bru:sk,szorstki|szorstki w obejściu
brussels,bruksela,ˈbrʌsəlz
brutal,"1.  brutalny
 2.  bezwzględny
 3.  niemiłosierny",ˈbru:təl
brutality,brutalność,brʊˈtælɪtɪ
brutalize,czynić bezwzględnym,czynić brutalnym|ˈbru:təlaɪz
brute,1.  zwierzę,"bru:t|bydlę
 2.  zwierzak
 3.  brute force 
 - naga przemoc"
brutish,brutalny,zwierzęcy|ˈbru:tɪʃ
bsc,$⋅⋅$ˈ$⋅$,bakałarz nauk przyrodniczych|licencjat nauk przyrodniczych
bsi,brytyjski komitet normalizacyjny,ˌ$⋅⋅$ˈ$⋅$
bst,$⋅⋅$ˈ$⋅$,letni czas w wielkiej brytanii
bubble,"bąbel
ii.   1.  pienić się
 2.  bulgotać
 3.  sb is bubbling with sth 
 - kogoś coś ponosi
iii.  bubble gum",guma balonowa|guma balonowa do żucia|i.    bańka|ˈbʌbəl
bubbly,"i.    z bąbelkami
ii.    [nieform]  szampan
iii.    [osoba]  żywe srebro",ˈbʌblɪ
buck,bʌk,"dolar
ii.   1.  brykać
 2.  [nieform]  make a fast buck 
 - szybko robić forsę
 3.  [nieform]  pass the buck 
 - zwalać odpowiedzialność
iii.  buck up  1.  podbudować
 2.  ``buck up!'' 
 -|głowa do góry''|i.   1.  samiec
 2.  [nieform]  dolec"
bucket,"1.  wiadro
 2.  [nieform]  kupa","dużo
 3.  kick the bucket 
 - strzelić w kalendarz|umrzeć|ˈbʌkɪt"
bucketful,wiadro,ˈbʌkɪtfʊl
buckle,i.    klamra,"sprzączka
ii.   1.  zapinać
 2.  odkształcać się
 3.  uginać się|uginać
iii.  buckle down   [nieform]  wziąć się|ˈbʌkəl"
bud,bʌd,"i.    pączek
ii.   1.  pączkować
 2.  be in bud 
 - pączkować
 3.  [nieform]  nip sth in the bud 
 - ucinać coś w zarodku"
buddhism,buddyzm,ˈbʊdɪzəm
buddhist,buddysta,ˈbʊdɪst
budding,przyszły,w zarodku|ˈbʌdɪŋ
buddy,"1.  [nieform]  kumpel
 2.  [us]  ``buddy'' 
 -",bracie''|ˈbʌdɪ
budge,"1.  odstępować   
 2.  it won't budge 
 - nie da się ruszyć
 3.  he won't budge 
 - nie ustąpi",bʌʤ
budgerigar,papużka falista,ˈbʌʤərɪgɑ:
budget,"i.    budżet
ii.    planować budżet 
iii.    oszczędny","tani
iv.  budget for   uwzględniać w wydatkach|uwzględniać|ˈbʌʤɪt"
budgetary,budżetowy,ˈbʌʤɪtərɪ
budgie,papużka,papużka falista|ˈbʌʤɪ
buff,bʌf,"fan|i.    beżowy
ii.    [nieform]  hobbysta"
buffalo,"1.  bawół
 2.  bizon",ˈbʌfələʊ
buffer,"czynnik buforowy
 2.  [też komp]  bufor
ii.    zabezpieczyć się",i.   1.  strefa buforowy|ˈbʌfə
buffet,"buffet
i.   1.  bić","restauracja
 2.  zimny bufet
iii.  buffet car|restauracja dworcowa|uderzać
 2.  be buffeted by sth 
 - być doświadczanym przez coś
ii.   1.  bufet|wagon barowy"
buffoon,bufon,bəˈfu:n
bugle,trąbka sygnałówka,ˈbju:gəl
build,bɪld,"i.   1.  budować
 2.  tworzyć
ii.    [ciała]  budowa
iii.  build into   wbudowywać
iv.  build on   bazować
v.  build up  1.  nagromadzać się
 2.  podpierać|odżywiać
vi.  build upon   bazować|podbudowywać
 3.  odżywiać po chorobie"
builder,budowlaniec,budowniczy|ˈbɪldə
building,"i.   1.  budynek
 2.  budownictwo
ii.  building society  [br]   towarzystwo kredytujące kupno mieszkań lub domów",ˈbɪldɪŋ
buildup,build-up,nagromadzenie|rozbudowa|ˈbɪldʌp
built,bɪlt,zbudowany
builtin,"built-in 
  wbudowany",
builtup,built-up,zabudowany|ˈbɪld-ʌp
bulb,"1.  cebulka
 2.  żarówka
 3.  bańka",bʌlb
bulbous,bulwiasty,cebulkowaty|ˈbʌlbəs
bulgaria,bułgaria,bʌlˈgeərɪə
bulgarian,bʌlˈgeərɪən,"i.    bułgarski
ii.    bułgar"
bulge,bʌlʤ,"i.    sterczeć|wychodzić
ii.   1.  wybrzuszenie
 2.  be bulging with sth 
 - uginać się od czegoś"
bulk,"1.  masa
 2.  większość
 3.  in bulk 
 - hurtowo",bʌlk
bulky,obszerny,zwalisty|ˈbʌlkɪ
bull,"1.  byk
 2.  samiec  [słonia","bʊl|wieloryba]
 3.  bull market 
 - hossa"
bulldog,buldog,ˈbʊldɒg
bulldoze,1.  zburzyć spychaczem,"przemieszczać|zburzyć
 2.  przemieszczać spychaczem|ˈbʊldəʊz"
bulldozer,spychacz,ˈbʊldəʊzə
bullet,nabój,pocisk|ˈbʊlɪt
bulletin,"1.  wiadomości
 2.  biuletyn",ˈbʊlətɪn
bulletproof,bullet-proof,kuloodporny|ˈbʊlɪtpru:f
bullfight,corrida,ˈbʊlfaɪt
bullion,sztaby srebra,sztaby złota|ˈbʊljən
bullock,wół,ˈbʊlək
bullseye,1.  środek tarczy strzelniczej,"bull's-eye|środek
 2.  strzał w dziesiątkę|ˈbʊlzaɪ"
bully,by coś zrobił),"i.    despota
ii.    tyranizować (sb into sth - kogoś|ˈbʊlɪ"
bulrush,pałka,pałka szerokolistna|ˈbʊlrʌʃ
bulwark,osłona,ˈbʊlwək
bum,1.  [us]  włóczęga,"bʌm|tramp
 2.  [us]  nicpoń
 3.  [nieform]  pupa"
bumble,plątać się,ˈbʌmbəl
bumblebee,trzmiel,ˈbʌmbəlbi:
bump,bʌmp,"i.   1.  wpadać (into sth - na coś|w coś)
 2.  [na drodze]  trząść się
ii.   1.  [samochodowa]  stłuczka
 2.  [dźwięk]  stuknięcie
 3.  [w drodze]  wybój
 4.  [na czole]  guz
iii.  bump into  [nieform]   wpadać na 
iv.  bump off  [nieform]   stuknąć  [zabić]"
bumper,"i.    zderzak
ii.    [plon]  rekordowy",ˈbʌmpə
bumptious,nadęty,ˈbʌmpʃəs
bumpy,wyboisty,ˈbʌmpɪ
bun,1.  bułka słodka,"bułka
 2.  kok|bʌn"
bundle,i.    tobół,"tłumok|wypychać
iii.  bundle off   wysyłać kogoś dokądś pośpiesznie|wysyłać
iv.  bundle up   zgarniać|zapakowywać"
bung,bʌŋ,"i.    szpunt|korek
ii.   1.  szpuntować
 2.  [nieform]  wsadzać|wtykać|zatyczka"
bungalow,domek,domek kempingowy|domek parterowy|ˈbʌŋgələʊ
bungle,fuszerować,partaczyć|ˈbʌŋgəl
bunion,odcisk,ˈbʌnjən
bunk,1.  koja,"bʌŋk|prycza
 2.  [nieform]  głupoty
 3.  [nieform]  do a bunk 
 - zmywać się"
bunker,"1.  bunkier
 2.  skład opału",pojemnik na opał|ˈbʌŋkə
bunny,króliczek,ˈbʌnɪ
bunting,oflagowanie,wimpel|ˈbʌntɪŋ
buoy,bɔɪ,"i.    boja
ii.  buoy up   ożywiać|podtrzymywać"
buoyancy,"1.  pływalność
 2.  beztroska",ˈbɔɪənsɪ
buoyant,"1.  pływający
 2.  beztroski
 3.  dynamiczny",ˈbɔɪənt
burble,"1.  pluskać
 2.  paplać",ˈbɜ:bəl
burden,"i.    ciężar
ii.    obarczać",ˈbɜ:dən
bureau,"1.  [br]  sekretarzyk
 2.  [us]  komoda
 3.  [us]  biuro","urząd
 4.  filia|ˈbjʊərəʊ"
bureaucracy,"1.  administracja
 2.  biurokracja",bjʊˈrɒkrəsɪ
bureaucrat,biurokrata,urzędnik|ˈbjʊərəkræt
bureaucratic,biurokratyczny,ˌbjʊərəˈkrætɪk
burglar,alarm przeciwwłamaniowy,"i.    włamywacz
ii.  burglar alarm|ˈbɜ:glə|ˈbɜ:glə əˌlɑ:m"
burglarize,włamywać się,ˈbɜ:gləraɪz
burglary,włamanie,ˈbɜ:glərɪ
burgle,włamywać się,ˈbɜ:gəl
burial,pochówek,pogrzeb|ˈberɪəl
burly,zwalisty,ˈbɜ:lɪ
burn,bɜ:n,"i.   1.  palić
 2.  [jedzenie]  przypalać się|parzyć
 4.  [o słońcu]  spalać
 5.  [uczuciem]  roznamiętniać się 
 6.  be burning 
 - palić się
ii.  burn down   [o budynku]  spalić się|przypalać
 3.  [jedzeniem]  parzyć się|spalić
iii.  burn out   wypalać się"
burner,palnik,ˈbɜ:nə
burning,"1.  palący się
 2.  [przen]  palący
 3.  rozżarzony",rozpalony|ˈbɜ:nɪŋ
burnish,polerować,ˈbɜ:nɪʃ
burntout,burnt-out,wypalony|ˌbɜ:ntˈaʊt
burp,bɜ:p,"i.    bekać
ii.    beknięcie"
burrow,"i.    nora
ii.   1.  ryć norę","przekopywać się|ryć|wkopywać się
 2.  grzebać|ˈbʌrəʊ"
bursar,kwestor,ˈbɜ:sə
bursary,stypendium,ˈbɜ:sərɪ
burst,bɜ:st,"i.   1.  pękać|otworzyć
 3.  wpadać|przelatywać 
 4.  pękać 
ii.    salwa|rozwalać
 2.  otworzyć się"
bursting,"bursting
  1.  pełen 
 2.  sb is bursting with sth 
 - kogoś rozsadza coś
 3.  bursting at the seams 
 - naładowany do rozpuku",
bury,"1.  grzebać
 2.  chować
 3.  pogrzebać
 4.  zatapiać się w in","zatapiać się w
 5.  be buried away 
 - być schowanym|ˈberɪ"
bus,bʌs,"i.   1.  autobus
 2.  [komp]  magistrala|szyna
ii.   1.  wozić autobusem
 2.  by bus 
 - autobusem"
bush,"1.  krzak
 2.  busz
 3.  beat about the bush  :about :the :bush)
 - owijać w bawełnę",bʊʃ
bushy,"1.  krzaczasty
 2.  bujny",ˈbʊʃɪ
business,1.  interes,"``it's none of your business''* 
 -|biznes
 2.  firma
 3.  problem|rzecz
 5.  go out of business 
 - przestawać działać
 6.  have no business 
 - nie mieć prawa
 7.  [nieform]  *``mind your own business''|to nie twoja sprawa''
 8.  [nieform]  sb means business 
 - ktoś mówi poważnie
 9.  on business 
 - w interesach"
businesslike,rzeczowy,solidny|ˈbɪznɪslaɪk
businessman,biznesmen,przedsiębiorca|ˈbɪznɪsmən
businesswoman,biznesmenka,ˈbɪznɪsˌwʊmən
bust,bʌst,"i.    [nieform]  rozwalać
ii.    [nieform]  rozwalony|kaput
iii.   1.  biust|popiersie
 2.  [nieform]  go bust 
 - bankrutować"
bustle,"i.    krzątać się
ii.    wrzawa",krzątanina|ˈbʌsəl
busy,"1.  zajęty
 2.  pracowity
 3.  ruchliwy
 4.  busy oneself with sth 
 - zajmować się czymś
 5.  be busy doing sth 
 - zajmować się czymś",ˈbɪzɪ
busybody,wścibski,ˈbɪzɪˌbɒdɪ
but,"a jednak
 4.  but for 
 - z wyjątkiem","bət|bʌt|dopiero
 b.
      ""he had but recently came out of hospital""  - dopiero co wyszedł ze szpitala
 3.  but then 
 - ale jednak|gdyby nie"
butcher,"i.    rzeźnik
ii.   1.  zaszlachtować","sklep mięsny|zarżnąć
 2.  the butcher's 
 - rzeźnik|ˈbʊʧə"
butchery,mord,rzeź|ˈbʊʧərɪ
butler,lokaj,majordomus|ochmistrz|ˈbʌtlə
butt,bʌt,"i.   1.  uchwyt|kolba|nasada
 2.  niedopałek
 3.  beczka
 4.  cel|obiekt
ii.    bóść"
butter,"i.    masło
ii.   1.  smarować masłem","smarować
 2.  butter would not melt in sb's mouth 
 - ktoś wygląda jak niewiniątko
iii.  butter up  [nieform]   podlizywać się|ˈbʌtə"
buttercup,jaskier,ˈbʌtəkʌp
butterfly,"1.  motyl
 2.  [w pływaniu]  styl motylkowy
 3.  [nieform]  have butterflies  )
 - skręca się komu w żołądku ze strachu",skręca się komu w żołądku|ˈbʌtəflaɪ
buttock,pośladek,ˈbʌtək
button,"etykietka
ii.    zapinać
iii.  button up   zapinać się","i.   1.  guzik
 2.  [us]  znaczek|zapinać|ˈbʌtən"
buttonhole,"dziurka
 2.  [br]  kwiat w butonierce","i.   1.  dziurka od guzika|kwiat
ii.    łapać za frak|ˈbʌtənhəʊl"
buttress,"i.    przypora
ii.   1.  podpierać","wzmacniać
 2.  wzmacniać|wzmacniać przyporami|ˈbʌtrɪs"
buxom,[kobieta]  pulchny,jędrny|przy kości|ˈbʌksəm
buy,baɪ,"i.    kupować
ii.    zakup
iii.  buy out   odkupywać
iv.  buy up   wykupywać"
buyer,1.  nabywca,"kierownik|kupujący
 2.  kierownik działu zaopatrzenia|ˈbaɪə"
buzz,bʌz,"i.   1.  brzęczenie
 2.  szum
ii.   1.  brzęczeć
 2.  buzować 
 3.  szumieć
 4.  [nieform]  ``buzz off'' 
 -|pryskaj''|spływaj''"
buzzard,myszołów,ˈbʌzəd
buzzer,brzęczyk,ˈbʌzə
bye,baɪ,cześć|pa
byelaw,bye-law,zarządzenie lokalne|ˈbaɪlɔ:
byelection,by-election,wybory uzupełnaijące|ˈbaɪɪˌlekʃən
byelorussia,białoruś,bɪˌeləʊˈrʌʃə
byelorussian,bɪˌeləʊˈrʌʃən,"i.    białoruski
ii.    białorusin"
bygone,"1.  zeszły
 2.  let bygones be bygones 
 - co było",to było|ˈbaɪgɒn
bylaw,by-law,zarządzenie lokalne|ˈbaɪlɔ:
bypass,"i.   1.  pomijać
 2.  omijać
ii.    objazd",obwodnica miejska|ˈbaɪpɑ:s
byproduct,produkt uboczny,ˈbaɪˌprɒdʌkt
bystander,przechodzień,widz|ˈbaɪˌstændə
byte,bajt,baɪt
byway,boczna droga,ˈbaɪweɪ
byword,hasło,slogan|ˈbaɪwɜ:d
c of e,c. of e.,kościół anglii|ˌsɪ: ɒv ˈi:
cab,"1.  taksówka
 2.  kabina",kæb
cabaret,kabaret,ˈkæbəreɪ
cabbage,kapusta,ˈkæbɪʤ
cabin,"1.  kabina
 2.  chata",domek|ˈkæbɪn
cabinet,i.   1.  szafka,"kredens
 2.  gabinet|rada
ii.  cabinet maker|stolarz|ˈkæbɪnət"
cable,"cuma
 2.  kabel","i.   1.  lina|kolejka linowa|przewód
ii.    depeszować
iii.  cable car|ˈkeɪbəl"
cache,1.  tajny skład,"kryjówka
 2.  [komp]  pamięć podręczna|kæʃ"
cackle,"i.   1.  gdakać
 2.  rechotać
ii.    rechot",ˈkækəl
cacophony,kakofonia,kəˈkɒfənɪ
cactus,kaktus,ˈkæktəs
cad,projektowanie wspomagane komputerowo,ˌ$⋅⋅$ˈ$⋅$
cadaver,kəˈdævə,trup
cadaverous,chudy jak szkielet,kəˈdævərəs|trupioblady
cadence,"1.  kadencja
 2.  melodia",ˈkeɪdəns
cadet,kadet,kəˈdet
cadge,[pożyczkę,ciągnąć|kæʤ|pomoc]  wyciągać
caesarean,caesarean section,cięcie cesarskie|sɪˈzeərɪən
caesarean section,caesarean,cięcie cesarskie|sɪˈzeərɪən
cafe,café,kawiarnia|ˈkæfeɪ
cafeteria,bar,bar samoobsługowy|stołówka|ˌkæfəˈtɪərɪə
caffeine,kofeina,ˈkæfi:n
café,cafe,kawiarnia|ˈkæfeɪ
cage,"i.    klatka
ii.    zamykać w klatce",keɪʤ
cagey,tajemniczy,wstrzemięźliwy|ˈkeɪʤɪ
cahoots,"in cahoots with 
 - w zmowie z",kəˈhu:ts
cai,[komp]  nauczanie wspomagane komputerowo,ˌ$⋅⋅$ˈ$⋅$
cajole,aby),kəˈʤəʊl|ugadać (sb into - kogoś|wyperswadować (sb into - komuś
cake,1.  ciasto,"albo drugie|ciastko
 2.  placek
 3.  [mydła]  kawałek
 4.  [nieform]  a piece of cake 
 - łatwizna
 5.  be selling like hot cakes 
 - iść jak woda
 6.  you can't have your cake and eat it 
 - albo jedno|keɪk"
caked,1.  zastygły,"keɪkd|zakrzepły
 2.  oblepiony"
cal,"cal
  kaloria",
calamitous,fatalny,kəˈlæmɪtəs|straszny
calamity,klęska,kəˈlæmɪtɪ|nieszczęście
calcium,wapń,ˈkælsɪəm
calculate,"1.  obliczać
 2.  kalkulować
 3.  wyrachowywać",ˈkælkjʊleɪt
calculation,i.   1.  obliczenie,"rachunek
 2.  kalkulacja
 3.  [form]  wyrachowanie
ii.  calculation spreadsheet   arkusz kalkulacyjny|ˌkælkjʊˈleɪʃən"
calculator,kalkulator,ˈkælkjʊleɪtə
calculus,rachunek,ˈkælkjʊləs
calendar,"i.    kalendarz
ii.    kalendarzowy",ˈkæləndə
calf,1.  cielę,"kɑ:f|młode
 2.  łydka"
calibre,"1.  [techn]  kaliber
 2.  format",ˈkælɪbə
california,kalifornia,ˌkælɪˈfɔ:nɪə
caller,1.  gość,"odwiedzający
 2.  dzwoniący|ˈkɔ:lə"
calling,powołanie,ˈkɔ:lɪŋ
callous,gruboskórny,ˈkæləs
calm,"i.    spokojny
ii.    spokój
iii.    uspokajać się","kɑ:m|uspokajać|uspokajać
iv.  calm down   uspokajać się"
calor gas,butan,butan gaz|ˈkælə gæs
calorie,kaloria,ˈkælərɪ
calve,cielić się,kɑ:v|wydawać młode
cambodia,kambodża,kæmˈbəʊdɪə
cambodian,"i.    kambodżański
ii.    kambodżanin",kæmˈbəʊdɪən
camel,wielbłąd,ˈkæməl
cameo,1.  miniaturka,"klejnocik
 2.  kamea|ˈkæmɪəʊ"
camera,aparat,aparat fotograficzny|kamera|ˈkæmərə
cameraman,kamerzysta,ˈkæmərəmən
camomile,rumianek,ˈkæməmaɪl
camouflage,"i.   1.  kamuflaż
 2.  [wojsk]  zamaskowanie
ii.   1.  kamuflować się
 2.  [wojsk]  maskować się",ˈkæməflɑ:ʒ
camp,"i.    obóz
ii.   1.  obozować
 2.  set up camp 
 - rozbijać obóz
iii.  camp bed","kæmp|mieszkać w namiocie|łóżko składane
iv.  camp out   obozować|ˌkæmp ˈbed"
campaign,"i.    kampania
ii.    prowadzić kampanię",kæmˈpeɪn
camping,obozowanie,ˈkæmpɪŋ
campsite,kemping,obozowisko|ˈkæmpsaɪt
campus,kampus  [teren z budynkami uczelni],ˈkæmpəs
canada,kanada,ˈkænədə
canadian,"i.    kanadyjski
ii.    kanadyjczyk",kəˈnædɪən
canal,kanał,kanał sztuczny|kəˈnæl
canary,kanarek,kəˈneərɪ
cancel,"i.   1.  odwoływać
 2.  rezygnować 
 3.  unieważniać
 4.  kasować
ii.  cancel out   wykluczać się",ˈkænsəl
cancellation,"1.  odwołanie
 2.  rezygnacja",ˌkænsəˈleɪʃən
cancer,[choroba]  rak,[znak zodiaku i zwrotnik]  rak|ˈkænsə
candid,otwarty,szczery|ˈkændɪd
candidacy,kandydatura,ˈkændɪdəsɪ
candidate,kandydat,ˈkændɪdeɪt
candied,kandyzowany,ˈkændɪd
candle,świeca,ˈkændəl
candlestick,świecznik,ˈkændəlstɪk
candor,candour,otwartość|szczerość|ˈkændə
candour,candor,otwartość|szczerość|ˈkændə
candy,cukierek,słodycze|ˈkændɪ
cane,"i.   1.  trzcina
 2.  laska
 3. the cane  chłosta
ii.    chłostać",keɪn
canine,psi,ˈkeɪnaɪn
canister,"1.  kanister
 2.  puszka",ˈkænɪstə
cannabis,haszysz,ˈkænəbɪs
canned,1.  puszkowany,"konserwowy
 2.  [muzyka]  zarejestrowany|kænd|z play-backu"
cannibal,kanibal,ˈkænɪbəl
cannibalize,rozbierać na części  [do powtórnego wykorzystania],ˈkænɪbəlaɪz
cannon,"1.  armata
 2.  lotnicze działko szybkostrzelne",ˈkænən
canny,chytry,ˈkænɪ
canoe,kajak,kanadyjka|kanoe|kəˈnu:
canoeing,kajakarstwo,kəˈnu:ɪŋ
canon,"1.  kanonik
 2.  [form]  kanon",ˈkænən
canonize,kanonizować,ˈkænənaɪz
canopy,"1.  baldachim
 2.  sklepienie",ˈkænəpɪ
cantankerous,kænˈtæŋkərəs,zrzędliwy
canteen,kantyna,kænˈti:n|stołówka
canter,"i.    cwałować
ii.    cwał",ˈkæntə
canvas,1.  płótno,"brezent
 2.  płótno|obraz
 3.  under canvas 
 - w namiocie|ˈkænvəs"
canvass,"1.  zabiegać 
 2.  badać",ˈkænvəs
canyon,kanion,ˈkænjən
cap,"i.   1.  czapka
 2.  [na butelkę]  zakrętka","kapsel
 3.  [antykoncepcyjny]  kapturek dopochwowy
 4.  [do zabawy]  kapiszon
ii.   1.  [jedno na drugim]  przykrywać|kæp|pokrywać 
 2.  [dowcip]  przewyższać|przelicytowywać"
capability,"1.  zdolności
 2.  potencjał",ˌkeɪpəˈbɪlɪtɪ
capable,"1.  zdolny 
 2.  zdolny",uzdolniony|ˈkeɪpəbəl
capacious,kəˈpeɪʃəs,pojemny
capacity,"1.  pojemność
 2.  zdolność
 3.  możliwości 
 4.  [techn]  wydajność",jako ...|kəˈpæsɪtɪ|moc|moc produkcyjna
cape,"1.  przylądek
 2.  peleryna krótka",keɪp|peleryna
caper,hopsać,"i.   1.  kapar
 2.  żart
ii.    hasać|ˈkeɪpə"
capillary,kəˈpɪlərɪ,naczynie włoskowate
capital,"i.   1.  kapitał
 2.  stolica
 3.  wielka litera
ii.   1.  kapitałowy","inwestycyjny
 2.  karany śmiercią
 3.  [form]  make capital 
 - zbijać kapitał    
iii.  capital letter|kara śmierci|wielka litera
iv.  capital punishment|ˈkæpɪtəl"
capitalise,capitalize,korzystać|ˈkæpɪtəlaɪz
capitalism,kapitalizm,ˈkæpɪtəlɪzəm
capitalist,"i.    kapitalistyczny
ii.   1.  kapitalista
 2.  posiadacz",ˈkæpɪtəlɪst
capitalistic,kapitalistyczny,ˌkæpɪtəˈlɪstɪk
capitalize,capitalise,korzystać|ˈkæpɪtəlaɪz
capitulate,"1.  poddawać się 
 2.  przystać",kəˈpɪʧʊleɪt
capitulation,kapitulacja,kəˌpɪʧʊˈleɪʃən
caprice,kaprys,kəˈpri:s
capricious,kapryśny,kəˈprɪʃəs
capricorn,koziorożec  [znak zodiaku lub zwrotnik],ˈkæprɪkɔ:n
capsize,kæpˈsaɪz,wywracać|wywracać się
capsule,"1.  kapsułka
 2.  kapsuła
 3.  kabina załogowa",ˈkæpsju:l
capt,"capt.
  kpt.",kapitan
captain,"i.    kapitan
ii.    być kapitanem",ˈkæptɪn
caption,podpis,ˈkæpʃən
captivate,fascynować,ˈkæptɪveɪt
captive,"i.    jeniec
ii.   1.  schwytany","zniewolony
 2.  take sb captive 
 - chwytać kogoś
iii.  a captive audience   przymusowa publiczność|ˈkæptɪv"
captivity,kæpˈtɪvɪtɪ,niewola
capture,"i.    pojmanie
ii.   1.  pojmać
 2.  zdobywać
 3.  chwytać",ˈkæpʧə
carafe,karafka,kəˈræf
caramel,"1.  toffi
 2.  karmel",ˈkærəməl
carat,2 g],karat  [0|ˈkærət
caravan,"1.  przyczepa kempingowa
 2.  karawana
 3.  go caravanning 
 - spędzać wakacje na karawaningu",ˈkærəvæn
caraway,kminek,ˈkærəweɪ
carbohydrate,kɑ:bəʊˈhaɪdreɪt,węglowodan
carbon,"i.    węgiel
ii.  carbon copy","kalka|kalka maszynowa|kopia kalkowa
iii.  carbon paper|ˈkɑ:bən"
carcass,[zwierzęcia]  ciało,tusza|ˈkɑ:kəs
card,"1.  karta  [także do gry]
 2.  legitymacja","kɑ:d|przepustka
 3.  kartka|widokówka
 4.  [przen]  atut"
cardboard,"i.    tektura
ii.    tekturowy",ˈkɑ:dbɔ:d
cardiac,nasercowy,sercowy|ˈkɑ:dɪæk
cardigan,sweter,sweter rozpinany|ˈkɑ:dɪgən
cardinal,"i.    kardynał
ii.    [form]  kardynalny",ˈkɑ:dənəl
cardindex,card-index,kartoteka|ˈkɑ:dɪndəks
career,i.   1.  zawód,"kəˈrɪə|wpadać|zajęcie
 2.  praca 
ii.    gnać"
careers,kəˈrɪəz,zawodowy
carefree,beztroski,ˈkeəfrɪ
careful,"1.  ostrożny   
 2.  dokładny
 3.  ``be careful!'' 
 -",uważaj!''|ˈkeəfʊl
careless,1.  niedbały,"nieostrożny
 2.  beztroski|ˈkeəlɪs"
caress,"gładzić
ii.    pieszczota",i.    pieścić|kəˈres
caretaker,dozorca,konserwator|ˈkeəteɪkə
cargo,ładunek,ˈkɑ:gəʊ
caribbean,karaibski,ˌkærɪˈbi:ən
caricature,"i.    karykatura
ii.    karykaturować",ˈkærɪkəʧʊə
caring,"czuły
ii.    czułość",i.    troskliwy|ˈkeərɪŋ
carnage,rzeź,ˈkɑ:nɪʤ
carnal,cielesny,płciowy|ˈkɑ:nəl
carnation,goździk,kɑ:ˈneɪʃən
carnival,karnawał,ˈkɑ:nɪvəl
carnivore,zwierzę mięsożerne,ˈkɑ:nɪvɔ:
carnivorous,kɑ:ˈnɪvərəs,mięsożerny
carol,kolęda,ˈkærəl
carolina,karolina,kærəˈlaɪnə
carp,"i.    karp
ii.    [lit]  krytykować",kɑ:p
carpathian,"1.  karpacki
 2.  the carpathians 
 - karpaty",kɑ:ˈpeɪθɪən
carpenter,cieśla,stolarz|ˈkɑ:pɪntə
carpentry,ciesielstwo,stolarstwo|ˈkɑ:pɪntrɪ
carpet,i.   1.  dywan,"pokrywać dywanem|wykładzina
 2.  pokrywa
ii.    kłaść dywan|ˈkɑ:pɪt"
carriage,"1.  [br]  wagon
 2.  powóz
 3. baby carriage  [us]  [dla dziecka głęboki]  wózek",ˈkærɪʤ
carried away,poniesiony,uniesiony|ˌkærɪd əˈweɪ
carrier,[br]   torba na zakupy,"i.   1.  bagażnik
 2.  transporter
 3.  nosiciel
 4.  nośnik
ii.  carrier bag|reklamówka|torba|ˈkærɪə"
carrion,padlina,ˈkærɪən
carrot,"1.  marchewka
 2.  [nieform]  zachęta",ˈkærət
carry,"i.   1.  nosić
 2.  [ludzi","iść dalej
 2.  prowadzić
iii.  carry out  1.  przeprowadzać
 2.  spełniać
iv.  carry over   przenosić
v.  carry through   przeprowadzać|mieć znaczenie
ii.  carry on  1.  kontynuować|nieść
 9.  be carried 
 - przechodzić
 10.  carry weight  :weight)
 - mieć wagę|przewozić
 3.  [chorobę]  przenosić
 4.  [implikować]  pociągać za sobą
 5.  [pomysł]  wprowadzać
 6.  [w czasopiśmie]  zamieszczać"
carrycot,torba  [do przenoszenia niemowląt],ˈkærɪkɒt
cart,"i.    wóz
ii.    [nieform]  taszczyć",kɑ:t
cartilage,chrząstka,ˈkɑ:təlɪʤ
carton,karton,ˈkɑ:tən
cartoon,"1.  komiks
 2.  film rysunkowy
 3.  karykatura",kɑ:ˈtu:n
cartridge,nabój,ˈkɑ:trɪʤ
carve,"dzielić
ii.  carve out   zdobywać 
iii.  carve up   podzielić","i.   1.  rzeźbić
 2.  wycinać
 3.  kroić|kɑ:v|pokawałkować"
carving,"i.   1.  rzeźba
 2.  rzeźbiarstwo
ii.  carving knife",nóż do mięsa|ˈkɑ:vɪŋ|ˈkɑ:vɪŋ naɪf
cascade,"i.    [lit]  kaskada
ii.   1.  spadać
 2.  [lit]  spływać",kæˈskeɪd
case,"1.  [też gram]  przypadek
 2.  [sądowa]  sprawa
 3.  [głosy]  argumenty   
 4.  [np. na okulary]  futerał","etui
 5.  skrzynia|jak jest
 9.  sth is a case of 
 - coś sprowadza się do
 10.  a case in point 
 - znakomity przykład
 11.  as|keɪs|w przypadku"
cash,"drobne
ii.   1.  realizować 
 2.  cash down 
 - płatne gotówką z góry
 3.  cash with order 
 - płatne przy zamówieniu
 4.  cash on delivery 
 - płatne przy odbiorze
 5.  pay  cash 
 - płacić gotówką",i.    gotówka|kæʃ
cashier,"i.    kasjer
ii.  cashier's desk   kasa",kæˈʃɪə
cashmere,kaszmir,ˈkæʃmɪə
casing,obudowa,opakowanie|ˈkeɪsɪŋ
casino,kasyno,kəˈsɪnəʊ
cask,beczka,kɑ:sk
casket,1.  skrzynka,"szkatułka
 2.  trumna|ˈkɑ:skɪt"
casserole,1.  garnek,"brytfanna
 2.  potrawka|ragout|ˈkæsərəʊl"
cassette,"i.    kaseta
ii.  cassette recorder   magnetofon kasetowy",kəˈset|magnetofon
caste,kasta,kɑ:st
castigate,ganić,gromić|ˈkæstɪgeɪt
casting,"1.  wybór obsady
 2.  odlew",ˈkɑ:stɪŋ
castiron,1.  żeliwny,"cast-iron|murowany|z lanego żelaza
 2.  stuprocentowy|ˌkɑ:stˈaɪən"
castle,"1.  zamek
 2.  wieża",ˈkɑ:səl
castoff,cast-off,"i.    przechodzony
ii.    przechodzone ubranie|ˈkɑ:stɒf"
castor,kółko,rolka|ˈkɑ:stə
castrate,kastrować,kæˈstreɪt
castration,kastracja,kæˈstreɪʃən
casual,i.   1.  swobodny,"naturalny
 2.  przypadkowy|nieformalny
ii.   casuals  ubranie codzienne
iii.    dorywczy|przelotny
 3.  codzienny|ˈkæʒʊəl"
casually,1.  swobodnie,"naturalnie
 2.  przypadkowo
 3.  swobodnie|po domowemu|ˈkæʒʊəlɪ"
casualty,"i.   1.  ofiara
 2. casualties  straty
ii.    na ostrym dyżurze",ˈkæʒʊəltɪ
cat,kot,kæt
cataclysm,kataklizm,ˈkætəklɪzəm
catalog,catalogue,"i.    katalog
ii.    katalogować|ˈkætəlɒg"
catalogue,catalog,"i.    katalog
ii.    katalogować|ˈkætəlɒg"
catalyst,katalizator,ˈkætəlɪst
cataract,katarakta,ˈkætərækt
catastrophe,katastrofa,kəˈtæstrəfɪ
catastrophic,katastroficzny,ˌkætəˈstrɒfɪk
catcall,gwizd,wygwizdywanie|ˈkætkɔ:l
catch,"a glimpse of* 
 - dostrzegać
 7.  catch the post 
 - nadawać list przed odejściem poczty","być wmieszanym
vii.  catch up with  1.  chwytać
 2.  docierać|chwytać
 2.  uderzyć|doganiać 
 2.  dorównywać 
 3.  nadrabiać   
 4.  be caught up in 
 - być wmieszanym w coś|gra w piłkę
 6.  catch *sight"
catchment area,"1.  dorzecze
 2.  [br]  rejon",ˈkæʧmənt ˌeərɪə
catchphrase,catch-phrase,hasło dnia|slogan|ˈkæʧfreɪz
catchy,chwytliwy,ˈkæʧɪ
categorical,kategoryczny,kætɪˈgɒrɪkəl
categorize,dzielić,kategoryzować|ˈkætɪgəraɪz
category,kategoria,ˈkætɪgərɪ
cater,troszczyć się,zaspokajać potrzeby|ˈkeɪtə
caterer,dostawca,ˈkeɪtərə
catering,"1.  dostawa żywności
 2.  do the catering 
 - dostarczać żywność",ˈkeɪtərɪŋ
caterpillar,gąsienica,ˈkætəpɪlə
cath,"cath.
  katolicki",katolik
cathedral,katedra,kəˈθi:drəl
catholic,"i.    katolik
ii.    katolicki",ˈkæθəlɪk
catholicism,katolicyzm,ˌkəˈθɒlɪsɪzəm
cattle,bydło,ˈkætəl
catty,zjadliwy,złośliwy|ˈkætɪ
caucasian,kaukaski,kɔ:ˈkeɪzɪən
caucus,1.  [us]  gremium,"klika|zebranie
 2.  [br pejor]  koteria|ˈkɔ:kəs"
cauliflower,kalafior,ˈkɒlɪflaʊə
causal,logiczny,przyczynowy|ˈkɔ:zəl
causation,kɔ:ˈzeɪʃən,uwarunkowanie
cause,"i.   1.  przyczyna
 2.  powód 
ii.    sprawiać","kɔ:z|powodować
iii.   1.  sprawa
 2.  in a good cause 
 - w dobrej sprawie"
causeway,grobla,ˈkɔ:zweɪ
caustic,1.  kaustyczny,"zgryźliwy|żrący
 2.  kostyczny|ˈkɔ:stɪk"
caution,"i.   1.  ostrożność
 2.  przestroga","ostrzeżenie
ii.    ostrzegać|przestrzegać|ˈkɔ:ʃən"
cautious,ostrożny,ˈkɔ:ʃəs
cavalier,nonszalancki,ˌkævəˈlɪə
cavalry,"1.  kawaleria
 2.  wojska zmechanizowane",ˈkævəlrɪ
cave,"i.    jaskinia
ii.  cave in  1.  zapadać się
 2.  poddawać się",keɪv
cavern,pieczara,ˈkævən
cavernous,ogromny,przepastny|ˈkævənəs
caviar,caviare,kawior|ˈkævɪɑ:
caviare,caviar,kawior|ˈkævɪɑ:
cavity,"1.  jama
 2.  dziura w zębie",dziura|ubytek|ˈkævɪtɪ
cavort,baraszkować,kəˈvɔ:t|zabawiać się
caw,krakać,kɔ:
cbc,radio kanadyjskie,ˌ$⋅⋅$ˈ$⋅$
cbs,radio cbs,ˌ$⋅⋅$ˈ$⋅$
cc,"cc.
  rozdziały",
cdr,"cdr.
  d-ca dowódca",d-ca
cease,1.  kończyć się,"si:s|ustawać
 2.  przestawać
 3.  zaprzestawać"
ceasefire,zawieszenie broni,ˈsi:sfaɪə
ceaseless,bezustanny,ˈsi:slɪs
cedar,cedr,ˈsi:də
cede,cedować,przekazywać|si:d
ceiling,"1.  sufit
 2.  pułap",ˈsi:lɪŋ
celebrate,"1.  świętować
 2.  obchodzić
 3.  celebrować",ˈselɪbreɪt
celebrated,doceniany,uznawany|ˈselɪbreɪtɪd
celebration,obchód,ˌselɪˈbreɪʃən
celebrity,sɪˈlebrɪtɪ,znakomitość
celery,seler,ˈselərɪ
celestial,niebiański,səˈlestɪəl
celibacy,"1.  celibat
 2.  brak pożycia seksualnego",ˈseləbəsɪ
celibate,1.  bezżenny,"w celibacie
 2.  bez seksu|ˈseləbət"
cell,"1.  komórka
 2.  cela
 3.  ogniwo elektryczne",ogniwo|sel
cellar,piwnica,ˈselə
cello,wiolonczela,ˈʧeləʊ
cellophane,celofan,ˈseləfeɪn
cellular,"1.  komórkowy
 2.  porowaty",puchaty|ˈseljʊlə
celluloid,celuloid,ˈseljʊlɔɪd
celsius,celsjusz,celsjusza skala|ˈselsɪəs
celt,kelt,selt
celtic,celtycki,ˈkeltɪk|ˈseltɪk
cement,"i.   1.  cement
 2.  beton
 3.  klej
ii.   1.  zacementować","przycementować|scementować 
 2.  [przyjaźń]  cementować|sɪˈment|utwierdzać"
cemetery,cmentarz,ˈsemɪtrɪ
censor,"i.    cenzorować
ii.    cenzor",ˈsensə
censorship,cenzura,ˈsensəʃɪp
censure,i.    ganić,"krytykować 
ii.    nagana|ˈsenʃə"
census,spis,spis ludności|ˈsensəs
cent,sent,
centenary,senˈti:nərɪ,stulecie
centigrade,skala stustopniowa,skala stustopniowa celsjusza|ˈsentɪgreɪd
centimeter,centimetre,centymetr|ˈsentɪmi:tə
centimetre,centimeter,centymetr|ˈsentɪmi:tə
centipede,stonoga,ˈsentɪpi:d
central,[komp]  jednostka centralna,"centralne ogrzewanie
iii.  central processing unit|dogodnie położony
 4.  zasadniczy|główny 
ii.  central heating|i.   1.  centralny
 2.  środkowy
 3.  centralnie położony"
centralization,centralizacja,ˌsentrəlaɪˈzeɪʃən
centralize,centralizować,ˈsentrəlaɪz
centred,skupiony,usytuowany (in - wokół|w)|ˈsentəd
century,"1.  wiek
 2.  stulecie",ˈsenʧərɪ
ceramic,"i.    ceramiczny
ii.   ceramics  ceramika",sɪˈræmɪk
cereal,"1.  zboże
 2.  płatki zbożowe",płatki|ˈsɪərɪəl
cerebral,1.  [form]  intelektualny,"mózgowy
 2.  [techn]  mózgowy|ˈserɪbrəl"
ceremonial,"i.    obrzędowy
ii.    ceremoniał",rytuał|serɪˈməʊnɪəl
ceremonious,ceremonialny,serɪˈməʊnɪəs
ceremony,1.  ceremonia,"bez ceregieli|ceremoniał
 2.  wielki szacunek
 3.  without ceremony 
 - bez ceremonii|ˈserəmənɪ"
cert,"cert.
i.  
   see also: {certificate}
  świadectwo
ii.  
   see also: {certified}
  poświadczony",zaświadczony
certain,"1.  pewny
 2.  [form]  pewien
 3. a certain  pewien","coś na pewno
 6.  make certain 
 - upewniać się
 7.  to a certain extent 
 - w pewnym stopniu|niejaki
 4.  for certain 
 - z pewnością
 5.  sth is certain to  
 - coś na pewno się zdarzy|w pewnej mierze|ˈsɜ:tən"
certainly,"1.  na pewno
 2.  oczywiście
 3.  certainly not 
 - oczywiście",że nie|ˈsɜ:tənlɪ
certainty,"1.  pewność
 2.  be a certainty 
 - być pewnym",ˈsɜ:təntɪ
certificate,"1.  zaświadczenie
 2.  świadectwo",səˈtɪfɪkət
certitude,pewność,ˈsɜ:tɪtju:d
cessation,seˈseɪʃən,zaprzestanie
ceylon,cejlon,sɪˈlɒn
cf,cf.,"confer
  por.|porównaj"
ch,"ch.
  rozdział",
chafe,1.  ocierać się,"ocierać
 2.  [form]  sarkać|ʧeɪf"
chaff,plewy,ʧɑ:f
chain,"i.   1.  łańcuch
 2.  sieć sklepów","sieć
 3.  seria
ii.   1.  przykuwać
 2.  in chains 
 - w niewoli|ʧeɪn"
chainsmoke,[papierosy]  palić jednego za drugim,chain-smoke|ˈʧeɪnsməʊk
chair,"i.   1.  krzesło
 2.  katedra
 3.  przewodniczenie","kierownictwo
ii.    przewodniczyć|ʧeə"
chairman,przewodniczący,ˈʧeəmən
chairperson,przewodniczący,ˈʧeəpɜ:sən
chairwoman,przewodnicząca,ˈʧeəwʊmən
chalet,chatka,domek|ˈʃæleɪ
chalk,"i.    kreda
ii.    pisać kredą","pisać
iii.  chalk up   zapisać na swoje konto|ʧɔ:k"
chalky,kredowy,pokryty kredą|ˈʧɔ:kɪ
challenge,"i.   1.  wyzywać
 2.  podważać
ii.   1.  wyzwanie
 2.  podważanie",kwestionowanie|ˈʧælɪnʤ
challenger,rywal,ˈʧælɪnʤə
challenging,"1.  stanowiący wyzwanie
 2.  wyzywający",prowokujący|ˈʧælɪnʤɪŋ
chamber,"i.   1.  sala
 2.  pomieszczenie
 3.  izba  [handlowa","muzyka kameralna|parlamentu itp.]
 4.  komora
ii.  chamber music|ˈʧeɪmbə|ˈʧeɪmbə ˌmju:zɪk"
chambermaid,pokojówka,ˈʧeɪmbəmeɪd
chameleon,kameleon,kəˈmi:lɪən
chamois,"giemza
ii.  chamois leather","i.   1.  kozica
 2.  ircha|ircha|ˈʃæmɪ|ˈʃæmɪ ˌleðə"
champagne,szampan,ʃæmˈpeɪn
champion,i.   1.  zwycięzca,"mistrz
 2.  bojownik 
ii.    walczyć|ˈʧæmpɪən"
championship,"1.  mistrzostwa
 2.  mistrzostwo",ˈʧæmpɪənʃɪp
chance,"1.  szansa 
 2.  przypadek
 3.  okazja
 4.  take a chance 
 - podjąć ryzyko
 5.  by chance 
 - przypadkiem
 6.  [form]  by any chance 
 - przez przypadek
 7.  chance to do sth 
 - przypadkiem coś zrobić",ʧɑ:ns
chancellor,kanclerz,ˈʧɑ:nsələ
chandelier,kandelabr,ˌʃændəˈlɪə
changeable,zmienny,ˈʧeɪnʤəbəl
changeover,zmiana,ˈʧeɪnʤəʊvə
channel,"i.   1.  kanał  [też tv]
 2.  droga
ii.   1.  kierować 
 2.  the  channel  :channel)
 - kanał la manche
 3.  through official channels 
 - drogą służbową",ˈʧænəl
chant,"i.    zaśpiew
ii.   1.  śpiewać
 2.  prowadzić śpiew",ʧɑ:nt
chaos,ˈkeɪɒs,
chaotic,chaotyczny,keɪˈɒtɪk
chap,"chap.
  rozdział",facet|gość|ʧæp
chapel,kaplica,ˈʧæpəl
chaperon,chaperone,"i.    przyzwoitka
ii.    pilnować|opiekować się|ˈʃæpərəʊn"
chaperone,chaperon,"i.    przyzwoitka
ii.    pilnować|opiekować się|ˈʃæpərəʊn"
chaplain,kapelan,ˈʧæplɪn
chapped,spierzchnięty,ʧæpt
chapter,rozdział,ˈʧæptə
character,"1.  charakter
 2.  [w powieści]  postać","bohater
 3.  [nieform]  typ
 4.  [nieform]  ktoś|nie w typie
 8.  be ... in character 
 - mieć ... charakter|w typie
 7.  out of character  
 - nie w typie czegoś|ziółko
 5.  [techn]  znak typograficzny"
characteristic,"charakterystyczny 
ii.    cecha charakterystyczna",i.    typowy|ˌkærɪktəˈrɪstɪk
characterize,charakteryzować,ˈkærɪktəraɪz
charade,farsa,gra|ʃəˈrɑ:d
charcoal,węgiel drzewny,ˈʧɑ:kəʊl
charge,"bezpłatnie
 9.  be in charge  
 - być odpowiedzialnym za coś","i.   1.  liczyć|kierować czymś
 10.  take charge 
 - przejmować kierownictwo
 11.  take charge of 
 - zajmować się|należność
 2.  [o przestępstwo]  oskarżenie
 3.  [troska]  opieka 
 4.  [form]  podopieczny
 5.  [elektryczny|policzyć 
 2.  [zapłatą]  obciążać 
 3.  [np. o wykroczenie]  oskarżać 
 4.  atakować"
chariot,rydwan,ˈʧærɪət
charisma,charyzmat,kəˈrɪzmə
charismatic,charyzmatyczny,kərɪzˈmætɪk
charitable,1.  uprzejmy,"dobroczynny|łaskawy 
 2.  charytatywny|ˈʧærɪtəbəl"
charity,1.  dobroczynność,"dobroczynność|instytucja charytatywna
 2.  [form]  dobroć|miłosierdzie
 3.  [form]  datek|ˈʧærɪtɪ"
charlatan,szarlatan,ˈʃɑ:lətən
charm,"czar
 2.  talizman
 3.  zaklęcie
ii.   1.  oczarowywać
 2.  czarować",i.   1.  wdzięk|urok|ʧɑ:m
charming,czarujący,ˈʧɑ:mɪŋ
charred,osmalony,ʧɑ:d
chart,"i.   1.  wykres
 2.  mapa  [morza lub firmamentu]
 3.  lista przebojów
ii.    śledzić",ʧɑ:t
charter,i.   1.  [form]  statut,"konstytucja
 2.  czarter
ii.    czarterowy
iii.   1.  czarterować
 2.  [form]  nadawać statut|ˈʧɑ:tə"
chartered,biegły,dyplomowany|ˈʧɑ:təd
chase,"gonić 
 2.  wypędzać
 3.  uganiać się","gonić się|i.    pościg
ii.   1.  ścigać|ʧeɪs"
chasm,1.  rozpadlina,"szczelina
 2.  [przen]  przepaść|ˈkæzəm"
chaste,czysty,wierny|ʧeɪst
chasten,kajać się,ˈʧeɪsən
chastise,"1.  [form]  besztać
 2.  [przest]  ćwiczyć",bić|ʧæˈstaɪz
chastity,cnotliwość,czystość|ˈʧæstɪtɪ
chat,i.    gawędzić,"rozmawiać
ii.    pogawędka
iii.  chat up  [br nieform]   przygadywać się|ʧæt"
chateau,château,dwór|zamek|ʃæˈtəʊ|ˈʃætəʊ
chatter,"i.   1.  trajkotać
 2.  szczebiotać
 3.  klekotać","szczękanie
 3.  szczebiot|szczękać
ii.   1.  paplanina
 2.  klekotanie|ˈʧætə"
chatterbox,gaduła,trajkotka|ˈʧætəbɒks
chatty,gadatliwy,rozmowny|ˈʧætɪ
chauffeur,"1.  kierowca
 2.  wozić",ʃəʊˈfɜ:|ˈʃəʊfə
chauvinism,szowinizm,ˈʃəʊvɪnɪzəm
chauvinist,"i.    szowinista
ii.    szowinistyczny",ˈʃəʊvɪnɪst
cheap,"1.  tani
 2.  niewyszukany
 3.  on the cheap 
 - za psi pieniądz",ʧi:p
cheat,"i.   1.  oszukiwać
 2.  wyłudzać     
ii.   1.  wyłudzacz","oszust
 2.  feel cheated 
 - czuć się oszukanym|ʧi:t"
checkers,warcaby,ˈʧekəz
checkmate,mat,szach i mat|ˈʧekmeɪt
checkout,kasa,ˈʧek-aʊt
checkpoint,punkt kontroli,ˈʧekpɔɪnt
checkroom,szatnia,ˈʧekrʊm
checkup,check-up,kontrola|ˈʧek-ʌp
cheek,"i.   1.  policzek
 2.  [nieform]  tupet
ii.    [nieform]  obrażać",ʧi:k
cheekbone,kość policzkowa,ˈʧi:kbəʊn
cheeky,bezczelny,ˈʧi:kɪ
cheer,"i.   1.  wznosić okrzyki na cześć 
 2.  dopingować
 3.  krzepić
ii.  cheer on   dopingować
iii.  cheer up   rozchmurzać się",rozchmurzać|ʧɪə
cheerful,1.  radosny,"pogodny
 2.  beztroski|ˈʧɪəfʊl"
cheerily,radośnie,ˈʧɪərɪlɪ
cheering,pokrzepiający,ˈʧɪərɪŋ
cheerio,cześć,pa|ʧɪərɪˈəʊ
cheerless,ponury,ˈʧɪəlɪs
cheers,"``cheers!'' 
 -",na zdrowie!''|ʧi:əz
cheery,radosny,ˈʧɪərɪ
cheese,ser,ʧi:z
cheesecake,sernik,ˈʧi:zkeɪk
cheetah,gepard,ˈʧi:tə
chef,kucharz,szef kuchni|ʃef
chemical,"i.    chemiczny
ii.    substancja chemiczna",ˈkemɪkəl
chemist,"1.  chemik
 2.  [br]  aptekarz
 3.  [br]  the chemist's 
 - apteka",drogeria|ˈkemɪst
chemistry,"1.  chemia
 2.  właściwości chemiczne",ˈkemɪstrɪ
cherish,1.  piastować,"troszczyć się z miłością
 3.  dochowywać|utrzymywać|żywić
 2.  miłować|ˈʧerɪʃ"
cherry,"czereśnia
ii.    wiśniowy",czereśniowy|i.    wiśnia|ˈʧerɪ
chess,szachy,ʧes
chessboard,szachownica,ˈʧesbɔ:d
chest,i.   1.  pierś,"klatka piersiowa
 2.  skrzynia
 3.  [nieform]  get sth off one's chest 
 - zrzucać ciężar z piersi
ii.  chest of drawers|komoda|ʧest|ˌʧest əv ˈdrɔ:z"
chestnut,"i.    kasztan
ii.    kasztanowy",ˈʧesnʌt
chew,1.  żuć,"przeżuwać 
 2.  obgryzać
 3.  wygryzać
 4.  [nieform]  przeżuwać|ʧu:"
chewing gum,guma do żucia,ˈʧu:ɪŋ gʌm
chic,i.    szykowny,"wyrafinowanie|wyrafinowany
ii.    szyk|ʃi:k"
chick,"1.  pisklę
 2.  [us nieform]  cizia",ʧɪk
chicken,"i.   1.  kurczę
 2.  [nieform]  tchórz
ii.  chicken out  [nieform]   wystraszyć się",spłoszyć się|ˈʧɪkɪn
chickenpox,ospa wietrzna,ˈʧɪkɪnpɒks
chicory,cykoria,ˈʧɪkərɪ
chide,strofować,ʧaɪd
chief,"i.   1.  szef
 2.  dowódca
ii.   1.  naczelny
 2.  główny",ʧi:f
chiefly,"1.  zasadniczo
 2.  głównie",ˈʧi:flɪ
chieftain,wódz,ˈʧi:ftən
chiffon,"i.    szyfon
ii.    szyfonowy",ˈʃɪfɒn
chilblain,odmrożenie,ˈʧɪlbleɪn
child,dziecko,ʧaɪld
childbearing,poród,ˈʧaɪldbeərɪŋ
childbirth,narodziny,poród|ˈʧaɪldbɜ:θ
childhood,dzieciństwo,ˈʧaɪldhʊd
childish,dziecinny,ˈʧaɪldɪʃ
childless,bezdzietny,ˈʧaɪldlɪs
childlike,dziecięcy,ˈʧaɪldlaɪk
childminder,opiekun,opiekun do dzieci|opiekunka|opiekunka do dzieci|ˈʧaɪldmaɪndə
chile,ˈʧɪlɪ,
chilean,chilijski,ˈʧɪlɪən
chill,i.    chłodzić,"schładzać
ii.   1.  przeziębienie
 2.  dreszcz
 3.  chłód
iii.    chłodny|ʧɪl"
chilly,"1.  chłodny
 2.  feel chilly 
 - czuć chłód",czuć zimno|ˈʧɪlɪ
chime,"i.   1.  bić
 2.  bicie
ii.  chime in   dołączyć się",wtórować|ʧaɪm
chimney,komin,ˈʧɪmnɪ
chimneysweep,kominiarz,ˈʧɪmnɪswi:p
chimpanzee,szymmpans,ˌʧɪmpænˈzi:
chin,broda,podbródek|ʧɪn
china,chiny,porcelana|ˈʧaɪnə
chinese,"i.    chiński
ii.    chińczyk",ˌʧaɪˈni:z
chink,"i.   1.  szczelina
 2.  brzęk","pobrzękiwanie
ii.    brzęczeć|ʧɪŋk"
chintz,kreton,perkal|ʧɪnts
chip,"chrupki
 3.  [techn]  chip","drzazga
 6.  żeton
ii.   1.  wyszczerbiać się|i.   1. chips  [br]  frytki
 2. chips  [us]  chrupki ziemniaczane|jak już dojdzie do rozstrzygnięcia
 3.  [nieform]  have a chip on one's shoulder 
 - mieć kompleks
iii.  chip in  [nieform]  1.  zrzucać się|kość"
chiropodist,kɪˈrɒpədɪst,pedikiurzysta|pedikiurzystka
chirp,ćwierkać,ʧɜ:p
chisel,"i.    dłuto
ii.    dłutować",wycinać|ˈʧɪzəl
chivalrous,rycerski,ˈʃɪvəlrəs
chivalry,rycerskość,ˈʃɪvəlrɪ
chives,szczypior,ˈʧaɪvz
chlorine,chlor,ˈklɔ:ri:n
chlorophyll,chlorofil,ˈklɔ:rəfɪl
chocolate,"1.  czekolada
 2.  czekoladka",ˈʧɒklɪt
choice,"asortyment
ii.   1.  wyborowy","i.   1.  wybór
 2.  dobór|najlepszy
 2.  have no choice but 
 - nie mieć innego wyjścia oprócz|ʧɔɪs"
choir,chór,ˈkwaɪə
choke,"dusić 
 2.  zapychać 
ii.    przepustnica","dusić się|dławik
iii.  choke back   tłumić|dławić|i.   1.  dławić się"
cholera,ˈkɒlərə,
choose,"1.  wybierać
 2.  postanawiać","chcieć
 3.  there is *little|not much* to choose between 
 - nie ma żadnej różnicy między|ʧu:z"
choosy,wybredny,ˈʧu:zɪ
chop,"i.   1.  rąbać
 2.  siekać
ii.   1.  kotlet
 2.  [br nieform]  be for the chop 
 - być spisanym na straty
 3.  [nieform]  chop and change 
 - miotać się",ʧɒp
chopper,"1.  siekiera
 2.  helikopter",ˈʧɒpə
choppy,pofalowany,pomarszczony|ˈʧɒpɪ
chopstick,pałeczka  [do jedzenia],ˈʧɒpstɪk
choral,chóralny,ˈkɔ:rəl
chord,"1.  akord
 2.  strike a chord 
 - zabrzmieć znajomo",kɔ:d
chore,harówka,prace domowe|ʧɔ:
choreographic,choreografia,ˌkɒrɪəˈgræfɪk
choreography,choreografia,kɒrɪˈɒgrəfɪ
chortle,uśmiać się,zaśmiewać się|ˈʧɔ:rtəl
chorus,"i.   1.  chór
 2.  refren
 3.  zespół chóralny lub baletowy","zespół
ii.    [lit]  mówić|śpiewać chórem|ˈkɔ:rəs"
chosen,wybrany,ˈʧəʊzən
christ,chrystus,kraɪst
christen,"1.  chrzcić
 2.  [nieform]  ochrzcić",nazwać|ˈkrɪsən
christening,chrzciny,ˈkrɪsənɪŋ
christian,"i.    chrześcijanin
ii.    chrześcijański
iii.  christian name",imię|ˈkrɪsʧən|ˈkrɪsʧən neɪm
christianity,chrześcijaństwo,krɪstɪˈænɪtɪ
christmas,choinka,"i.    boże narodzenie
ii.  christmas day|pierwszy dzień bożego narodzenia
iii.  christmas eve|wigilia
iv.  christmas tree|wigilia bożego narodzenia"
chrome,chrom,krəʊm
chronic,chroniczny,ˈkrɒnɪk
chronicle,"i.    kronika
ii.    zapisywać w kronikach",zapisywać|ˈkrɒnɪkəl
chronological,chronologiczny,ˌkrɒnəˈlɒʤɪkəl
chrysalis,"1.  poczwarka
 2.  oprzęd",ˈkrɪsəlɪs
chrysanthemum,chryzantema,krɪˈsænθɪməm
chubby,pulchny,ˈʧʌbɪ
chuckle,chichotać,podśmiewać się|ˈʧʌkəl
chug,stukotać,turkotać|łoskotać|ʧʌg
chum,"1.  koleś
 2.  chłop",ʧʌm
chunk,kawał,ʧʌŋk
chunky,"1.  zwalisty
 2.  ogromniasty",ˈʧʌŋkɪ
chunnel,tunel pod la manche,ˈʧʌŋəl
church,kościół,ʧɜ:ʧ
churchman,duchowny,ˈʧɜ:ʧmən
churchyard,cmentarz,ˈʧɜ:ʧjɑ:d
churl,cham,grubianin|ʧɜ:l
churlish,chamski,grubiański|ˈʧɜ:lɪʃ
churn,bełtać,"czuć się niedobrze
iii.  churn out  [nieform]   produkować|i.    maślnica|kotłować|maselnica
ii.   1.  ubijać mleko"
chute,zsyp,ʃu:t
château,chateau,dwór|zamek|ʃæˈtəʊ|ˈʃætəʊ
cia,centalna agencja wywiadowcza,ˌ$⋅⋅$ˈ$⋅$
cid,wydział śledczy,ˌ$⋅⋅$ˈ$⋅$
cider,jabłecznik,wino jabłkowe|ˈsaɪdə
cigar,cygaro,sɪˈgɑ:
cigarette,papieros,sɪgəˈret
cinc,c-in-c,głównodowodzący|ˌsɪ ɪn ˈsɪ
cinch,sɪnʧ,łatwizna
cinder,1. cinders  popiół,"żużel
 2.  burn sth to a cinder 
 - spalić coś na węgiel|ˈsɪndə"
cinema,kino,ˈsɪnɪmə
cinematic,kinowy,sɪnəˈmætɪk
cinnamon,cynamon,ˈsɪnəmən
cipher,szyfr,ˈsaɪfə
circa,około,ˈsɜ:kə
circle,i.   1.  okrąg,"koło
 2.  krąg
 3.  balkon
ii.   1.  krążyć|okrążać
 2.  be going round in circles 
 - kręcić się w kółko
 3.  come full circle 
 - zatoczyć pełny krąg|ˈsɜ:kəl"
circuit,"1.  obwód
 2.  objazd","na turze objazdowej|tura
 3.  tor
 4.  on circuit 
 - w turze objazdowej|ˈsɜ:kɪt"
circuitous,okrężny,sɜ:ˈkju:ɪtəs
circular,i.   1.  kolisty,"okrągły
 2.  okólny|okrężny
ii.    okólnik|ˈsɜ:kjʊlə"
circularity,błąd logiczny,błędne koło|ˌsɜ:kjʊˈlærɪtɪ
circulate,"1.  krążyć
 2.  rozpowszechniać",rozsyłać|ˈsɜ:kjʊleɪt
circulation,"1.  obieg
 2.  nakład
 3.  krążenie",ˌsɜ:kjʊˈleɪʃən
circumcise,obrzezywać,ˈsɜ:kəmsaɪz
circumcision,obrzezanie,ˌsɜ:kəmˈsɪʒən
circumference,obwód,səˈkʌmfərəns
circumscribe,ograniczać,ˈsɜ:kəmskraɪb
circumspect,rozważny,ˈsɜ:kəmspekt
circumstance,1. circumstances  okoliczności,"under no circumstances 
 - pod żadnym pozorem|under the circumstances 
 - w tych warunkach|w warunkach
 5.  in|warunki
 2. circumstances  warunki  [też materialne]
 3.  [lit]  zbieg okoliczności
 4.  in"
circumstantial,"i.    poszlakowy
ii.  circumstantial evidence   poszlaki",ˌsɜ:kəmˈstænʃəl
circus,cyrk,ˈsɜ:kəs
cis,wnp,wspólnota niepodległych państw|ˌ$⋅⋅$ˈ$⋅$
cissy,maminsynek,sissy|ˈsɪsɪ
cistern,"1.  rezerwuar
 2.  zbiornik",cysterna|ˈsɪstən
citadel,cytadela,ˈsɪtədəl
citation,"1.  pochwała
 2.  cytata",saɪˈteɪʃən
cite,"1.  przytaczać
 2.  pozywać",saɪt|wzywać
citizen,obywatel,ˈsɪtɪzən
citizenship,obywatelstwo,ˈsɪtɪzənʃɪp
citrus,"i.    cytrus
ii.    cytrusowy",ˈsɪtrəs
city,"1.  miasto
 2. the city  centrum londynu",ˈsɪtɪ
civic,"i.   1.  miejski
 2.  obywatelski
ii.  civic centre   administracja miejska",magistrat  [siedziba]|ˈsɪvɪk
civil,"[br]   administacja państwowa
v.  civil war","[br]   urzędnik administacji państwowej
iv.  civil service|i.   1.  cywilny
 2.  społeczny|obywatelski
 3.  uprzejmy
ii.  civil rights|prawa obywatelskie
iii.  civil servant"
civilian,cywil,sɪˈvɪlɪən
civilise,civilize,cywilizować|ˈsɪvəlaɪz
civility,przyzwoitość,sɪˈvɪlɪtɪ|uprzejmość
civilization,cywilizacja,sɪvəlaɪˈzeɪʃən
civilize,civilise,cywilizować|ˈsɪvəlaɪz
civilized,"1.  cywilizowany
 2.  kulturalny",ˈsɪvəlaɪzd
civilly,grzecznie,przyzwoicie|ˈsɪvəlɪ
clad,klæd,przyodziany
claim,"deklaracja
 2.  żądanie","domagać się
 4.  [form]  [o ogniu -- czyjeś życie]  zabierać
ii.   1.  [stwierdzenie]  twierdzenie|i.   1.  twierdzić|kleɪm|mieć roszczenia wobec kogoś
 4.  make a claim 
 - domagać się
 5.  [form]  lay claim to 
 - wysuwać żądania wobec kogoś"
clairvoyant,"i.    jasnowidzący
ii.    jasnowidz",kleəˈvɔɪənt
clam,"i.    małż
ii.  clam up  [nieform]   zamknąć się",klæm
clamber,gramolić się,ˈklæmbə
clammy,kleisty,lepki|ˈklæmɪ
clamor,clamour,"i.   1.  [form]  żądać|protestować 
 3.  [lit]  robić zgiełk
ii.    zgiełk|wołać 
 2.  alarmować|ˈklæmə"
clamour,clamor,"i.   1.  [form]  żądać|protestować 
 3.  [lit]  robić zgiełk
ii.    zgiełk|wołać 
 2.  alarmować|ˈklæmə"
clamp,i.    klamra,"klæmp|przyhamowywać|spinać 
 2.  przymocowywać
iii.  clamp down on   przyciskać|zacisk
ii.   1.  [klamrą"
clan,klan,klæn
clandestine,klænˈdestɪn,podziemny|tajny
clang,"dzwonić
ii.    dźwięk",i.    dźwięczeć|klæŋ|odgłos
clank,"i.    szczękać
ii.    szczęk",klæŋk
clap,"i.   1.  klaskać
 2.  klepać
ii.   1.  klaśnięcie
 2.  aplauz
 3.  łoskot",klæp
clappedout,clapped-out,zdezelowany|ˌklæptˈaʊt
claptrap,bzdura,ˈklæptræp
clarification,objaśnienie,wyjaśnienie|ˌklærɪfɪˈkeɪʃən
clarify,wyjaśniać,ˈklærɪfaɪ
clarinet,klarnet,ˌklærəˈnet
clarity,1.  przejrzystość,"jasność
 2.  precyzyjność|precyzja|ˈklærɪtɪ"
clash,"brzękać
 3.  [o kolorach","hałas|i.   1.  ścierać się|ideach]  kłócić się
ii.   1.  [z policją]  starcie
 2.  [interesów]  kolizja|klæʃ"
clasp,i.    przytulać,"klɑ:sp|przyciskać
ii.    klamra|sprzączka"
class,"grupa
 2.  zajęcia","i.   1.  klasa|klɑ:s|lekcja
 3.  klasa|w szkole
 3.  be in a class of one's own 
 - być jedynym w swojej klasie"
classic,i.    klasyczny,"typowy
ii.   1.  dzieło klasyczne
 2. classics  studia klasyczne|ˈklæsɪk"
classical,1.  klasyczny,"poważny
 3.  starożytny|tradycyjny
 2.  [muzyka]  klasyczny|ˈklæsɪkəl"
classification,klasyfikacja,klæsɪfɪˈkeɪʃən
classify,klasyfikować,ˈklæsɪfaɪ
classmate,kolega,kolega z klasy|ˈklɑ:smeɪt
classroom,klasa,sala szkolna|ˈklɑ:sru:m
classy,na poziomie,z klasą|ˈklɑ:sɪ
clatter,brzęczeć,"i.    brzęk|stukot
ii.    stukać|ˈklætə"
clause,"1.  klauzula
 2.  [gram]  zdanie składowe",klɔ:z|zdanie
claustrophobia,klaustrofobia,klɒstrəˈfəʊbɪə
claw,i.   1.  szpon,"klɔ:|pazur
 2.  kleszcz
ii.    drzeć pazurami
iii.  claw at   wpijać się pazurami|wpijać się"
clay,glina,kleɪ
clean,"czyścić
 2.  sprzątać","do cna
 3.  [nieform]  come clean 
 - wyjawić|i.   1.  czysty
 2.  higieniczny
 3.  [opinia]  bez zarzutu
ii.    [sprzątać]  czyścić|kli:n|myć
iii.   1.  [nieform]  [przebijać]  równo
 2.  [zapomnieć]  na śmierć"
cleaner,"1.  sprzątaczka
 2.  środek czyszczący","cleaner's* 
 - pralnia chemiczna|przyrząd do czyszczenia
 3.  *the cleaner|ˈkli:nə"
cleanliness,schludność,ˈklenlɪnɪs
cleanly,"cleanly
i.    gładko","porządnie
ii.    schludny"
cleanse,klenz,oczyszczać
cleanser,płyn do czyszczenia,ˈklenzə
clearcut,clear-cut,jednoznaczny|klɪəˈkʌt|wyraźny
clearheaded,clear-headed,jasno myślący|klɪəˈhedɪd
clearing,polana,ˈklɪərɪŋ
clearsighted,clear-sighted,klɪəˈsaɪtɪd|przenikliwy|przytomny
cleavage,1.  [form]  rozłam,"rozstęp|rozszczepienie 
 2.  rozstęp między piersiami|ˈkli:vɪʤ"
clef,klef,klucz
cleft,kleft,pęknięcie|szczelina
clemency,wyrozumiałość,łaskawość|ˈklemənsɪ
clench,klenʧ,zaciskać
clergy,duchowieństwo,kler|ˈklɜ:ʤɪ
clergyman,duchowny,ˈklɜ:ʤɪmən
clerical,1.  biurowy,"urzędniczy
 2.  [form]  przynależny do duchowieństwa|ˈklerɪkəl"
clerk,"1.  urzędnik
 2.  sekretarz
 3.  [us]  sprzedawca
 4.  [us]  recepcjonista",klɑ:k
clever,1.  inteligentny,"pomysłowy|zdolny
 2.  zmyślny|ˈklevə"
cliche,cliché,komunał|ˈkli:ʃeɪ
cliché,cliche,komunał|ˈkli:ʃeɪ
click,i.   1.  pstrykać,"klɪk|pstryk|terkotać
 2.  [nieform]  udać się|zaskoczyć
ii.    pstryknięcie"
client,klient,ˈklaɪənt
cliff,klif,klɪf|stromy brzeg
climactic,klaɪˈmæktɪk,szczytowy
climate,klimat,ˈklaɪmɪt
climatic,klaɪˈmætɪk,klimatyczny
climax,klimaks,punkt kulminacyjny|ˈklaɪmæks
climb,"i.   1.  wspinać się     
 2.  piąć się","iść w górę
ii.    wspinaczka|klaɪm|wspinanie się
iii.  climb down   schodzić|złazić"
climber,1.  wspinacz,"alpinista
 2.  roślina pnąca się|pnącze|roślina pnąca|ˈklaɪmə"
climbing,alpinistyka,wspinaczka|ˈklaɪmɪŋ
clime,klaɪm,klimat|strefa
clinch,klɪnʧ,załatwić
cling,"1.  czepiać się   
 2.  przywierać 
 3.  trzymać się",klɪŋ|nie odstępować
clinging,"1.  niesamodzielny
 2.  przylegający",ˈklɪŋɪŋ
clinic,klinika,ˈklɪnɪk
clinical,1.  [med]  medyczny,"kliniczny
 2.  sterylny|zimny|ˈklɪnɪkəl"
clink,"i.    brzęczeć
ii.    brzęk",klɪŋk
clip,i.   1.  spinacz,"klip
 3.  klips
ii.   1.  spinać
 2.  przycinać|klɪp|wycinać|zapięcie
 2.  wideo klip"
clipboard,notatnik,ˈklɪpbɔ:d
clippers,nożyczki,szczypczyki|ˈklɪpɜ:z
clipping,wycinek,wycinek prasowy|ˈklɪpɪŋ
clique,kli:k,klika
cloak,i.   1.  płaszcz,"kləʊk|peleryna
 2.  płaszczyk|pokrywka
ii.    okryć|przykryć"
cloakroom,1.  garderoba,"szatnia
 2.  toaleta|ˈkləʊkru:m"
clobber,"ciuchy
ii.    przywalić",i.    bambetle|pobić|ˈklɒbə
clock,"24 godziny na dobę
 5.  [przen]  put","i.   1.  zegar
 2.  programator|klɒk|podbijać kartę
 2.  dochodzić 
iii.  clock up   zaliczać|regulator
 3.  licznik
 4.  round the clock 
 - przez 24 godziny na dobę"
clockwork,"1.  mechanizm sprężynowy
 2.  like clockwork 
 - jak w zegarku",ˈklɒkwɜ:k
clod,bryła,gruda|klɒd
clog,"blokować
ii.    chodak","drewniak
iii.  clog up   zablokowywać|i.    zatykać|klɒg|zatykać"
cloister,krużganek,ˈklɔɪstə
clone,"i.   1.  klon
 2.  [komp]  imitacja","kləʊn|składak
ii.    klonować"
closeknit,blisko związany,close-knit|kləʊs ˈnɪt|zwarty
closeset,blisko osadzony,close-set|kləʊs ˈset
closet,"i.    [us]  szafa ścienna
ii.   1.  skrywany","naradzać się na osobności|zachowywany w tajemnicy
 2.  be closeted )
 - przebywać za zamkniętymi drzwiami|ˈklɒzɪt"
closeup,close-up,zbliżenie|ˈkləʊs ʌp
closure,"1.  zamknięcie
 2.  blokada",ˈkləʊʒə
cloth,"1.  materiał
 2.  szmatka",klɒθ
clothe,kləʊð,ubierać|ubierać się
clothes,kləʊðz,ubranie
clothing,kləʊðɪŋ,odzież|ubranie
cloud,"i.   1.  chmura
 2.  zachmurzenie
 3.  kłąb
ii.   1.  chmurzyć się
 2.  pokrywać kłębami
 3.  zaciemniać
 4.  [nieform]  under a cloud 
 - w niełasce
iii.  cloud over   zachmurzać się",klaʊd
cloudy,1.  zachmurzony,"szary
 2.  mętny|ˈklaʊdɪ"
clout,"i.    palnąć
ii.   1.  walnięcie
 2.  siła przebicia",klaʊt
clove,"1.  goździk  [przyprawa]
 2.  ząbek czosnku",kləʊv|ząbek
clover,koniczyna,ˈkləʊvə
clown,i.   1.  clown,"klaʊn|klown
 2.  [nieform]  błazen
ii.    błaznować"
club,bić,"clʌb|i.   1.  klub
 2.  kij
 3.  pałka
 4.  trefl
ii.    bić pałkami|pałować
iii.  club together   składać się"
cluck,"1.  gdakać
 2.  cmokać",klʌk|kręcić głową
clue,1.  wskazówka,"hasło
 3.  not to have a clue 
 - nie mieć pojęcia|klu:|ślad
 2.  [w krzyżówce]  objaśnienie"
clump,"grupa
ii.    tupać",i.    kępa|klʌmp|stąpać
clumsy,1.  niezręczny,"niezgrabny
 2.  nieporęczny|ˈklʌmzɪ"
clunk,klʌŋk,łomot
cluster,i.   1.  grono,"kiść
 2.  grupka
ii.    skupiać się|ˈklʌstə"
clutch,"i.   1.  ściskać
 2.  chwytać się 
ii.   1.  szpon","klʌʧ|pazur
 2.  sprzęgło
 3.  lęg
 4.  [lit]  gremium|sztab
 5.  [nieform]  in the clutches 
 - w szponach"
clutter,i.    bałagan,"nieład
ii.    zawalać|ˈklʌtə"
cm,wspólny rynek,ˌ$⋅$ˈ$⋅$
co,c,co-|do rąk|dowódca|ko-
coach,autobus,"autokar
 2.  wagon
 3.  dyliżans|i.   1.  [br]  autobus dalekobieżny|kareta
 4.  trener
ii.    trenować|kəʊʧ"
coagulate,1.  krzepnąć,"koagulować
 2.  gęstnieć|kəʊˈægjʊleɪt|stygnąć"
coal,kəʊl,węgiel
coalesce,jednoczyć się,kəʊəˈles|łączyć się
coalface,przodek,ˈkəʊlfeɪs
coalfield,pokład,pokład węglowy|złoże|złoże węgla|ˈkəʊlfi:ld
coalition,koalicja,ˌkəʊəˈlɪʃən
coalmine,kopalnia,kopalnia węgla|ˈkəʊlmaɪn
coalminer,górnik,górnik węglowy|ˈkəʊlmaɪnə
coarse,1.  gruby,"kɔ:s|ordynarny|szorstki
 2.  grubiański"
coast,1.  brzeg,"kəʊst|wybrzeże
 2.  the coast is clear 
 - droga wolna"
coastal,przybrzeżny,ˈkəʊstəl
coastguard,"1.  straż przybrzeżna
 2.  funkcjonariusz straży przybrzeżnej",ˈkəʊstgɑ:d
coastline,linia brzegowa,ˈkəʊstlaɪn
coat,"futro
 3.  powłoka
ii.    pokrywać 
iii.  coat hanger","herb|i.   1.  płaszcz
 2.  futro zwierzęcia|kəʊt|wieszak
iv.  coat of arms"
coating,powłoka,ˈkəʊtɪŋ
coax,kəʊks,nakłaniać|namawiać
cobble,"i.   cobblestone  brukowiec
ii.    brukować
iii.  cobble together   zebrać do kupy",ˈkɒbəl
cobra,kobra,ˈkəʊbrə
cobweb,pajęczyna,ˈkɒbweb
cocaine,kokaina,kəʊˈkeɪn
cock,"i.   1.  [br]  kogut
 2.  [wulg]  kutas
ii.   1.  ustawiać","kɒk|przesuwać
 2.  keep one's ears cocked 
 - nastawiać uszu
iii.  cock up  [br]  [nieform]   spieprzyć"
cockatoo,kakadu,kɒkəˈtu:
cockerel,kogucik,ˈkɒkərəl
cockeyed,kɒkˈaɪd,skrzywiony
cockle,mięczak jadalny,ˈkɒkəl
cockney,cockney  [dialekt londyński],ˈkɒknɪ
cockpit,kabina,ˈkɒkpɪt
cockroach,karaluch,ˈkɒkrəʊʧ
cocksure,zbyt pewny siebie,ˈkɒkʃɔ:
cocktail,1.  koktail alkoholowy,"koktail
 2.  mieszanka|ˈkɒkteɪl"
cockup,bajzel,cock-up|spieprzenie|ˈkɒkʌp
cocky,zarozumiały,ˈkɒkɪ
cocoa,kakao,ˈkəʊkəʊ
coconut,orzech kokosowy,ˈkəʊkəʊnʌt
cocoon,kokon,kəˈku:n
cocooned,"1.  opatulony
 2.  odizolowany",kəˈku:nd
cod,c.o.d.,dorsz|kɒd|płatne przy odbiorze|za zaliczeniem pocztowym
coddle,rozpieszczać,ˈkɒdəl
code,"i.   1.  kodeks
 2.  kod
ii.    kodować","kod|kəʊd|oznaczenie kodowe|szyfrować
iii.  code name"
codify,kodyfikować,ustalać|ˈkəʊdɪfaɪ
coed,co-ed,koedukacyjny|kəʊˈed|ˈkəʊed
coeducation,co-education,koedukacyjny|kəʊedjʊˈkeɪʃən
coerce,kəʊˈɜ:s,przymuszać
coexist,koegzystować,kəʊɪgˈzɪst|współistnieć
coffee,"i.    kawa
ii.  coffee table",niski stolik|stolik|ˈkɒfɪ|ˈkɒfɪ teɪbəl
coffin,trumna,ˈkɒfɪn
cog,"1.  [na zębatce]  ząb
 2.  a cog in the machine 
 - trybik w maszynie",kɒg
cogent,przekonujący,ˈkəʊʤent
cognac,koniak,ˈkɒnjæk
cognitive,kognitywny,poznawczy|ˈkɒgnɪtɪv
cogwheel,zębatka,ˈkɒgwi:l
cohabit,kəʊˈhæbɪt,współżyć
coherent,koherentny,kəʊˈhɪərənt|spójny
cohesion,kəʊˈhi:ʒən,spójność|zwartość
cohesive,kəʊˈhi:sɪv,spójny|zwarty
coil,i.    zwój,"kɔɪl|spirala
ii.    zwijać się|tworzyć zwoje
iii.  coil up   zwijać|zwijać"
coin,"bić
 2.  [wyrażenie]  ukuć
 3.  to coin a phrase 
 - że się tak wyrażę","i.    moneta
ii.   1.  bić monetę|kɔɪn"
coinage,system monetarny,waluta|ˈkɔɪnɪʤ
coincide,"1.  zbiegać się w czasie 
 2.  pokrywać się","pokrywać się|zachodzić 
 3.  współbrzmieć|ˌkəʊɪnˈsaɪd"
coincidence,kəʊˈɪnsɪdəns,przypadek|zbieg okoliczności
coincidental,kəʊˌɪnsɪˈdentəl,przypadkowy
coke,"1.  koks
 2.  [nieform]  coca-cola
 3.  [nieform]  kokaina",kəʊk
col,"col.
  kolumna","col.
  płk pułkownik|płk|szpalta"
colander,cedzak,durszlak|ˈkʌləndə
coldblooded,cold-blooded,zimnokrwisty|ˌkəʊldˈblʌdɪd
colic,kolka,ˈkɒlɪk
coll,"coll.
  kolegium",
collaborate,"1.  współpracować 
 2.  kolaborować",kəˈlæbəreɪt
collaboration,kəˌlæbəˈreɪʃən,współpraca
collaborator,"1.  współpracownik
 2.  kolaborant",kəˌlæbəˈreɪtə
collapse,"i.   1.  zawalać się
 2.  [o balonie]  zapadać się
 3.  [o stole]  składać się
 4.  [o instytucji]  rozpadać się
 5.  [tracić przytomność]  mdleć
ii.   1.  [budynku]  zawalenie się
 2.  [sercowa]  zapaść",kəˈlæps
collapsible,kəˈlæpsəbəl,składany
collar,"i.    kołnierzyk
ii.   1.  obroża
 2.  [nieform]  capnąć",ˈkɒlə
collarbone,obojczyk,ˈkɒləbəʊn
collate,kəˈleɪt,porównywać|zestawiać
colleague,kolega,ˈkɒli:g
collect,i.   1.  zbierać się,"kəˈlekt|zbierać
 2.  odbierać 
 3.  kolekcjonować
 4.  [dług]  ściągać
ii.   1.  [us]  [rozmowa telefoniczna]  płatny przez odbiorcę
 2.  collect oneself 
 - zebrać się
 3.  collect one's thoughts 
 - zebrać myśli
iii.  collect up   zbierać"
collected,kəˈlektɪd,opanowany|skupiony
collection,1.  kolekcja,"kolekta|kəˈlekʃən|zbiór
 2.  zbiorowisko
 3.  [podatków]  zbiórka|ściąganie
 4.  odbieranie
 5.  zbiórka"
collective,kolektywny,kəˈlektɪv|wspólny
collector,"1.  kolekcjoner
 2.  poborca","inkasent
 3.  bileter|kəˈlektə"
college,"1.  wyższa szkoła  [pedagogiczna]
 2.  szkoła pomaturalna
 3.  seminarium nauczycielskie","kolegium
 4.  [uczelni]  koledż
 5.  [szkoła średnia]  liceum
 6.  [np. lekarzy]  izba|związek|ˈkɒlɪʤ"
collide,kəˈlaɪd,zderzać się
colliery,kopalnia węgla,ˈkɒljərɪ
collision,"1.  zderzenie
 2.  kolizja",kəˈlɪʒən
colloquial,kolokwialny,kəˈləʊkwɪəl|potoczny
collusion,kəˈlu:ʒen,zmowa
cologne,kəˈləʊn,woda kolońska
colon,"1.  dwukropek
 2.  jelito grube",ˈkəʊlən
colonel,pułkownik,ˈkɜ:nəl
colonial,kolonialny,kəˈləʊnɪəl
colonist,kolonista,kolonizator|ˈkɒlənɪst
colonize,kolonizować,ˈkɒlənaɪz
colony,kolonia,ˈkɒlənɪ
colorado,kolorado,kɒləˈrɑ:dəʊ
colored,1.  a. koloru,"coloured|ubarwiony na
 b.
      ""green-coloured""  - koloru zielonego
 2.  barwny
 3.  [człowiek]  kolorowy|ˈkʌləd"
colorful,barwny,colourful|ˈkʌləfʊl
coloring,"1.  ubarwienie
 2.  barwa
 3.  barwnik",colouring|ˈkʌlərɪŋ
colossal,kolosalny,kəˈlɒsəl
coloured,1.  a. koloru,"colored|ubarwiony na
 b.
      ""green-coloured""  - koloru zielonego
 2.  barwny
 3.  [człowiek]  kolorowy|ˈkʌləd"
colourful,barwny,colorful|ˈkʌləfʊl
colouring,"1.  ubarwienie
 2.  barwa
 3.  barwnik",coloring|ˈkʌlərɪŋ
colt,kəʊlt,źrebak
columbia,kolumbia,kəˈlʌmbɪə
columbian,"i.    kolumbijski
ii.    kolumbijczyk",kəˈlʌmbɪən
column,"1.  kolumna
 2.  felieton",ˈkɒləm
columnist,felietonista,ˈkɒləmnɪst
com,"com.
i.
   see also: {commander}
  dowódca
ii.
   see also: {commodore}
  komandor",
coma,koma,śpiączka|ˈkəʊmə
comb,"i.    grzebień
ii.   1.  czesać
 2.  przeczesywać",kəʊm
combat,"i.   1.  walka
 2.  bitwa
ii.    zwalczać",ˈkɒmbæt
combination,i.   1.  mieszanina,"kod
ii.  combination lock|kombinacja
 2.  szyfr|zamek szyfrowy|ˌkɒmbɪˈneɪʃən"
combine,"combine
i.    łączyć","kombinat|połączyć
ii.   1.  zespół
 2.  koncern"
combustion,kəmˈbʌsʧən,spalanie|zapłon
comeback,"make a comeback 
 - powracać",ˈkʌmbæk
comedian,komik,kəˈmi:dɪən
comedy,komedia,ˈkɒmɪdɪ
comely,nadobny,ˈkʌmlɪ
comet,kometa,ˈkɒmɪt
comfort,"być otuchą
 3.  be too  for comfort 
 - być zbyt blisko dla poczucia spokoju","być zbyt dla poczucia spokoju|i.   1.  wygoda
 2.  komfort
 3.  otucha
 4. comforts  wygody
ii.   1.  pocieszać
 2.  be a comfort 
 - być pokrzepieniem|ˈkʌmfət"
comfortable,"1.  wygodny
 2.  [przest]  bez trosk finansowych","bez wysiłku
 6.  be comfortable 
 - czuć się jak w domu
 7.  make oneself comfortable 
 - rozgaszczać się|czuć się jak w domu|dostatni
 3.  swobodny
 4.  w dobrym stanie
 5.  dogodny|ˈkʌmfətəbəl"
comic,"i.    komiczny
ii.   1.  komik
 2.  [br]  komiks
iii.  comic strip",komiks|ˈkɒmɪk|ˈkɒmɪk strɪp
comical,komiczny,ˈkɒmɪkəl
coming,"1.  nadchodzący
 2.  comings and goings 
 - przypływy i odpływy",ˈkʌmɪŋ
comma,przecinek,ˈkɒmə
command,"domagać się
 3.  [posłuch]  zjednywać","dowodzić
 5.  be in command of oneself 
 - być opanowanym
 6.  be second in command 
 - być zastępcą
 7.  have sth at one's command 
 - władać czymś|i.   1.  kazać|komenderować
ii.   1.  [np. w wojsku]  rozkaz
 2.  [wojskowe]  dowództwo
 3.  [języka]  opanowanie|kəˈmænd"
commandant,dowódca,ˈkɒməndænt
commandeer,"1.  rekwirować
 2.  przejmować",ˌkɒmənˈdɪə
commander,głównodowodzący,"i.   1.  wódz
 2.  [w marynarce|kəˈmɑ:ndə|kəˌmɑ:ndərɪnˈʧi:f|lotnictwie]  porucznik
ii.  commander in chief"
commanding,"dominujący
ii.  commanding officer   dowódca","i.   1.  przewodzący|kəˈmɑ:ndɪŋ|panujący
 2.  imponujący"
commandment,kəˈmɑ:ndmənt,przykazanie
commando,1.  jednostka do zadań specjalnych,"komando
 2.  żołnierz z jednostki do zadań specjalnych|komandos|kəˈmɑ:ndəʊ"
commemorate,"1.  upamiętniać
 2.  obchodzić",kəˈmemɒreɪt
commence,kəˈmens,rozpoczynać|rozpoczynać się
commend,1.  chwalić,"kəˈmend|udzielać pochwały 
 2.  polecać 
 3.  sth commends itself to sb 
 - coś jest aprobowane przez kogoś"
commendable,chwalebny,godny polecenia|kəˈmendəbəl
commendation,pochwała,ˌkɒmenˈdeɪʃən
commensurate,kəˈmenʃərət,proporcjonalny|współmierny
comment,"co do)
 2.  no comment 
 - bez komentarzy","i.    komentować|komentarz (on - o|robić uwagi   
ii.   1.  uwaga|ˈkɒment"
commentary,1.  sprawozdanie telewizyjne,"sprawozdanie
 2.  komentarz|ˈkɒməntərɪ"
commentator,1.  sprawozdawca,"reporter
 2.  komentator|ˈkɒmənteɪtə"
commerce,handel,ˈkɒmɜ:s
commercial,"finansowy
 2.  komercyjny","i.   1.  handlowy|kəˈmɜ:ʃəl|na dużą skalę
ii.    reklama"
commercialize,komercjalizować,kəˈmɜ:ʃəlaɪz
commiserate,kəˈmɪzəreɪt,współczuć
commission,i.    zlecać,"kəˈmɪʃən|zamawiać
ii.   1.  zamówienie|zlecenie
 2.  prowizja
 3.  komisja"
commissionaire,kəˌmɪʃəˈneə,portier
commissioner,komisarz,kəˈmɪʃənə
commit,"1.  popełniać
 2.  kierować","kəˈmɪt|przeznaczać
 3.  oddawać 
 4.  commit oneself to sth 
 - angażować się przy czymś|wyuczać się|zobowiązywać się
 5.  commit sth to memory 
 - wyuczać się na pamięć"
commitment,1.  zaangażowanie (to sth - w czymś czegoś,"kəˈmɪtmənt|w do czegoś)
 2.  [zobowiązanie]  obowiązek
 3.  [form]  give a commitment to sth 
 - zobowiązywać się do czegoś"
committee,komitet,kəˈmɪtɪ
commodious,kəˈməʊdɪəs,przestronny
commodity,artykuł,artykuł handlowy|kəˈmɒdɪtɪ|towar
commodore,komandor,ˈkɒmədɔ:
commonlaw,common-law,"i.    niezalegalizowane|o trwałym pożyciu
ii.  common-law marriage   konkubinat|o trwałym pożyciu małżeństwo|ˌkɒmənˈlɔ:"
commonplace,pospolity,powszechny|ˈkɒmənpleɪs
commotion,kəˈməʊʃən,poruszenie
communal,wspólny,ˈkɒmjʊnəl
commune,"i.    komuna
ii.    [lit]  obcować",ˈkɒmju:n
communicate,1.  komunikować się,"kəˈmju:nɪkeɪt|przesyłać wiadomości
 2.  porozumiewać się
 3.  przekazywać 
 4.  nawiązywać kontakt|rozumieć się"
communication,"1.  [porozumiewanie się]  komunikacja
 2. communications  telekomunikacja
 3.  [form]  informacja",kəˌmjʊnɪˈkeɪʃən
communicative,1.  komunikatywny,"kəˈmju:nɪkətɪv|rozmowny
 2.  komunikacyjny"
communion,1.  [form]  łączność,"kəˈmju:nɪən|współuczestnictwo
 2.  komunia"
communique,communiqué,komunikat|kəˈmju:nɪkeɪ|zawiadomienie
communiqué,communique,komunikat|kəˈmju:nɪkeɪ|zawiadomienie
communist,"i.    komunista
ii.    komunistyczny",ˈkɒmjʊnɪst
community,"dom kultury
iii.  community service","i.   1.  społeczność
 2.  wspólnota
ii.  community centre|kəˈmju:nɪtɪ|kəˈmju:nɪtɪ ˌsentə|kəˈmju:nɪtɪ ˌsɜ:vɪs"
commute,dojeżdżać,dojeżdżać do pracy|kəˈmju:t
commuter,dojeżdżający,kəˈmju:tə
comp,"comp.
  por.",porównaj
compact,"compact
i.   1.  zwarty
 2.  kompaktowy
ii.    puderniczka
iii.   [form]   zbijać",zagęszczać
companion,kəˈmpænjən,towarzysz
companionable,kəˈmpænjənəbəl,towarzyski
companionship,kəˈmpænjənʃɪp,towarzystwo
company,1.  spółka,"firma
 2.  zespół
 3.  towarzystwo
 4.  [wojsk]  kompania
 5.  keep sb company 
 - dotrzymywać towarzystwa komuś|ˈkʌmpənɪ"
comparable,dający się porównywać,porównywalny|ˈkɒmpərəbəl
comparative,"1.  porównawczy
 2.  względny
 3.  [gram]  wyższy stopień",kəmˈpærətɪv|wyższy
compare,"1.  porównywać   
 2.  [np. przymiotniki]  stopniować
 3.  compare favourably","kəmˈpeə|to 
 - w porównaniu z|unfavourably with 
 - wypadać korzystnie w porównaniu|w porównaniu do"
comparison,"1.  porównanie
 2.  in","by comparison (with|kəmˈpærɪsən|to) )
 - w porównaniu z czymś|w porównaniu"
compartment,"1.  przedział
 2.  przegródka",kəmˈpɑ:tmənt
compass,"1.  kompas
 2. compasses  cyrkiel
 3.  [form]  zasięg",zakres|ˈkʌmpəs
compassion,kəmˈpæʃən,litość|współczucie
compassionate,"i.    litościwy
ii.  compassionate leave   urlop okolicznościowy",kəmˈpæʃənɪt
compatible,kompatybilny,kəmˈpætəbəl|zgodny
compatriot,kəmˈpætrɪət,rodak
compel,"1.  zmuszać
 2.  [form]  zwracać",kəmˈpel|przyciągać
compelling,istotny,kəmˈpelɪŋ
compensate,"1.  rekompensować 
 2.  kompensować",równoważyć|ˈkɒmpənseɪt
compensation,1.  rekompensata,"odszkodowanie
 2.  kompensacja|pociecha|przystosowanie
 3.  rekompensata|ˌkɒmpənˈseɪʃən"
compensatory,1.  rekompensacyjny,"kəmˈpensətərɪ|wyrównawczy
 2.  resocjalizacyjny"
compere,compère,"i.    prezenter|konferansjer
ii.    prowadzić konferansjerkę|ˈkɒmpeə"
compete,1.  rywalizować,"konkurować     
 2.  ubiegać się 
 3.  brać udział|kəmˈpi:t|współzawodniczyć"
competence,kompetencja,sprawność|ˈkɒmpɪtəns
competent,kompetentny,sprawny|ˈkɒmpɪtənt
competition,"1.  rywalizacja 
 2.  konkurencja
 3.  zawody","konkurować|konkurs
 4.  be in competition 
 - rywalizować|ˌkɒmpɪˈtɪʃən"
competitive,1.  rywalizujący,"kəmˈpetɪtɪv|ostry
 3.  konkurencyjny|przebojowy|współzawodniczący
 2.  skłonny do rywalizacji"
competitor,"1.  konkurent
 2.  zawodnik",kəmˈpetɪtə|uczestnik
compilation,1.  kompilacja,"zbieranie|zbiór
 2.  kompilowanie|ˌkɒmpɪˈleɪʃən"
compile,kompilować,kəmˈpaɪl|zestawiać
complacency,kəmˈpleɪsənsɪ,samozadowolenie
complacent,kəmˈpleɪsənt,zadowolony z siebie
complain,"1.  skarżyć się       
 2.  narzekać",kəmˈpleɪn
complaint,1.  skarga,"kəmˈpleɪnt|zażalenie
 2.  problem
 3.  dolegliwość"
complement,i.    uzupełniać,"obsada
 3.  [gram]  orzecznik
 4.  full complement 
 - pełen zestaw|uwydatniać
ii.   1.  uzupełnienie|uwydatnienie 
 2.  [form]  komplet|ˈkɒmplɪmənt"
complementary,uzupełniający,uzupełniający się|ˌkɒmplɪˈmentərɪ
complete,i.   1.  całkowity,"kəmˈpli:t|wraz z|zupełny
 2.  zakończony
ii.   1.  zakańczać
 2.  uzupełniać
 3.  wypełniać
 4.  complete with 
 - łącznie z"
completion,kəmˈpli:ʃən,ukończenie|zakończenie
complex,co do),"i.    skomplikowany
ii.   1.  kompleks|zespół
 2.  kompleks (about - wobec|ˈkɒmpleks"
complexion,"1.  cera
 2.  [form]  aspekt",kəmˈplekʃən
complexity,1.  skomplikowanie,"kəmˈpleksɪtɪ|złożoność
 2. complexities  zawiłość"
compliance,kəmˈplaɪəns,ustępliwość
compliant,kəmˈplaɪənt,ustępliwy
complicate,komplikować,ˈkɒmplɪkeɪt
complicated,skomplikowany,ˈkɒmplɪkeɪtɪd
complication,komplikacja,ˌkɒmplɪˈkeɪʃən
complicity,kəmˈplɪsɪtɪ,współudział
compliment,"i.   1.  komplement
 2. compliments  [form]  wyrazy uszanowania","pozdrowienia
ii.    prawić komplementy|ˈkɒmplɪmənt"
complimentary,1.  uprzejmy,"okazowy|wyrażający uznanie
 2.  bezpłatny|ˌkɒmplɪˈmentərɪ"
comply,kəmˈplaɪ,podporządkowywać się|ustępować
component,część,część składowa|komponent|kəmˈpəʊnənt
compose,"1.  [form]  składać się
 2.  komponować
 3.  układać
 4.  compose oneself 
 - uspokajać się",kəmˈpəʊz
composed,kəmˈpəʊzd,opanowany|spokojny
composer,kompozytor,kəmˈpəʊzə
composite,"i.    [form]  złożony
ii.    mieszanka",składanka|ˈkɒmpəzɪt
composition,"1.  skład
 2.  wypracowanie
 3.  kompozycja","utwór
 4.  of sb's composition 
 - autorstwa|ˌkɒmpəˈzɪʃən"
compost,kompost,ˈkɒmpɒst
composure,kəmˈpəʊʒə,równowaga|spokój
compound,"compound
i.   1.  teren zagrodzony","podwórze
 2.  związek chemiczny|pogarszać|przygotowywać mieszaninę   
 2.  [form]  potęgować|teren"
comprehend,pojmować,rozumieć|ˌkɒmprɪˈhend
comprehensible,zrozumiały,ˌkɒmprɪˈhensɪbəl
comprehension,"1.  pojmowanie
 2.  rozumienie",ˌkɒmprɪˈhenʃən
comprehensive,i.    wyczerpujący,"kompletny
ii.    [br]  szkoła ogólnokształcąca
iii.  comprehensive school|szkoła ogólnokształcąca|ˌkɒmprɪˈhensɪv|ˌkɒmprɪˈhensɪv sku:l"
compress,1.  zaciskać,"kondensować|kəmˈpres|sprężać
 2.  ściskać"
compression,kompresja,kəmˈpreʃən|sprężanie
comprise,"1.  składać się 
 2.  stanowić",kəmˈpraɪz|składać się na
compromise,"i.    kompromis
ii.   1.  uzyskiwać kompromis
 2.  kompromitować 
 3.  zaprzeczać",szargać|ˈkɒmprəmaɪz
compulsion,"1.  natręctwo
 2.  przymus",kəmˈpʌlʃən
compulsive,"1.  nałogowy
 2.  nie do oderwania się
 3.  przymusowy",kəmˈpʌlsɪv
compulsory,kəmˈpʌlsərɪ,obowiązkowy
computation,obliczenie,ˌkɒmpjəˈteɪʃən
compute,kəmˈpju:t,obliczać|wyliczać
computer,"i.   1.  komputer
 2.  by computer 
 - przy pomocy komputera
 3.  on computer 
 - w komputerze","kəmˈpju:tə|kəmˌpju:tə ˈlɪtərəsɪ|umiejętność posługiwania się komputerami|w postaci cyfrowej
ii.  computer literacy"
computerization,komputeryzacja,kəmˌpju:təraɪˈzeɪʃən
computerize,"1.  komputeryzować
 2.  przetwarzać na komputerze
 3.  przechowywać na nośniku komputerowym",kəmˈpju:təraɪz|przechowywać
computing,kəmˈpju:tɪŋ,obliczenie komputerowe|przetwarzanie
compère,compere,"i.    prezenter|konferansjer
ii.    prowadzić konferansjerkę|ˈkɒmpeə"
comrade,"1.  towarzysz
 2.  [przest]  kamrat",kumpel|ˈkɒmrɪd
con,i.    urabiać,"kɒn|oszukiwać
ii.    szwindel"
concave,kənˈkeɪv,wklęsły
conceal,"1.  ukrywać 
 2.  zakrywać",kənˈsi:l
concealment,"1.  ukrycie
 2.  miejsce ukrycia",kənˈsi:lmənt
concede,1.  przyznawać,"kənˈsi:d|przyznawać słuszność
 2.  uznawać"
conceit,kənˈsi:t,zarozumiałość
conceited,kənˈsi:tɪd,zarozumiały
conceivable,do wyobrażenia,kənˈsi:vəbəl|wyobrażalny
conceive,"1.  wyobrażać sobie
 2.  zajść w ciążę",kənˈsi:v|począć
concentrate,"i.   1.  skupiać się 
 2.  koncentrować","skupiać
ii.   1.  koncentrat
 2.  concentrate the mind 
 - dawać jasność umysłu|ˈkɒnsəntreɪt"
concentrated,1.  stężony,"zagęszczony
 2.  skoncentrowany|ˈkɒnsəntreɪtɪd"
concentration,i.    koncentracja,"skupienie
ii.    koncentracyjny|skupienie się|ˌkɒnsənˈtreɪʃən"
concentric,koncentryczny,kənˈsentrɪk|współśrodkowy
concept,pojęcie,ˈkɒnsept
conception,1.  koncepcja,"kənˈsepʃən|pomysł
 2.  zamysł
 3.  poczęcie"
conceptual,kənˈsepʧʊəl,pojęciowy
concern,i.   1.  a. problem,"kłopotać się  
 5.  be of concern 
 - być ważnym
 6.  as far as sth is concerned 
 - jeśli chodzi o coś|kənˈsɜ:n|niepokój
 b.
      ""sb's concern is that""  - dla kogoś jest problemem|tyczyć się 
 4.  concern oneself 
 - zajmować się"
concerned,"1.  zaniepokojony
 2.  a. zaangażowany","kənˈsɜ:nd|zainteresowany
 b.
      ""for everybody concerned""  - dla wszystkich zainteresowanych"
concerning,co się tyczy,kənˈsɜ:nɪŋ|odnoszący się|tyczący się
concert,"1.  koncert
 2.  be in concert 
 - występować na żywo","występować
 3.  [form]  in concert 
 - wspólnie|ˈkɒnsət"
concerted,1.  zgodny,"kənˈsɜ:tɪd|wspólny
 2.  [nieform]  wzmożony"
concerto,koncert,kənˈʧɜ:təʊ
concession,"1.  ustępstwo
 2.  koncesja
 3.  make a concession 
 - czynić koncesje",kənˈseʃən
conciliate,kənˈsɪlɪeɪt,pogodzić się|udobruchać
conciliation,kənˌsɪlɪˈeɪʃen,pogodzenie się|pojednanie się
conciliatory,kənˈsɪlɪətɒrɪ,pojednawczy
concise,kənˈsaɪz,zwięzły
conclude,1.  wyciągać wnioski,"finalizować|kończyć
 3.  [form]  zawierać|kənˈklu:d|na podstawie czegoś)
 2.  [form]  kończyć się"
conclusion,"1.  wniosek
 2.  zakończenie","kənˈklu:ʒən|wynik
 3.  finalizacja
 4.  jump to a conclusion 
 - dochodzić pochopnie do wniosku
 5.  in conclusion 
 - na zakończenie"
conclusive,decydujący,kənˈklu:sɪv|ostateczny|rozstrzygający
concoct,"1.  sklecać
 2.  preparować",kənˈkɒkt
concoction,kənˈkɒkʃən,mikstura|potrawa
concomitant,kənˈkɒmɪtənt,współistniejący
concord,pogodzenie się,zgoda|ˈkɒŋkɔ:d
concrete,"i.    beton
ii.    betonować
iii.   1.  konkretny
 2.  namacalny
iv.  concrete mixer   betoniarka",ˈkɒŋkri:t
concur,"1.  zgadzać się 
 2.  potwierdzać",kənˈkɜ:
concurrence,"1.  zgoda
 2.  zbieg okoliczności",kənˈkʌrəns|współwystępowanie
concurrent,kənˈkʌrənt,współwystępujący
concussed,kənˈkʌst,po wstrząsie mózgu
concussion,kənˈkʌʃən,wstrząs mózgu
condemn,1.  potępiać,"ganić
 2.  skazywać 
 3.  kwalifikować do rozbiórki|kwalifikować do kasacji
 4.  uznawać za nie nadający się do użytku|kənˈdem"
condemnation,ostra krytyka,potępienie|ˌkɒndəmˈneɪʃən
condemned,kənˈdemd,skazaniec|skazany|skazany na śmierć
condensation,"1.  kondensacja
 2.  skroplenie",ˌkɒndənˈseɪʃən
condense,1.  ścieśniać,"kondensować
 2.  skraplać się|kənˈdens|skraplać"
condescend,raczyć,zniżać się|ˌkɒndɪˈsend
condescending,pełen wyższości,protekcjonalny|ˌkɒndɪˈsendɪŋ
condescension,poczucie wyższości,protekcjonalność|ˌkɒndɪˈsenʃən
condition,"choroba   
ii.   1.  warunkować","i.   1.  warunek
 2.  warunki|kənˈdɪʃən|stan
 3.  podstawa|warunek
 4.  dolegliwość"
conditional,"1.  warunkowy
 2.  be conditional on","kənˈdɪʃənəl|stanowić warunek czegoś|upon sth 
 - zależeć od czegoś"
conditioner,1.  odżywka do włosów,"kənˈdɪʃənə|odżywka
 2.  płyn zmiękczający"
condolences,kondolencje,kənˈdəʊlənsɪz
condom,kondom,prezerwatywa|ˈkɒndəm
condominium,budynek z mieszkaniami własnościowymi,mieszkanie własnościowe|ˌkɒndəˈmɪnɪəm
condone,kənˈdəʊn,przyzwalać|rozgrzeszać
conducive,"be conducive to 
 - prowadzić do",kənˈdju:sɪv
conduct,"conduct
i.   1.  prowadzić","przeprowadzanie
 2.  zachowanie się|przeprowadzać
 2.  dyrygować
 3.  przewodzić
 4.  [form]  conduct oneself 
 - zachowywać się
ii.   1.  prowadzenie|zachowanie"
conductor,"1.  konduktor
 2.  dyrygent
 3.  przewodnik elektryczny",kənˈdʌktə|przewodnik
cone,"1.  stożek
 2.  szyszka
 3.  rożek",kəʊn
confectionery,"1.  cukierniczy
 2.  wyroby cukiernicze",kənˈfekʃənərɪ
confederation,konfederacja,kənˌfedəˈreɪʃən|sprzymierzenie
confer,1.  dyskutować,"cf.|confer
  por.|kənˈfɜ:|porównaj"
conference,konferencja,ˈkɒnfərəns
confess,1.  przyznawać się,"kənˈfes|szczerze mówiąc|wyznawać   
 2.  spowiadać się
 3.  i must confess 
 - muszę przyznać"
confessed,jawny,kənˈfest|otwarty
confession,"1.  przyznanie się
 2.  wyznanie
 3.  spowiedź
 4.  have a confession to make 
 - chcieć się przyznać",kənˈfeʃən
confetti,konfetti,kənˈfetɪ
confidant,powiernik,ˈkɒnfɪdænt
confide,i.    wyznawać,"kənˈfaɪd|pokładać zaufanie|zwierzać się 
ii.  confide in   zawierzać"
confidence,1.  zaufanie,"wiara 
 2.  pewność siebie
 3.  sekret|zwierzenie
 4.  a breach of confidence 
 - zdrada zaufania
 5.  take sb into one's confidence 
 - zwierzać się komuś|ˈkɒnfɪdəns"
confident,"1.  pewny siebie
 2.  be confident 
 - być przekonanym",ˈkɒnfɪdənt
confidential,poufny,ˌkɒnfɪˈdenʃəl
confidently,"1.  z przekonaniem
 2.  z pewnością siebie",ˈkɒnfɪdəntlɪ
confiding,kənˈfaɪdɪŋ,ufny
configuration,konfiguracja,kənˌfɪgjəˈreɪʃən|układ
configure,konfigurować,kənˈfɪgə
confine,"1.  ograniczać 
 2.  odosabniać","kənˈfaɪn|uwięzić 
 3.  confine oneself 
 - ograniczać się"
confinement,kənˈfaɪnmənt,odosobnienie
confines,granice,ˈkɒnfaɪnz
confirm,"1.  potwierdzać
 2.  bierzmować",kənˈfɜ:m
confirmation,"1.  potwierdzenie
 2.  bierzmowanie",konfirmacja|ˌkɒnfəˈmeɪʃən
confirmed,kənˈfɜ:md,niewzruszony|przekonany
confiscate,konfiskować,ˈkɒnfɪskeɪt
confiscation,konfiskata,ˌkɒnfɪˈskeɪʃən
conflagration,pożoga,ˌkɒnfləˈgreɪʃən
conflict,"conflict
i.   1.  konflikt","sprzeczność
 2.  niezdecydowanie
 3.  wojna
ii.    wchodzić w konflikt"
conflicting,kənˈflɪktɪŋ,sprzeczny
conform,1.  podporządkowywać się zwyczajom,"kənˈfɔ:m|podporządkowywać się
 2.  stosować się"
conformist,"i.    konformista
ii.    konformistyczny",kənˈfɔ:mɪst
confound,kənˈfaʊnd,wprawiać w zmieszanie
confront,1.  stawać (with sth - przed czymś,"konfrontować|kənˈfrʌnt|wobec czegoś)
 2.  stawać naprzeciw
 3.  przedstawiać"
confrontation,konfrontacja,zwada|ˌkɒnfrənˈteɪʃən
confuse,"1.  mylić 
 2.  mieszać
 3.  pogarszać",kənˈfju:z
confusing,kənˈfju:zɪŋ,mylący
confusion,"1.  pomyłka
 2.  chaos","dezorientacja|kənˈfju:ʒən|zamieszanie
 3.  zagubienie"
congeal,krzepnąć,kənˈʤi:l|tężeć
congenial,kənˈʤi:nɪəl,przyjemny
congenital,kənˈʤenɪtəl,wrodzony
congested,kənˈʤestɪd,zapchany|zatłoczony
congestion,1.  zatłoczenie,"blokada|kənˈʤesʧən|przeludnienie
 2.  [med]  zastój krwi|zastój"
conglomerate,koncern,konglomerat|kənˈglɒmərɪt
conglomeration,konglomeracja,kənˌglɒməˈreɪʃən|zbiór
congratulate,1.  gratulować,"kənˈgræʧʊleɪt|składać życzenia 
 2.  congratulate oneself 
 - mieć satysfakcję"
congratulations,gratulacje,kənˌgræʧʊˈleɪʃəns|życzenia
congratulatory,gratulacyjny,kənˌgræʧʊˈleɪtərɪ
congregate,zbierać się,ˈkɒngrɪgeɪt
congregation,kongregacja,zgromadzenie wiernych|ˌkɒngrɪˈgeɪʃən
congress,kongres,ˈkɒŋgres
conical,stożkowy,ˈkɒnɪkəl
conifer,drzewo szpilkowe,ˈkəʊnɪfə
conjecture,domniemanie,kənˈʤekʧə|przypuszczenie
conjugal,małżeński,ˈkɒnʤʊgəl
conjunction,"1.  [form]  zespół
 2.  [gram]  spójnik
 3.  in conjunction with 
 - wraz z",kənˈʤʌŋkʃən
conjure,"i.   1.  wyczarowywać
 2.  a name to conjure with 
 - nazwisko","przed którym wszystkie drzwi się otwierają
ii.  conjure up   wyczarowywać|ˈkʌnʤə"
conjurer,conjuror,iluzjonista|prestidigitator|ˈkʌnʤərə
conjuror,conjurer,iluzjonista|prestidigitator|ˈkʌnʤərə
conker,kasztan,ˈkɒŋkə
conman,con-man,oszust|szalbierz|ˈkɒnmən
connect,1.  przytwierdzać,"kəˈnekt|podłączać
 3.  łączyć|przymocowywać 
 2.  przyłączać"
connected,"1.  związany 
 2.  a. mający koneksje
 b.
      ""well-connected""  - mający dobre koneksje
 3.  be connected with 
 - odnosić się do",kəˈnektɪd|odnosić się
connecticut,kəˈnetɪkət,
connive,"1.  przymykać oczy 
 2.  konspirować",kəˈnaɪv|zmawiać się
connoisseur,koneser,ˌkɒnəˈsɜ:
connotation,konotacja,skojarzenie|ˌkɒnəˈteɪʃən
conquer,"1.  podbijać
 2.  pokonywać",opanowywać|ˈkɒŋkə
conqueror,zdobywca,ˈkɒŋkərə
conquest,"1.  podbój
 2.  podbite ziemie
 3.  zdobycie",opanowanie|ˈkɒŋkwest
consciencestricken,conscience-stricken,pełen wyrzutów sumienia|ˈkɒnʃəns ˌstrɪkən
conscientious,sumienny,ˌkɒnʃɪˈenʃəs
conscious,"1.  przytomny
 2.  świadomy
 3.  uczulony","become conscious of sth 
 - zdawać sobie sprawę z czegoś|wrażliwy 
 4.  be|ˈkɒnʃəs"
consciousness,przytomność,świadomość|ˈkɒnʃəsnɪs
conscript,"brać
 2.  wcielać
ii.    poborowy","conscript
i.   1.  brać do wojska"
conscription,kənˈskrɪpʃən,pobór
consecrate,poświęcać,ˈkɒnsɪkreɪt
consecration,poświęcenie,ˌkɒnsɪˈkreɪʃən
consecutive,kolejny,kənˈsekjʊtɪv
consensus,konsensus,kənˈsensəs
consent,"i.    zgoda 
ii.   1.  zgadzać się 
 2.  by common consent 
 - za wspólną zgodą
 3.  age of consent 
 - pełnoletność",kənˈsent
consequence,"1.  konsekwencja
 2.  in consequence 
 - w rezultacie
 3.  [form]  of consequence 
 - doniosły
 4.  [form]  of little consequence 
 - niezbyt ważny",ˈkɒnsɪkwəns
consequent,następujący,późniejszy|ˈkɒnsɪkwənt
consequently,czyli,zgodnie z tym|ˈkɒnsɪkwəntlɪ
conservation,ochrona,ochrona przyrody|ˌkɒnsəˈveɪʃən
conservationist,ochroniarz,ochroniarz przyrody|ˌkɒnsəˈveɪʃənɪst
conservatism,konserwatyzm,kənˈsɜ:vətɪzəm
conservative,"i.    konserwatywny
ii.    konserwatysta
iii.    ostrożny",kənˈsɜ:vətɪv
conservatory,1.  oranżeria,"cieplarnia
 2.  konserwatorium|kənˈsɜ:vətərɪ"
conserve,1.  zachowywać,"chronić|kənˈsɜ:v|oszczędzać
 2.  zabezpieczać"
consider,"1.  uważać   
 2.  rozważać","kənˈsɪdə|przemyśliwać
 3.  brać pod uwagę|uwzględniać
 4.  all things considered 
 - jak się wszystko weźmie pod uwagę|wszystko razem wziąwszy"
considerable,kənˈsɪdərəbəl,znaczny
considerate,kənˈsɪdəreɪt,pełen względów|troskliwy
consideration,1.  przemyślenie,"aspekt
 4.  take sth into consideration 
 - brać coś pod uwagę
 5.  be under consideration 
 - być rozważanym|dla)
 3.  fakt|kənˌsɪdəˈreɪʃən|rozważenie
 2.  względy (for - wobec"
considering,biorąc pod uwagę,kənˈsɪdərɪŋ
consign,1.  odkładać,"deponować 
 2.  powierzać
 3.  rzucać na pastwę|kənˈsaɪn|składać"
consignment,kənˈsaɪnmənt,partia|partia towaru|przesyłka
consist,"1.  składać się 
 2.  polegać",kənˈsɪst
consistency,1.  konsekwencja,"kənˈsɪstənsɪ|logika
 2.  konsystencja"
consistent,1.  konsekwentny,"kənˈsɪstənt|logiczny
 3.  be consistent with 
 - być zgodnym z|wytrwały
 2.  spójny"
consolation,pociecha,pocieszenie|ˌkɒnsəˈleɪʃən
console,"console
i.    pocieszać   
ii.    konsola",pulpit|pulpit sterowniczy
consolidate,"1.  umacniać
 2.  konsolidować",kənˈsɒlɪdeɪt|łączyć|łączyć się
consolidation,"1.  umacnianie
 2.  konsolidacja",kənˌsɒlɪˈdeɪʃən|łączenie
consonant,spółgłoska,ˈkɒnsənənt
consort,"consort
i.   [form]   przestawać 
ii.    małżonka",małżonek|małżonek panującego|małżonka panującego
consortium,konsorcjum,kənˈsɔ:tɪəm
conspicuous,kənˈspɪkjʊəs,rzucający się w oczy|wyróżniający|wyróżniający się
conspiracy,konspiracja,konspirowanie|kənˈspɪrəsɪ
conspire,"1.  konspirować   
 2.  [lit]  sprzysięgać się",kənˈspaɪə
constable,posterunkowy,ˈkʌnstəbəl
constabulary,kənˈstæbjʊlərɪ,okręg policyjny
constancy,stałość,ˈkɒnstənsɪ
constant,"1.  stały
 2.  stabilny",ˈkɒnstənt
constantly,stale,ˈkɒnstəntlɪ
constellation,konstelacja,ˌkɒnstɪˈleɪʃən
consternation,konsternacja,ˌkɒnstəˈneɪʃən
constipated,"be constipated 
 - mieć zatwardzenie",ˈkɒnstɪpeɪtəd
constipation,zatwardzenie,ˌkɒnstɪˈpeɪʃən
constituency,kənˈstɪʧʊənsɪ,okręg wyborczy
constituent,część składowa,"i.   1.  wyborca
 2.  składnik
ii.  constituent part|kənˈstɪʧʊənt|kənˈstɪʧʊənt ˌpɑ:t"
constitute,"1.  stanowić
 2.  [form]  konstytuować",ˈkɒnstɪtju:t
constitution,1.  konstytucja,"statut
 2.  zdrowie
 3.  skład|ˌkɒnstɪˈtju:ʃən"
constitutional,1.  konstytucyjny,"statutowy
 2.  zasadniczy|ˌkɒnstɪˈtju:ʃənəl"
constrain,"1.  wywierać presję
 2.  ograniczać
 3.  feel constrained to do sth 
 - czuć się zmuszonym coś zrobić
 4.  feel constrained by sth 
 - czuć się ograniczonym przez coś",kənˈstreɪn
constraint,"1.  ograniczenie   
 2.  skrępowanie
 3.  przymus",kənˈstreɪnt
constrict,1.  ściskać,"kənˈstrɪkt|uciskać
 2.  ograniczać|zawężać"
constriction,"1.  ściskanie
 2.  ograniczenie",kənˈstrɪkʃən
construct,"construct
i.   1.  budować","konstruować
 2.  nadawać strukturę|rozwijać
ii.   1.  [form]  konstrukt
 2.  [form]  konstrukcja"
construction,"1.  budowa
 2.  struktura
 3.  be of  construction  :construction)
 - mieć skomplikowaną strukturę","kənˈstrʌkʃən|mieć strukturę
 4.  under construction 
 - w budowie"
constructive,konstruktywny,kənˈstrʌktɪv
constructor,konstruktor,kənˈstrʌktə
construe,interpretować,kənˈstru:
consul,konsul,ˈkɒnsəl
consular,konsularny,ˈkɒnsjʊlə
consulate,konsulat,ˈkɒnsjʊlɪt
consult,"1.  radzić się
 2.  konsultować się   
 3.  zaglądać do",kənˈsʌlt
consultancy,biuro konsultingowe,kənˈsʌltənsɪ
consultant,1.  lekarz specjalista,"kənˈsʌltənt|specjalista
 2.  konsultant"
consultation,"1.  narada
 2.  wizyta
 3.  konsultacja
 4.  have a consultation 
 - mieć wizytę",ˌkɒnsəlˈteɪʃən
consultative,doradczy,kənˈsʌltətɪv
consulting room,gabinet,gabinet lekarski|kənˈsʌltɪŋ ru:m|pokój przyjęć
consume,"1.  [form]  konsumować
 2.  zużywać
 3.  [lit]  zżerać",kənˈsju:m|pochłaniać
consumer,konsument,kənˈsju:mə
consummate,"consummate
i.   [form]  1.  konsumować","doskonały|osiągać
ii.    skończony|spełniać
 2.  dopełniać|wykorzystywać"
consumption,"1.  zużycie
 2.  [form]  konsumpcja
 3.  for sb's consumption 
 - dla czyjegoś użytku",kənˈsʌmpʃən
cont,ciąg dalszy,"cont.
i.
   see also: {contents}
  zawartość
ii.
   see also: {continued}
  c.d."
contact,i.   1.  kontakt,"sth 
 - kontaktować się|styczność
 2.  zetknięcie|styk
 3.  osoba kontaktowa
ii.   1.  kontaktować się 
 2.  come into contact 
 - stykać się|wchodzić w kontakt
 3.  make contact with sb"
contagious,"1.  zakaźny
 2.  zaraźliwy",kənˈteɪʤəs
contain,"1.  zawierać
 2.  [form]  hamować",kənˈteɪn|trzymać w ryzach
container,i.    pojemnik,"kontener
ii.    kontenerowy|kənˈteɪnə"
contaminate,kənˈtæmɪneɪt,zakażać|zanieczyszczać
contaminated,kənˈtæmɪneɪtɪd,zakażony|zanieczyszczony
contamination,kənˌtæmɪˈneɪʃən,zakażenie|zanieczyszczenie
contemplate,1.  rozważać,"planować
 2.  przemyśliwać nad czymś|przemyśliwać
 3.  kontemplować|wpatrywać się|wpatrywać się w coś"
contemplation,kontemplacja,ˌkɒntəmˈpleɪʃən
contemplative,kontemplacyjny,kontemplujący|ˈkɒntəmpleɪtɪv
contemporary,"1.  współczesny
 2.  ówczesny",kənˈtempərərɪ
contempt,"1.  pogarda
 2.  hold sb","kənˈtemt|mieć coś w pogardzie|sth in contempt 
 - mieć kogoś w pogardzie"
contemptible,godny pogardy,haniebny|kənˈtemtəbəl
contemptuous,kənˈtempʧʊəs,wzgardliwy
contend,"1.  współzawodniczyć
 2.  [form]  utrzymywać
 3.  borykać się 
 4.  ubiegać się",kənˈtend
contender,kənˈtendə,pretendent
content,"content
i.   1. contents  zawartość
 2.  [o zawartości składnika]  ilość
 3.  treść
ii.   1.  chętny
 2.  zadowolony 
iii.   content oneself  zadowalać się",
contented,kənˈtentɪd,zadowolony
contention,"1.  pogląd
 2.  spór","debata
 3.  be in contention to do sth 
 - współzawodniczyć o zrobienie czegoś|konflikt|kənˈtenʃən"
contentious,kənˈtenʃəs,sporny
contentment,kənˈtenmənt,zadowolenie
contest,"contest
i.   1.  zawody","konkurs
 2.  walka
ii.   1.  brać udział 
 2.  [form]  zwalczać"
contestant,biorący udział,kənˈtestənt|zawodnik
context,kontekst,ˈkɒntekst
continent,kontynent,ˈkɒntɪnənt
continental,"1.  kontynentalny
 2.  [br]  kontynentalny europejski",kontynentalny|ˌkɒntɪˈnentəl
contingency,ewentualność,kənˈtɪnʤənsɪ
contingent,1.  grupa,"delegacja
 2.  oddział|kənˈtɪnʤənt|siły
 3.  be contingent on sth 
 - być uwarunkowanym od czegoś"
continual,"1.  nieustanny
 2.  ustawiczny",ciągły|kənˈtɪnjʊəl
continuance,ciągłość,kənˈtɪnjʊəns|trwałość
continuation,1.  kontynuowanie,"kənˌtɪnjʊˈeɪʃən|przedłużenie|trwałość
 2.  kontynuacja"
continue,"1.  kontynuować
 2.  przedłużać się","ciągnąć dalej
 4.  iść dalej 
 5.  podążać|kənˈtɪnju:|przedłużać
 3.  ciągnąć się dalej"
continuity,ciągłość,ˌkɒntɪˈnju:ɪtɪ
continuous,forma ciągła,"i.   1.  nieustanny
 2.  ciągły
ii.  continuous form   forma ciągła czasownika angielskiego|kənˈtɪnjʊəs"
continuum,ciągłość,kənˈtɪnjʊəm|seria
contort,kənˈtɔ:t,wykrzywiać się|wykręcać się
contortion,kənˈtɔ:ʃən,wykręcanie się
contour,"i.    [lit]  kontur
ii.  contour line   poziomica",warstwica|ˈkɒntʊə
contraband,kontrabanda,przemyt|ˈkɒntrəbænd
contraception,antykoncepcja,ˌkɒntrəˈsepʃən
contraceptive,antykoncepcyjny,środek antykoncepcyjny|ˌkɒntrəˈseptɪv
contract,"contract
i.    kontrakt","kurczyć
 3.  [form]  nabawić się|podpisywać kontrakt
 2.  kurczyć się|umowa
ii.   1.  [form]  zawierać umowę|zachorować"
contraction,"1.  kurczenie się
 2.  skrót",kənˈtrækʃən
contractor,dostawca,kontrahent|kənˈtræktə|przedsiębiorca
contradict,"1.  zaprzeczać
 2.  przeczyć",ˌkɒntrəˈdɪkt
contradiction,"1.  sprzeczność
 2.  a contradiction in terms 
 - sprzeczność sama w sobie",ˌkɒntrəˈdɪkʃən
contradictory,sprzeczny,ˌkɒntrəˈdɪktərɪ
contraption,dings,kənˈtræpʃən|urządzenie
contrary,1.  odmienny,"coś przeciwnego
 b.
      ""unless i hear anything to the contrary""  - dopóki nie dowiem się czegoś innego|przeciwnie
 3.  contrary to 
 - wbrew|przeciwnie
 4.  a. to the contrary 
 - coś innego|różniący się 
 2.  on the contrary 
 - na odwrót"
contrast,"contrast
i.   1.  kontrast 
 2.  przeciwieństwo 
 3.  by","in contrast 
 - na odwrót|odróżniać się|odwrotnie
 4.  be in contrast with|to 
 - kontrastować z
 5.  in contrast to 
 - w przeciwieństwie do
 6.  be a contrast 
 - stanowić przeciwieństwo
ii.   1.  przeciwstawiać   
 2.  kontrastować"
contravene,naruszać,przekraczać|ˌkɒntrəˈvi:n
contribute,"1.  przyczyniać się 
 2.  oferować","kənˈtrɪbju:t|nadsyłać|wpłacać 
 3.  publikować"
contribution,1.  wkład,"datek 
 3.  praca|publikacja 
 4.  make a contribution to sth 
 - przyczyniać się do czegoś|udział 
 2.  wpłata|ˌkɒntrɪˈbju:ʃən"
contributory,kənˈtrɪbjʊtərɪ,przyczyniający się|składowy
contrite,kənˈtraɪt,skruszony
contrivance,1.  [nieform]  urządzenie,"dings
 2.  pomysł|kənˈtraɪvəns|sztuczka"
contrive,"1.  a. zdołać
 b.
      ""i contrived to escape""  - zdołałem uciec
 2.  aranżować",kənˈtraɪv|wymyślać
contrived,kənˈtraɪvd,sztuczny|wysilony
controller,kontroler,kənˈtrəʊlə
controversial,kontrowersyjny,ˌkɒntrəˈvɜ:ʃəl
controversy,kontrowersja,ˈkɒntrəvɜ:sɪ
conundrum,kənˈnʌndrəm,trudności|zagadka
conurbation,konurbacja,ˌkɒnɜ:ˈbeɪʃən
convalescence,rekonwalescencja,ˌkɒnvəˈlesəns
convalescent,rekonwalescencyjny,ˌkɒnvəˈlesənt
convene,1.  zwoływać,"kənˈvi:n|urządzać
 2.  zbierać się"
convenience,"i.   1.  wygoda
 2.  for sb's convenience 
 - dla czyichś potrzeb
ii.  convenience food   mrożonki",kənˈvi:nɪəns|półprodukty
convenient,dogodny,kənˈvi:nɪənt|wygodny
convent,1.  klasztor żeński,"klasztor
 2.  szkoła przyklasztorna|ˈkɒnvənt"
convention,"1.  konwencja
 2.  układ
 3.  kongres",kənˈvenʃən|zjazd
conventional,konwencjonalny,kənˈvenʃənəl
converge,"1.  zbiegać się
 2.  dochodzić ze wszystkich stron   
 3.  [form]  podlegać konwergencji",kənˈvɜ:ʤ
conversant,kənˈvɜ:sənt,zaznajomiony
conversation,"1.  rozmowa
 2.  have a conversation 
 - rozmawiać
 3.  make conversation 
 - konwersować",wdawać się w rozmowy|ˌkɒnvəˈseɪʃən
conversational,konwersacyjny,ˌkɒnvəˈseɪʃənəl
converse,"converse
i.   [form]   przeprowadzać rozmowę 
ii.    odwrotny
iii.   the converse  odwrotność",
conversely,kənˈvɜ:slɪ,na odwrót
conversion,1.  przekształcenie,"konwersja
 2.  nawrócenie 
 3.  wymiana|kənˈvɜ:ʃən"
convert,"convert
i.   1.  przekształcać
 2.  przestawiać 
 3.  nawracać 
 4.  wymieniać 
ii.    nawrócony",
convertible,"i.    wymienny
ii.    kabriolet",kənˈvɜ:təbəl
convex,kənˈveks,wypukły
convey,1.  przekazywać,"komunikować 
 2.  [form]  transportować|kənˈveɪ"
conveyor belt,kənˈveɪə belt,taśma transportowa
convict,"convict
i.    skazywać","uznawać za winnego 
ii.   [przest]   skazaniec"
conviction,"i.    przekonanie
ii.    udowodnienie winy",kənˈvɪkʃən|zasądzenie
convince,"1.  przekonywać   
 2.  be convinced of sth 
 - być przekonanym o czymś",kənˈvɪns
convivial,kənˈvɪvɪəl,radosny
convoluted,pokręcony,ˈkɒnvəlu:tɪd
convoy,konwój,ˈkɒnvɔɪ
convulse,kənˈvʌls,skręcać się
convulsion,konwulsja,kənˈvʌlʃən
convulsive,konwulsyjny,kənˈvʌlsɪv
coo,gruchać,ku:
cook,"i.    gotować
ii.    kucharz
iii.  cook up  [nieform]   pichcić",kʊk
cookbook,książka kucharska,ˈkʊk bʊk
cooker,kuchenka,ˈkʊkə
cookery,"i.    sztuka kucharska
ii.  cookery book",książka kucharska|ˈkʊkərɪ|ˈkʊkərɪ bʊk
cookie,ciastko,herbatnik|ˈkʊkɪ
cooking,"1.  gotowanie
 2.  kuchnia",ˈkʊkɪŋ
cool,"chłodzić
 2.  studzić się","i.   1.  chłodny
 2.  [ubranie]  cienki|ku:l|przewiewny
ii.   1.  chłodzić się|studzić
 3.  uspokajać
v.  cool off   ochładzać się"
cooped up,zamknięty,ścieśniony|ˌku:pt ˈʌp
cooperate,"1.  współpracować 
 2.  współdziałać",co-operate|kəʊˈɒpəreɪt
cooperation,"1.  współpraca
 2.  współdziałanie",co-operation|kəʊˌɒpəˈreɪʃən
cooperative,co-operative,"i.    spółdzielnia
ii.   1.  wspólny|kəʊˈɒpərətɪv|posłuszny|spółdzielczy
 2.  uczynny"
coopt,co-opt,dokooptowywać|kəʊˈɒpt
coordinate,co-ordinate,"i.   1.  koordynować
 2.  organizować
ii.    [termin]  współrzędna|kəʊˈɔ:dɪneɪt"
coordination,"1.  koordynacja
 2.  organizacja",kəʊˌɔ:dɪˈneɪʃən
coordinator,"1.  koordynator
 2.  organizator",kəʊˈɔ:dɪneɪtə
cop,"i.    gliniarz
ii.  cop out  [nieform]   wymigać się",kɒp
cope,dawać radę,kəʊp|radzić sobie
copenhagen,kopenhaga,kəʊpənˈheɪgən
copious,liczny,obfity|ˈkəʊpɪəs
copout,cop-out,miganie się|ˈkɒpaʊt
copper,"1.  miedź
 2.  [nieform]  gliniarz","moniak|policaj
 3.  [nieform]  miedziak|ˈkɒpə"
copse,gaj,kɒps|zagajnik
copulate,kopulować,spółkować|ˈkɒpjʊleɪt
copulation,kopulacja,ˌkɒpjəˈleɪʃən
copy,"i.   1.  kopia
 2.  egzemplarz
ii.   1.  kopiować
 2.  naśladować
 3.  przepisywać","spisywać|spisywać
iv.  copy out   kopiować|ściągać
iii.  copy down   kopiować|ˈkɒpɪ"
copyright,1.  prawo autorskie,"copyright
 2.  copyright reserved 
 - wszystkie prawa zastrzeżone|ˌkɒpɪˈraɪt"
curb,kerb,krawężnik|kɜ:b
dab,dæb,"i.   1.  nanosić   
 2.  ścierać|odrobina
iii.  dab hand   [br nieform]  mistrz|perfekcjonista|zdejmować 
ii.    szczypta"
dabble,zabawiać się,ˈdæbəl
dachshund,jamnik,ˈdækshʊnd
dad,dæd,tato
daddy,tatuś,ˈdædɪ
daffodil,narcyz  [zwł. trąbkowy],żonkil|ˈdæfədɪl
daft,durny,dɑ:ft|przygłupiasty
dagger,sztylet,ˈdægə
daily,"i.   1.  codzienny
 2.  dzienny
ii.    dziennik
iii.    codziennie",ˈdeɪlɪ
dainty,1.  drobny,"filigranowy
 2.  misterny|ˈdeɪntɪ"
dairy,"i.    mleczarnia
ii.    mleczny",ˈdeərɪ
dais,platforma,podium|ˈdeɪɪs
dakota,dəˈkəʊtə,
dam,dæm,"i.    tama|zapora
ii.    przegradzać
iii.  dam up   przegradzać"
damage,"i.   1.  uszkadzać
 2.  szkodzić
ii.   1.  uszkodzenie 
 2.  szkoda
 3. damages  odszkodowanie",ˈdæmɪʤ
dame,"1.  dama  [tytuł szlachecki]
 2.  [us nieform]  kobieta",damulka|deɪm
damnation,dæmˈneɪʃən,potępienie
damned,"i.    potępiony
ii.   1.  [nieform]  jak cholera
 2.  [nieform]  cholernie
 3.  [nieform]  i'll be damned if  
 - prędzej mnie szlag trafi","jak
 4.  [nieform]  i'll be damned 
 - cholera!
 5.  [nieform]  well i'm damned 
 - cholera!|jak to zrobię|ˈdæmd"
damning,obciążający,potępiający|ˈdæmnɪŋ
damp,dæmp,"i.    wilgotny
ii.   1.  wilgoć
 2.  zawilgocenie
iii.  damp down   zduszać"
dampen,"1.  tłumić
 2.  zwilżać",ˈdæmpən
damson,lubaszka  [śliwka],mirabelka|ˈdæmzən
dance,"i.    tańczyć
ii.   1.  taniec
 2.  tańce",ˈdɑ:ns
dancer,tancerz,ˈdɑ:nsə
dandelion,mlecz,mniszek|ˈdændɪlaɪən
dandruff,łupież,ˈdændrəf
dandy,elegant,ˈdændɪ
dane,deɪn,duńczyk
danger,"1.  niebezpieczeństwo
 2.  groźba
 3.  zagrożenie",ˈdeɪnʤə
dangerous,groźny,niebezpieczny|ˈdeɪnʤərəs
dangle,bujać,bujać się|dyndać|dyndać się|ˈdæŋgəl
danish,duński,ˈdeɪnɪʃ
dank,dæŋk,zawilgocony
danube,"the danube 
 - dunaj",ˈdænju:b
danubian,dunajski,dæˈnju:bɪən|naddunajski
dapper,1.  zadbany,"elegancki
 2.  niewielki|ˈdæpə"
dappled,cętkowany,nakrapiany|ˈdæpəld
daring,i.    odważny,"śmiałość|śmiały
ii.    odwaga|ˈdeərɪŋ"
dark,dɑ:k,"i.   1.  ciemny
 2.  ciemnowłosy
 3.  [uwaga]  mroczny
 4.  [okres]  ponury
ii.    ciemno
iii.   1. the dark  ciemność|mrok
 2.  zmrok
 3.  be in the dark  )
 - nie mieć zielonego pojęcia o czymś|nie mieć zielonego pojęcia"
darken,"1.  zaciemniać się
 2.  przyciemniać się","przyciemniać
 3.  zachmurzać się|ˈdɑ:kən"
darkness,ciemność,ˈdɑ:knəs
darkroom,ciemnia,ˈdɑ:kru:m
darling,"i.    ukochany
ii.   1.  kochanie
 2.  ulubieniec",pieszczoszek|ˈdɑ:lɪŋ
darn,dɑ:n,"i.    cerować
ii.    cera"
dart,dɑ:t,"i.   1.  gnać|lecieć
 2.  rzucać
ii.    strzałka"
darts,dɑ:ts,gra w strzałki
dash,dæʃ,"i.   1.  pędzić|rzucać się
 2.  [gwałtownie]  rzucać
 3.  [nadzieję]  niweczyć
 4.  [nieform]  [śpieszyć się]  lecieć
ii.   1.  [np. wódki]  odrobina|szczypta
 2.  myślnik
 3.  make a dash 
 - rzucać się
iii.  dash off   machnąć"
dashboard,tablica rozdzielcza,ˈdæʃbɔ:d
dashing,dziarski,ˈdæʃɪŋ
data,"[komp]   bank danych
iii.  data processing","[komp]   przetwarzanie danych|i.    dane
ii.  data bank|ˈdeɪtə|ˈdeɪtəbænk"
database,baza danych,ˈdeɪtəbeɪs
date,deɪt,"dziewczyna|i.   1.  data
 2.  randka
 3.  [us nieform]  chłopak|modny
iii.  date back   wywodzić się 
iv.  date from   pochodzić|sympatia
 4.  daktyl  [owoc]
ii.   1.  [wydarzenie]  datować
 2.  [o ubraniu]  wychodzić z mody
 3.  [us nieform]  chodzić 
 4.  out of date 
 - staromodny
 5.  to date 
 - do dnia dzisiejszego
 6.  up to date 
 - nowoczesny"
dated,przestarzały,ˈdeɪtɪd
daub,dɔ:b,rozmazywać|zamazywać
daughter,córka,ˈdɔ:tɚ
daughterinlaw,daughter-in-law,synowa|ˈdɔ:tɚ.ɪn.lɔː
daunt,"1.  odstraszać 
 2.  be daunted 
 - być stropionym",dɔ:nt
dawdle,guzdrać się,ˈdɔ:dəl
dawdler,guzdrała,maruda|ˈdɔ:dlə
dawn,"i.   1.  świt
 2.  początek","zaranie
ii.    1. świtać
 2. uświadomić
 3. dawn on sb 
 - uświadomić komuś|ˈdɔ:n"
day,"1.  dzień
 2.  doba","cały dzień|deɪ|dzień
 3.  by day 
 - za dnia
 4.  day by day 
 - codziennie
 5.  [nieform]  call it a day 
 - przerywać|kończyć
 6.  [nieform]  sth makes one's day 
 - coś budzi czyjąś radość
 7.  to the day 
 - co do dnia
 8.  one"
daybreak,brzask,ˈdeɪbreɪk
daydream,"i.    marzenia
ii.    marzyć",ˈdeɪdri:m
daylight,1.  światło dzienne,"światło
 2.  before daylight 
 - przed świtem|ˈdeɪlaɪt"
daytime,the daytime  pora dzienna,ˈdeɪtaɪm
daytoday,codzienny,day-to-day|ˌdeɪ tə ˈdeɪ
daze,"1.  oszałamiać
 2.  in a daze 
 - oszołomiony",deɪz
dazzle,i.   1.  olśniewać,"oszałamiać
 2.  oślepiać
ii.    blask|ˈdæzəl"
dbl,"dbl.
  podwójny",
dc,"i.
   see also: {direct current}
  prąd stały
ii.
   see also: {district of columbia}
 [us]   dystrykt kolumbii",ˌ$⋅$ˈ$⋅$
de luxe,dɪˈlʌks,luksusowy
deacon,diakon,ˈdi:kən
deaden,zagłuszać,ˈdedən
deadline,termin,termin ostateczny|ˈdedlaɪn
deadlock,martwy punkt,pat|ˈdedlɒk
deadly,"i.    śmiertelny
ii.    śmiertelnie",ˈdedlɪ
deadpan,"i.    śmiertelnie poważny
ii.    śmiertelnie poważnie",ˈdedpæn
deadweight,przygniatający ciężar,ˈdedweɪt
deaf,"1.  głuchy 
 2.  turn a deaf ear to sth 
 - być głuchym na coś",def
deafen,ogłuszać,ˈdefən
deafmute,deaf-mute,głuchoniemy|ˈdefmju:t
deal,di:l,"dużo
 4.  sb has had a bad deal 
 - źle komuś poszło
 5.  [nieform ironicznie]  big deal 
 - wielka sprawa
iii.  deal in   prowadzić
iv.  deal out   [karty]  rozdawać
v.  deal with  1.  postępować
 2.  zajmować się|great deal 
 - wiele|i.   1.  [form]  wymierzać
 2.  rozdawać|rozdzielać 
ii.   1.  umowa
 2.  rozdanie
 3.  a good"
dealer,i.    kupiec,"makler
ii.    rozdający  [karty]|ˈdi:lə"
dealing,1.  postępowanie,"interesy|traktowanie
 2. dealings  business|ˈdi:lɪŋ"
dean,di:n,dziekan
dear,drogi,"drogi
 5.  ``my dear'' 
 -|dɪə|i.    drogi
ii.   1.  [w liście]  kochany|o boże''"
dearly,"1.  z całego serca
 2.  pay dearly for 
 - drogo zapłacić za coś",drogo zapłacić|ˈdɪəlɪ
dearth,dɜ:θ,niedostatek
death,deθ,"i.   1.  śmierć
 2.  at death's door 
 - u progu śmierci
 3.  [nieform]  to death 
 - na śmierć
 4.  [nieform]  be sick to death of sth 
 - mieć czegoś serdecznie dość
 5.  [form]  put to death 
 - zgładzić
ii.  death duty|kara śmierci
iv.  death tax|podatek spadkowy|podatek spadkowy
iii.  death penalty"
deathly,"i.    śmiertelny
ii.    śmiertelnie",ˈdeθlɪ
debar,dɪˈbɑ:,zakazywać
debase,dɪˈbeɪs,obniżać
debatable,dyskusyjny,dɪˈbeɪtəbəl
debauched,dɪˈbɔ:ʧt,rozpustny
debauchery,dɪˈbɔ:ʧərɪ,rozpusta
debilitate,dɪˈbɪlɪteɪt,osłabiać|paraliżować
debit,"i.    obciążać
ii.    debet",ˈdebɪt
debonair,elegancki,wyrafinowany|ˌdebəˈneə
debris,1.  odłamki,"pozostałości|szczątki
 2.  osad|ˈdebrɪ"
debt,"1.  dług
 2.  [form]  be in sb's debt 
 - być czyimś dłużnikiem",det
debtor,dłużnik,ˈdetə
debunk,demaskować,dɪˈbʌŋk
debut,"1.  debiut
 2.  make debut 
 - debiutować",ˈdeɪbju:
dec,"dec.
  grudzień","dec.
  zmarły"
decade,dekada,ˈdekeɪd
decadent,"1.  zdeprawowany
 2.  o niskim standardzie",ˈdekədənt
decaffeinated,bezkofeinowy,dɪˈkæfəneɪtɪd|pozbawiony kofeiny
decagram,deka,dekagram|ˈdekəˌgræm
decanter,dɪˈkæntə,karafka
decapitate,dɪˈkæpɪteɪt,ucinać głowę
decathlon,dziesięciobój,dɪˈkæθlən
decay,dɪˈkeɪ,"i.   1.  gnić
 2.  [o budynkach]  niszczeć
 3.  [o instytucjach]  podupadać|rozkład
 2.  [budynków]  niszczenie
 3.  [instytucji]  podupadanie|rozkładać się
ii.   1.  [np. roślin]  gnicie"
deceased,dɪˈsi:st,zmarły
deceit,dɪˈsi:t,oszukiwanie|oszustwo
deceitful,dɪˈsi:tfʊl,oszukujący|podstępny
deceive,"1.  oszukiwać 
 2.  deceive oneself 
 - łudzić się",dɪˈsi:v
december,dɪˈsembə,grudzień
decency,przyzwoitość,ˈdi:sənsɪ
decent,"1.  przyzwoity
 2.  porządny",ˈdi:sənt
decentralize,decentralizować,dɪˈsentrəlaɪz
deception,"1.  podstęp
 2.  oszustwo",dɪˈsepʃən
deceptive,dɪˈseptɪv,podstępny
decibel,decybel,ˈdesɪbəl
decide,1.  decydować się,"decydować
 4.  stwierdzać|decydować   
 2.  rozstrzygać
 3.  przesądzać|dɪˈsaɪd"
deciduous,dɪˈsɪdju:əs,liściasty
decimal,"i.    dziesiętny
ii.    ułamek dziesiętny",ˈdesəməl
decimate,dziesiątkować,ˈdesəmeɪt
decipher,dɪˈsaɪfə,odszyfrowywać
decision,dɪˈsɪʒən,"i.   1.  decyzja   
 2.  zdecydowanie
ii.  decision maker   decydent"
decisive,"1.  decydujący
 2.  zdecydowany",dɪˈsaɪsɪv|zdeterminowany
deck,1.  piętro,"dek|poziom
 2.  [na statku]  pokład
 3.  [np. magnetofonowy]  deck
 4.  [us]  [kart]  talia
 5.  [lit]  upiększać 
 6.  on deck 
 - na pokładzie"
deckchair,leżak,ˈdekʧeə
deckhand,majtek,ˈdekhænd
declaim,deklamować,dɪˈkleɪm
declamation,deklamacja,ˌdekləˈmeɪʃən
declaration,1.  wyznanie,"deklaracja
 2.  oznajmienie|ˌdekləˈreɪʃən"
declare,"1.  oznajmiać
 2.  deklarować","być|dɪˈkleə|zadeklarować 
 3.  ogłaszać
 4.  zgłaszać do oclenia|zgłaszać
 5.  be declared  
 - być uniewinnionym"
decline,dɪˈklaɪn,"i.    zmniejszać się|odmawiać
 2.  be in decline 
 - zmniejszać się
 3.  on the decline 
 - w upadku|pogarszać się
ii.    zmniejszenie się|pogorszenie
iii.   1.  [form]  odmawiać przyjęcia"
declutch,di:ˈklʌʧ,wyłączać sprzęgło
decode,dekodować,di:ˈkəʊd
decompose,rozkładać się,ˌdi:kəmˈpəʊz
decomposition,rozkład,ˌdi:kəmpəˈzɪʃən
decor,décor,wykończenie|ˈdeɪkɔ:
decorate,"1.  ozdabiać
 2.  odnawiać
 3.  dekorować",ˈdekəreɪt
decoration,"1.  ozdoba
 2.  wykończenie
 3.  odznaczenie",ˌdekəˈreɪʃən
decorative,ozdobny,ˈdekərətɪv
decorous,obyczajny,przyzwoity|ˈdekərəs
decorum,dɪˈkɔ:rəm,obyczajność|przyzwoitość
decoy,i.    przynęta,"odciągać|wabik
ii.    wabić|ˈdi:kɔɪ"
decrease,dɪˈkri:s,"i.    zmniejszać się|spadek|zmniejszać
ii.    zmniejszenie"
decree,"dekretować
ii.    dekret",dɪˈkri:|i.    zarządzać
decrepit,dɪˈkrepɪt,rozpadający się
decry,dɪˈkraɪ,potępiać
dedicate,poświęcać,poświęcać się|ˈdedɪkeɪt
dedicated,1.  oddany,"o specjalnym przeznaczeniu|ofiarny
 2.  [komp]  specjalizowany|ˈdedɪkeɪtɪd"
dedication,1.  ofiarność,"poświęcenie
 2.  dedykacja|poświęcenie się|ˌdedɪˈkeɪʃən"
deduce,dedukować,dɪˈdju:s|wyciągać wnioski
deduct,dɪˈdʌkt,odejmować|potrącać
deduction,1.  dedukcja,"dɪˈdʌkʃən|odliczenie|wnioskowanie
 2.  potrącenie"
deed,1.  [lit]  czyn,"di:d|umowa|wyczyn
 2.  akt"
deem,di:m,domniemywać|sądzić
deep,di:p,"dɪ:pˈfri:z|i.   1.  głęboki
 2.  intensywny
 3.  niski
ii.   1.  głęboko
 2.  be  deep 
 - mieć głębokość 2 stóp|inside sb 
 - w czyimś sercu
 4.  go|mieć głębokość
 3.  deep down"
deepen,"1.  pogłębiać
 2.  stawać się głębszym",ˈdi:pən
deepseated,deep-seated,dɪ:p ˈsi:tɪd|zakorzeniony
deer,dɪə,jeleń
deface,dɪˈfeɪs,szpecić|zamazywać
defamation,zniesławienie,ˌdefəˈmeɪʃən
defeat,dɪˈfi:t,"i.   1.  zwyciężać|pokonywać
 2.  [w głosowaniu]  odrzucać
 3.  [etyka]  zawodzić
ii.   1.  klęska
 2.  przegrana"
defecate,wypróżniać się,ˈdefəkeɪt
defect,"defect
i.    defekt","wada   
ii.   1.  odłączać się
 2.  uciekać"
defection,dɪˈfekʃən,odłączenie się
defective,dɪˈfektɪv,wadliwy|z defektem
defector,dɪˈfektə,emigrant|uciekinier
defence,defense,dɪˈfens|obrona
defenceless,bezbronny,dɪˈfenslɪs
defend,bronić,dɪˈfend
defendant,dɪˈfendənt,oskarżony|pozwany
defense,defence,dɪˈfens|obrona
defensive,dɪˈfensɪv,obronny
defer,1.  odkładać,"dɪˈfɜ:|liczyć się|odraczać
 2.  ustępować"
deference,szacunek,względy|ˈdefərəns
deferential,pełen szacunku,ˌdefəˈrenʃəl
defiance,dɪˈfaɪəns,wyzwanie
defiant,buntowniczy,dɪˈfaɪənt|wyzywający
deficiency,"1.  niedostatek
 2.  nieefektywność",dɪˈfɪʃənsɪ
deficient,"1.  [form]  nieefektywny
 2.  be deficient in sth 
 - mieć za mało czegoś",dɪˈfɪʃənt
deficit,deficyt,ˈdefɪsɪt
defile,brukać,dɪˈfaɪl|kalać
define,definiować,dɪˈfaɪn
definite,[gram]   rodzajnik określony,"i.   1.  określony|prawdziwy
 3.  zdecydowany
ii.  definite article|przedimek określony|sprecyzowany
 2.  pewny"
definitely,i.    z pewnością,"zdecydowanie
ii.    ostatecznie|ˈdefɪnɪtlɪ"
definition,"1.  definicja
 2.  określoność","wyrazistość
 3.  by definition 
 - z definicji|ˌdefɪˈnɪʃən"
definitive,"1.  ostateczny
 2.  podsumowujący",definitywny|dɪˈfɪnɪtɪv
deflate,di:ˈfleɪt,pozbawiać się powietrza|wypuszczać powietrze
deflect,"1.  odwracać
 2.  odchylać się",di:ˈflekt
deform,deformować,di:ˈfɔ:m|zniekształcać
deformity,1.  deformacja,"di:ˈfɔ:mɪtɪ|zniekształcenie
 2.  ułomność"
defrost,1.  odmrażać się,"odmrażać
 2.  rozmrażać|ˌdi:ˈfrɒst"
deft,sprawny,zgrabny
defunct,dɪˈfʌŋkt,zmarły
defuse,dɪˈfju:z,rozbrajać|rozładowywać
deg,"deg.
  stopień",
degenerate,"degenerate
i.    przeradzać się","przekształcać się   
ii.    zdegenerowany
iii.    degenerat"
degradation,nędza,poniżenie|ˌdegrəˈdeɪʃən
degrade,degradować,dɪˈgreɪd|poniżać
degree,"1.  stopień
 2.  by degrees 
 - stopniowo
 3.  have a degree 
 - mieć stopień naukowy","dɪˈgri:|mieć stopień|mieć wykształcenie uniwersyteckie
 4.  do|take a degree in sth 
 - studiować coś"
dehydrate,odwadniać,odwadniać się|wysuszać|wysuszać się|ˌdi:ˈhaɪdreɪt
deign,deɪn,raczyć
deity,bóstwo,ˈdi:ɪtɪ
dejected,dɪˈʤektɪd,przygnębiony
dejection,dɪˈʤekʃən,przygnębienie
dekagram,deka,ˈdekəˌgræm
delaware,ˈdeləweə,
delay,dɪˈleɪ,"i.   1.  opóźniać|opóźnienie|zwlekać
 2.  wstrzymywać
ii.    zwłoka"
delectable,"1.  rozkoszny
 2.  smakowity",dɪˈlektəbəl
delegate,"delegate
i.    delegat","reprezentant
ii.   1.  delegować
 2.  przekazywać|udzielać"
delegation,delegacja,ˌdelɪˈgeɪʃən
delete,1.  usuwać,"dɪˈli:t|wymazywać
 2.  [komp]  kasować"
deliberate,"deliberate
i.   1.  rozmyślny","roztrząsać|roztrząsać sprawę|świadomy
 2.  rozważny
ii.   [form]   obradować"
deliberation,"1.  rozważanie
 2. deliberations  obrady
 3.  with deliberation 
 - z rozwagą",dɪˌlɪbəˈreɪʃən|z namaszczeniem
delicacy,"1.  delikatność
 2.  delikates",przysmak|ˈdelɪkəsɪ
delicate,"1.  delikatny
 2.  czuły",ˈdelɪkɪt
delicious,dɪˈlɪʃəs,wyborny
delight,dɪˈlaɪt,"i.   1.  zachwyt
 2.  przyjemność|radość
ii.   1.  zachwycać
 2.  radować się"
delightful,dɪˈlaɪtfʊl,rozkoszny|zachwycający
delimiter,di:ˈlɪmɪtə,ogranicznik|separator
delinquency,dɪˈlɪŋkwənsɪ,przestępczość|przestępczość młodocianych
delinquent,dɪˈlɪŋkwənt,"i.    przestępczy
ii.    młodociany przestępca|przestępca"
delirious,1.  majaczący,"dɪˈlɪərɪəs|w gorączce
 2.  podekscytowany"
delirium,dɪˈlɪərɪəm,majaczenie
deliver,"1.  dostarczać
 2.  [form]  przekazywać
 3.  wygłaszać
 4.  odbierać dziecko",dɪˈlɪvə|odbierać
delivery,1.  doręczanie poczty,"doręczanie
 2.  dostawa
 3.  sposób wygłaszania
 4.  poród|dɪˈlɪvərɪ"
delude,dɪˈlu:d,łudzić|łudzić się
deluge,"i.   1.  potop
 2.  zalew
ii.    zasypywać",ˈdelju:ʤ
delusion,dɪˈlu:ʒən,złudzenie
delve,"1.  wgłębiać się 
 2.  przekopywać",delv
dem,"dem.
i.
   see also: {democrat}
  demokrata
ii.
   see also: {democratic}
  demokratyczny",
demand,dɪˈmɑ:nd,"i.   1.  domagać się|żądać     
 2.  wymagać 
ii.   1.  żądanie
 2.  zapotrzebowanie 
 3.  popyt 
 4. demands  wymagania 
 5.  in demand 
 - cieszący się popytem
 6.  on demand 
 - na żądanie"
demarcation,demarkacja,rozgraniczenie|ˌdi:mɑ:ˈkeɪʃən
demean,dɪˈmi:n,poniżać|poniżać się
demeanor,demeanour,dɪˈmi:nə|postawa|zachowanie się
demeanour,demeanor,dɪˈmi:nə|postawa|zachowanie się
demented,dɪˈmentɪd,szalony
demise,dɪˈmaɪz,zgon
demobilise,demobilize,demobilizować|dɪˈməʊbɪlaɪz
demobilization,demobilizacja,di:ˌməʊbɪlaɪˈzeɪʃən
demobilize,demobilise,demobilizować|dɪˈməʊbɪlaɪz
democracy,"1.  demokracja
 2.  państwo demokratyczne",dɪˈmɒkrəsɪ
democrat,demokrata,ˈdeməkræt
democratic,demokratyczny,ˌdeməˈkrætɪk
demolish,"1.  burzyć
 2.  obalać",dɪˈmɒlɪʃ
demolition,"1.  zburzenie
 2.  obalenie",ˌdeməˈlɪʃən
demon,ˈdi:mən,
demonic,demoniczny,dɪˈmɒnɪk|złowrogi
demonstrate,"1.  wykazywać
 2.  dowodzić
 3.  demonstrować",demonstrować|ˈdemənstreɪt
demonstration,"1.  demonstracja
 2.  pokaz
 3.  wykazanie
 4.  okazanie",ˌdemənˈstreɪʃən
demonstrative,dɪˈmɒnstrətɪv,wylewny
demoralize,"1.  demoralizować
 2.  pozbawiać pewności siebie",dɪˈmɒrəlaɪz
demote,degradować,dɪˈməʊt
demur,dɪˈmɜ:,odmawiać|sprzeciwiać się
demure,dɪˈmjʊə,skromny|układny
den,nora,
denial,"1.  odmowa
 2.  make a denial 
 - zaprzeczać",dɪˈnaɪəl|odrzucać
denigrate,ganić,niesłusznie ganić|zniesławiać|ˈdenɪgreɪt
denim,"1.  dżins
 2. denims  dżinsy",ˈdenɪm
denmark,dania,ˈdenmɑ:k
denomination,dɪˌnɒmɪˈneɪʃən,wyznanie
denote,"1.  określać
 2.  oznaczać",dɪˈnəʊt
denounce,demaskować,dɪˈnaʊns|oskarżać
dense,"1.  gęsty
 2.  [nieform]  tępy",dens
density,gęstość,ˈdensɪtɪ
dent,"i.    wginać
ii.    wgięcie",
dental,zębny,zębowy|ˈdentəl
dentist,dentysta,ˈdentɪst
dentures,sztuczne szczęki,sztuczne zęby|ˈdenʧəz
denude,dɪˈnju:d,ogołacać
denunciation,dɪˌnʌnsɪˈeɪʃən,krytyka|zdemaskowanie
deny,"1.  zaprzeczać
 2.  odmawiać",dɪˈnaɪ
deodorant,dezodorant,di:ˈəʊdərənt
depart,"1.  odjeżdżać 
 2.  odbiegać",dɪˈpɑ:t|odstępować
departed,"1.  miniony
 2.  zmarły",dɪˈpɑ:tɪd
department,dom towarowy,"dɪˈpɑ:tmənt|dɪˈpɑ:tmənt stɔ:|i.   1.  instytut
 2.  wydział
 3.  departament
ii.  department store"
departure,"1.  odjazd
 2.  odstąpienie",di:ˈpɑ:ʧə
depend,"1.  zależeć   
 2.  polegać   
 3.  ``it depends'' 
 -","dɪˈpend|to zależy''
 4.  depending on  
 - w zależności od czegoś|w zależności od"
dependable,dɪˈpendəbəl,niezawodny
dependant,dɪˈpendənt,osoba na czyimś utrzymaniu
dependence,dɪˈpendəns,zależność
dependent,dɪˈpendənt,"i.    zależny   
ii.    osoba na czyimś utrzymaniu"
depict,dɪˈpɪkt,przedstawiać
depiction,dɪˈpɪkʃən,przedstawienie
deplete,dɪˈpli:t,wyczerpywać
deplorable,dɪˈplɔ:rəbəl,żałosny
deplore,dɪˈplɔ:,potępiać
deploy,dɪˈplɔɪ,rozmieszczać|rozmieszczać w gotowości
deport,deportować,dɪˈpɔ:t
deportation,deportacja,ˌdi:pɔ:ˈteɪʃən
deportment,dɪˈpɔ:tmənt,sposób poruszania się|zachowanie się
depose,dɪˈpəʊz,usuwać|usuwać ze stanowiska
deposit,"deponować
ii.   1.  [minerałów]  złoże","dɪˈpɒzɪt|i.   1.  osadzać się|lokata
 4.  [przy kupnie]  zadatek|osad
 2.  [pieniężny]  depozyt
 3.  [w banku]  wkład"
depot,"1.  skład
 2.  [us]  stacja kolejowa",stacja|ˈdepəʊ
depraved,dɪˈpreɪvd,zdemoralizowany|zdeprawowany
depreciate,deprecjonować,deprecjonować się|dɪˈpri:ʃɪeɪt|tracić na wartości
depreciation,deprecjacja,dewaluacja|dɪˌpri:ʃɪˈeɪʃən
depress,1.  deprymować,"dɪˈpres|przygnębiać
 2.  obniżać"
depressed,"1.  przygnębiony
 2.  podupadły",dɪˈprest
depression,depresja,dɪˈpreʃən|przygnębienie
deprive,dɪˈpraɪv,pozbawiać
deprived,"1.  pozbawiony wszystkiego
 2.  spauperyzowany",dɪˈpraɪvd
dept,"dept.
  wydział",
depth,"1.  głębokość
 2.  głębia
 3.  in depth 
 - intensywny
 4.  be out of depth 
 - nie orientować się",depθ
deputation,delegacja,ˌdepjʊˈteɪʃən
deputize,zastępować,ˈdepjʊtaɪz
deputy,zastępca,ˈdepjʊtɪ
derail,wykolejać,ˌdi:ˈreɪl
deranged,dɪˈreɪnʤd,szalony
derby,"1.  derby
 2.  [us]  melonik",dɑ:bɪ
derelict,opuszczony,zaniedbany|ˈderɪlɪkt
deride,dɪˈraɪd,wyśmiewać
derision,dɪˈrɪʒən,szyderstwo|wyśmiewanie się
derisory,dɪˈraɪsərɪ,śmiesznie mały
derivation,pochodzenie,ˌderɪˈveɪʃən
derivative,dɪˈrɪvətɪv,"i.    pochodny|wtórny
ii.    rzecz pochodna"
derive,1.  pochodzić,"dɪˈraɪv|otrzymywać|wywodzić się 
 2.  [form]  czerpać"
dermatitis,zapalenie skóry,ˌdɜ:məˈtaɪtɪs
derogatory,dɪˈrɒgətərɪ,lekceważący|negatywny
derrick,dźwig,ˈderɪk
descend,1.  [form]  zniżać się,"dɪˈsend|po czymś)
 2.  zjawiać się nagle|schodzić (sth - z czegoś|zwalać się   
 3.  zniżać się"
descendant,dɪˈsendənt,potomek
descent,1.  zejście w dół,"dɪˈsent|schodzenie
 2.  pochodzenie"
describe,dɪˈskraɪb,opisywać
description,"1.  opis
 2.  opisywanie
 3.  of  description 
 - takiego rodzaju",dɪˈskrɪpʃən|rodzaju
descriptive,dɪˈskrɪptɪv,opisowy
desecrate,bezcześcić,ˈdesɪkreɪt
desert,"desert
i.    pustynia
ii.   1.  porzucać
 2.  dezerterować",
deserter,dezerter,dɪˈzɜ:tə
deserve,dɪˈzɜ:v,zasługiwać
designation,mianowanie,ˌdezɪˈgneɪʃən
designer,dɪˈzaɪnə,projektant
desirable,"1.  wskazany
 2.  atrakcyjny",dɪˈzaɪərəbəl
desire,"a great deal* to be desired 
 - pozostawiać wiele do życzenia","dɪˈzaɪə|i.   1.  [form]  chcieć|mieć ochotę
 2.  pożądać
ii.   1.  ochota
 2.  pożądanie
 3.  leave *a lot"
desirous,dɪˈzaɪərəs,pragnący
desist,dɪˈzɪst,zaniechać
desk,biurko,
desktop,[komp]   mała poligrafia,"biurkowy
ii.  desktop publishing|i.    [komputer]  stołowy|ˈdesktɒp|ˌdesktɒp ˈpʌblɪʃɪŋ"
desolate,"1.  bezludny
 2.  opuszczony",ˈdesələt
desolation,1.  wyludnienie,"pustka
 2.  uczucie opuszczenia|ˌdesəˈleɪʃən"
despair,dɪˈspeə,"i.    rozpacz
ii.   1.  rozpaczać 
 2.  tracić nadzieję"
despatch,1.  odprawiać,"dispatch|dɪˈspæʧ|wysyłać
 2.  sprawozdanie"
desperate,"i.   1.  doprowadzony do ostateczności
 2.  zdesperowany
 3.  beznadziejny
ii.    rozpaczliwie potrzebować",ˈdespərɪt
desperation,desperacja,ˌdespəˈreɪʃən
despicable,dɪˈspɪkəbəl,podły
despise,dɪˈspaɪz,pogardzać
despite,dɪˈspaɪt,mimo|pomimo
despondent,dɪˈspɒndənt,zniechęcony
despot,[władca]  despota,ˈdespɒt
despotic,despotyczny,dɪˈspɒtɪk
dessert,deser,dɪˈzɜ:t
destination,miejsce przeznaczenia,ˌdestɪˈneɪʃən
destined,przeznaczony,stworzony|ˈdestɪnd
destiny,przeznaczenie,ˈdestɪnɪ
destitute,bez środków do życia,ˈdestɪtju:t
destitution,nędza,ˌdestɪˈtju:ʃən
destroy,"1.  niszczyć
 2.  wybijać",dɪˈstrɔɪ|zabijać
destroyer,dɪˈstrɔɪə,niszczyciel
destruction,dɪˈstrʌkʃən,zniszczenie
destructive,dɪˈstrʌktɪv,niszczycielski
desultory,chaotyczny,zniechęcony|ˈdesəltərɪ
detach,dɪˈtæʧ,odczepiać|odłączać
detachable,dɪˈtæʧəbəl,zdejmowalny
detached,"1.  wolno stojący
 2.  bezstronny",dɪˈtæʧt|zdystansowany
detachment,1.  niezależność,"dɪˈtæʧmənt|obojętność
 2.  oddział"
detail,"i.   1.  szczegół
 2.  detal
ii.   1.  [form]  wyszczególnić","uszczegółowić
 2.  in detail 
 - szczegółowo|ˈdi:teɪl"
detain,dɪˈteɪn,zatrzymywać
detect,"1.  wyczuwać
 2.  wykrywać",dɪˈtekt
detection,"1.  wykrywanie
 2.  wykrycie",dɪˈtekʃən
detective,dɪˈtektɪv,"i.    detektyw
ii.    detektywistyczny"
detente,détente,odprężenie|ˈdeɪtɒnt
detention,areszt,dɪˈtenʃən|zatrzymanie
deter,dɪˈtɜ:,odwodzić
detergent,dɪˈtɜ:ʤənt,"i.    detergent
ii.    detergentowy"
deteriorate,dɪˈtɪərɪəreɪt,pogarszać się|psuć się
deterioration,dɪˌtɪərɪəˈreɪʃən,pogarszanie się
determination,1.  determinacja,"dɪˌtɜ:mɪˈneɪʃən|określenie|zdecydowanie
 2.  ustalenie"
determine,"1.  determinować
 2.  określać","dɪˈtɜ:mɪn|ustalać
 3.  stwierdzać
 4.  [form]  postanawiać"
determined,dɪˈtɜ:mɪnd,zdecydowany
deterrent,dɪˈterənt,"i.    środek odstraszający
ii.    odstraszający"
detest,dɪˈtest,nie cierpieć
detestable,dɪˈtestəbəl,nienawistny
detonate,detonować,ˈdetəneɪt
detour,objazd,ˈdi:tʊə
detract,dɪˈtrækt,umniejszać
detriment,"to the detriment of 
 - ze szkodą dla kogoś",ze szkodą dla|ˈdetrɪmənt
detrimental,szkodliwy,ˌdetrɪˈmentəl
deuce,dju:s,równowaga
devaluation,dewaluacja,di:ˌvæljʊˈeɪʃən
devalue,"1.  nie doceniać
 2.  dewaluować",di:ˈvælju:
devastate,dewastować,ˈdevəsteɪt
develop,1.  rozwijać się,"dɪˈveləp|rozwijać
 2.  dostawać
 3.  opracowywać
 4.  wywoływać
 5.  the computer develops a  fault 
 - u komputera występuje nowy defekt|u komputera występuje defekt"
developer,"1.  przedsiębiorca budowlany
 2.  wywoływacz
 3.  be a  developer 
 - późno się rozwijać",dɪˈvelɒpə|się rozwijać
development,"1.  rozwój
 2.  osiągnięcie
 3.  wypadek",dɪˈvelɒpmənt|wydarzenie
deviant,odbiegający od normy,ˈdi:vɪənt
deviate,i.    odchodzić,"odbiegać 
ii.    [us]  odbiegający od normy|ˈdi:vɪeɪt"
deviation,dewiacja,ˌdi:vɪˈeɪʃən
device,"1.  urządzenie
 2.  sposób","dɪˈvaɪs|metoda
 3.  leave sb to his own devices 
 - pozostawić kogoś samemu sobie"
devil,"1. the devil  szatan
 2.  diabeł","biedak
 4.   the devil  :the :devil)
 - co u diabła|czart
 3.  [nieform]  a (silly|poor) devil 
 - głupek|u diabła"
devilish,diabelski,ˈdevəlɪʃ
devious,1.  pokrętny,"kręty
 2.  okrężny|ˈdi:vɪəs"
devise,dɪˈvaɪs,obmyślać|wynajdować
devoid,dɪˈvɔɪd,pozbawiony
devolution,przekazanie uprawnień,ˌdi:vəˈlu:ʃən
devolve,dɪˈvɒlv,przechodzić
devote,dɪˈvəʊt,poświęcać
devoted,"1.  oddany   
 2.  wytężony",dɪˈvəʊtɪd
devotee,zapaleniec,ˌdevəˈti:
devotion,"1.  oddanie 
 2.  poświęcenie 
 3.  pobożność",dɪˈvəʊʃən
devour,"1.  pożerać
 2.  pochłaniać",dɪˈvaʊə
devout,dɪˈvəʊt,pobożny
dew,dju:,rosa
dexterous,sprawny,ˈdekstərəs
diabetes,cukrzyca,ˌdaɪəˈbɪ:ti:z
diabetic,cukrzycowy,"i.    cukrzyk
ii.    przeciwcukrzycowy|ˌdaɪəˈbetɪk"
diabolical,1.  [form]  diaboliczny,"szatański
 2.  [nieform przen]  piekielny|ˌdaɪəˈbɒlɪkəl"
diag,"diag.
  wykres",
diagnose,diagnozować,ˈdaɪəgnəʊz
diagnosis,diagnoza,ˌdaɪəgˈnəʊsɪs
diagonal,daɪˈægənəl,"i.    poprzeczny|ukośny
ii.    przekątna"
diagram,wykres,ˈdaɪəgræm
dial,"i.   1.  tarcza
 2.  strojenie","wykręcać|zakres
ii.    wybierać|ˈdaɪəl"
dialect,dialekt,ˈdaɪəlekt
dialog,1.  dialog,"dialogue|porozumienie
 2.  rozmowa|ˈdaɪəlɒg"
dialogue,1.  dialog,"dialog|porozumienie
 2.  rozmowa|ˈdaɪəlɒg"
diameter,daɪˈæmɪtə,średnica
diametrically,diametralnie,ˌdaɪəˈmetrɪklɪ
diamond,1.  diament,"brylant
 2.  romb
 3.  karo|ˈdaɪəmənd"
diaper,pielucha,ˈdaɪəpə
diaphragm,"1.  przepona
 2.  przegroda","przysłona
 3.  [antykoncepcyjna]  diafragma|ˈdaɪəfræm"
diarrhea,biegunka,diarrhoea|ˌdaɪəˈrɪə
diarrhoea,biegunka,diarrhea|ˌdaɪəˈrɪə
diary,1.  dziennik,"pamiętnik
 2.  [kieszonkowy]  kalendarzyk|ˈdaɪərɪ"
dice,daɪs,"i.    kostka do gry|kostka
ii.    krajać w kostkę"
dicey,niepewny,ryzykowny|ˈdaɪsɪ
dichotomy,daɪˈkɒtəmɪ,dychotomia
dictate,"dictate
i.   1.  dyktować
 2.  nakazywać   
ii.    nakaz",dyktat
dictation,"1.  dyktowanie
 2.  dyktando",dɪkˈteɪʃən
dictator,dyktator,dɪkˈteɪtə
dictatorial,dyktatorski,ˌdɪktəˈtɔ:rɪəl
dictatorship,dyktatura,dɪkˈteɪtəʃɪp
diction,dykcja,ˈdɪkʃən
dictionary,słownik,ˈdɪkʃənərɪ
didactic,daɪˈdæktɪk,dydaktyczny
diesel,"1.  diesel
 2. diesel oil  olej napędowy",ˈdi:zəl
diet,"i.   1.  pożywienie
 2.  dieta
ii.    dietetyczny
iii.    być na diecie",ˈdaɪət
diff,"diff.
  różnica",
difference,"1.  różnica
 2.  nieporozumienie
 3.  sth makes all the difference 
 - coś zmienia postać rzeczy",ˈdɪfərəns
different,różniący się,różny|ˈdɪfərənt
differential,"i.    zróżnicowany
ii.    zróżnicowanie",ˌdɪfəˈrenʃəl
differentiate,1.  rozróżniać,"odróżniać
 2.  różnicować|ˌdɪfəˈrenʃɪeɪt"
difficult,trudny,ˈdɪfɪkəlt
difficulty,"1.  trudność
 2.  have difficulty doing sth 
 - robić coś z trudem","difficulties 
 - w przypadku trudności|robić coś z trudnością
 3.  in difficulty|w przypadku kłopotów|ˈdɪfɪkəltɪ"
diffident,nieśmiały,płochliwy|ˈdɪfɪdənt
diffuse,"diffuse
i.   [form]  1.  rozpraszać się
 2.  rozchodzić się
 3.  szerzyć
ii.   1.  zagmatwany
 2.  rozproszony",
dig,dɪg,"i.   1.  kopać|przytyk 
iii.  dig out  1.  odkopywać 
 2.  wygrzebywać
iv.  dig up  1.  wykopywać
 2.  wygrzebywać|w)
 3.  wciskać się|wciskać 
ii.    szpilka"
digest,"digest
i.   1.  trawić
 2.  przetrawiać
ii.    przegląd",
digestion,"1.  trawienie
 2.  system trawienny",daɪˈʤesʧən
digit,"1.  cyfra
 2.  [termin]  palec",ˈdɪʤɪt
digital,cyfrowy,ˈdɪʤɪtəl
dignified,dostojny,dystyngowany|ˈdɪgnɪfaɪd
dignify,przydawać godności,ˈdɪgnɪfaɪ
dignitary,dostojnik,ˈdɪgnɪtərɪ
dignity,"1.  dostojeństwo
 2.  godność",ˈdɪgnɪtɪ
digress,daɪˈgres,robić dygresję
digression,daɪˈgreʃən,dygresja
dike,daɪk,dyke|grobla
dilapidated,dɪˈlæpɪdeɪtɪd,zniszczony|zrujnowany
dilate,daɪˈleɪt,rozszerzać się
dilemma,dylemat,dɪˈlemə
diligent,pracowity,staranny|ˈdɪlɪʤənt
dilute,daɪˈlu:t,rozcieńczać
dim,dɪm,"i.   1.  ciemny|mroczny
 2.  niewyraźny
 3.  zamazany
 4.  [nieform]  ciemny
ii.    przygaszać się|przygaszać"
dime,daɪm,dziesięciocentówka
dimension,"1.  aspekt 
 2.  rozmiar
 3.  wymiar",daɪˈmenʃən
diminish,dɪˈmɪnɪʃ,zmniejszać się
diminutive,drobny,dɪˈmɪnjʊtɪv|miniaturowy
dimple,dołek  [w policzku],ˈdɪmpəl
din,dɪn,harmider
dine,"a. jeść obiad
 b.
      ""dine out""  - jeść obiad poza domem",daɪn
diner,1.  gość w restauracji,"gość
 2.  [us]  knajpka|ˈdaɪnə"
dinghy,ponton,ˈdɪŋgɪ
dingy,"1.  obskurny
 2.  wyświechtany",spłowiały|ˈdɪnʤɪ
dining room,"1.  jadalnia
 2.  restauracja hotelowa","restauracja
 3.  stołówka|ˈdaɪnɪŋ ru:m"
dinner,"i.    obiad
ii.    obiadowy
iii.  dinner jacket","przyjęcie|przyjęcie z posiłkiem|smoking
iv.  dinner party|ˈdɪnə"
dinosaur,dinozaur,ˈdaɪnəsɔ:
diocese,diecezja,ˈdaɪəsɪs
dip,"dip.
  dyplom","dɪp|i.   1.  zanurzać|moczyć   
 2.  opadać|obniżać
ii.   1.  wgłębienie
 2.  kąpiel"
diphtheria,błonica,dyfteryt|dɪfˈθɪərɪə
diphthong,dyftong,ˈdɪfθɒŋ
diploma,dyplom,dɪˈpləʊmə
diplomacy,dyplomacja,dɪˈpləʊməsɪ
diplomat,dyplomata,ˈdɪpləmæt
diplomatic,dyplomatyczny,ˌdɪpləˈmætɪk
dire,skrajny,straszny|ˈdaɪə
direct,dɪˈrekt,"i.   1.  bezpośredni
 2.  [atak]  otwarty
ii.    [pochodzić]  bezpośrednio
iii.   1.  [przesyłać]  kierować     
 2.  [film]  reżyserować
 3.  [form]  [akcją]  zarządzać
 4.  [nakazywać]  przykazywać
iv.    [potomek]  w prostej linii"
direction,"1.  kierunek
 2. directions  wskazówki
 3.  reżyseria","dyrekcja
 4.  under sb's direction 
 - pod czyimś kierownictwem|dɪˈrekʃən"
directive,dɪˈrektɪv,wytyczna
director,"1.  dyrektor
 2.  reżyser",dɪˈrektə
directory,1.  spis,"dɪˈrektərɪ|książka  [adresowa|telefoniczna]
 2.  [komp]  katalog"
dirt,1.  brud,"dɜ:t|kurz
 2.  błoto|ziemia"
dirty,"brudzić
iii.    nieprzyzwoity","i.    brudny
ii.    brudzić się|ˈdɜ:tɪ"
disability,inwalidztwo,ułomność|ˌdɪsəˈbɪlɪtɪ
disable,dɪsˈeɪbəl,okaleczać
disabled,dɪsˈeɪbəld,kaleki|ułomny
disadvantage,1.  strona ujemna,"wada
 2.  at a disadvantage 
 - w niekorzystnym położeniu
 3.  to sb's disadvantage 
 - na czyjąś niekorzyść|ˌdɪsədˈvɑ:ntɪʤ"
disadvantageous,niekorzystny,ˌdɪsədˈvɑ:ntɪʤəs
disagree,"1.  nie zgadzać się   
 2.  [nieform]  szkodzić",ˌdɪsəˈgri:
disagreeable,"1.  nieprzyjemny
 2.  niemiły",przykry|ˌdɪsəˈgri:əbəl
disagreement,1.  niezgoda,"rozbieżność opinii
 2.  kłótnia|ˌdɪsəˈgri:mənt"
disallow,oddalać,odrzucać|ˌdɪsəˈlaʊ
disappear,"1.  znikać
 2.  ginąć",ˌdɪsəˈpɪə
disappearance,zniknięcie,ˌdɪsəˈpɪərəns
disappoint,rozczarowywać,ˌdɪsəˈpɔɪnt
disappointed,rozczarowany,ˌdɪsəˈpɔɪntɪd
disappointment,"1.  rozczarowanie
 2.  zawód",ˌdɪsəˈpɔɪntmənt
disapproval,dezaprobata,ˌdɪsəˈpru:vəl
disapprove,przyjmować z dezaprobatą,ˌdɪsəˈpru:v
disarm,dɪsˈɑ:m,rozbrajać|rozbrajać się
disarmament,dɪsˈɑ:məmənt,rozbrojenie
disarray,"1.  be  into disarray  :into :disarray)
 - być w chaosie
 2.  be in disarray 
 - być w nieładzie",ˌdɪsəˈreɪ
disaster,"1.  klęska
 2.  katastrofa",dɪˈzɑ:stə
disastrous,"1.  katastrofalny
 2.  okropny",dɪˈzɑ:strəs
disband,dɪsˈbænd,rozchodzić|rozchodzić się|rozwiązywać|rozwiązywać się
disbelief,niewiara,ˌdɪsbɪˈli:f
disbelieve,nie dawać wiary,ˌdɪsbɪˈli:v
disc,1.  krążek,"disk|dyskietka|dɪsk|krążek międzykręgowy
 3.  płyta  [np. gramofonowa]
 4.  [komp]  dysk"
discard,dɪsˈkɑ:d,pozbywać się|wyrzucać
discern,"1.  dostrzegać
 2.  spostrzegać",dɪˈsɜ:n
discerning,bystry,dɪˈsɜ:nɪŋ|przenikliwy
discharge,"discharge
i.   1.  zwalniać
 2.  [form]  [zadanie","obowiązki]  wypełniać
 3.  [form]  [ścieki|spuszczać
ii.   1.  [ze szpitala|substancje]  wydzielać|wojska]  zwolnienie
 2.  [form]  [ścieków]  spuszczanie"
disciple,dɪˈsaɪpəl,uczeń
disciplinary,dyscyplinarny,ˈdɪsɪplɪnərɪ
discipline,"i.   1.  dyscyplina
 2.  zdyscyplinowanie","karność
ii.   1.  zdyscyplinowywać|kontrolować
 2.  karać|ˈdɪsɪplɪn"
disclaim,dɪsˈkleɪm,wypierać się
disclose,dɪsˈkləʊz,ujawniać
disclosure,dɪsˈkləʊʒə,ujawnienie
disco,dyskoteka,ˈdɪskəʊ
discolor,discolour,dɪsˈkʌlə|odbarwiać|odbarwiać się
discolour,discolor,dɪsˈkʌlə|odbarwiać|odbarwiać się
discomfort,"1.  dolegliwość
 2.  niepokój
 3. discomforts  niedogodności",dɪsˈkʌmfət
disconcert,peszyć,zbijać z tropu|ˌdɪskənˈsɜ:t
disconcerting,kłopotliwy,ˌdɪskənˈsɜ:tɪŋ
disconnect,rozłączać,ˌdɪskəˈnekt
disconnected,nie powiązany,niespójny|ˌdɪskəˈnektɪd
disconsolate,dɪsˈkɒnsələt,posępny
discontent,niezadowolenie,ˌdɪskənˈtent
discontented,niezadowolony,ˌdɪskənˈtentɪd
discontinue,przerywać,ˌdɪskənˈtɪnju:
discord,"1.  [lit]  niezgoda
 2.  [muz]  dysonans",ˈdɪskɔ:d
discordant,"1.  [form]  niezgodny
 2.  [muz]  dysonansowy",dɪˈskɔ:dənt
discotheque,dyskoteka,ˈdɪskətek
discount,"discount
i.    obniżka","rabat
ii.    nie liczyć się"
discourage,"1.  zniechęcać
 2.  odwodzić",dɪsˈkʌrɪʤ
discourse,"i.    rozprawa
ii.    [form]  rozprawiać   
iii.    [form]  dyskurs",ˈdɪskɔ:s
discover,"1.  odkrywać
 2.  odnajdować",dɪsˈkʌvə
discovery,"1.  odkrycie
 2.  stwierdzenie",dɪsˈkʌvərɪ
discredit,dɪsˈkredɪt,"falsyfikować
ii.   1.  niesława
 2.  utrata zaufania|i.   1.  dyskredytować
 2.  podważać"
discreet,dyskretny,dɪˈskri:t
discrepancy,dɪˈskrepənsɪ,rozbieżność
discretion,"1.  dyskrecja
 2.  rozwaga
 3.  at the discretion of sb 
 - według czyjegoś uznania",dɪˈskreʃən
discriminate,1.  rozróżniać (between - pomiędzy,"dɪˈskrɪmɪneɪt|między)
 2.  dyskryminować 
 3.  faworyzować"
discriminating,dɪˈskrɪmɪneɪtɪŋ,przenikliwy|wnikliwy
discrimination,"1.  dyskryminacja 
 2.  rozróżnianie 
 3.  przenikliwość",dobry smak|dɪˌskrɪmɪˈneɪʃən|smak
discursive,dɪˈskɜ:sɪv,rozwlekły
discus,dysk,ˈdɪskəs
discuss,dyskutować,dɪˈskʌs|omawiać
discussion,"1.  dyskusja
 2.  debata","debatowanie
 3.  under discussion 
 - omawiany|dɪˈskʌʃən|w toku załatwiania"
disdain,dɪsˈdeɪn,"i.    wzgarda 
ii.   1.  gardzić
 2.  wzgardzać"
disease,choroba,dɪˈzi:z|schorzenie
diseased,chory  [organ],dɪˈzi:zd
disembark,wysiadać,wyładowywać|ˌdɪsɪmˈbɑ:k
disenchanted,rozczarowany,ˌdɪsɪnˈʧɑ:ntɪd
disenchantment,rozczarowanie,ˌdɪsɪnˈʧɑ:ntmənt
disengage,odłączać,odłączać się|ˌdɪsɪŋˈgeɪʤ
disentangle,odplątywać,rozplątywać|ˌdɪsɪnˈtæŋgəl
disfavor,"1.  dezaprobata
 2.  niełaska",disfavour|dɪsˈfeɪvə
disfavour,"1.  dezaprobata
 2.  niełaska",disfavor|dɪsˈfeɪvə
disfigure,dɪsˈfɪgə,zniekształcać
disgrace,dɪsˈgreɪs,"i.   1.  hańba 
 2.  wstyd
ii.   1.  kompromitować   
 2.  be a disgrace to sb 
 - przynosić komuś wstyd
 3.  in disgrace 
 - w niełasce"
disgraceful,dɪsˈgreɪsfʊl,haniebny
disgruntled,dɪsˈgrʌntlɪd,sarkający|skwaszony
disguise,dɪsˈgaɪz,"i.    przebranie
ii.   1.  przebierać 
 2.  skrywać
 3.  zmieniać
 4.  disguised as 
 - przebrany jako|przebrany za"
disgust,dɪsˈgʌst,"i.    odraza|wstręt
ii.   1.  brzydzić
 2.  in disgust 
 - z obrzydzeniem"
disgusting,dɪsˈgʌstɪŋ,obrzydliwy
dishcloth,ścierka do naczyń,ˈdɪʃklɒθ
disheartened,dɪsˈhɑ:tənd,zniechęcony
disheveled,"1.  rozczochrany
 2.  niechlujny",dishevelled|dɪˈʃevəld
dishevelled,"1.  rozczochrany
 2.  niechlujny",disheveled|dɪˈʃevəld
dishonest,dɪsˈɒnɪst,nieuczciwy
dishonor,dishonour,"dɪsˈɒnə|i.    hańba|zniesławienie
ii.    sprowadzać hańbę"
dishonour,dishonor,"dɪsˈɒnə|i.    hańba|zniesławienie
ii.    sprowadzać hańbę"
dishwasher,zmywarka do naczyń,ˈdɪʃwɒʃə
disillusion,"i.    rozczarowywać
ii.    rozczarowanie",ˌdɪsɪˈlu:ʒən
disillusionment,rozczarowanie,ˌdɪsɪˈlu:ʒənmənt
disinfect,dezynfekować,ˌdɪsɪnˈfekt
disk,1.  krążek,"disc|dyskietka|dɪsk|krążek międzykręgowy
 3.  płyta  [np. gramofonowa]
 4.  [komp]  dysk"
diskette,dysk elastyczny,dyskietka|dɪˈsket
dislike,dɪsˈlaɪk,"i.    nie cierpieć
ii.   1.  niechęć|odraza   
 2.  take a dislike to 
 - powziąć niechęć do kogoś|powziąć niechęć do"
dislocate,"1.  zwichnąć
 2.  [form]  zaburzać",hamować|ˈdɪsləkeɪt
dislodge,dɪsˈlɒʤ,przemieszczać
disloyal,dɪsˈlɔɪəl,nielojalny
dismal,1.  ponury,"nędzny|posępny
 2.  słaby|ˈdɪzməl"
dismantle,dɪsˈmæntəl,rozbierać|rozbierać na części
dismay,dɪsˈmeɪ,"i.   1.  przerażenie
 2.  niesmak|rozczarowanie
ii.   1.  rozczarowywać
 2.  wystraszyć"
dismember,dɪsˈmembə,rozczłonkowywać|rozdzierać
dismiss,"1.  odrzucać
 2.  wyrzucać
 3.  zwalniać",dɪsˈmɪs
dismissal,"1.  zwolnienie
 2.  zbycie",dɪsˈmɪsəl
dismount,dɪsˈmaʊnt,zsiadać
disobedience,nieposłuszeństwo,ˌdɪsəˈbi:dɪəns
disobedient,nieposłuszny,ˌdɪsəˈbi:dɪənt
disobey,być nieposłusznym,nie słuchać się|ˌdɪsəˈbeɪ
disorder,"1.  bałagan
 2.  nieład
 3.  zamieszki
 4.  dolegliwość",dɪsˈɔ:də
disorderly,"1.  nieporządny
 2.  burzliwy",dɪsˈɔ:dəlɪ|wzburzony
disorganized,"1.  zdezorganizowany
 2.  chaotyczny",dɪsˈɔ:gənaɪzd|nieporządny
disorientated,dɪsˈɔ:rɪənteɪtɪd,zdezorientowany
disown,dɪsˈəʊn,wyrzekać się
disparage,dyskredytować,dɪˈspærɪʤ
disparity,dɪˈspærɪtɪ,różnica
dispassionate,beznamiętny,bezstronny|dɪsˈpæʃənɪt
dispatch,1.  odprawiać,"despatch|dɪˈspæʧ|wysyłać
 2.  sprawozdanie"
dispel,dɪˈspel,rozwiewać
dispensable,dɪˈspensəbəl,zbyteczny
dispensary,"1.  apteka
 2.  poradnia",dɪˈspensərɪ
dispensation,dyspensa,zgoda|ˌdɪspənˈseɪʃən
dispense,dɪˈspens,"i.   1.  [form]  udzielać
 2.  wydawać
ii.  dispense with   pożegnać się|rozstać się"
dispenser,automat,dɪˈspensə|maszyna
dispensing chemist,aptekarz,dɪˌspensɪŋ ˈkemɪst
disperse,1.  rozpraszać się,"dɪˈspɜ:s|rozpraszać
 2.  rozprzestrzeniać się"
dispirited,dɪˈspɪrɪtɪd,przygnębiony
displace,"1.  wypierać 
 2.  przesiedlać",dɪsˈpleɪs|wysiedlać
display,dɪˈspleɪ,"i.   1.  wystawiać
 2.  przejawiać
ii.   1.  wystawa
 2.  pokaz
 3.  przejaw|objaw
 4.  on display 
 - na widoku|wystawiony"
displease,drażnić,dɪsˈpli:z|oburzać
displeasure,dɪsˈpleʒə,niezadowolenie|oburzenie
disposable,do wyrzucenia,dɪˈspəʊzəbəl|jednorazowego użytku
disposal,1.  pozbywanie się,"dɪˈspəʊzəl|usuwanie
 2.  at sb's disposal 
 - do czyjejś dyspozycji"
dispose of,dɪˈspəʊz əv,pozbywać się
disposed,1.  skłonny,"dɪˈspəʊzd|gotowy
 2.  well disposed 
 - dobrze usposobiony"
disposition,"1.  usposobienie
 2.  skłonność",ˌdɪspəˈzɪʃən
dispossess,wysiedlać,wywłaszczać|ˌdɪspəˈzes
disproportionate,nieproporcjonalny,ˌdɪsprəˈpɔ:ʃənɪt
disprove,dɪsˈpru:v,falsyfikować|obalać
dispute,dɪˈspju:t,"i.    nieporozumienie
ii.   1.  podważać|zaprzeczać
 2.  walczyć o
 3.  in dispute 
 - sporny
 4.  be in dispute 
 - spierać się"
disqualify,"1.  dyskwalifikować
 2.  wydawać zakaz",dɪsˈkwɒlɪfaɪ
disquiet,dɪsˈkwaɪət,zaniepokojenie
disregard,"i.    lekceważyć
ii.    lekceważenie",niezwracanie uwagi|ˌdɪsrɪˈgɑ:d
disrepair,"in disrepair 
 - zaniedbany",zepsuty|ˌdɪsrɪˈpeə
disreputable,dɪsˈrepjʊtəbəl,o złej reputacji
disrepute,"1.  bring sth into disrepute 
 - dyskredytować coś
 2.  fall into disrepute 
 - dyskredytować coś zostać zdyskredytowanym",ˌdɪsrɪˈpju:t
disrespect,brak poważania,brak szacunku|ˌdɪsrɪˈspekt
disrupt,"1.  przerywać
 2.  zaburzać",dɪsˈrʌpt
dissatisfaction,niezadowolenie,ˌdɪssætɪsˈfækʃən
dissatisfied,dɪˈsætɪsfaɪd,niezadowolony
dissect,dɪˈsekt,robić sekcję
disseminate,dɪˈsemɪneɪt,rozpowszechniać|szerzyć
dissension,dɪˈsenʃən,niesnaski|zwada
dissent,dɪˈsent,"i.    odstępstwo|innomyślność
ii.    różnić się w poglądach"
dissenter,dysydent,dɪˈsentə
dissertation,dysertacja,ˌdɪsəˈteɪʃən
disservice,dɪˈsɜ:vɪs,szkoda
dissident,dysydent,ˈdɪsɪdənt
dissimilar,dɪˈsɪmɪlə,odmienny
dissipate,1.  rozpraszać się,"rozpraszać
 2.  roztrwaniać|ˈdɪsɪpeɪt"
dissociate,"1.  odcinać się 
 2.  rozdzielać",dɪˈsəʊʃeɪt
dissolute,rozwiązły,ˈdɪsəlu:t
dissolution,rozwiązanie,ˌdɪsəˈlu:ʃən
dissuade,dɪˈsweɪd,odwodzić
distance,"i.   1.  odległość
 2.  oddalenie
ii.   1.  [form]  odseparowywać
 2.  in the distance 
 - w oddali",ˈdɪstəns
distant,"1.  odległy 
 2.  daleki
 3.  pełen rezerwy
 4.  nieobecny",ˈdɪstənt
distaste,dɪsˈteɪst,niesmak
distasteful,dɪsˈteɪstfʊl,odstręczający
distended,dɪˈstendɪd,rozszerzony|wydęty
distil,"1.  destylować
 2.  [form]  wyselekcjonowywać",distill|dɪˈstɪl|wypreparowywać
distill,"1.  destylować
 2.  [form]  wyselekcjonowywać",distil|dɪˈstɪl|wypreparowywać
distillery,dɪˈstɪlərɪ,gorzelnia
distinct,"1.  odrębny
 2.  wyraźny",dɪˈstɪŋkt
distinction,"1.  rozróżnienie 
 2.  wyróżnienie
 3.  draw","dɪˈstɪŋkʃən|make a distinction 
 - rozróżniać"
distinctive,dɪˈstɪŋktɪv,wyróżniający|wyróżniający się
distinguish,"1.  rozróżniać 
 2.  wyróżniać 
 3.  wyróżniać się
 4.  rozpoznawać",dɪˈstɪŋgwɪʃ
distinguishable,dɪˈstɪŋgwɪʃəbəl,rozróżnialny
distinguished,dɪˈstɪŋgwɪʃt,wybitny|znakomity
distort,dɪˈstɔ:t,zniekształcać|zniekształcać się
distract,1.  odciągać,"dɪˈstrækt|rozpraszać
 2.  rozrywać"
distracted,dɪˈstræktɪd,rozproszony
distraction,1.  roztargnienie,"dɪˈstrækʃən|rozproszenie uwagi
 2.  rozrywka
 3.  drive sb to distraction 
 - doprowdzać kogoś do szaleństwa"
distraught,dɪˈstrɔ:t,podekscytowany|zmieszany
distress,"boleść
 2.  niebezpieczeństwo
ii.    martwić",dɪˈstres|i.   1.  cierpienie|zadawać cierpienie
distribute,"1.  rozprowadzać
 2.  dystrybuować
 3.  dzielić",dɪˈstrɪbju:t
distribution,dystrybucja,rozkład|ˌdɪstrɪˈbju:ʃən
district,dystrykt,dzielnica|ˈdɪstrɪkt
distrust,dɪsˈtrʌst,"i.    nie mieć zaufania do kogoś|nie mieć zaufania
ii.    brak zaufania"
distrustful,dɪsˈtrʌstfʊl,niedowierzający|nieufny
disturb,"1.  przeszkadzać
 2.  wzburzać
 3.  ruszać","dɪˈstɜ:b|zmieniać
 4.  zakłócać|zmieniać położenie"
disturbance,"1.  zamieszki
 2.  zaburzenia",dɪˈstɜ:bəns
disturbed,"1.  niezrównoważony
 2.  wzburzony
 3.  niespokojny",dɪˈstɜ:bd|niedobry
disturbing,dɪˈstɜ:bɪŋ,niepokojący
disuse,"1.  nieużywanie
 2.  fall into disuse 
 - przestać być używanym",dɪsˈju:z
disused,dɪsˈju:zd,opuszczony
ditch,dɪʧ,"i.    rów
ii.   1.  [nieform]  rzucać
 2.  [nieform]  porzucać|wywalać"
dither,wahać się,ˈdɪðə
divan,dɪˈvæn,otomana
dive,"dawać nura
 4.  zanurzać rękę (into - do","daɪv|i.   1.  wskakiwać|nurek|w)
ii.    zanurzenie się"
diver,nurek,ˈdaɪvə
diverge,daɪˈvɜ:ʤ,odbiegać|rozchodzić się
diverse,daɪˈvɜ:s,odmienny|różnoraki
diversify,daɪˈvɜ:sɪfaɪ,rozszerzać zakres|urozmaicać
diversion,1.  rozrywka,"atrakcja
 2.  odwrócenie uwagi
 3.  objazd
 4.  [trasy|celu]  zmiana|daɪˈvɜ:ʃən|kierunku"
diversity,daɪˈvɜ:sɪtɪ,różnorodność|zróżnicowanie
divert,"1.  kierować  [gdzie indziej]
 2.  przeznaczać 
 3.  odwracać",daɪˈvɜ:t
divide,"dzielić
 2.  różnić się","dɪˈvaɪd|i.   1.  dzielić się|różnić
 3.  dzielić 
ii.    rozłam
iii.  divide up  1.  dzielić
 2.  rozdzielać"
dividend,"1.  dywidenda
 2.  pay dividends 
 - dobrze się odpłacać",ˈdɪvɪdənd
divine,dɪˈvaɪn,"i.    boski
ii.    [lit]  przepowiadać"
diving board,trampolina,ˈdaɪvɪŋ bɔ:d
divinity,"1.  boskość
 2.  bóstwo
 3.  teologia",dɪˈvɪnɪtɪ|religia
divisible,dɪˈvɪzɪbəl,podzielny
division,"1.  podział 
 2.  dzielenie
 3.  sekcja","dział
 4.  [sport]  liga
 5.  [wojsk]  dywizja|dɪˈvɪʒən"
divisive,dzielący,dɪˈvaɪsɪv
divorce,divorcé,"dɪˈvɔ:s|dɪˌvɔ:ˈsi:|i.    rozwód
ii.   1.  rozwodzić się 
 2.  [form]  rozdzielać|rozwiedziony"
divorcee,divorcée,dɪˌvɔ:ˈsi:|rozwiedziona
divorcé,divorce,dɪˌvɔ:ˈsi:|rozwiedziony
divorcée,divorcee,dɪˌvɔ:ˈsi:|rozwiedziona
divulge,daɪˈvʌlʤ,odkrywać|odsłaniać
diy,zrób to sam,ˌ$⋅$ $⋅$ˈ$⋅$
dizziness,zawroty głowy,ˈdɪzɪnɪs
dizzy,"1.  [lit]  oszałamiający
 2.  feel dizzy 
 - czuć zawrót głowy",ˈdɪzɪ
docile,potulny,uległy|ˈdəʊsaɪl
dock,"basen portowy
 2.  ława oskarżonych 
ii.   1.  wchodzić do doku
 2.  odejmować",dɒk|i.   1.  dok|zmniejszać
doctor,"i.   1.  doktor
 2.  lekarz
ii.   1.  manipulować
 2.  zatruwać
 3.  the doctor's 
 - poradnia lekarska",ˈdɒktə
doctrinaire,doktryner,ˌdɒktrɪˈneə
doctrine,doktryna,ˈdɒktrɪn
document,"i.    dokument
ii.    udokumentowywać",ˈdɒkjʊmənt
documentary,"i.    program dokumentalny
ii.    dokumentacyjny",ˌdɒkjʊˈmentərɪ
documentation,dokumentacja,ˌdɒkjʊmenˈteɪʃən
doddle,pestka,łatwizna|ˈdɒdəl
dodge,1.  uskakiwać przed kimś,"dɒʤ|pozostawiać z boku|uskakiwać
 2.  omijać"
dodgy,dziurawy,ˈdɒʤɪ
doe,dəʊ,królika|samica  [jelenia|zająca]
dog,dɒg,"i.   1.  [gatunek]  pies
 2.  [samiec]  pies
ii.   1.  chodzić ślad w ślad 
 2.  prześladować"
dogcollar,"1.  obroża
 2.  koloratka",dog-collar|ˈdɒgkɒlə
dogeared,dog-eared,z oślimi uszami|ˈdɒgɪəd
dogged,dɒgd,uparty|zacięty
dogma,dogmat,ˈdɒgmə
dogmatic,dogmatyczny,dɒgˈmætɪk
dogsbody,popychadło,ˈdɒgzbɒdɪ
doing,"1.  praca
 2. doings  poczynania",ˈdu:ɪŋ
doityourself,do-it-yourself,majsterkowanie|zrób to sam|ˌdu:ɪtjəˈself
doldrums,"in the doldrums 
 - w zastoju",ˈdɒldrəmz
dole,dəʊl,"i.    zasiłek
ii.  dole out   wydzielać"
doleful,posępny,żałosny|ˈdəʊlfʊl
doll,dɒl,lalka
dollar,dolar,ˈdɒlə
dolled up,dɒld ˈʌp,wysztafirowany
dollop,kupka,ociupinka|ˈdɒləp
dolphin,delfin,ˈdɒlfɪn
domain,1.  domena,"dziedzina
 2.  obszar|dəˈmeɪn"
dome,dəʊm,kopuła
domestic,"1.  krajowy
 2.  domowy
 3.  domatorski
 4.  do użytku w domu
 5.  udomowiony",dəˈmestɪk
domesticate,dəˈmestɪkeɪt,oswajać|udomawiać
domesticity,domatorstwo,ˌdəʊmesˈtɪsɪtɪ
domicile,miejsce stałego zamieszkania,miejsce zamieszkania|ˈdɒmɪsaɪl
dominance,1.  dominacja (over - nad,"przewaga|w)
 2.  władza|ˈdɒmɪnəns"
dominant,dominujący,ˈdɒmɪnənt
dominate,1.  zdominowywać,"dominować nad
 2.  panować|ˈdɒmɪneɪt"
domineering,despotyczny,ˌdɒmɪˈnɪərɪŋ
dominion,"1.  dominacja 
 2.  dominium",dəˈmɪnɪən
domino,ˈdɒmɪnəʊ,
don,dɒn,wykładowca
donate,dəʊˈneɪt,ofiarowywać|przekazywać
donation,dar,donacja|dəʊˈneɪʃən
done,"1.  over and done with 
 - zakończone na amen
 2.  ``done'' 
 -",dʌn|przyjęte''
donkey,osioł,ˈdɒŋkɪ
donor,"1.  dawca  [zwł. krwi]
 2.  ofiarodawca",ˈdəʊnə
doodle,mazać,smarować|ˈdu:dəl
doom,du:m,los|zguba|zły los
doomed,1.  skazany na zgubę,"aby|du:md|zgubiony
 2.  sb is doomed to 
 - komuś przeznaczone jest|że"
door,1.  drzwi,"brama
 2.  next door 
 - po sąsiedzku|dɔ:|w sąsiedniej bramie
 3.  out of doors 
 - na dworze"
doorbell,dzwonek do drzwi,ˈdɔ:bel
doorknob,klamka  [gałka],ˈdɔ:nɒb
doormat,wycieraczka,ˈdɔ:mæt
doorstep,"1.  stopień przy drzwiach
 2.  on sb's doorstep 
 - u drzwi",u progu|ˈdɔ:step
doortodoor,door-to-door,obchodny|od bramy do bramy|ˌdɔ:təˈdɔ:
doorway,drzwi,przejście|ˈdɔ:weɪ
dope,dəʊp,"i.   1.  [nieform]  narkotyk
 2.  [nieform]  dureń
ii.    narkotyzować"
dopey,1.  zamroczony,"oszołomiony  [narkotykami]
 2.  [nieform]  durny|ˈdəʊpɪ"
dormant,uśpiony,ˈdɔ:mənt
dormitory,"1.  sypialnia
 2.  akademik",internat|ˈdɔ:mɪtərɪ
dosage,dawka,ˈdəʊsɪʤ
dose,"dawka
ii.    dawkować",dəʊs|i.    doza|podawać lekarstwa
doss down,dɒs ˈdaʊn,uwalić się|uwalić się do snu
dossier,akta,ˈdɒsɪeɪ
dot,dɒt,"i.    kropka|plamka
ii.   1.  występować pojedynczo
 2.  [nieform]  on the dot 
 - co do sekundy"
dote,dəʊt,ubóstwiać
dotmatrix,[komp]  [drukarka]  mozaikowy,dot-matrix|ˈdɒtmeɪtrɪks
dotted,kropkowany,ˈdɒtɪd
dotty,stuknięty,ˈdɒtɪ
double,"dwa razy
ii.    podwójny
iii.   1.  podwajać się","i.    podwójnie|kontrabas
vii.  double chin|podwajać
 2.  służyć też 
iv.   1. doubles  [sport]  debel
 2.  bend double 
 - zginać się we dwoje
v.  double back   nawracać
vi.  double bass|podwójny podbródek
viii.  double up   zginać się"
doublebreasted,double-breasted,dwurzędowy  [marynarka]|ˌdʌbəlˈbrestɪd
doublecheck,double-check,sprawdzać powtórnie|ˌdʌbəlˈʧek
doublecross,double-cross,postępować fałszywie|ˌdʌbəlˈkrɒs
doubledecker,autobus piętrowy,double-decker|piętrus|ˌdʌbəlˈdekə
doubleglazing,double-glazing,podwójne oszklenie|ˌdʌbəlˈgleɪzɪŋ
doubly,podwójnie,ˈdʌblɪ
doubt,"bez wątpienia
 7.  without  doubt  :doubt)
 - z pewnością
 8.  beyond a doubt 
 - poza wszelką wątpliwość
 9.  open to doubt 
 - podejrzany","daʊt|i.    zwątpienie
ii.   1.  mieć wątpliwości|if in doubt 
 - w przypadku wątpliwości|wątpić
 2.  podawać w wątpliwość
 3.  podważać
 4.  there is no doubt about sth 
 - nie ma wątpliwości co do czegoś
 5.  have no doubt about sth 
 - nie mieć wątpliwości co do czegoś
 6.  no doubt 
 - niewątpliwie"
doubtless,z pewnością,ˈdaʊtlɪs
dough,"1.  ciasto  [surowe]
 2.  [nieform]  forsa",dəʊ
doughnut,amerykański pączek,donat|ˈdəʊnʌt
dour,dʊə,odstręczający|ponury
douse,"1.  gasić
 2.  oblewać się",daʊs
dove,dəʊv,gołąb
dowdy,niemodny,ˈdaʊdɪ
down,"be down 
 - spadać
 4.  sit down 
 - siadać
 5.  [nieform]  be down with sth 
 - być ściętym czymś
 6.  [nieform]  feel down 
 - podle się czuć
 7.  ``down with x'' 
 -","daʊn|i.   1.  w dole|na południe
 3.  [o czynnościach]  a. do końca
 b.
      ""let the fire burn down""  - niech ogień się dopali
ii.   1.  [kogoś]  zwalić na ziemię|precz z x''"
downandout,down-and-out,rozbitek życiowy|ˌdaʊnəndˈaʊt
downatheel,[o obuwiu]  zdarty,down-at-heel|ˌdaʊnətˈhi:l
downcast,1.  przygnębiony,"pesymistyczny
 2.  zwrócony w dół|ˈdaʊnkɑ:st"
downfall,"1.  upadek
 2.  przyczyna upadku",ˈdaʊnfɔ:l
downgrade,pomniejszać znaczenie,ˈdaʊngreɪd
downhearted,przygnębiony,ˌdaʊnˈhɑ:tɪd
downhill,"i.    spadzisty
ii.    w dół zbocza","pogarszać się|w dół
iii.   1.  łatwy|z górki
 2.  go downhill 
 - staczać się|ˌdaʊnˈhɪl"
download,przesyłać do bufora,ˌdaʊnˈləʊd
downpour,ulewa,ˈdaʊnpɔ:
downright,całkowicie,zupełnie|ˌdaʊnˈraɪt
downstairs,"i.   1.  na dół  [po schodach]
 2.  na dole","na parterze
ii.    parterowy|ˌdaʊnˈsteəz"
downstream,w dół  [rzeki],ˌdaʊnˈstri:m
downtoearth,down-to-earth,solidny|życiowy|ˌdaʊntəˈɜ:θ
downtown,"i.    do centrum
ii.    centralny",w centrum|ˌdaʊnˈtaʊn
downtrodden,wdeptany w ziemię,zdeptany|złamany|ˈdaʊnˌtrɒdən
downward,1.  w dół,"downwards|na dół
 2.  skierowany w dół
 3.  spadający|od w dół|schodzący w dół
 4.  from  downward 
 - od dyrektora w dół"
downwards,1.  w dół,"downward|na dół
 2.  skierowany w dół
 3.  spadający|od w dół|schodzący w dół
 4.  from  downward 
 - od dyrektora w dół"
downwind,wraz z wiatrem,z wiatrem|ˌdaʊnˈwɪnd
downy,"1.  puszysty
 2.  pokryty puszkiem",pokryty meszkiem|ˈdaʊnɪ
dowry,wiano,ˈdaʊərɪ
doz,"doz.
  tuzin",
doze,dəʊz,"i.    drzemać
ii.    drzemka
iii.  doze off   zdrzemnąć się"
dozen,"1.  tuzin
 2. dozens  kilkadziesiąt",wiele|ˈdʌzən
dozy,śpiący,ˈdəʊzɪ
dphil,d.phil.,doktor|doktor filozofii|ˌdi: ˈfɪl
dr,"doktor
ii.
   see also: {drive}
  [w nazwach]  ulica","dr.
i.
   see also: {doctor}
  dr"
drab,dræb,poszarzały|szary
draconian,drakoński,dreɪˈkəʊnɪən
draft,drɑ:ft,"i.    szkic|odkomenderowywać
iii.   1.  [komp]  [tryb druku]  szybki niskiej jakości
 2.  [us]  be drafted 
 - być wcielonym do wojska|wstępna wersja
ii.   1.  pisać wstępną wersję
 2.  przenosić"
draftsman,draughtsman,kreślarz|ˈdrɑ:ftsmən
drafty,draughty,przewiewny|wystawiony na przeciągi|ˈdrɑ:ftɪ
dragon,smok,ˈdrægən
dragonfly,ważka,ˈdrægənflaɪ
drain,"dren
 3.  [do kanału]  kratka ściekowa
 4.  down the drain 
 - do kubła na śmieci","drenować
 2.  [o płynie]  wyciekać
 3.  [napój]  wypijać|dreɪn|i.   1.  ociekać|odprowadzanie
 2.  [np. melioracyjny]  ściek"
drainage,"1.  kanalizacja
 2.  odprowadzanie wody",melioracja|odprowadzanie|ˈdreɪnɪʤ
drainpipe,rynna,ˈdreɪnpaɪp
drake,dreɪk,kaczor
drama,"1.  dramat
 2.  teatr","dramaturgia
 3.  dramatyczność|ˈdrɑ:mə"
dramatic,drəˈmætɪk,"i.   1.  dramatyczny
 2.  teatralny
ii.   1. dramatics  dramaturg
 2. dramatics  teatralne zachowanie"
dramatise,"1.  przerabiać na utwór sceniczny
 2.  dramatyzować",dramatize|ˈdræmətaɪz
dramatist,dramaturg,ˈdræmətɪst
dramatize,"1.  przerabiać na utwór sceniczny
 2.  dramatyzować",dramatise|ˈdræmətaɪz
drape,dreɪp,"i.   1.  drapować
 2.  przystrajać
ii.   drapes  [us]  zasłony"
draper,sprzedawca tekstyliów,ˈdreɪpə
drapery,1.  draperie,"materiały|udrapowanie
 2.  [br]  materiały tekstylne|ˈdreɪpərɪ"
drastic,"1.  drastyczny
 2.  nagły",ˈdræstɪk
draughtsman,draftsman,kreślarz|ˈdrɑ:ftsmən
draughty,drafty,przewiewny|wystawiony na przeciągi|ˈdrɑ:ftɪ
drawback,wada,zła strona|ˈdrɔ:bæk
drawer,szuflada,ˈdrɔ:ə
drawing,"[br]   pinezka
iii.  drawing room","[form]   salon|i.    rysunek
ii.  drawing pin|ˈdrɔ:ɪŋ|ˈdrɔ:ɪŋ pɪn"
drawl,cedzenie,"cedzić
ii.    zaciąganie|drɔ:l|i.    zaciągać"
drawn,"1.  zaciągnięty
 2.  wymęczony",drɔ:n|wynędzniały
dread,dred,"i.    bać się
ii.   1.  strach 
 2.  dread to think of sth 
 - bać się pomyśleć o czymś"
dreadful,"1.  okropny
 2.  straszny",ˈdredfʊl
dream,"dom]  jak z marzenia
iii.  dream up  [nieform]   wymyślać","dri:m|i.   1.  śnić   
 2.  marzyć   
ii.   1.  sen   
 2.  marzenie   
 3.  [praca"
dreamer,marzyciel,ˈdri:mə
dreamy,"1.  marzycielski
 2.  wymarzony",ˈdri:mɪ
dreary,ponury,posępny|ˈdrɪərɪ
dredge,dreʤ,pogłębiać
dregs,"1.  fusy
 2.  szumowiny",dregz
drenched,drenʧt,przemoczony
dresden,drezno,ˈdrezdən
dress,dres,"i.   1.  sukienka|suknia
 2.  ubranie
ii.   1.  ubierać się|ubierać
 2.  [ranę]  opatrywać
 3.  [np. sałatkę]  przybierać
 4.  get dressed 
 - ubierać się
iii.  dress up  1.  stroić się
 2.  przebierać się"
dresscircle,balkon  [pierwszy],dress-circle|ˈdressɜ:kəl
dresser,1.  komoda,"ktoś ubiera się|serwantka
 2.  sb is a  dresser 
 - ktoś ubiera się schludnie|ˈdresə"
dressing,"garderoba
iv.  dressing table","i.   1.  opatrunek
 2.  sos|przyprawa
ii.  dressing gown|szlafrok
iii.  dressing room|toaletka"
dressingdown,bura,dressing-down|dresɪŋˈdaʊn|zbesztanie
dressmaker,krawcowa,ˈdresmeɪkə
dribble,"i.    ściekać
ii.    strużka
iii.    ślinić się",ˈdrɪbəl
dried,"1.  suszony
 2.  w proszku",draɪd
drier,dryer,suszarka|ˈdraɪə
drift,"błąkać się 
ii.   1.  [śniegu]  zaspa
 2.  [wywodu]  teza","drɪft|główna linia
 3.  [rozwoju wypadków]  trend|i.   1.  dryfować|kierunek
iii.  drift off   zapadać się"
driftwood,drewno  [wyrzucone przez wodę],ˈdrɪftwʊd
drill,drɪl,"i.   1.  świder|wiertarka
 2.  [w szkole|wojsku]  ćwiczenie
 3.  [przy nauce]  dryl|wojsku]  ćwiczyć"
drink,drɪŋk,"i.    pić
ii.   1.  coś do picia
 2.  drink
iii.  drink to   wypić toast"
drinker,alkoholik,pijak|ˈdrɪŋkə
drip,drɪp,"i.    kapać|skapywać
ii.   1.  kapanie
 2.  kroplówka"
drive,"do długów]  doprowadzać 
ii.   1.  [w samochodzie]  jazda","draɪv|i.   1.  prowadzić  [samochód]
 2.  [samochodem]  zawozić|podrzucać
 3.  [np. generatory]  napędzać
 4.  [słup]  wbijać
 5.  [zwierzęta]  przepędzać
 6.  [do szału|przejażdżka
 2.  [do pałacu]  podjazd
iii.    [kierować]  powodować 
iv.   1.  [komp]  [do dyskietek]  napęd
 2.  [zapał]  entuzjazm
 3.  [kampania]  akcja
 4.  drive sb crazy 
 - doprowadzać kogoś do szału
 5.  what sb is driving at 
 - do czego ktoś zmierza
v.  drive at   napomykać"
drivein,[restauracja,drive-in|sklep]  dla zmotoryzowanych  [bez wysiadania z samochodu]|ˈdraɪvɪn
drivel,bzdura,głupoty|ˈdrɪvəl
driver,[us]   prawo jazdy,"i.   1.  kierowca
 2.  [komp]  program obsługi|sterownik
ii.  driver's licence|ˈdraɪvə|ˈdraɪvəz ˌlaɪsəns"
driveway,podjazd,ˈdraɪvweɪ
driving,[br]   prawo jazdy,"i.    jazda|prowadzenie
ii.    napędowy
iii.  driving licence|prowadzenie pojazdu|ˈdraɪvɪŋ"
drizzle,"deszczyk
ii.    padać",i.    mżawka|mżyć|ˈdrɪzəl
droll,drəʊl,zabawny|śmieszny
dromedary,dromader,ˈdrʌmədərɪ
drone,"buczeć
ii.    truteń
iii.  drone on   brzęczeć monotonnie",drəʊn|i.    huczeć
drool,dru:l,ślinić się
droop,dru:p,obwisać|zwisać
drop,drɒp,"i.   1.  upuszczać|odpadać|padać
 3.  [o poziomie]  opadać
 4.  [o głosie]  zniżać się|podrzucać
ii.   1.  [cieczy]  kropla
 2.  [o słodyczach]  pastylka
 3.  [wysokość]  a. spadek
 b.
      ""a 50 meter drop""  - spadek 50-metrowy
 4.  [nieform]  drop dead 
 - padać martwym
 5.  [nieform]  drop a line 
 - skrobnąć liścik
 6.  drop a hint 
 - napomykać
iii.  drop by   wpadać
iv.  drop in  [nieform]   wpadać 
v.  drop off  1.  zapadać 
 2.  podrzucać
vi.  drop out   wyskakiwać"
dropout,1.  dziwadło,"drop-out|który nie ukończył uczelni|odszczepieniec
 2.  student|ˈdrɒp aʊt"
droppings,odchody,ˈdrɒpɪŋz
dross,drɒs,śmiecie
drought,draʊt,susza
drove,droves  stada,drəʊv|tabuny
drown,1.  topić się,"drəʊn|tonąć
 2.  zagłuszać
 3.  drown one's sorrows 
 - topić swoje smutki"
drowse,draʊz,drzemać
drowsy,senny,ˈdraʊzɪ
drudge,drʌʤ,"i.    wół roboczy|koń w kieracie
ii.    harować"
drudgery,harówka,kierat|ˈdrʌʤerɪ
drug,drʌg,"i.   1.  lekarstwo
 2.  narkotyk
ii.   1.  narkotyzować|usypiać
 2.  dodawać narkotyki"
druggist,aptekarz,ˈdrʌgɪst
drum,drʌm,"i.   1.  bęben
 2.  beczka
ii.    bębnić
iii.  drum into  [nieform]   wbijać 
iv.  drum up  [nieform]   wydębiać|wybębniać"
drummer,dobosz,perkusista|ˈdrʌmə
drunk,drʌŋk,"i.    pijany
ii.    pijak"
drunkard,pijak,ˈdrʌŋkəd
drunken,"1.  pijacki
 2.  pijany",ˈdrʌŋkən
dry,"cienki
 4.  [wino]  wytrawny
iii.  dry out   wysychać
iv.  dry up  1.  wysychać
 2.  wycierać
 3.  przerywać się","draɪ|i.    suszyć się|przerywać|suszyć
ii.   1.  suchy
 2.  bezdeszczowy
 3.  sarkastyczny"
dryclean,czyścić chemicznie,dry-clean|ˌdraɪˈkli:n
dryer,drier,suszarka|ˈdraɪə
dsc,$⋅⋅$ˈ$⋅$,d.sc.|doktor|doktor nauk ścisłych
dtp,[komp]  mała poligrafia,ˌ$⋅⋅$ˈ$⋅$
dual,"1.  podwójny
 2.  dwupasmowy",ˈdju:əl
dub,1.  nazywać,"dʌb|mianować
 2.  podkładać dubbing"
dubious,"1.  podejrzany
 2.  wątpliwy",ˈdju:bɪəs
duchess,księżna,ˈdʌʧəs
duck,dʌk,"i.    kaczka
ii.   1.  uchylać się|schylać się
 2.  wskakiwać|uskakiwać
 3.  unikać
 4.  [nieform]  take to sth like a duck to water 
 - być w swoim żywiole w czymś
iii.  duck out   wymigiwać się"
duckling,kaczątko,ˈdʌklɪŋ
duct,1.  przewód,"dʌkt|rura
 2.  kanalik"
duel,pojedynek,ˈdju:əl
duet,dju:ˈet,
duffel coat,duffle coat,skafander|ˈdʌfəl kəʊt
duffle coat,duffel coat,skafander|ˈdʌfəl kəʊt
duke,książę,ˈdju:k
dulcet,miodopłynny,słodki|ˈdʌlsɪt
dull,"apatyczny
 4.  [dzień]  zachmurzony
 5.  [dźwięk]  głuchy
 6.  [o doznaniach]  przyćmiony","ciemny
 3.  [osoba]  bez wyrazu|dʌl|i.   1.  nudny|mdły
 2.  [kolor]  szary"
duly,"1.  [form]  prawidłowo
 2.  w porę",zgodnie z przewidywaniami|ˈdju:lɪ
dumb,"1.  niemy
 2.  oniemiały
 3.  [nieform]  debilny
 4.  bezgłośny",bezsłowny|dʌm
dumbfounded,oniemiały,ˈdʌmfaʊndɪd
dummy,"i.   1.  [br]  smoczek
 2.  manekin
ii.    niby",pseudo|ˈdʌmɪ
dump,dʌmp,"i.   1.  składować
 2.  zwalać|wysypisko
 2.  [miejscowość]  dziura
 3.  [nieform]  in the dumps 
 - w dołku|zrzucać
ii.   1.  [nieform]  wysypisko śmieci"
dumping ground,składowisko,ˈdʌmpɪŋ ˌgraʊnd
dumpling,kluska,knedel|ˈdʌmplɪŋ
dumpy,przysadzisty,ˈdʌmpɪ
dunce,bałwan,tuman|ˈdʌns
dune,wydma,ˈdju:n
dung,dʌŋ,łajno
dungarees,dʌŋgəˈri:z,ogrodniczki
dungeon,loch,więzienie|ˈdʌnʤən
dunk,dʌŋk,maczać
dup,"dup.
  duplikat",
dupe,dju:p,"i.    wrobić kogoś 
ii.    ofiara"
duplicate,"duplicate
i.    powielać","duplikować
ii.    duplikat|kopia
iii.   1.  zapasowy|podwójny|w dwóch egzemplarzach
 2.  in duplicate 
 - z kopią"
duplicator,kopiarka,powielacz|ˈdju:plɪkeɪtə
durability,trwałość,wytrzymałość|ˌdjʊərəˈbɪlɪtɪ
durable,trwały,wytrzymały|ˈdjʊərəbəl
duration,czas trwania,djʊˈreɪʃən|trwanie
during,podczas,w czasie|ˈdjʊrɪŋ
dusk,dʌsk,zmierzch
dusky,ciemny,ˈdʌskɪ
dust,dʌst,"i.   1.  pył
 2.  kurz
ii.   1.  odkurzać
 2.  posypywać
iii.  dust jacket|obwoluta|ˈdʌst ˌʤækɪt"
dustbin,kosz na śmieci,ˈdʌstbɪn
dustcart,śmieciarka,ˈdʌstkɑ:t
duster,ścierka do kurzu,ˈdʌstə
dustman,śmieciarz,ˈdʌstmən
dustpan,śmietniczka,ˈdʌstpæn
dustup,dust-up,nieporozumienie|sprzeczka|ˈdʌstʌp
dusty,zakurzony,zapylony|ˈdʌstɪ
dutch,"1.  holenderski
 2.  the dutch 
 - holendrzy",dʌʧ
dutchman,holender,ˈdʌʧmən
dutchwoman,holenderka,ˈdʌʧwʊmən
dutiable,podlegający cłu,ˈdju:tɪəbəl
dutiful,obowiązkowy,ˈdju:tɪfʊl
duty,"1.  obowiązek
 2.  praca","powinność
 3. duties  zadania
 4.  cło
 5.  podatek
 6.  on duty 
 - na służbie
 7.  off duty 
 - nie na służbie|ˈdju:tɪ"
dutyfree,bezcłowy,duty-free|ˌdju:tɪ ˈfri:
duvet,pierzyna,ˈdu:veɪ
dwarf,dwɔ:f,"i.    przygniatać|pomniejszać
ii.    karłowaty
iii.    karzeł"
dwell,dwel,"i.    zamieszkiwać
ii.  dwell on   rozpamiętywać|rozważać"
dweller,mieszkaniec,ˈdwelə
dwelling,domostwo,ˈdwelɪŋ
dwindle,kurczyć się,ˈdwɪndəl
dye,daɪ,"farbować
ii.    barwnik|i.    barwić"
dying,"1.  umierający
 2.  zamierający",obumierający|ˈdaɪɪŋ
dyke,daɪk,dike|grobla
dynamic,daɪˈnæmɪk,"i.    dynamiczny
ii.   dynamics  dynamika"
dynamism,dynamiczność,ˈdaɪnəmɪzəm
dynamite,"i.    dynamit
ii.    wysadzać dynamitem",wysadzać|ˈdaɪnəmaɪt
dynamo,ˈdaɪnəməʊ,
dynastic,dynastyczny,dɪˈnæstɪk
dynasty,dynastia,ˈdɪnəstɪ
dysentery,dyzenteria,ˈdɪsəntrɪ
dyspepsia,dɪsˈpepsɪə,niestrawność
dyspeptic,"1.  cierpiący na niestrawność
 2.  zgryźliwy",dɪsˈpeptɪk
décor,decor,wykończenie|ˈdeɪkɔ:
détente,detente,odprężenie|ˈdeɪtɒnt
e,"e
  wschód",wschodni
each,"i.    każdy 
ii.   1.  a. sztuka
 b.
      ""they cost $ 5 each""  - kosztują po 5 dolarów sztuka
 2.  each other 
 - siebie",i:ʧ|siebie wzajemnie|się|się wzajemnie
eager,1.  chętny,"gorąco pragnący 
 2.  sb is eager to do sth 
 - ktoś bardzo chce coś zrobić|ˈi:gə"
eagle,orzeł,ˈi:gəl
ear,"1.  ucho
 2.  słuch
 3.  kłos
 4.  keep","a willing* ear to sb 
 - chętnie kogoś wysłuchiwać|have one's ear to the ground 
 - mieć uszy szeroko otwarte
 5.  by ear 
 - ze słuchu
 6.  turn a deaf ear to sth 
 - być głuchym na coś|kogoś wysłuchiwać|nie zwracać uwagi na coś
 7.  give *an"
eardrum,bębenek,bębenek uszny|ˈɪədrʌm
earl,hrabia,ɜ:l
earlier,"1.  wcześniej
 2.  earlier on 
 - wcześniej",ˈɜ:lɪə
earlobe,płatek ucha,ˈɪələʊb
earmarked,odłożony,zarezerwowany|ˈɪəmɑ:kt
earn,1.  zarabiać na,"przynosić
 3.  zasłużyć na|zarabiać
 2.  wypracować|ɜ:n"
earnest,1.  poważny,"poważnie|zasadniczy
 2.  in earnest 
 - poważny|ˈɜ:nəst"
earnings,zarobki,ˈɜ:nɪŋz
earphone,słuchawka,ˈɪəfəʊn
earplug,zatyczka do ucha,ˈɪəplʌg
earring,kolczyk,ˈɪərɪŋ
earshot,"1.  within earshot 
 - w zasięgu słuchu
 2.  out of earshot 
 - poza zasięgiem słuchu",ˈɪəʃɒt
earsplitting,rozdzierający uszy,ˈɪəsplɪtɪŋ
earthen,"1.  gliniany
 2.  ziemny",ˈɜ:θən
earthenware,"i.    gliniany
ii.    wyroby gliniane",ˈɜ:θənweə
earthly,"1.  ziemski
 2.   no earthly reason  :no :earthly :reason)
 - nie ma najmniejszego powodu",najmniejszego powodu|ˈɜ:θlɪ
earthquake,trzęsienie ziemi,ˈɜ:θkweɪk
earthworm,dżdżownica,ˈə:θwɜ:m
earthy,1.  bezwstydny,"rubaszny
 2.  [cera]  ziemisty|ˈɜ:θɪ"
ease,ból]  łagodzić,"i.   1.  łatwość
 2.  [form]  dostatek
ii.   1.  [trudność|i:z|postępować ostrożnie|postępować łagodnie
 b.
      ""ease a screw off""  - poluzować śrubę
 5.  at ease 
 - swobodny"
easel,sztalugi,ˈi:zəl
easily,"1.  łatwo
 2.  z pewnością",ˈi:zɪlɪ
east,"i.   the east  wschód
ii.    wschodni
iii.    na wschód",i:st
easter,"i.    wielkanoc
ii.  easter egg",jajko wielkanocne|ˈi:stə|ˈi:stər eg
easterly,"1.  wschodni
 2.  wysunięty na wschód",ˈi:stəlɪ
eastern,wschodni,ˈi:stən
eastward,"i.    na wschód
ii.    wschodni",ˈi:stwəd
easy,fotel,"i.    łatwy
ii.    łatwo
iii.   1.  swobodny|na luzie
 2.  easier said than done 
 - łatwiej powiedzieć niż zrobić
 3.  [nieform]  take it|things easy 
 - nie przejmować się
 4.  [nieform]  go easy on sth 
 - dać sobie z czymś spokój
iv.  easy chair|ˈi:zɪ"
easygoing,easy-going,spokojny|łagodny|ˈi:zɪˌgɔɪŋ
eat,"i.   1.  jeść
 2.  [np. o kwasie]  żreć","i:t|wyjadać|wyjadać do końca|wyżerać
ii.  eat into   wżerać się w
iii.  eat out   jeść na mieście  [w restauracji]
iv.  eat up   zjadać"
eatable,jadalny,ˈi:təbəl
eater,"eater  eater n:)
 - ktoś",kto je|kto wolno je|ˈi:tə
eaves,okap,okap domu|ˈi:vz
eavesdrop,podsłuchiwać,ˈi:vzdrɒp
ebb,eb,"i.   1.  [lit]  odpływać
 2.  opadać
ii.   1.  odpływ|opadanie
 2.  [przen]  at a low ebb 
 - w dołku
 3.  the ebb and flow of sth 
 - przypływy i odpływy czegoś"
ebony,"i.    heban
ii.    hebanowy",ˈebənɪ
ebullient,entuzjastyczny,ɪˈbʌlɪənt
ec,wspólnota europejska,ˌ$⋅$ˈ$⋅$
eccentric,"i.    ekscentryczny
ii.    ekscentryk",ɪkˈsentrɪk
ecclesiastical,eklezjastyczny,kościelny|ɪˌkli:zɪˈæstɪkəl
echo,"i.   1.  echo
 2.  odgłos
ii.   1.  odbijać się
 2.  powtarzać jak echo",powtarzać|ˈekəʊ
eclair,eklerka,éclair|ɪˈkleə
eclectic,eklektyczny,ɪˈklektɪk
eclipse,"i.   1.  zaćmienie
 2.  zmierzch","odsuwać w cień|upadek
ii.    przesłaniać|ɪˈklɪps"
ecologist,ekolog,ɪˈkɒləʤɪst
ecology,ekologia,ɪˈkɒləʤɪ
economic,"gospodarczy
 2.  zyskowny
ii.   economics  ekonomia",i.   1.  ekonomiczny|i:kəˈnɒmɪk
economical,i:kəˈnɒmɪkəl,oszczędny
economist,ekonomista,i:ˈkɒnəmɪst
economize,i:ˈkɒnəmaɪz,oszczędzać
economy,"ekonomia
 2.  oszczędność
ii.   1.  a. oszczędny","i.   1.  gospodarka|i:ˈkɒnəmɪ|robić oszczędności|tani
 b.
      ""economy class""  - najtańsza klasa
 2.  make economies 
 - oszczędzać"
ecstasy,ekstaza,zachwyt|ˈekstəsɪ
ecstatic,ekstatyczny,ɪksˈtætɪk
ecumenical,ekumeniczny,ˌi:kju:ˈmenɪkəl
ecumenism,ekumenizm,ɪˈkju:mənɪzəm
eczema,egzema,ˈekzɪmə
ed,"ed.
i.
   see also: {edition}
  wyd.","redaktor
iii.
   see also: {education}
  wykształcenie|wydanie
ii.
   see also: {editor}
  red."
eddy,"i.    wirować
ii.    wir",ˈedɪ
edge,"brzeg
 2.  [np. noża]  ostrze
 3.  [w głosie]  ostry ton","eʤ|i.   1.  krawędź|odsuwać się 
 3.  on edge 
 - na krawędzi rozpaczy|odsuwać się powoli"
edgeways,"1.  ku krawędzi
 2.  [form]  sb cannot get a word in edgeways 
 - ktoś nie może wtrącić słowa",ktoś nie może wtrącić ani słowa|ˈeʤweɪz
edging,obramowanie,obszycie|ˈeʤɪŋ
edgy,drażliwy,ˈeʤɪ
edible,jadalny,ˈedɪbəl
edict,edykt,rozporządzenie|ˈi:dɪct
edifice,1.  budynek,"gmach
 2.  struktura|ˈedɪfɪs"
edify,działać budująco,pouczać|ˈedɪfaɪ
edinburgh,edynburg,ˈedɪnbeə
edit,"1.  redagować
 2.  [filmu]  montować","edit.
i.
   see also: {edition}
  wyd.|redaktor|wydanie
ii.
   see also: {editor}
  red.|ˈedɪt"
edition,wydanie,ɪˈdɪʃən
editor,1.  redaktor naczelny,"redaktor
 2.  [filmu]  montażysta|ˈedɪtə"
editorial,artykuł wstępny,"i.    redakcyjny
ii.    artykuł wstępny od redakcji|ˌedɪˈtɔ:rɪəl"
editorship,redagowanie,redakcja|ˈedɪtəʃɪp
edp,elektroniczne opracowanie danych,ˌ$⋅⋅$ˈ$⋅$
educ,"educ.
  wykształcenie",
educate,"1.  kształcić
 2.  pouczać",informować|ˈedjəkeɪt
education,"1.  szkolnictwo
 2.  wykształcenie",ˌedjəˈkeɪʃən
educational,edukacyjny,ˌedjəˈkeɪʃənəl
educationalist,metodyk,ˌedjəˈkeɪʃənəlɪst
educator,nauczyciel,wychowawca|ˈedjəkeɪtə
eec,ewg,ewg europejska wspólnota gospodarcza|ˌ$⋅⋅$ˈ$⋅$
eel,i:l,węgorz
eerie,dziwny,niesamowity|ˈɪərɪ
efface,wymazywać,ścierać|ɪˈfeɪs
effect,"be put into effect 
 - wchodzić w życie","come|i.   1.  skutek|powodować
 2.  for effect 
 - dla efektu
 3.  in effect 
 - w rezultacie
 4.  to this|rezultat
 2.  efekt"
effective,"1.  efektywny
 2.  faktyczny","rzeczywisty
 3.  obowiązujący|ważny|ɪˈfektɪv"
effeminate,zniewieściały,ɪˈfemɪnət
efficient,efektywny,wydajny|ɪˈfɪʃənt
effigy,1.  [form]  wizerunek,"statua
 2.  burn sb in effigy 
 - spalić czyjąś kukłę|ˈefɪʤɪ"
effluent,ściek,ˈeflʊənt
effort,"1.  wysiłek
 2.  dokonanie","wyczyn
 3.  make the effort to do sth 
 - podejmować wysiłek zrobienia czegoś
 4.  sth is worth the effort 
 - coś jest warte zachodu|ˈefət"
effortless,bez wysiłku,ˈefətlɪs
effrontery,bezczelność,grubiaństwo|ɪˈfrʌntərɪ
efl,angielski jako język obcy,ˌ$⋅⋅$ˈ$⋅$
efta,europejskie stowarzyszenie wolnego handlu,ˈeftə
eg,e.g.,exempli gratia|na przykład|np.|ˌ$⋅$ˈ$⋅$
egalitarian,egalitarny,ɪˌgælɪˈteərɪən
egg,eg,"i.    jajko
ii.  egg on   podbechtywać|podjudzać"
eggcup,kieliszek do jajek,ˈegkʌp
egghead,jajogłowy,ˈeghed
eggplant,bakłażan,ˈegplɑ:nt
eggshell,skorupka,skorupka jajka|ˈegʃel
egoist,egoistyczny,ˈi:gəʊɪst
egoistic,egoistical,egoistyczny|ˌi:gəʊˈɪstɪk
egoistical,egoistic,egoistyczny|ˌi:gəʊˈɪstɪk
egypt,egipt,ˈi:ʤɪpt
egyptian,"i.    egipski
ii.    egipcjanin",ɪˈʤɪpʃən
eh,1.  co?,"eɪ|jak?|nie?
 2.  e?"
eiderdown,pierzyna,ˈaɪdədaʊn
eight,osiem,ˈeɪt
eighteen,eɪˈti:n,osiemnaście
eighteenth,eɪˈti:nθ,osiemnasty
eighth,ósmy,ˈeɪtθ
eightieth,osiemdziesiąty,ˈeɪtɪθ
eighty,osiemdziesiąt,ˈeɪtɪ
eire,irlandia,irlandia republika irlandzka|ˈeərə
either,i.   1.  a. jeden z dwóch,"jakikolwiek 
 b.
      ""either can be taken""  - można wziąć jakikolwiek
 3.  a. żaden
 b.
      ""he doesn't want either""  - nie chce żadnego
ii.    a. także|jeden|któryś 
 b.
      ""take either of those""  - weź jeden z nich
 2.  a. każdy|też
 b.
      ""they cannot swim either""  - oni także nie umieją pływać
iii.   1.  a. oba
 b.
      ""they are on either sides of the room""  - znajdują się po obu stronach pomieszczenia
 2.  either ... or ... 
 - albo ... albo ...
 3.  either way 
 - w każdym bądź razie"
eject,"1.  wyrzucać
 2.  usuwać",ɪˈʤekt
eke out,1.  podtrzymywać,"i:k ˈaʊt|uzupełniać
 2.  ledwo zarabiać"
elaborate,"elaborate
i.    skomplikowany
ii.   1.  rozszerzać","opracowywać|uzupełniać 
 2.  opracowywać w szczegółach"
elapse,upływać,ɪˈlæps
elastic,"i.    guma
ii.    elastyczny",ɪˈlæstɪk
elated,podniecony,ɪˈleɪtɪd
elation,podniecenie,uniesienie|ɪˈleɪʃən
elbow,"i.    łokieć
ii.    elbow away 
 - odpychać łokciem",odpychać|ˈelbəʊ
elder,bez,"i.    starszy
ii.   1. elders  [form]  starsi
 2. elders  starszyzna|starcy
 3.  bez czarny|ˈeldə"
elderly,"1.  starszy
 2. the elderly  starsi
 3.  starodawny",ˈeldəlɪ
eldest,najstarszy,ˈeldɪst
elect,1.  wybierać (as - jako,"na)  
 2.  [form]  chcieć|ɪˈlekt"
election,"1.  wybory
 2.  wybór",ɪˈlekʃən
elector,wyborca,ɪˈlektə
electoral,wyborczy,ɪˈlektərəl
electorate,elektorat,ɪˈlektərət
electric,"i.   1.  elektryczny
 2.  naelektryzowany
ii.  electric chair","krzesło elektryczne
iii.  electric shock|porażenie prądem|wstrząs elektryczny|ɪˈlektrɪk"
electrical,"1.  elektryczny
 2.  [przemysł]  energetyczny",ɪˈlektrɪkəl
electrician,elektryk,ɪˌlekˈtrɪʃən
electricity,elektryczność,ɪˌlekˈtrɪsɪtɪ
electrify,"1.  elektryzować
 2.  elektryfikować",ɪˈlektrɪfaɪ
electrocute,śmiertelnie porazić prądem,ɪˈlektrəkju:t
electrode,elektroda,ɪˈlektrəʊd
electron,elektron,ɪˈlektrɒn
electronic,[komp]   poczta elektroniczna,"i.    elektroniczny
ii.  electronic mail|ɪlekˈtrɒnɪk|ɪlekˌtrɒnɪk ˈmeɪl"
electronics,"1.  elektronika
 2.  sprzęt elektroniczny",ɪlekˈtrɒnɪks
elegant,"1.  elegancki
 2.  wytworny",ˈelɪgənt
elegy,elegia,ˈeləʤɪ
element,1.  element,"cień
 5.  [chem]  pierwiastek
 6.  grzałka|elementy
 4.  [np. prawdy|niepogoda
 8.  be in one's element 
 - być w swoim żywiole|składnik
 2. elements  [wiedzy]  podstawy
 3. elements  [zwykle]  [w społeczeństwie]  ugrupowania"
elemental,niepohamowany,żywiołowy|ˌeləˈmentəl
elementary,"1.  elementarny
 2.  podstawowy",ˌeləˈmentərɪ
elephant,słoń,ˈeləfənt
elevate,1.  wywyższać,"podnosić|wynosić   
 2.  wznosić|ˈelɪveɪt"
elevated,"1.  wysoko postawiony
 2.  wzniosły
 3.  [teren]  podwyższony",wyniosły|ˈelɪveɪtɪd
elevation,1.  wyniesienie,"do)
 2.  wzniesienie|wysokość|wzniesienie (to - na|ˌeləˈveɪʃən"
elevator,winda,ˈelɪveɪtə
eleven,jedenaście,ɪˈlevən
eleventh,"1.  jedenasty
 2.  the eleventh hour 
 - pięć minut przed dwunastą",ɪˈlevənθ
elf,krasnoludek,
elicit,"1.  wywoływać 
 2.  wydobywać",ɪˈlɪsɪt
eligible,"1.  kwalifikujący się 
 2.  [kobieta]  nadający się do małżeństwa",ˈelɪʤəbəl
eliminate,eliminować,usuwać|ɪˈlɪmɪneɪt
elite,"i.    elita
ii.    elitarny",ɪˈli:t
elitism,elitarność,ɪˈli:tɪzəm
elixir,eliksir,ɪˈlɪksɪə
elizabeth regina,er,królowa elżbieta|ˌ$⋅$ˈ$⋅$
elk,"1.  łoś
 2.  [us]  wapiti",
ellipse,elipsa,ɪˈlɪps
elliptic,eliptyczny,elliptical|ɪˈlɪptɪk
elliptical,eliptyczny,elliptic|ɪˈlɪptɪk
elm,wiąz,
elocution,dobra wymowa,ˌeləˈkju:ʃən
elongated,wydłużony,ˈi:lɒŋgeɪtɪd
elope,by wziąć ślub,uciekać|ɪˈləʊp
eloquent,elokwentny,wymowny|ˈeləkwənt
else,1.  a. inny,"albo|els|jeszcze
 b.
      ""somewhere else""  - gdzie indziej
 c.
      ""nothing else""  - nic innego
 d.
      ""what else""  - co jeszcze
 2.  or else 
 - albo też"
elsewhere,gdzie indziej,gdziekolwiek|ˈelsweə
elucidate,wyjaśniać,ɪˈlu:sɪdeɪt
elude,"1.  umykać
 2.  unikać",ɪˈlu:d
elusive,nieuchwytny,trudny do uchwycenia|ɪˈlu:sɪv
emaciated,wychudzony,wyniszczony|ɪˈmeɪʃɪeɪtɪd
email,e-mail,poczta elektroniczna|ˈi:meɪl
emanate,1.  emanować (from - od,"pochodzić|z)
 2.  wypływać|ˈeməneɪt"
emancipate,emancypować,ɪˈmænsɪpeɪt
emancipation,emancypacja,ɪˌmænsɪˈpeɪʃən
embalm,balsamować,ɪmˈbɑ:m
embankment,nabrzeże,nasyp|ɪmˈbæŋkmənt
embargo,"i.    embargo 
ii.    nakładać embargo",ɪmˈbɑ:gəʊ
embark,1.  zaczynać,"na pokład)|puszczać się   
 2.  wsiadać|wchodzić (on - na|ɪmˈbɑ:k"
embarrass,1.  kłopotać,"stwarzać kłopoty|zawstydzać
 2.  stwarzać problemy|ɪmˈbærəs"
embarrassed,zakłopotany,ɪmˈbærəst
embarrassing,krępujący,kłopotliwy|ɪmˈbærəsɪŋ
embarrassment,1.  zakłopotanie,"powód skrępowania|skrępowanie
 2.  kłopot|ɪmˈbærəsmənt"
embassy,ambasada,ˈembəsɪ
embattled,osaczony,ɪmˈbætəld
embedded,"1.  uwięzły 
 2.  zakorzeniony",ɪmˈbedɪd
embellish,przystrajać,upiększać|ɪmˈbelɪʃ
ember,niewygasły drewno,niewygasły węgiel|żar|ˈembə
embezzle,przywłaszczać,sprzeniewierzać|ɪmˈbezəl
embitter,gorzknieć,ɪmˈbɪtə
emblazoned,ozdobiony,uwidoczniony|ɪmˈbleɪzənd
emblem,"1.  godło
 2.  oznaka",ˈembləm
embodiment,uosobienie,ɪmˈbɒdəmənt
embody,"1.  ucieleśniać
 2.  włączać",uwzględniać|ɪmˈbɒdɪ
emboldened,ośmielony,ɪmˈbəʊldənd
embossed,tłoczony,ɪmˈbɒst
embrace,i.    obejmować,"zawierać
 2.  [form]  przystawać|ściskać
ii.    uścisk
iii.   1.  obejmować|ɪmˈbreɪs"
embroider,haftować,wyszywać|ɪmˈbrɔɪdə
embroidery,1.  wyszywanie,"haftowanie
 2.  haft|ornament|ɪmˈbrɔɪdərɪ"
embroil,wdawać się,ɪmˈbrɔɪl
embryo,embrion,zarodek|ˈembrɪəʊ
embryonic,embrionalny,zarodkowy|ˌembrɪˈɒnɪk
emerald,"i.    szmaragd
ii.    szmaragdowy",ˈemərəld
emerge,1.  wyłaniać się,"wychodzić   
 2.  pojawiać się|ɪˈmɜ:ʤ"
emergency,i.    nagły wypadek,"ratunkowy|wypadek
ii.   1.  przymusowy
 2.  ratowniczy|ɪˈmɜ:ʤənsɪ"
emergent,pojawiający się,wyłaniający się|ɪˈmɜ:ʤənt
emigrate,emigrować,ˈemɪgreɪt
emigration,emigracja,ˌemɪˈgreɪʃən
emigre,emigrant,emigrant polityczny|uchodźca|émigré|ˈemɪgreɪ
eminence,"1.  znakomitość
 2.  [form]  eminencja",ˈemɪnəns
eminent,wybitny,ˈemɪnənt
eminently,[form]  w większości,przeważnie|ˈemɪnəntlɪ
emissary,emisariusz,ˈemɪsərɪ
emission,emisja,wydzielanie|ɪˈmɪʃən
emit,emitować,wydzielać|ɪˈmɪt
emotion,emocja,uczucie|ɪˈməʊʃən
emotional,emocjonalny,uczuciowy|ɪˈməʊʃənəl
emotive,odwołujący się do uczuć,ɪˈməʊtɪv
emp,"emp.
i.  
   see also: {emperor}
  cesarz
ii.  
   see also: {empire}
  cesarstwo
iii.  
   see also: {empress}
  cesarzowa",
empathy,empatia,wczucie się|ˈempəθɪ
emperor,cesarz,imperator|ˈempərə
emphasis,1.  znaczenie,"nacisk
 2.  akcent|przycisk|ˈemfəsɪs"
emphasize,kłaść nacisk,podkreślać|ˈemfəsaɪz
emphatic,"1.  dobitny
 2.  stanowczy
 3.  emfatyczny",wyrazisty|ɪmˈfætɪk
empire,cesarstwo,imperium|ˈempaɪə
empirical,empiryczny,ɪmˈpɪrɪkəl
empiricism,empiria,ɪmˈpɪrɪsɪzəm
employ,"1.  zatrudniać 
 2.  [form]  używać",posługiwać się|ɪmˈplɔɪ
employee,pracownik,ɪmplɔɪˈi:
employer,pracodawca,ɪmˈplɔɪə
employment,praca,zatrudnienie|ɪmˈplɔɪmənt
empower,przyznawać prawo,upoważniać|ɪmˈpaʊə
empress,cesarzowa,ˈemprɪs
emptiness,pustka,ˈemtɪnɪs
empty,"i.    pusty
ii.   1.  opróżniać się","opróżniać
 2.  usuwać|wylewać|ˈemtɪ"
emptyhanded,empty-handed,z pustymi rękoma|ˌemtɪˈhændɪd
emulate,naśladować,ˈemjəleɪt
en route,po drodze,w drodze|ˌɒn ˈru:t
enable,pozwalać,umożliwiać|ɪˈneɪbəl
enact,"1.  [termin]  nadawać moc prawną
 2.  [form]  odgrywać",ɪˈnækt
enamel,"i.   1.  emalia
 2.  szkliwo
ii.    emaliować",ɪˈnæməl
enamored,enamoured,rozmiłowany|ɪˈnæməd
enamoured,enamored,rozmiłowany|ɪˈnæməd
enc,"enc.
i.
   see also: {enclosed}
  zał.","załącznik|załączony
ii.
   see also: {enclosure}
  zał."
encapsulate,zwięźle obejmować,ɪŋˈkæpsjəleɪt
encase,okrywać,zamykać|ɪŋˈkeɪs
enchanted,"1.  oczarowany
 2.  zaczarowany",ɪnˈʧɑ:ntɪd
encircle,okrążać,otaczać|ɪnˈsɜ:kəl
encl,"encl.
i.
   see also: {enclosed}
  zał.","załącznik|załączony
ii.
   see also: {enclosure}
  zał."
enclave,enklawa,ˈeŋkleɪv
enclose,1.  zawierać,"otaczać   
 2.  załączać|ɪŋˈkləʊz"
enclosure,"1.  ogrodzony teren
 2.  załącznik",ɪŋˈkləʊʒə
encode,kodować,szyfrować|ɪŋˈkəʊd
encompass,obejmować,ɪŋˈkʌmpəs
encore,"1.  bis
 2.  give an encore 
 - bisować",ˈɒŋkɔ:
encounter,"i.   1.  [form]  napotykać
 2.  doznawać
ii.   1.  spotkanie
 2.  doznanie",ɪŋˈkaʊntə
encourage,1.  zachęcać,"ośmielać
 2.  popierać|ɪŋˈkʌrɪʤ"
encouraging,ośmielający,zachęcający|ɪŋˈkʌrəʤɪŋ
encroach,"1.  naruszać   
 2.  wedrzeć się",wtargnąć|ɪŋˈkrəʊʧ
encrusted,inkrustowany,ɪŋˈkrʌstɪd
encumber,krępować,obarczać|ɪŋˈkʌmbə
encumbrance,obciążenie,skrępowanie|ɪŋˈkʌmbrəns
encyclopaedia,encyclopedia,encyklopedia|ɪnˌsaɪkləˈpi:dɪə
encyclopedia,encyclopaedia,encyklopedia|ɪnˌsaɪkləˈpi:dɪə
end,"i.   1.  koniec
 2.  zakończenie","kończyć     
 2.  at an end 
 - przy końcu
 3.  come to an end 
 - kończyć się
 4.  [nieform]  at the end of the day 
 - na samym końcu
 5.  in the end 
 - w końcu
 6.  make ends meet 
 - wiązać koniec z końcem
 7.  [nieform]  no end 
 - bez końca
 8.  on end 
 - bez przerwy
iii.  end up   kończyć|kres   
 3.  cel
ii.   1.  kończyć się"
endanger,zagrażać,ɪnˈdeɪnʤə
endear,"1.  [form]  czynić miłym 
 2.  endear oneself 
 - być miłym",ɪnˈdɪə
endeavor,endeavour,"i.    usiłować|próba|próbować
ii.    [form]  usiłowanie|wysiłek"
endeavour,endeavor,"i.    usiłować|próba|próbować
ii.    [form]  usiłowanie|wysiłek"
endemic,endemiczny,enˈdemɪk
ending,zakończenie,ˈendɪŋ
endless,"1.  bezustanny
 2.  nieskończony",ˈendlɪs
endorse,"1.  popierać
 2.  żyrować",ɪnˈdɔ:s
endow,obdarowywać,obdarzać|ɪnˈdaʊ
endurable,wytrzymały,ɪnˈdjʊərəbəl
endurance,wytrzymałość,ɪnˈdjʊərəns
endure,"1.  wytrzymywać
 2.  trwać",ɪnˈdjʊə
enemy,wróg,ˈenəmɪ
energetic,"1.  energiczny
 2.  dynamiczny",ˌenəˈʤetɪk
energy,energia,ˈenəʤɪ
enfold,otaczać,ɪnˈfəʊld
enforce,"1.  wprowadzać w życie
 2.  wymuszać",ɪnˈfɔ:s
eng,"eng.
  inż.","eng.
i.
   see also: {england}
  anglia
ii.
   see also: {english}
  angielski|inżynier"
engage,1.  [form]  angażować się,"angażować
 4.  [form]  engage sb in conversation 
 - zajmować kogoś rozmową|angażować   
 2.  [form]  zajmować
 3.  zatrudniać|ɪŋˈgeɪʤ"
engaged,"1.  zaręczony 
 2.  [telefon]  zajęty",ɪŋˈgeɪʤd
engagement,"1.  spotkanie
 2.  engagement
 3.  zaręczyny",ɪŋˈgeɪʤmənt
engender,powodować,rodzić|ɪnˈʤendə
engine,"1.  silnik
 2.  lokomotywa",ˈenʤɪn
engineering,inżynieria,ˌenʤɪˈnɪərɪŋ
england,anglia,ˈɪŋglənd
englander,anglik,ˈɪŋgləndə
english,"i.    angielski
ii.   1.  język angielski
 2. the english  anglicy",ˈɪŋglɪʃ
englishman,anglik,ˈɪŋglɪʃmən
englishwoman,angielka,ˈɪŋglɪʃwʊmən
engrave,"1.  grawerować
 2.  [lit]  wryć się",ɪŋˈgreɪv
engraving,grafika,rycina|ɪŋˈgreɪvɪŋ
engrossed,pogrążony,zatopiony|ɪŋˈgrəʊst
engulf,ogarniać,pochłaniać|ɪŋˈgʌlf
enhance,polepszać,zwiększać|ɪnˈhɑ:ns
enigma,zagadka,ɪˈnɪgmə
enigmatic,enigmatyczny,ˌenɪˈgmætɪk
enjoy,"1.  lubić 
 2.  a. podobać się
 b.
      ""he enjoyed the book""  - książka mu się podobała
 3.  [zdrowiem","mieć
 4.  enjoy oneself 
 - dobrze się bawić|przewagą]  cieszyć się|ɪnˈʤɔɪ"
enjoyable,miły,przyjemny|ɪnˈʤɔɪəbəl
enjoyment,"1.  radość
 2.  przyjemność",ɪnˈʤɔɪmənt
enlargement,powiększenie,ɪnˈlɑ:ʤmənt
enlighten,oświecać,ɪnˈlaɪtən
enlightenment,oświecenie,ɪnˈlaɪtənmənt
enlist,1.  zaciągać się,"zaciągać   
 2.  a. zdobywać
 b.
      ""enlist sb's help""  - zdobywać czyjąś pomoc|ɪnˈlɪst"
enliven,ożywiać,ɪnˈlaɪvən
enmity,wrogość,ˈenmɪtɪ
ennoble,uszlachetniać,ɪˈnəʊbəl
enormity,ogrom,ɪˈnɔ:mɪtɪ
enormous,"1.  gigantyczny
 2.  ogromny",ɪˈnɔ:məs
enough,"1.  a. wystarczająco
 b.
      ""it is enough to have $ 20""  - wystarczy mieć 20 dolarów
 c.
      ""it is big enough""  - to jest wystarczająco duże
 2.  a. dość
 b.
      ""push strongly enough""  - pchać dość mocno
 3.  strangely enough 
 - to dość dziwne","to dziwne
 4.  enough is enough 
 - już dość|ɪˈnʌf"
enquire,badać,dociekać|dociekać czegoś|i.    dowiadywać się|inquire
enquiry,"1.  zapytanie
 2.  dociekanie",inquiry|ɪnˈkwaɪərɪ
enrage,rozwścieczać,ɪnˈreɪʤ
enrich,wzbogacać,ɪnˈrɪʧ
enrol,enroll,zapisywać|zapisywać się|ɪnˈrəʊl
enroll,enrol,zapisywać|zapisywać się|ɪnˈrəʊl
ensign,1.  flaga,"bandera
 2.  [wojsk]  chorąży|ˈensaɪn"
enslave,"1.  czynić niewolnikiem
 2.  zniewalać",ɪnˈsleɪv
ensue,następować,ɪnˈsju:
ensure,gwarantować,insure|zapewniać|ɪnˈʃʊə
entail,pociągać za sobą,ɪnˈteɪl
entangle,"1.  zaplątywać się 
 2.  wplątywać się",ɪnˈtæŋgəl
entanglement,poplątanie,ɪnˈtæŋgləmənt
enter,"i.   1.  wchodzić 
 2.  [do organizacji]  wstępować
 3.  [o cesze","sprawie]  pojawiać się
 4.  [w okres]  wchodzić
 5. enter for  [w zawodach]  brać udział
 6.  [o danych]  wprowadzać|uczestniczyć 
 2.  mieć rolę|wpisywać 
ii.  enter into  1.  przystępować|ˈentə"
enterprise,1.  firma,"gospodarka
 4.  przedsiębiorczość|interes
 2.  przedsięwzięcie
 3.  sektor|przedsiębiorstwo|ˈentəpraɪz"
enterprising,przedsiębiorczy,ˈentəpraɪzɪŋ
entertain,"1.  zabawiać
 2.  przyjmować","mieć|ugaszczać
 3.  [form]  żywić|ˌentəˈteɪn"
entertainer,artysta kabaretowy,ˌentəˈteɪnə
entertainment,"1.  rozrywka
 2.  występ",ˌentəˈteɪnmənt
enthuse,entuzjazmować się,ɪnˈθju:z
enthusiasm,1.  entuzjazm (for - dla,"co do)
 2.  [lit]  zainteresowanie|ɪnˈθju:zɪæzəm"
enthusiast,entuzjasta,ɪnˈθju:zɪæst
enthusiastic,entuzjastyczny,ɪnˌθju:zɪˈæstɪk
entice,nęcić,wabić|ɪnˈtaɪs
entire,całkowity,cały|ɪnˈtaɪə
entirety,"[form]  in its entirety 
 - w całości",ɪnˈtaɪərətɪ
entitle,"1.  tytułować
 2.  upoważniać",ɪnˈtaɪtəl
entitled,zatytułowany,ɪnˈtaɪtəld
entitlement,prawo,ɪnˈtaɪtəlmənt
entity,całostka,jednostka|ˈentɪtɪ
entourage,świta,ɒntu:ˈrɑ:ʒ
entrails,wnętrzności,ˈentreɪlz
entrance,"entrance
i.   1.  wejście
 2.  prawo wejścia
 3.  dostęp
ii.    oczarowywać",wprawiać w trans
entrant,"1.  nowoprzyjęty
 2.  [konkursu]  uczestnik",ˈentrənt
entrenched,wpojony,zakorzeniony|ɪnˈtrenʧt
entrepreneur,przedsiębiorca,ˌɒntrəprəˈnɜ:
entrust,powierzać,ɪnˈtrʌst
entry,"1.  zgłoszenie
 2.  [w konkursie]  uczestnictwo
 3.  [w księdze]  wpis
 4.  [czyjeś","do budynku]  wejście
 5.  [do kraju|domu]  prawo wejścia|wjazdu
 6.  [w słowniku]  hasło
 7.  no entry 
 - wstęp wzbroniony|ˈentrɪ"
entwine,splatać,ɪnˈtwaɪn
enumerate,wyliczać,ɪˈnju:məreɪt
enunciate,"1.  [form]  starannie wymawiać
 2.  wyłuszczać",ɪˈnʌnsɪeɪt
envelop,otulać,spowijać|ɪnˈveləp
envelope,koperta,ˈenvələʊp
enviable,godny zazdrości,ˈenvɪəbəl
envious,zazdrosny,ˈenvɪəs
environment,1.  otoczenie,"środowisko
 2. the environment  przyroda|środowisko naturalne|ɪnˈvaɪərənmənt"
environmental,"1.  przyrodniczy
 2.  dotyczący środowiska",ɪnˌvaɪərənˈmentəl
environmentalist,ekolog,ochroniarz|ochroniarz przyrody|ɪnˌvaɪərənˈmentəlɪst
envisage,przewidywać,wyobrażać sobie|ɪnˈvɪzɪʤ
envoy,poseł,wysłannik|wysłannik dyplomatyczny|ˈenvɔɪ
envy,"i.    zazdrościć
ii.   1.  zazdrość
 2.  the envy of sb 
 - przedmiot zazdrości dla kogoś",ˈenvɪ
ephemeral,efemeryczny,ɪˈfemərəl
epic,bohaterski,"i.    epopeja
ii.    epicki|ˈepɪk"
epidemic,epidemia,ˌepɪˈdemɪk
epilepsy,epilepsja,padaczka|ˈepɪlepsɪ
epileptic,epileptyczny,"epileptyk
ii.    padaczkowy|i.    chory na padaczkę|ˌepɪˈleptɪk"
epilogue,epilog,ˈepɪlɒg
episcopal,biskupi,episkopalny|episkopalny kościół|ɪˈpɪskəpəl
episcopalian,episkopalny,ɪˌpɪskəˈpeɪlɪən
episode,1.  epizod,"zdarzenie
 2.  odcinek|ˈepɪsəʊd"
epitaph,epitafium,napis nagrobny|ˈepɪtɑ:f
epithet,epitet,określenie|ˈepɪθet
epitome,the epitome  wzór,uosobienie|ɪˈpɪtəmɪ
epitomise,epitomize,obrazować|przedstawiać|ɪˈpɪtəmaɪz
epitomize,epitomise,obrazować|przedstawiać|ɪˈpɪtəmaɪz
epoch,epoka,ˈi:pɒk
equable,spokojny,zrównoważony|ˈekwəbəl
equal,i.   1.  równy,"jednakowy
 2.  ktoś równorzędny|równorzędny
 3.  [form]  przysposobiony|zdolny sprostać 
ii.   1.  równać się
 2.  dorównywać
 3.  on equal terms 
 - na równych prawach|ˈi:kwəl"
equality,równość,ɪˈkwɒlɪtɪ
equalize,dorównywać,zrównywać|zrównywać się|ˈi:kwəlaɪz
equally,"1.  równo
 2.  tak samo","jednakowo|równie
 3.  w tym samym stopniu|tak samo|ˈi:kwəlɪ"
equanimity,opanowanie,pogoda ducha|ˌekwəˈnɪmɪtɪ
equate,zrównywać,ɪˈkweɪt
equation,równanie,ɪˈkweɪʒən
equator,równik,ɪˈkweɪtə
equatorial,równikowy,ˌekwəˈtɒrɪəl
equestrian,i.    jeździecki,"konny
ii.    jeździec|ɪˈkwestrɪən"
equidistant,odległy równo,ˌi:kwɪˈdɪstənt
equilibrium,równowaga,ˌi:kwɪˈlɪbrɪəm
equinox,równonoc,zrównanie dnia z nocą|ˈi:kwɪnɒks
equip,1.  ekwipować się,"ekwipować|przygotowywać|zaopatrywać 
 2.  wyposażać 
 3.  dawać|zaopatrywać się"
equipment,ekwipunek,sprzęt|wyposażenie|ɪˈkwɪpmənt
equitable,sprawiedliwy,słuszny|ˈekwɪtəbəl
equity,sprawiedliwość,słuszność|ˈekwɪtɪ
equivalence,ekwiwalencja,równoważność|ɪˈkwɪvələns
equivalent,i.    [form]  ekwiwalentny,"odpowiadający
ii.    ekwiwalent|odpowiednik|ɪˈkwɪvələnt"
equivocal,dwuznaczny,niejednoznaczny|ɪˈkwɪvəkəl
equivocate,niejasno,wyrażać się dwuznacznie|ɪˈkwɪvəkeɪt
er,e...,elizabeth regina|królowa elżbieta|ə|ɜ:
era,okres,ˈɪərə
eradicate,wykorzeniać,ɪˈrædɪkeɪt
erase,"1.  usuwać
 2.  wymazywać",ɪˈreɪz
eraser,gumka,gumka do wymazywania|ɪˈreɪzə
erect,"i.   1.  [form]  wznosić
 2.  montować","składać
ii.    wyprostowany|ɪˈrekt"
erection,"1.  wzniesienie
 2.  erekcja",wzwód|ɪˈrekʃən
erode,1.  podminowywać,"podkopywać
 2.  poddawać erozji|wydrążać|ɪˈrəʊd"
erosion,"i.    erozja
ii.    [przen]  stopniowe zanikanie",ɪˈrəʊʒən
erotic,erotyczny,ɪˈrɒtɪk
eroticism,erotyka,erotyzm|ɪˈrɒtɪsɪzəm
err,1.  [form]  a. błądzić,"popełniać błędy
 b.
      ""to err is human""  - błądzić jest rzeczą ludzką
 2.  err on the side of sth 
 - grzeszyć nadmiarem czegoś|ɜ:"
errand,"1.  sprawunek
 2.  go on an errand 
 - biegać na posyłki
 3.  run errands 
 - biegać na posyłki",ˈerənd
erratic,kapryśny,zmienny|ɪˈrætɪk
erroneous,błędny,ɪˈrəʊnɪəs
error,"1.  błąd
 2.  in error 
 - przez pomyłkę",ˈerə
erudite,erudycyjny,ˈerʊdaɪt
erupt,"1.  wybuchać
 2.  [przen]  wrzeć",eksplodować|ɪˈrʌpt
eruption,wybuch,ɪˈrʌpʃən
escalate,wzmagać,wzmagać się|wzrastać|ˈeskəleɪt
escalator,ruchome schody,ˈeskəleɪtə
escapade,eskapada,ˈeskəpeɪd
escape,"cieczach]  uchodzić
ii.   1.  ucieczka (from - z","i.   1.  unikać 
 2.  [np. z więzienia]  uciekać   
 3.  [z wypadku]  wychodzić cało|od)
 2.  [komp]  wyjście  [z bieżącego trybu]|wychodzić
 4.  [uwadze]  umykać
 5.  [o gazach|ɪˈskeɪp"
escapism,eskapizm,ɪˈskeɪpɪzəm
escort,"escort
i.    eskorta","eskortujący
ii.    eskortować"
esl,angielski jako drugi język,ˌ$⋅⋅$ˈ$⋅$
esoteric,ezoteryczny,ˌesəʊˈterɪk
esp,"esp.
  szczególnie",
especial,specjalny,szczególny|ɪˈspeʃəl
especially,"1.  w szczególności
 2.  szczególnie",ɪˈspeʃəlɪ
espionage,szpiegostwo,ˈespɪənɑ:ʒ
esq,"esq.
  [po nazwisku]  pan",
esquire,[po nazwisku]  pan,ɪˈskwaɪə
essay,"1.  wypracowanie
 2.  esej",ˈeseɪ
essayist,eseista,ˈeseɪɪst
essence,1.  istota,"podstawa
 2.  esencja
 3.  in essence 
 - w zasadzie|ˈesəns"
essentially,w zasadzie,ɪˈsenʃəlɪ
est,"est.
  założony",
establish,"1.  zakładać
 2.  ustanawiać
 3.  ustalać 
 4.  zyskiwać uznanie
 5.  establish oneself 
 - urządzać się",pojawiać się|ɪˈstæblɪʃ
establishment,"1.  założenie
 2.  firma","grupa rządząca|zakład
 3. the establishment  establishment|ɪˈstæblɪʃmənt"
esteem,1.  [form]  szacunek,"respekt
 2.  hold sb in high esteem 
 - mieć kogoś w wielkim poważaniu|ɪˈsti:m"
esthetic,aesthetic,estetyczny|i:sˈθetɪk
estimate,"estimate
i.    szacować","ocena
 2.  kosztorys|oceniać
ii.   1.  szacunek"
estimation,"1.  ocena
 2.  szacunek",oszacowanie|ˌestɪˈmeɪʃən
estonia,eˈstəʊnɪə,
estonian,eˈstəʊnɪən,"i.    estoński
ii.    estończyk"
estranged,"1.  odseparowany 
 2.  odosobniony",pokłócony|ɪˈstreɪnʤd
estuary,ujście,ˈestjʊərɪ
et cetera,"et cetera
  itd.",etc.|itp.
eta,szacowany czas przybycia,ˌ$⋅⋅$ˈ$⋅$
etc,"et cetera
  itd.",etc.|itp.
etch,"1.  grawerować
 2.  wytrawiać  [jak w akwaforcie]",eʧ
eternal,"1.  wieczny
 2.  odwieczny",ɪˈtɜ:nəl
eternity,"1.  wieczność
 2.  [nieform]  wiek",wieki|ɪˈtɜ:nɪtɪ
ether,eter,ˈɪθə
ethic,"1.  etos
 2. ethics  etyka",ˈeθɪk
ethical,etyczny,ˈeθɪkəl
ethiopia,etiopia,ˌi:θɪˈəʊpɪə
ethiopian,"i.    etiopski
ii.    etiop",ˌi:θɪˈəʊpɪən
ethnic,etniczny,ˈeθnɪk
etiquette,etykieta,ˈetɪket
eucharist,eucharystia,ˈju:kərɪst
eucharistic,eucharystyczny,ˌju:kəˈrɪstɪk
eulogy,panegiryk,utwór pochwalny|ˈju:ləʤɪ
eunuch,ˈju:nək,
euphemism,eufemizm,ˈju:fəmɪzəm
euphoria,euforia,ju:ˈfɔ:rɪə
euphoric,euforyczny,ju:ˈfɔ:rɪk
europe,europa,ˈjʊərəp
european,"i.    europejski
ii.    europejczyk",ˌjʊərəˈpɪən
euthanasia,eutanazja,ˌju:θəˈneɪzɪə
evacuate,ewakuować,ɪˈvækjʊeɪt
evade,1.  unikać,"uchylać się 
 2.  odchylać się|umykać|ɪˈveɪd"
evaluate,oceniać,ɪˈvæljʊeɪt
evaluation,ocena,oszacowanie|ɪˌvæljʊˈeɪʃən
evangelical,"1.  ewangeliczny
 2.  ewangelicki",protestancki|ˌi:vænˈʤelɪkəl
evangelist,ewangelista,ɪˈvænʤelɪst
evaporate,"1.  parować
 2.  wyparowywać
 3.  [ciecz]  odparowywać",ɪˈvæpəreɪt
evasion,"1.  uchylanie się 
 2.  wykręt",wykręcanie się|ɪˈveɪʒən
evasive,1.  wykrętny,"wymijający
 2.  take evasive action 
 - wykonywać manewr wymijający|ɪˈveɪsɪv"
eve,"1.  przeddzień
 2.  wigilia",i:v
even,"choćby
 8.  even so 
 - a jednak","i.   1.  nawet
 2.  [np. lepszy]  jeszcze
ii.   1.  [tempo|pięćdziesięcioprocentowy
 6.  [liczba]  parzysty
 7.  even if|pojedynek]  wyrównany
 5.  [wynik]  równie prawdopodobny|temperatura]  stały
 2.  [powierzchnia]  równy
 3.  [rozmieszczenie]  równomierny
 4.  [szanse"
evening,"1.  strój wieczorowy
 2.  suknia wieczorowa","i.    wieczór
ii.  evening class|szkoła wieczorowa
iii.  evening dress|zajęcia zaoczne|ˈi:vnɪŋ"
event,1.  wydarzenie,"gdy|spotkanie
 3.  [form]  in the event  )
 - w wypadku|w wypadku
 4.  at all events 
 - w każdym razie
 5.  in any event 
 - w każdym razie
 6.  [form]  in the event 
 - w końcowym rozrachunku|zdarzenie
 2.  [sport]  dyscyplina"
eventful,doniosły,pełen wydarzeń|ɪˈventfʊl
eventual,ostateczny,ɪˈvenʧʊəl
eventuality,ewentualność,możliwość|ɪˌvenʧʊˈælɪtɪ
ever,"-ż
 b.
      ""why ever""  - czemuż
 c.
      ""who ever""  - któż
 d.
      ""when ever""  - kiedyż
 5.  ever since 
 - od kiedy","1.  kiedykolwiek
 2.  wciąż
 3.  zawsze|od tego czasu
 6.  [nieform]  ever so|przeważnie
 4.  [w pytaniach]  a. -że|such 
 - niezwykle"
evergreen,roślina wiecznie zielona,ˈevəgri:n
everlasting,trwały,wieczny|ˌevəˈlɑ:stɪŋ
every,co drugi,"i.   1.  każdy
 2.  a. co
 b.
      ""every two months""  - co dwa miesiące
ii.   1.  wszelki
 2.  every second|other  
 - co drugi dzień|ˈevrɪ"
everybody,"1.  każdy
 2.  wszyscy",ˈevrɪbɒdɪ
everyday,codzienny,zwykły|ˈevrɪdeɪ
everyone,"1.  każdy
 2.  wszyscy",ˈevrɪwʌn
everyplace,wszędzie,ˈevrɪpleɪs
everything,wszystko,ˈevrɪθɪŋ
everywhere,wszędzie,ˈevrɪweə
evict,eksmitować,ɪˈvɪkt
eviction,eksmisja,ɪˈvɪkʃən
evidence,1.  dowód,"być jasno widocznym|dowody
 2.  give evidence 
 - świadczyć  
 3.  be in evidence 
 - być na widoku|ˈevɪdəns"
evident,oczywisty,widoczny|ˈevɪdənt
evil,"i.    zły  [moralnie]
ii.    zło",ˈi:vəl
evocation,ewokacja,przywołąnie|ˌi:vəˈkeɪʃən
evocative,przywołujący,ɪˈvɒkətɪv
evoke,przywoływać,ɪˈvəʊk
evolution,ewolucja,rozwój|ˌi:vəˈlu:ʃən
evolve,1.  ewoluować,"przekształcać 
 2.  rozwijać się|przekształcać się|rozwijać|ɪˈvɒlv"
ewe,ju:,owca  [samica]
exacerbate,pogarszać,ɪgˈzæsəbeɪt
exact,"i.    dokładny
ii.    [form]  wymagać",ɪgˈzækt
exacting,wymagający,ɪgˈzæktɪŋ
exactly,"1.  dokładnie
 2.  zupełnie
 3.  ``exactly'' 
 -","nie całkiem|właśnie''
 4.  not exactly 
 - niezupełnie|ɪgˈzæktlɪ"
exaggerate,"1.  przesadzać
 2.  wyolbrzymiać",ɪgˈzæʤəreɪt
exalt,"1.  [form]  podnosić
 2.  [lit]  pobudzać",ɪgˈzɔ:lt
exalted,"1.  wysoki
 2.  egzaltowany",ɪgˈzɔ:ltɪd
exam,egzamin,ɪgˈzæm
examination,"1.  egzamin
 2.  analiza
 3.  badanie","oględziny
 4.  rozpatrzenie|ɪgˌzæmɪˈneɪʃən"
examine,"1.  oglądać
 2.  badać
 3.  rozpatrywać
 4.  egzaminować",ɪgˈzæmɪn
examiner,egzaminator,ɪgˈzæmɪnə
example,"1.  przykład
 2.  for example 
 - na przykład
 3.  set an example 
 - stanowić wzór
 4.  follow sb's example 
 - iść za czyimś przykładem
 5.  make an example of sb 
 - ukarać kogoś dla przykładu",ɪgˈzɑ:mpəl
exasperate,dręczyć,rozjątrzać|ɪgˈzæspəreɪt
exc,"exc.
  z wyjątkiem",
excavate,przeprowadzać wykopaliska,wykopywać|ˈekskəveɪt
excavation,wykopaliska,ˌekskəˈveɪʃən
exceed,przekraczać,ɪkˈsi:d
exceedingly,niezwykle,ɪkˈsi:dɪŋlɪ
excel,przodować,ɪkˈsel
excellence,doskonałość,przodowanie|ˈeksələns
excellency,"a. ekscelencja
 b.
      ""your excellency""  - wasza ekscelencja
 c.
      ""his excellency""  - jego ekscelencja",ˈeksələnsɪ
excellent,doskonały,znakomity|ˈeksələnt
except,"i.    z wyjątkiem
ii.   1.  wyłączyć","oprócz|zrobić wyjątek
 2.  except for 
 - wyjąwszy|ɪkˈsept"
excepted,[po rzeczowniku]  z wyjątkiem,wyjąwszy|ɪkˈseptɪd
excepting,oprócz,prócz|z wyjątkiem|ɪkˈseptɪŋ
exception,"1.  wyjątek 
 2.  take exception to 
 - mieć zastrzeżenia do
 3.  with the exception  )
 - z wyjątkiem czegoś","z wyjątkiem
 4.  without exception 
 - bez wyjątku|ɪkˈsepʃən"
exceptional,wyjątkowy,ɪkˈsepʃənəl
excerpt,fragment,wyjątek|ˈeksɜ:pt
excess,"excess
i.    nadmierny","zbyteczny
ii.   1.  nadmiar
 2. excesses  ekscesy
 3.  [form]  in excess of 
 - ponad
 4.  to excess 
 - do przesytu"
excessive,nadmierny,ɪkˈsesɪv
exchange,i.    wymieniać się,"wymieniać
ii.   1.  wymiana
 2.  a. giełda
 b.
      ""stock exchange""  - giełda towarowa
 3.  [form]  wymiana zdań
 4.  [np. telefoniczna]  centrala
 5.  in exchange for 
 - w zamian za
iii.  exchange rate   kurs wymiany
iv.  telephone exchange   centrala telefoniczna|ɪksˈʧeɪnʤ"
excise,amputować,"excise
i.    akcyza|opłata akcyzowa
ii.    wycinać"
excitable,ekscytujący się,pobudliwy|ɪkˈsaɪtəbəl
excite,"1.  ekscytować
 2.  wzniecać",podniecać|ɪkˈsaɪt
excitement,1.  podniecenie,"ekscytacja
 2.  [lit]  atrakcja|podnieta|ɪkˈsaɪtmənt"
excl,"excl.
i.  
   see also: {exclusive}
  wyłączny
ii.  
   see also: {excluding}
  wyłączając",
exclaim,wykrzykiwać,zakrzykiwać|ɪkˈskleɪm
exclamation,"i.    okrzyk
ii.  exclamation mark",wykrzyknik|ˌekskləˈmeɪʃən|ˌekskləˈmeɪʃən ˌmɑ:k
exclude,1.  pomijać,"nie włączać 
 2.  wykluczać|wykluczać|ɪkˈsklu:d"
excluding,z wyjątkiem,ɪkˈsklu:dɪŋ
exclusion,1.  wydalenie,"niedopuszczanie
 2.  pominięcie
 3.  to the exclusion of sth 
 - z wyłączeniem czegoś|ɪkˈsklu:ʒən"
exclusive,"1.  eksluzywny
 2.  wyłączny
 3.  mutually exclusive 
 - wzajemnie się wyłączający",ɪkˈsklu:sɪv
excommunicate,ekskomunikować,wyklinać|ˌekskəˈmju:nɪkeɪt
excrement,ekskrementy,stolec|ˈekskrəmənt
excrete,wydzielać,ɪkˈskri:t
excruciating,"1.  [ból]  przenikliwy
 2.  dręczący",przygniatający|ɪkˈskru:ʃɪeɪtɪŋ
excursion,"1.  wyprawa
 2.  wycieczka",wypad|ɪkˈskɜ:ʃən
excusable,do wybaczenia,wybaczalny|ɪkˈskju:zəbəl
excuse,"excuse
i.    usprawiedliwienie","wymówka
ii.   1.  usprawiedliwiać 
 2.  wybaczać 
 3.  zwalniać 
 4.  excuse me 
 - przepraszam
 5.  will you excuse me for a moment? 
 - czy mogę przeprosić na moment?"
execute,1.  poddawać egzekucji,"przeprowadzać|tracić
 2.  wykonywać|ˈeksɪkju:t"
execution,"1.  egzekucja
 2.  [form]  wykonywanie",ˌeksɪkˈju:ʃən
executioner,kat,ˌeksɪˈkju:ʃənə
executive,i.   1.  wyższy urzędnik,"menadżer
 2.  egzekutywa|organ wykonawczy
ii.    zarządzający|wykonawczy|ɪgˈzekjʊtɪv"
executor,egzekutor,ɪgˈzekjʊtə
exemplary,przykładowy,ɪgˈzemplərɪ
exempli gratia,e.g.,na przykład|np.|ˌ$⋅$ˈ$⋅$
exemplify,"1.  stanowić przykład
 2.  podawać przykład",podawać przykłady|ɪgˈzemplɪfaɪ
exempt,"i.    zwolniony 
ii.    zwalniać",ɪgˈzempt
exercise,"i.   1.  ćwiczenie
 2.  ruch fizyczny","ruch
 3.  [form]  sprawowanie|wywieranie
ii.   1.  ćwiczyć
 2.  [form]  sprawować|wywierać
iii.  exercise book|zeszyt"
exert,"1.  wywierać
 2.  exert oneself 
 - wysilać się",ɪgˈzɜ:t
exertion,wysiłek,ɪgˈzɜ:ʃən
exhale,eksˈheɪl,wydychać
exhaust,"i.    wyczerpywać
ii.   1. exhaust pipe  rura wydechowa
 2.  spaliny",ɪgˈzɔ:st
exhaustion,wyczerpanie,ɪgˈzɔ:sʧən
exhaustive,wyczerpujący,ɪgˈzɔ:stɪv
exhibit,"eksponować
ii.   1.  eksponat
 2.  dowód rzeczowy","i.   1.  [form]  wykazywać
 2.  przedstawiać|pokazywać|ɪgˈzɪbɪt"
exhibition,1.  wystawa,"ekspozycja
 2.  przedstawianie
 3.  make an exhibition of oneself 
 - robić z siebie przedstawienie|ˌegzɪˈbɪʃən"
exhibitionism,ekshibicjonizm,ˌegzɪˈbɪʃənɪzəm
exhibitionist,ekshibicjonista,ˌegzɪˈbɪʃənɪst
exhibitor,wystawca,ɪgˈzɪbɪtə
exhilarate,rozradować,rozradować się|rozweselić|rozweselić się|ɪgˈzɪləreɪt
exhort,nawoływać,ɪgˈzɔ:t
exhume,ekshumować,eksˈhju:m
exile,"i.   1.  wygnanie
 2.  wygnaniec
ii.    skazywać na wygnanie",ˈeksaɪl
exist,istnieć,ɪgˈzɪst
existence,"1.  istnienie
 2.  egzystencja",ɪgˈzɪstəns
existential,egzystencjalny,ˌegzɪˈstenʃəl
exit,i.    wyjście,"wyjazd
ii.   1.  wychodzić 
 2.  make an exit 
 - wychodzić|ˈegzɪt"
exodus,eksodus,ˈeksədəs
exonerate,oczyszczać,uwalniać|ɪgˈzɒnəreɪt
exorbitant,wygórowany,ɪgˈzɔ:bɪtənt
exorcise,egzorcyzmować,exorcize|ˈeksɔ:saɪz
exorcism,egzorcyzm,ˈeksɔ:sɪzəm
exorcize,egzorcyzmować,exorcise|ˈeksɔ:saɪz
exotic,egzotyczny,ɪgˈzɒtɪk
expanse,bezmiar,przestwór|ɪkˈspæns
expansion,1.  rozrost,"ekspansja
 2.  [komp]  rozszerzenie|ɪkˈspænʃən"
expansionism,ekspansjonizm,ɪkˈspænʃənɪzəm
expansionist,ekspansywny,ɪkˈspænʃənɪst
expansive,wylewny,ɪkˈspænsɪv
expatriate,eksˈpætrɪət,emigrant
expect,"1.  spodziewać się
 2.  oczekiwać
 3.  be expecting  )
 - spodziewać się dziecka","myślę|spodziewać się
 4.  i expect  )
 - sądzę|sądzę|że"
expectancy,nadzieja,widoki|ɪkˈspektənsɪ
expectant,"1.  wyczekujący
 2.  spodziewający się dziecka",spodziewający się|ɪkˈspektənt
expectation,"1.  oczekiwanie
 2.  wyczekiwanie",spodziewanie się|ˌekspekˈteɪʃən
expediency,co korzystne,korzyść|to|ɪkˈspedɪənsɪ
expedient,dogodny,"i.    środek
ii.    stosowny|ɪkˈspedɪənt"
expedite,przyśpieszyć,ˈekspədaɪt
expedition,"1.  ekspedycja
 2.  wyprawa",ˌekspəˈdɪʃən
expel,"1.  wydalać
 2.  usuwać 
 3.  [form]  wyrzucać",ɪkˈspel
expend,wydatkować,zużywać|ɪkˈspend
expendable,zbyteczny,ɪkˈspendəbəl
expenditure,"1.  wydatki
 2.  zużycie",ɪkˈspendɪʧə
expense,1.  nakłady,"na czyjś koszt
 4.  go to great expense 
 - ponosić wielkie koszty|wydatki
 2. expenses  dieta|zwrot kosztów
 3.  at sb's expense 
 - czyimś kosztem|ɪkˈspens"
expensive,drogi,kosztowny|ɪkˈspensɪv
experience,doświadczać,"fakt
ii.    przeżywać|i.   1.  doświadczenie
 2.  [np. zawodowa]  praktyka
 3.  [czegoś]  znajomość
 4.  przeżycie|ɪkˈspɪərɪəns"
experienced,doświadczony,ɪkˈspɪərɪənst
experiment,"doświadczenie
ii.    eksperymentować",i.    eksperyment|ɪkˈsperəmənt
experimental,"1.  eksperymentalny
 2.  doświadczalny
 3.  próbny",ɪkˌsperəˈmentəl
expert,i.    ekspert,"specjalistyczny|znawca
ii.    wyspecjalizowany|ˈekspɜ:t"
expertise,umiejętności specjalistyczne,wiedza specjalistyczne|ˌekspɜ:ˈti:z
expiate,odpokutowywać,ˈekspɪeɪt
expiration,utrata ważności,ˌekspɪˈreɪʃən
expire,"1.  [form]  tracić ważność
 2.  [lit]  wyzionąć ducha",ɪkˈspaɪə
expiry date,data ważności,ɪkˈspaɪərɪ deɪt
explain,"i.    wyjaśniać 
ii.  explain away   usprawiedliwiać",ɪkˈspleɪn
explanation,"1.  wyjaśnienie
 2.  objaśnienie",ˌekspləˈneɪʃən
explanatory,objaśniający,wyjaśniający|ɪkˈsplænətərɪ
explicable,wytłumaczalny,ɪkˈsplɪkəbəl
explicit,jednoznaczny,otwarty|szczery|ɪkˈsplɪsɪt
explode,1.  eksplodować,"wybuchać
 2.  wzrastać wybuchowo
 3.  wybuchać 
 4.  dyskredytować|ɪkˈspləʊd"
exploitation,1.  wyzysk,"wykorzystywanie
 2.  eksploatacja|ˌeksplɔɪˈteɪʃən"
exploitative,wyzyskujący,ɪkˈsplɔɪtətɪv
exploiter,wyzyskiwacz,ɪkˈsplɔɪtə
exploratory,badawczy,rozpoznawczy|ɪkˈsplɒrətərɪ
explore,"1.  badać
 2.  przeszukiwać","penetrować
 3.  analizować|przedyskutowywać|ɪkˈsplɔ:"
explorer,badacz,eksplorator|ɪkˈsplɔ:rə
explosion,1.  eksplozja,"wybuch
 2.  gwałtowny przyrost|ɪkˈspləʊʒən"
explosive,1.  środek wybuchowy,"materiał wybuchowy
 2.  wybuchowy
 3.  rozrywający się|rozrywający
 4.  oszałamiający|ɪkˈspləʊsɪv"
exponent,1.  przedstawiciel,"orędownik
 2.  [form]  wyraziciel
 3.  [termin]  wykładnik|ɪkˈspəʊnənt"
exponential,"1.  [termin]  wykładniczy
 2.  raptowny",zdwojony|ˌekspəˈnenʃəl
export,"export
i.   1.  eksportować
 2.  rozpowszechniać
ii.   1.  eksport
 2. exports  [zwykle]  artykuły eksportowe",
exporter,eksporter,ɪkˈspɔ:tə
expose,"1.  odsłaniać
 2.  wystawiać 
 3.  narażać się","ekˈspəʊzeɪ|exposé|narażać 
 4.  demaskować|zdemaskowanie"
exposition,przedstawienie,wykład|ˌekspəˈzɪʃən
exposure,1.  wystawienie się,"ekspozycja 
 2.  [w prasie|kadr|opisywanie
 3.  zdemaskowanie
 4.  [termin]  zdjęcie|tv]  pokazywanie"
exposé,ekˈspəʊzeɪ,expose|zdemaskowanie
expound,objaśniać,przedstawiać|ɪkˈspaʊnd
express,i.   1.  wyrażać się,"wyrażać
 2.  [termin]  przedstawiać 
ii.   1.  [form]  wyraźny
 2.  ekspresowy
iii.    ekspres|ɪkˈspres"
expression,"1.  wyrażenie
 2.  wyraz czegoś","przykład
 4.  ekspresja|wyraz
 3.  przejaw|ɪkˈspreʃən"
expressionless,bez wyrazu,ɪkˈspreʃənlɪs
expressive,"1.  wyrazisty
 2.  dotyczący wypowiadania się",ɪkˈspresɪv
expressway,autostrada,droga szybkiego ruchu|ɪkˈspresweɪ
expropriate,konfiskować,zabierać|ɪkˈsprəʊprɪeɪt
expulsion,wydalenie,ɪkˈspʌlʃən
exquisite,"1.  przepiękny
 2.  nadzwyczajny",ˈekskwɪzɪt
ext,"ext.
i.  
   see also: {external}
  zewnętrzny
ii.  
   see also: {externally}
  zewnątrz
iii.  
   see also: {extension}
  [o numerze telefonicznym]  wewnętrzny",
extend,1.  rozpościerać się,"oferować|pomoc]  przedstawiać|powierzchni]  ciągnąć się
 3.  [np. o skutkach|prawie]  rozciągać się"
extension,1.  dobudówka,"powiększenie
 2.  przedłużenie
 3.  rozszerzenie
 4.  [telefon]  numer wewnętrzny|ɪkˈstenʃən"
extensive,"1.  rozległy
 2.  ogromny
 3.  obszerny",szczegółowy|ɪkˈstensɪv
extent,"1.  rozmiar
 2.  to a large extent 
 - pod wieloma względami
 3.  to *some","a certain* extent 
 - w pewnym stopniu
 4.  to what extent 
 - w jakiej mierze
 5.  to that extent 
 - w tej mierze
 6.  to the extent that 
 - w tym stopniu|w jakim|ɪkˈstent"
extenuate,łagodzić,ɪkˈstenjʊeɪt
exterior,"i.   1.  zewnętrzna powierzchnia
 2.  powierzchowność","wygląd zewnętrzny
ii.    zewnętrzny|ɪkˈstɪərɪə"
exterminate,eksterminować,wybijać|ɪkˈstɜ:mɪneɪt
extermination,eksterminacja,ɪkˌstɜ:mɪˈneɪʃən
external,"i.    zewnętrzny
ii.   externals  [form]  aspekty zewnętrzne",ɪkˈstɜ:nəl
extinct,"1.  wymarły
 2.  nieczynny",wygasły|ɪkˈstɪŋkt
extinction,"1.  wymarcie
 2.  wygaśnięcie",ɪkˈstɪŋkʃən
extinguish,"1.  gasić
 2.  zacierać",niweczyć|ɪkˈstɪŋgwɪʃ
extinguisher,gaśnica,ɪkˈstɪŋgwɪʃə
extol,wychwalać,wysławiać|ɪkˈstəʊl
extort,wymuszać,zdzierać|ɪkˈstɔ:t
extortionate,nadmierny,ɪksˈtɔ:ʃənət
extra,"dodatkowo
 2.  niezwykle
ii.   1.  dodatek
 2.  opłata dodatkowa
 3.  statysta",i.   1.  dodatkowy|ˈekstrə
extract,ekstrakt,"extract
i.   1.  wydobywać
 2.  wyciągać
ii.   1.  wycinek|wyimek
 2.  wyciąg"
extraction,"1.  [form]  pochodzenie
 2.  wydobywanie",ɪkˈstrækʃən
extractor,wentylator,wentylator okienny|ɪkˈstræktə
extracurricular,extra-curricular,nadobowiązkowy|ˌekstrə kəˈrɪkjʊlə
extradite,poddawać ekstradycji,ˈekstrədaɪt
extradition,ekstradycja,ˌekstrəˈdɪʃən
extramarital,pozamałżeński,ˌekstrəˈmærɪtəl
extramural,extra-mural,zaoczny|ˌekstrəˈmjʊərəl
extraneous,poboczny,ɪkˈstreɪnɪəs
extraordinary,"1.  nadzwyczajny
 2.  niezwykły",ɪkˈstrɔ:dənərɪ
extravagance,"1.  rozrzutność
 2.  luksus",ɪkˈstrævəgəns
extravagant,"1.  rozrzutny
 2.  luksusowy","kosztowny
 3.  [form]  zmanierowany|przesadny
 4.  [form]  niepraktyczny
 5.  ekstrawagancki|ɪkˈstrævəgənt"
extravaganza,ekstrawagancja,ɪkˌstrævəˈgænzə
extremist,ekstremista,ɪkˈstri:mɪst
extremity,"1.  [form]  kraniec
 2.  [ciała]  kończyna","członek
 3.  [form]  krańcowy stan|ostateczność
 4.  [form]  krańcowość|ɪkˈstremɪtɪ"
extricate,uwalniać,wydobywać|ˈekstrɪkeɪt
extrovert,"i.    ekstrawertyk
ii.    ekstrawertyczny",ˈekstrəvɜ:t
extrude,wyciskać,ɪkˈstru:d
exuberant,pełen życia,ɪgˈzju:bərənt
exude,"1.  emanować
 2.  wydzielać",ɪgˈzju:d
exult,radować się,ɪgˈzʌlt
exultant,rozradowany,ɪgˈzʌltənt
eye,aɪ,"before one's very eyes 
 - na czyichś oczach
 15.  be up to one's eyes in sth 
 - siedzieć w czymś po uszy|close one's eyes to sth 
 - zamykać oczy na coś
 14.  under|i.    oko 
ii.   1.  mierzyć wzrokiem
 2.  before sb's eyes 
 - na czyichś oczach
 3.  cast|keep an eye out* 
 - mieć oczy otwarte
 8.  keep one's eyes open 
 - mieć oczy otwarte
 9.  keep an eye on sb 
 - mieć na kogoś oko
 10.  more to it than meets the eye 
 - więcej niż by się zdawało
 11.  open sb's eyes 
 - otworzyć komuś oczy
 12.  see eye to eye 
 - zgadzać się w poglądach"
eyeball,gałka oczna,ˈaɪbɔ:l
eyebrow,"1.  brew
 2.  raise an eyebrow at  
 - krzywić się na coś",krzywić się na|marszczyć brew na|marszczyć brew na coś|ˈaɪbraʊ
eyecatching,eye-catching,przykuwający wzrok|ˈaɪkæʧɪŋ
eyelash,rzęsa,ˈaɪlæʃ
eyelid,"1.  powieka
 2.  [nieform]  not to bat an eyelid 
 - nawet nie mrugnąć okiem",ˈaɪlɪd
eyeopener,eye-opener,rewelacja|ˈaɪəʊpənə
eyeshadow,cień do powiek,eye-shadow|ˈaɪʃædəʊ
eyesight,wzrok,ˈaɪsaɪt
eyesore,brzydactwo,okropieństwo|ˈaɪsɔ:
eyewitness,eye-witness,naoczny świadek|ˈaɪwɪtnɪs
f,"f.
i.
   see also: {fellow}
  członek
ii.
   see also: {fahrenheit}
  [o skali temp.]  fahrenheita",
fa,związek piłki nożnej,ˌ$⋅$ˈ$⋅$
fable,bajka,ˈfeɪbəl
fabric,1.  materiał,"płótno
 2.  [przen]  tkanka
 3.  [form]  substancja budowlana|substancja|ˈfæbrɪk"
fabricate,"1.  [form]  fabrykować
 2.  [form]  produkować",ˈfæbrɪkeɪt
fabulous,"1.  fantastyczny
 2.  [form]  baśniowy",ˈfæbjələs
facade,fasada,fəˈsɑ:d
face,"brać na siebie
iv.  face value","cyferblat
 4.  [lit]  [np. miasta]  oblicze
ii.   1.  [przeciwstawiać się]  stawiać czoła 
 2.  [np. o budynku|do czegoś)|faktami]  pogodzić się
 6.  face down|feɪs"
faceless,anonimowy,ˈfeɪslɪs
facet,"1.  aspekt
 2.  faseta  [np. brylantu]",ˈfæsət
facetious,fəˈsi:ʃəs,żartobliwy
facial,dotyczący twarzy,twarzy|ˈfeɪʃəl
facile,1.  łatwy,"lekki
 2.  płytki|powierzchowny|ˈfæsaɪl"
facilitate,fəˈsɪlɪteɪt,ułatwiać
facility,1.  [form]  zdolność,"fəˈsɪlɪtɪ|łatwość
 2.  urządzenie
 3.  ułatwienie"
facsimile,"1.  kopia
 2.  fax",fækˈsɪmɪlɪ
fact,1.  fakt,"as a matter of* fact  | :in :point :of | :as :a :matter :of] fact)
 - faktycznie|fækt|in point of|po prawdzie
 5.  the fact remains 
 - pozostaje faktem
 6.  for a fact 
 - na pewno"
faction,frakcja,ˈfækʃən
factor,czynnik,ˈfæktə
factory,fabryka,ˈfæktərɪ
factual,rzeczowy,ˈfækʧʊəl
faculty,"1.  władze umysłowe i cielesne
 2.  wydział uniwersytecki",wydział|ˈfækəltɪ
fad,fæd,przelotna moda
faeces,feces,kał|ˈfɪ:si:z
fag,"1.  harówka
 2.  [br nieform]  [papieros]  pet
 3.  [us nieform]  [homoseksualista]  pedał",fæg
faggot,[homoseksualista]  pedzio,ˈfægət
fahrenheit,skala fahrenheita,ˈfærənhaɪt
failing,a jak się nie da,"i.    wada
ii.   1.  zawodzący|słaby
 2.  failing this|that 
 - a jak się nie da to|ˈfeɪlɪŋ"
failure,"1.  niepowodzenie
 2.  [np. przedsięwzięcia]  fiasko
 3.  [obowiązku","brak
 b.
      ""failure to appear""  - brak obecności
 4.  [urządzenia|nieudacznik|obietnicy]  a. niewypełnienie|serca]  niesprawność
 5.  [banku]  krach
 6.  [np. nerwów]  załamanie się
 7.  [o człowieku]  pechowiec"
faint,feɪnt,"i.   1.  nikły|wątły
 2.  mdlejący
ii.    mdleć"
faintly,"1.  słabo
 2.  wątle",ˈfeɪntlɪ
fair,"fair
 2.  [o wielkości]  pokaźny
 3.  [ocena]  średni
 4.  [np. odgadnięcie]  prawidłowy
 5.  [skóra","feə|i.   1.  uczciwy|jarmarczny
ii.   1.  [br]  wesołe miasteczko
 2.  [br]  targ
 3.  to be fair 
 - prawdę mówiąc
 4.  fair enough 
 - dość dobrze
iii.  fair play|sprawiedliwość"
fairly,"1.  dość
 2.  uczciwie",fair|naprawdę|ˈfeəlɪ
fairness,"1.  sprawiedliwość
 2.  *in all fairness","in fairness * ])
 - prawdę mówiąc|ˈfeənɪs"
fairy,"i.    wróżka
ii.  fairy tale   baśń",ˈfeərɪ
faith,"1.  wiara
 2.  religia
 3.  break faith with sb 
 - łamać przyrzeczenie
 4.  break","dotrzymywać a
 5.  in good faith 
 - w dobrej wierze|feɪθ|keep faith with sb 
 - dotrzymywać przyrzeczenie"
faithful,"1.  wierny
 2.  the faithful 
 - wierni",zwolennicy|ˈfeɪθfʊl
faithfully,"yours faithfully 
 - z wyrazami szacunku",ˈfeɪθfʊlɪ
fake,feɪk,"i.   1.  fałszerstwo|imitacja
 2.  oszust
 3.  symulant
ii.    fałszowany
iii.   1.  fałszować|naśladować
 2.  udawać"
falcon,sokół,ˈfɔ:kən
fall,"cofać się
viii.  fall behind   zostawać w tyle
ix.  fall for  1.  tracić głowę dla","cofać się do|dawać się nabierać
x.  fall in   zapadać się
xi.  fall in with   zgadzać się z|dostosowywać się
xii.  fall off   spadać
xiii.  fall on   spadać na|dostosowywać się do"
fallacious,błędny,fəˈleɪʃəs|zwodniczy
fallacy,błąd,błąd logiczny|fałsz|fałsz rozumowania|ˈfæləsɪ
fallible,"1.  omylny
 2.  niedoskonały",ˈfɔ:ləbəl
fallout,opad promieniotwórczy,ˈfɔ:laʊt
fallow,leżący odłogiem,ˈfæləʊ
false,falstart,"fɔ:ls|i.   1.  fałszywy
 2.  sztuczny
ii.  false start|ˈfɔ:ls stɑ:t"
falsehood,1.  [form]  fałszywość,"fałsz
 2.  [form]  kłamstwo|ˈfɔ:lshʊd"
falsify,fałszować,ˈfɔ:lsɪfaɪ
falsity,fałsz,ˈfɔ:lsətɪ
falter,"1.  [o silniku]  krztusić się
 2.  [o tempie]  chwiać się","kuleć
 3.  [przed decyzją]  wahać się 
 4.  [przy mówieniu]  zawahać się|zająknąć się
 5.  [przy poruszaniu się]  zwalniać|ˈfɔ:ltə"
fame,feɪm,sława
famed,feɪmd,słynący
familial,fəˈmɪlɪəl,rodzinny
familiar,"1.  znajomy 
 2.  zaznajomiony","fəˈmɪlɪə|obznajomiony 
 3.  poufały"
familiarize,"familiarize oneself )
 - zaznajamiać się",fəˈmɪljəraɪz|zaznajamiać
family,drzewo genealogiczne,"i.    rodzina
ii.    rodzinny
iii.  family tree|ˈfæmɪlɪ|ˌfæmɪlɪ ˈtri:"
famine,głód,ˈfæmɪn
famished,głodny jak wilk,ˈfæmɪʃt
famous,słynny,znany|ˈfeɪməs
fan,fæn,"i.   1.  fan|kibic
 2.  wachlarz
 3.  wentylator
ii.   1.  wachlować się
 2.  podsycać
iii.  fan out   rozchodzić się promieniście"
fanatic,fəˈnætɪk,"i.    fanatyk
ii.    fanatyczny"
fanatical,fanatyczny,fəˈnætɪkəl
fanciful,1.  fantastyczny,"urojony
 2.  wymyślny|ˈfænsɪfʊl"
fanfare,fanfara,ˈfænfeə
fanfold paper,papier ciągły,papier ciągły perforowany|składanka|ˌfænˌfəʊld ˈpeɪpə
fang,fæŋ,kieł
fantasize,fantazjować,ˈfæntəsaɪz
fantasy,"1.  fantazjowanie
 2.  fantazja",ˈfæntəsɪ
fao,organizacja do spraw wyżywienia i rolnictwa,ˌ$⋅⋅$ˈ$⋅$
faraway,"1.  odległy
 2.  daleki",ˈfɑ:rəweɪ
farce,farsa,fɑ:s
farcical,farsowy,ˈfɑ:sɪkəl
fare,feə,"i.   1.  opłata
 2.  [przest]  pożywienie
ii.    [przest]  powodzić się"
farewell,feəˈwel,"i.    pożegnanie
ii.    żegnaj"
farfetched,far-fetched,fɑ:ˈfeʧt|naciągnięty|przesadny
farflung,"1.  oddalony
 2.  szeroko rozpostarty",far-flung|ˌfɑ:ˈflʌŋ
farm,"farma
ii.    gospodarować na roli",fɑ:m|gospodarować|i.    gospodarstwo rolne
farmer,chłop,rolnik|ˈfɑ:mə
farmhand,parobek,robotnik rolny|ˈfɑ:mhænd
farming,gospodarka,rolnictwo|ˈfɑ:mɪŋ
farmland,ziemia uprawna,ˈfɑ:mlænd
farmyard,podwórze,ˈfɑ:mjɑ:d
faroff,far-off,odległy|ˌfɑ:rˈɒf
farreaching,dalekosiężny,doniosły|far-reaching|ˌfɑ:ˈri:ʧɪŋ
farsighted,dalekowzroczny,far-sighted|ˌfɑ:ˈsaɪtɪd
fart,"i.    [wulg]  pierdzieć
ii.    [wulg]  pierdnięcie",ˈfɑ:t
farthing,[dawne]  ćwierć pensa,ˈfɑ:ðɪŋ
fascinate,fascynować,ˈfæsɪneɪt
fascination,fascynacja,ˌfæsɪˈneɪʃən
fascism,faszyzm,ˈfæʃɪzəm
fascist,"i.    faszysta
ii.    faszystowski",ˈfæʃɪst
fashion,"i.   1.  sposób
 2.  moda
ii.   1.  [przest]  sporządzać
 2.  in fashion 
 - modny
 3.  out of fashion 
 - niemodny",ˈfæʃən
fashionable,modny,ˈfæʃənəbəl
fast,fɑ:st,"i.   1.  szybki
 2.  [kolor]  trwały
ii.   1.  [robić coś]  szybko|mocno
iii.    [w religii]  pościć
iv.   1.  [religijny]  post
 2.  the watch is fast 
 - zegarek spieszy się
 3.  hold fast to sth 
 - trzymać się czegoś twardo
 4.  be fast asleep 
 - twardo spać
v.  fast food|potrawy na poczekaniu|potrawy na poczekaniu ciepłe"
fastening,klamra,zamocowanie|ˈfɑ:sənɪŋ
fastidious,fæstˈtɪdɪəs,grymaśny|wybredny
fat,cholernie,"duży
 4.  [nieform]  a fat lot 
 - cholernie dużo|fæt|i.    tłuszcz
ii.   1.  tłusty
 2.  gruby
 3.  niezły"
fatal,"1.  fatalny
 2.  śmiertelny",ˈfeɪtəl
fatalism,fatalizm,ˈfeɪtəlɪzəm
fatality,"1.  ofiara śmiertelna
 2.  [form]  fatalizm",fəˈtælɪtɪ
fate,feɪt,los|przeznaczenie
fated,"be fated 
 - mieć przeznaczone",ˈfeɪtɪd
fateful,brzemienny w skutki,ˈfeɪtfʊl
father,[br]   św. mikołaj,"być ojcem
iii.  father christmas|i.    ojciec
ii.    [lit]  zrodzić|ˈfɑ:ðə|ˌfɑ:ðə ˈkrɪsməs"
fatherhood,ojcostwo,ˈfɑ:ðəhʊd
fatherinlaw,father-in-law,teść|ˈfɑ:ðərɪnlɔ:
fatherless,bez ojca,ˈfɑ:ðəlɪs
fatherly,ojcowski,ˈfɑ:ðəlɪ
fathom,"8 m]
ii.   fathom out  zgłębiać",dociekać|i.    [termin]  sążeń  [1|ˈfæθəm
fatigue,fəˈti:g,"i.    wyczerpanie
ii.    [form]  wyczerpywać
iii.    zmęczenie metalu|zmęczenie"
fatten,i.    tuczyć się,"tuczyć
ii.  fatten up   przybierać na wadze|ˈfætən"
fatty,"i.    tłusty
ii.    tłuścioch",ˈfætɪ
fatuous,bujający w obłokach,głupi|ˈfætjʊəs
faucet,kran,kurek|ˈfɔ:sət
fault,fɔ:lt,"i.   1.  wina
 2.  [np. charakteru]  brak
 3.  [maszyny]  defekt
 4.  [termin]  uskok tektoniczny|uskok
ii.   1.  zarzucać   
 2.  at fault 
 - w błędzie
 3.  find fault 
 - czepiać się"
faultless,bez zarzutu,bezbłędny|ˈfɔ:ltlɪs
faulty,wadliwy,ˈfɔ:ltɪ
fauna,ˈfɔ:nə,
favor,"cieszyć się łaską
 8.  be in favour of sth 
 - być za czymś
 9.  be out of favour  :out% of :favour)
 - nie aprobowany","favour|i.   1.  aprobata|nie cieszący się łaską
 10.  do sb a favour 
 - wyświadczyć komuś przysługę|nieprzyjacielowi]  sprzyjać
 3.  [ucznia]  faworyzować
 4.  [form]  [obecnością]  zaszczycać 
 5.  in favour of 
 - na rzecz
 6.  in sb's favour 
 - na czyjąś korzyść
 7.  be in favour 
 - być aprobowanym"
favorable,"1.  aprobujący 
 2.  korzystny
 3.  sprzyjający",favourable|ˈfeɪvərəbəl
favorite,favourite,"i.    ulubiony
ii.    faworyt|ˈfeɪvrɪt"
favoritism,favouritism,faworyzowanie|ˈfeɪvrɪtɪzəm
favour,"cieszyć się łaską
 8.  be in favour of sth 
 - być za czymś
 9.  be out of favour  :out% of :favour)
 - nie aprobowany","favor|i.   1.  aprobata|nie cieszący się łaską
 10.  do sb a favour 
 - wyświadczyć komuś przysługę|nieprzyjacielowi]  sprzyjać
 3.  [ucznia]  faworyzować
 4.  [form]  [obecnością]  zaszczycać 
 5.  in favour of 
 - na rzecz
 6.  in sb's favour 
 - na czyjąś korzyść
 7.  be in favour 
 - być aprobowanym"
favourable,"1.  aprobujący 
 2.  korzystny
 3.  sprzyjający",favorable|ˈfeɪvərəbəl
favourite,favorite,"i.    ulubiony
ii.    faworyt|ˈfeɪvrɪt"
favouritism,favoritism,faworyzowanie|ˈfeɪvrɪtɪzəm
fawn,fɔ:n,"i.    płowy
ii.    jelonek
iii.    łasić się|przypochlebiać się"
fax,fæks,"i.    faks
ii.    faksować"
fbi,federalne biuro śledcze,ˌ$⋅⋅$ˈ$⋅$
fco,ministerstwo spraw zagranicznych,msz|ˌ$⋅⋅$ˈ$⋅$
fear,fɪə,"i.   1.  strach
 2.  obawa
ii.   1.  bać się
 2.  obawiać się
 3.  mieć obawy 
 4.  for fear of 
 - z obawy że"
fearful,"1.  straszny
 2.  be fearful of 
 - obawiać się o",ˈfɪəfʊl
fearless,nieustraszony,ˈfɪəlɪs
fearsome,straszliwy,ˈfɪəsəm
feasible,osiągalny,wykonalny|ˈfi:zəbəl
feast,fi:st,"i.    przyjęcie|uczta
ii.   1.  ucztować   
 2.  feast one's eyes on sth 
 - paść oczy czymś"
feat,fi:t,popis|wyczyn
feather,pióro,ˈfeðə
feathery,pierzasty,ˈfeðərɪ
feature,"audycja specjalna
 7.  [np. w programie]  najważniejszy punkt
 8. feature film  film pełnometrażowy
ii.   1.  [o wystawie]  prezentować
 2.  [w filmie]  a. obsadzać w głównej roli","cecha
 2.  urządzenie|dodatek
 3. features  [twarzy]  rysy
 4.  [terenu]  charakterystyczny punkt|i.   1.  cecha charakterystyczna|rzeźba
 5.  [w gazecie]  artykuł wiodący
 6.  [w radiu"
feb,"feb.
  luty",
february,luty,ˈfebrʊərɪ
feces,faeces,kał|ˈfɪ:si:z
feckless,nieporęczny,niezgrabny|ˈfeklɪs
fed,"fed.
i.
   see also: {federal}
  federalny
ii.
   see also: {federation}
  federacja",
federal,"1.  federalny
 2.  [us]  dotyczący całości usa",ˈfedərəl
federation,"1.  związek
 2.  federacja",ˌfedəˈreɪʃən
fee,"1.  opłata
 2.  honorarium",fi:|gaża
feeble,1.  słaby,"wątły
 2.  kiepski|ˈfi:bəl"
feed,fi:d,"i.    karmić
ii.   1.  [dziecko|pokarm|substancje]  wprowadzać 
iii.   1.  pasza
 2.  karmienie|wyżywiać
 3.  [ogień]  podsycać 
 4.  [dane"
feedback,"1.  odzew
 2.  sprzężenie zwrotne",ˈfi:dbæk
feel,"czuć
 2.  [myśleć]  sądzić
 3.  [mieć powierzchnię]  a. być w dotyku 
 b.
      ""it feels smooth""  - w dotyku jest gładkie
 4.  [np. wiatr","fi:l|i.   1.  czuć się|obmacywać
 7.  [dotykiem]  wyszukiwać 
ii.   1.  [przy dotyku]  dotknięcie|odczucie
 2.  i feel cold 
 - zimno mi
 3.  have the feel 
 - dawać odczucie
 4.  not feel oneself 
 - nie czuć się dobrze"
feeling,"1.  uczucie
 2.  czucie
 3.  odczucie
 4.  bad feeling 
 - wrogość
 5.  no hard feelings 
 - bez urazy",ˈfi:lɪŋ
feign,feɪn,udawać
feint,feɪnt,"i.    [sport]  fingowany cios
ii.    fingować"
feline,"1.  kotowaty
 2.  koci",ˈfi:laɪn
fell,fel,zwalać
fellow,1.  [nieform]  facet,"gość
 2.  [w gremium]  członek
 3.  a. współtowarzysz|no stary|współ-
 b.
      ""fellow passanger""  - współpasażer
 4. fellows  bliźni
 5.  my dear fellow 
 - mój drogi|ˈfeləʊ"
fellowship,"1.  braterstwo
 2.  stowarzyszenie",związek|ˈfeləʃɪp
felony,zbrodnia,ˈfelənə
felt,"i.    filc
ii.    filcowy",
felttip pen,felt-tip pen,mazak|pisak|ˌfelttɪp ˈpen
fem,"fem.
  żeński",
female,"i.   1.  samica
 2.  kobieta","osobnik płci żeńskiej
ii.   1.  żeński
 2.  kobiecy|ˈfi:meɪl"
feminine,"1.  kobiecy
 2.  [gram]  żeński",ˈfemɪnɪn
femininity,kobiecość,ˌfemɪˈnɪnətɪ
feminism,feminizm,ˈfemɪnɪzəm
feminist,"i.    feministka
ii.    feministyczny",ˈfemɪnɪst
fencing,"1.  szermierka
 2.  materiał ogrodzeniowy",ˈfensɪŋ
fend,"i.    fend for oneself 
 - dawać sobie samemu radę
ii.  fend off  1.  odparowywać
 2.  odbijać",
fender,błotnik,ˈfendə
ferment,"ferment
i.    ferment
ii.    fermentować",
fern,fɜ:n,paproć
ferocious,fəˈrəʊʃəs,zajadły|zażarty
ferocity,fəˈrɒsətɪ,zaciekłośc|zajadłość
ferret,"i.    fretka
ii.  ferret out  [nieform]   wygrzebywać",ˈferɪt
ferry,"i.    prom
ii.    transportować",ˈferɪ
fertile,"1.  żyzny
 2.  a. płodny
 b.
      ""fertile ground""  - płodny grunt",ˈfɜ:taɪl
fertilise,1.  zapładniać,"fertilize|zapylać
 2.  nawozić|ˈfɜ:tɪlaɪz"
fertilize,1.  zapładniać,"fertilise|zapylać
 2.  nawozić|ˈfɜ:tɪlaɪz"
fertilizer,nawóz,ˈfɜ:tɪlaɪzə
fervent,namiętny,żarliwy|ˈfɜ:vənt
fervor,fervour,namiętność|żarliwość|ˈfɜ:və
fervour,fervor,namiętność|żarliwość|ˈfɜ:və
fester,"1.  ropieć
 2.  jątrzyć się",ˈfestə
festival,"1.  festiwal
 2.  święto religijne",święto|ˈfestɪvəl
festive,świąteczny,ˈfestɪv
festivity,"1.  uroczystość
 2.  świętowanie",feˈstɪvɪtɪ
festoon,"be festooned with sth 
 - być obwieszonym czymś",feˈstu:n
fetch,feʧ,"i.    sprowadzać|przynosić
ii.  fetch up  [us]   lądować"
fetching,korzystny,ˈfeʧɪŋ
fete,"festyn
ii.    fetować",feɪt|fête|i.    feta|owacyjnie przyjmować
fetid,cuchnący,ˈfetɪd
fetish,fetysz,ˈfetɪʃ
fetter,"i.    więzić
ii.   fetters  więzy",kajdany|ˈfetə
fetus,foetus,płód|ˈfi:təs
feud,fju:d,waśń|wendeta
feudal,feudalny,ˈfju:dəl
feudalism,feudalizm,ˈfju:dəlɪzəm
fever,1.  gorączka,"febra
 2.  rozgorączkowanie|ˈfi:və"
feverish,1.  rozgorączkowany,"podniecony
 2.  gorączkujący|ˈfi:vərɪʃ"
ff,"ff.
  i nn.",i następne linie|i następne strony
fiance,fiancé,fɪˈɒnseɪ|narzeczony
fiancee,fiancée,fɪˈɒnseɪ|narzeczona
fiancé,fiance,fɪˈɒnseɪ|narzeczony
fiancée,fiancee,fɪˈɒnseɪ|narzeczona
fiasco,fiasko,fɪˈæskəʊ|niepowodzenie
fib,fɪb,"i.    łgarstwo
ii.    łgać"
fiber,"1.  włókno
 2.  błonnik",fibre|ˈfaɪbə
fiberglass,fibreglass,włókno szklane|ˈfaɪbəglɑ:s
fibre,"1.  włókno
 2.  błonnik",fiber|ˈfaɪbə
fibreglass,fiberglass,włókno szklane|ˈfaɪbəglɑ:s
fibrous,włóknisty,ˈfaɪbrəs
fickle,niestały,zmienny|ˈfɪkəl
fiction,1.  literatura,"beletrystyka
 2.  fikcja|ˈfɪkʃən"
fictional,"1.  fikcyjny
 2.  powieściowy",ˈfɪkʃənəl
fictitious,fikcyjny,fɪkˈtɪʃəs
fidelity,fɪˈdelɪtɪ,wierność
fidget,kręcić się,wiercić się|ˈfɪʤɪt
fidgety,nerwowy,wiercący się|ˈfɪʤɪtɪ
field,fi:ld,"i.   1.  pole
 2.  [do piłki]  boisko
 3.  [węgla|lornetka
iv.  field marshal|marszałek polny|naturalne środowisko
ii.    [badania]  terenowy
iii.  field glasses"
fiend,1.  [lit]  potwór,"fi:nd|szatan
 2.  [nieform]  fanatyk"
fiendish,"1.  potworny
 2.  [nieform]  piekielny",ˈfi:ndɪʃ
fierce,"1.  zajadły
 2.  gwałtowny",fɪəs
fiery,"1.  rozogniony
 2.  rozpalony
 3.  rozpłomieniony",ˈfaɪərɪ
fifteen,piętnaście,ˌfɪfˈti:n
fifteenth,piętnasty,ˌfɪfˈti:nθ
fifth,fɪfθ,piąty
fiftieth,pięćdziesiąty,ˈfɪftɪəθ
fifty,pięćdziesiąt,ˈfɪftɪ
fiftyfifty,fifty fifty,fifty-fifty|pół na pół|ˌfɪftɪ ˈfɪftɪ
fig,"fig.
  ryc.",figa|fɪg|rycina
fight,"bić
ii.    [np. uczucie","faɪt|i.   1.  walczyć   
 2.  [np. na pięści]  bić się|niesprawiedliwość]  zwalczać
iii.    kłócić się|opanowywać
vi.  fight off  1.  [chorobę"
fighter,1.  bojownik,"uczestnik walki
 2.  myśliwiec|wojownik|ˈfaɪtə"
figment,"a figment of one's imagination 
 - płód czyjejś wyobraźni",płód wyobraźni|ˈfɪgmənt
figurative,metaforyczny,przenośny|ˈfɪgərətɪv
figure,"cyfrowy
 5.  put a figure on  
 - podawać sumę wzrostu","i.   1.  [w liczbie]  cyfra
 2.  [kalkulacji]  suma
 3.  [liczbowe]  dane
 4.  [człowiek]  postać
 5.  [np. w teatrze]  osobowość
 6.  [uosobienie]  a. symbol|kombinować|oceniać
 2.  [np. w rozmowach]  pojawiać się 
 3.  [us]  [myśleć]  uważać
 4.  in  figures 
 - dwucyfrowy|podawać sumę
iii.  figure of speech   figura retoryczna
iv.  figure on  [us nieform]   przemyśliwać
v.  figure out  [nieform]   wymyślać"
figurehead,figurant,ˈfɪgəhed
filament,drucik,drucik w żarówce|włókienko|włókno|ˈfɪləmənt
filch,fɪlʧ,zwędzić
file,faɪl,"i.   1.  kartoteka
 2.  [do akt]  skoroszyt|iść w kolumnie
 5.  on the files 
 - w aktach
 6.  on file 
 - w aktach
 7.  in single file 
 - w kolumnie|kolumna
ii.   1.  ewidencjonować|przedstawiać
 3.  [pilnikiem]  piłować
 4.  [o żołnierzach]  iść w kolumnie pojedynczo"
filial,synowski,ˈfɪlɪəl
filing cabinet,szafa na kartoteki,ˈfaɪlɪŋ ˌkæbɪnət
filipino,filipińczyk,ˌfɪlɪˈpi:nəʊ
fill,fɪl,"i.   1.  napełniać
 2.  wypełniać się|wypełniać
 3.  spełniać
 4.  have one's fill of sth 
 - mieć czegoś dość
ii.  fill in   wypełniać
iii.  fill sb in  1.  poinformować kogoś
 2.  zastępować 
 3.  be filling in time 
 - wypełniać czas
iv.  fill out  1.  wypełniać
 2.  przybierać na wadze
v.  fill up  1.  napełniać się
 2.  wypełniać"
fillet,filet,ˈfɪlɪt
filling,"i.   1.  plomba
 2.  nadzienie
ii.    sytny
iii.  filling station",stacja benzynowa|ˈfɪlɪŋ|ˈfɪlɪŋ steɪʃən
film,"błona
ii.    robić zdjęcia","filmować|fɪlm|i.   1.  film
 2.  powłoka|warstwa"
filter,"i.   1.  filtrować
 2.  przesączać się","przedzierać się
 3.  przedostawać się
ii.    filtr
iii.  filter out   odfiltrowywać|ˈfɪltə"
filth,"1.  brud
 2.  plugastwo",fɪlθ|sprośność
filthy,1.  brudny,"sprośny|zapaskudzony
 2.  plugawy|ˈfɪlθɪ"
fin,fɪn,płetwa
final,"finalny
 2.  główny","finałowy|i.   1.  końcowy|największy
 3.  ostateczny
ii.   1.  finał
 2. finals  egzaminy końcowe|ˈfaɪnəl"
finalist,finalista,ˈfaɪnəlɪst
finality,faɪˈnælɪtɪ,stanowczość|zdecydowanie
finally,1.  w końcu,"ostatecznie
 2.  na końcu
 3.  wreszcie|ˈfaɪnəlɪ"
finance,dofinansowanie,"fɪˈnæns|i.    finansować
ii.   1.  sfinansowanie|pieniądze
 2.  finansowość
 3. finances  finanse"
financial,finansowy,fɪˈnænʃəl
financier,finansista,fɪˈnænsɪə
finch,czyżyk,fɪnʧ|gil|szczygieł|zięba
find,"być uznanym za niewinnego
iii.  find out  1.  znajdować","coś wydaje się być
 3.  find oneself  
 - stwierdzić|coś wydaje się być smutne|faɪnd|i.   1.  znajdować
 2.  zauważać"
finding,rezultat,stwierdzenie|ˈfaɪndɪŋ
finery,precjoza,stroje i kosztowności|ˈfaɪnərɪ
finesse,finezja,fɪˈnes
finger,"a finger at sb 
 - wytykać kogoś palcem","by coś zrobić
 5.  point the|i.    palec
ii.   1.  obmacywać
 2.  put one's finger on sth 
 - stwierdzić coś|nie tknąć kogoś palcem
 4.  not to lift|raise a finger to do sth 
 - nie kiwnąć palcem w bucie"
fingernail,paznokieć,ˈfɪŋgəneɪl
fingerprint,i.    odcisk palca,"odcisk
ii.   1.  zdejmować odciski palców|zdejmować odciski
 2.  take fingerprints 
 - zdejmować odciski palców|ˈfɪŋgəprɪnt"
finicky,grymaśny,wybredny|ˈfɪnɪkɪ
finish,"dopijać
iv.  finish up  1.  lądować","dopijać
v.  finish with  1.  zerwać z
 2.  skończyć z|i.   1.  kończyć się|kończyć
 2.  dojadać|kończyć
 2.  kończyć zawody"
finished,1.  gotowy,"kończyć|skończony
 2.  be finished with 
 - kończyć z czymś|ˈfɪnɪʃt"
finishing school,pensja,pensja dla panien|ˈfɪnɪʃɪŋ sku:l
finite,ograniczony,skończony|ˈfaɪnaɪt
finland,finlandia,ˈfɪnlənd
finn,fin,fɪn
finnish,fiński,ˈfɪnɪʃ
fir,fɜ:,jodła
firearm,broń,broń palna|ˈfaɪərɑ:m
firebrand,podżegacz,ˈfaɪəbrænd
firefighting,fire-fighting,przeciwpożarowy|ˈfaɪəfaɪtɪŋ
fireguard,ekran,ekran przed ogniem|ˈfaɪəgɑ:d
firelight,światło od ognia,ˈfaɪəlaɪt
fireman,strażak,ˈfaɪəmən
fireplace,kominek,ˈfaɪəpleɪs
fireproof,ognioodporny,ogniotrwały|ˈfaɪəpru:f
fireside,"by the fireside 
 - przy kominku",ˈfaɪəsaɪd
firewood,drewno na podpałkę,drewno opałowe|ˈfaɪəwʊd
firework,fajerwerk,ogień sztuczny|ˈfaɪəwɜ:k
firing squad,"1.  pluton egzekucyjny
 2.  by firing squad 
 - przez rozstrzelanie",ˈfaɪərɪŋ skwɒd
firm,fɜ:m,"i.    firma|nie do zbicia
 6.  [poziom]  stały
 7.  stand firm 
 - trzymać się twardo|pewny
 3.  [uchwyt|przedsiębiorstwo
ii.   1.  [np. materac]  twardy"
first,"1.  [us]  parter
 2.  [br]  pierwsze piętro
v.  first name","fɜ:st|i.    pierwszy
ii.   1.  najpierw
 2.  po pierwsze
 3.  for the first time 
 - po raz pierwszy
 4.  a first 
 - wygrana|imię
vi.  first night|imię chrzestne"
firstborn,first-born,pierworodny|ˈfɜ:stbɔ:n
firsthand,first-hand,z pierwszej ręki|ˌfɜ:stˈhænd
firstly,po pierwsze,ˈfɜ:stlɪ
firstrate,first-rate,pierwszorzędny|ˈfɜ:streɪt
fiscal,fiskalny,podatkowy|ˈfɪskəl
fish,fɪʃ,"i.    ryba
ii.   1.  łowić ryby|wędkować
 2.  [nieform]  wyławiać
 3.  [nieform]  zbierać|łowić"
fisherman,rybak,ˈfɪʃəmən
fishery,obszar połowu,łowisko|ˈfɪʃərɪ
fishing,i.    rybołówstwo,"wędka|wędkarstwo
ii.  fishing rod|ˈfɪʃɪŋ|ˈfɪʃɪŋ rɒd"
fishmonger,"1.  sklep rybny
 2.  sprzedawca ryb",ˈfɪʃmʌŋgə
fishy,"1.  rybi
 2.  [nieform]  naciągany",ˈfɪʃɪ
fission,rozbicie,rozbicie atomu|rozszczepienie|ˈfɪʃən
fissure,rozpadlina,szczelina|ˈfɪʃə
fist,fɪst,pięść
fistful,garść,ˈfɪstfʊl
fit,atak,"dopasowany 
iii.   1.  atak choroby|dopasować|fɪt|i.   1.  pasować   
 2.  [np. w walizce]  mieścić się 
 3.  [np. klucz]  umieszczać"
fitful,niespokojny,ˈfɪtfʊl
fitments,[lm]  wyposażenie,ˈfɪtmənts
fitter,instalator,mechanik|montażysta|ˈfɪtə
fitting,"i.    [form]  stosowny
ii.   1.  akcesoria
 2. fittings  sprzęt ruchomy","sprzęt|wyposażenie
 3.  [u krawca]  przymiarka|ˈfɪtɪŋ"
five,faɪv,pięć
fiver,[nieform]  piątka,ˈfaɪvə
fixation,fiksacja,fɪkˈseɪʃən|mania
fixed,1.  ustalony,"stały
 2.  sztywny
 3.  utrwalony|ˈfɪkst"
fixedly,bez przerwy,z uporem|ˈfɪksɪdlɪ
fixture,1.  [stały,"impreza|nieruchomy]  sprzęt|stały element
 3.  [br sport]  ustalone spotkanie|wyposażenie
 2.  stały akcent"
fizz,fɪz,musować
fizzle out,spełzać na niczym,ˌfɪzəl ˈaʊt
fizzy,musujący,ˈfɪzɪ
fl,"fl.
i.
   see also: {floor}
  piętro
ii.
   see also: {fluid}
  płynny",
flabbergasted,oszołomiony,ˈflæbəgɑ:stɪd
flabby,obwisły,sflaczały|ˈflæbɪ
flaccid,zwiotczały,ˈflæksɪd
flag,flæg,"i.   1.  flaga
 2.  upadać na duchu|upadać
ii.  flag down   zatrzymywać"
flagon,1.  karafka,"dzban
 2.  flaszka|ˈflægən"
flagpole,maszt,maszt flagowy|ˈflægpəʊl
flagrant,brutalny,rażący|ˈfleɪgrənt
flagship,okręt flagowy,ˈflægʃɪp
flagstaff,maszt,maszt flagowy|ˈflægstɑ:f
flagstone,płyta chodnikowa,ˈflægstəʊn
flail,fleɪl,"i.    cep
ii.    wymachiwać"
flair,1.  talent,"fleə|zmysł 
 2.  wyczucie"
flake,fleɪk,"i.   1.  strzęp
 2.  płatek
ii.    łuszczyć się|odpadać
iii.  flake out  [nieform]   padać z nóg"
flamboyant,"1.  przesadny
 2.  jaskrawy",flæmˈbɔɪənt|rzucający się w oczy
flame,"1.  płomień
 2.  burst into flames 
 - buchnąć płomieniem",fleɪm
flaming,"1.  płonący
 2.  płomienny
 3.  [nieform]  przeklęty",ˈfleɪmɪŋ
flamingo,flaming,fləˈmɪŋgəʊ
flammable,łatwo palny,ˈflæməbəl
flan,flæn,placek  [np. z owocami]
flank,"1.  bok
 2.  [wojsk]  flanka
 3.  be flanked with","by sb 
 - mieć kogoś z boku|flæŋk"
flannel,flanelka,"i.    flanela
ii.    flanelowy
iii.   1. flannels  spodnie flanelowe
 2.  [br]  flanelka do mycia się|ˈflænəl"
flap,flæp,"get in a flap 
 - panikować|i.   1.  trzepotać
 2.  bić
 3.  machać
ii.   1.  ruchoma część|patka|podniecać się"
flare,fleə,"i.    rakieta świetlna|rakieta
ii.   1. flare up  rozjarzać się
 2. flare up  rozpalać się
 3. flare out  rozpościerać się"
flared,fleəd,kloszowy
flashback,retrospekcja,ˈflæʃbæk
flashlight,1.  duża latarka,"latarka
 2.  lampa błyskowa|ˈflæʃlaɪt"
flashy,wyzywający,ˈflæʃɪ
flask,"1.  piersiówka
 2.  termos",flɑ:sk
flat,flæt,"i.   1.  płaski
 2.  [nos|jednolity
ii.   1.  [leżeć]  płasko
 2.  [o czasie]  a. dokładnie
 b.
      ""in 10 minutes flat""  - dokładnie za 10 minut
iii.   1.  [br]  mieszkanie
 2.  równina|paczka]  spłaszczony
 3.  [dętka]  bez powietrza
 4.  [odmowa]  kategoryczny
 5.  [głos]  bezbarwny
 6.  [bateria]  wyładowany
 7.  [napój]  zwietrzały
 8.  [ton]  za niski
 9.  [opłata]  ryczałtowy|płaska część
 3.  [muz]  bemol
 4.  [nieform]  work flat out 
 - pracować na wysokich obrotach"
flatmate,współmieszkaniec,ˈflætmeɪt
flatten,i.   1.  spłaszczać się,"spłaszczać
 2.  równać z ziemią
 3.  [nieform]  zwalać z nóg
 4.  flatten oneself 
 - przyciskać się  
ii.  flatten out   spłaszczać się|wygładzać się|ˈflætən"
flatter,"1.  pochlebiać
 2.  flatter oneself 
 - pochlebiać sobie
 3.  i am flattered  )
 - pochlebia mi",że|ˈflætə
flattery,pochlebstwo,ˈflætərɪ
flaunt,flɔ:nt,obnosić się
flavor,"1.  smak
 2.  posmak
 3.  doprawiać",flavour|przyprawiać|ˈfleɪvə
flavoring,flavouring,przyprawa|przyprawa smakowa|ˈfleɪvərɪŋ
flavour,"1.  smak
 2.  posmak
 3.  doprawiać",flavor|przyprawiać|ˈfleɪvə
flavouring,flavoring,przyprawa|przyprawa smakowa|ˈfleɪvərɪŋ
flaw,1.  błąd,"flɔ:|niedopatrzenie
 2.  skaza"
flawless,nieskazitelny,ˈflɔ:lɪs
flax,flæks,len
flaxen,[włosy]  słomiany,lniany|ˈflæksən
flea,fli:,"her ear 
 - nagadać komuś głupot|i.    pchła
ii.   1.  a. pchli
 b.
      ""pchli targ""  - flea market
 2.  send sb off with a flea in his"
fleck,cętka,flek
fledgling,"1.  pisklę
 2.  wykluwający się",początkujący|ˈfleʤlɪŋ
flee,fli:,uciekać
fleece,fli:s,"i.    wełna|runo
ii.    [nieform]  oskubywać"
fleet,"1.  flota
 2.  flotylla",fli:t
fleeting,przelotny,ulotny|ˈfli:tɪŋ
flemish,flamandzki,ˈflemɪʃ
flesh,"czyjaś krew  [rodzina] 
ii.  flesh out   wypełniać treścią","fleʃ|i.   1.  ciało|mięso
 2.  miąższ
 3.  in the flesh 
 - we własnej osobie
 4.  one's own flesh and blood 
 - czyjaś własna krew|wypełniać szczegółami"
fleshandblood,flesh-and-blood,fleʃənˈblʌd|z krwi i kości
fleshy,"1.  korpulentny
 2.  mięsisty",ˈfleʃɪ
flex,fleks,"i.    [br]  przedłużacz|kabel
ii.    naprężać"
flexible,giętki,ˈfleksɪbəl
flicker,"i.   1.  migotać
 2.  przebłyskiwać
 3.  błyskać
ii.   1.  migotanie
 2.  przebłysk",ˈflɪkə
flight,flaɪt,"i.   1.  lot
 2.  stado
 3.  ucieczka
 4.  [schodów]  bieg
 5.  wzlot
ii.  flight attendant|kabina pilota|stewardesa
iii.  flight deck|ˈflaɪt dek"
flimsy,"1.  wątły
 2.  przewiewny",cienki|ˈflɪmzɪ
flinch,"1.  wzdrygać się
 2.  wzdragać się",ˈflɪnʧ
fling,flɪŋ,"i.    rzucać się|mieć ubaw|rzucać
ii.   1.  [nieform]  przygoda
 2.  [nieform]  have a fling at sth 
 - zabawiać się"
flint,"1.  krzemień
 2.  kamień do zapalniczki",flɪnt|kamień
flip,"1.  kartkować 
 2.  przerzucać na drugą stronę
 3. flip on  włączać
 4. flip off  wyłączać
 5.  wrzucać
 6.  flip sth open 
 - otworzyć coś",flɪp
flippant,kpiący,niepoważny|ˈflɪpənt
flipper,1.  noga upłetwiona,"noga|odnóże pławne
 2.  płetwa|ˈflɪpə"
flirt,flirciarka,"flɜ:t|i.   1.  flirtować|kokietować
 2.  zabawiać się 
ii.    flirciarz"
flirtation,flirt,flɜ:ˈteɪʃən
flirtatious,flɜ:ˈteɪʃəs,kokieteryjny
flit,flɪt,przemykać
float,fləʊt,"i.   1.  unosić się
 2.  opadać|spływać
ii.   1.  pływak
 2.  platforma"
floating,niestabilny,niezdecydowany|płynny|ˈfləʊtɪŋ
flock,flɒk,"gromadzić się|i.   1.  stado
 2.  [przest]  trzoda
ii.    gromadzić się tłumnie"
flog,"1.  chłostać
 2.  [br nieform]  sprzedawać",flɒg|opylać
flood,flʌd,"i.   1.  powódź
 2.  [rzeczy]  sterta|potop
ii.   1.  zalewać się wodą|wpływać|wspomnieniach]  napływać
 4.  [rynek produktami]  zalewać 
 5.  [o świetle]  wypełniać"
floodgate,1.  zapora,"śluza
 2.  open the floodgates to sth 
 - zapalać zielone światło dla czegoś|ˈflʌdgeɪt"
floodlight,"i.    reflektor
ii.    oświetlać reflektorami",ˈflʌdlaɪt
floor,flɔ:,"i.   1.  podłoga
 2.  piętro
 3.  dno
ii.    załamywać kogoś"
floorboard,deska podłogowa,ˈflɔ:bɔ:d
flop,fiasko,"flɒp|i.   1.  opadać ciężko|klapnąć
 2.  padać
 3.  [nieform]  robić klapę
ii.    [nieform]  klapa|opadać"
floppy,[komp]   dyskietka,"dysk elastyczny|giętki
ii.    [komp]  dyskietka
iii.  floppy disk|i.    miękki|ˈflɒpɪ"
flora,ˈflɔ:rə,
floral,"1.  kwiecisty
 2.  ukwiecony",ˈflɔ:rəl
florid,"1.  [lit]  kwiecisty
 2.  kwitnący",rumiany|ˈflɒrɪd
florida,floryda,ˈflɒrɪdə
floridan,florydzki,ˈflɒrɪdən
floridian,florydzki,flɒˈrɪdɪən
florist,kwiaciarka,kwiaciarz|ˈflɒrɪst
flounce,flaʊns,rzucać się
flounder,1.  szarpać się,"co powiedzieć|miotać się
 2.  nie wiedzieć|ˈflaʊndə"
flour,mąka,ˈflaʊə
flourish,"i.   1.  rozkwitać
 2.  znakomicie się rozwijać
 3.  wymachiwać
ii.    wywijas",szeroki gest|ˈflʌrɪʃ
flout,flaʊt,lekceważyć|łamać
flow,fləʊ,"i.   1.  płynąć
 2.  spływać
ii.   1.  potok
 2.  przepływ
 3.  [krwi|wody]  wylew"
flowchart,schemat blokowy,sieć działań|ˈfləʊʧɑ:t
flower,"i.    kwiat
ii.   1.  kwitnąć
 2.  rozkwitać",ˈflaʊə
flowerbed,klomb,ˈflaʊəbed
flowered,kwiecisty,ˈflaʊəd
flowering,kwiatowy,kwietny|ˈflaʊərɪŋ
flowerpot,doniczka,ˈflaʊəpɒt
flowery,"1.  kwiatowy
 2.  kwiecisty",ˈflaʊərɪ
flu,flu:,grypa
fluctuate,fluktuować,ˈflʌktjʊeɪt
fluctuation,fluktuacja,ˌflʌktjʊˈeɪʃən
flue,flu:,przewód|przewód kominowy
fluency,biegłość,płynność|ˈflu:ənsɪ
fluent,"1.  płynny
 2.  be fluent in  
 - płynnie mówić po angielsku",płynnie mówić po|ˈflu:ənt
fluff,flʌf,"i.   1.  kłaczki|koty
 2.  puch
ii.   1.  napuszać
 2.  [nieform]  chrzanić"
fluffy,puchaty,ˈflʌfɪ
fluid,028 l],"flu:ɪd|i.    ciecz|płyn
ii.    płynny
iii.  fluid ounce|uncja płynu  [miara objętości -- 0"
fluke,flu:k,fuks|łut szczęścia
fluorescent,"1.  fluorescencyjny
 2.  jarzeniowy",ˌflʊəˈresənt
fluoride,fluorek,ˈflʊəraɪd
flurry,1.  poruszenie,"zamieszanie
 2.  burza
 3.  podmuch|ˈflʌrɪ"
flush,flʌʃ,"i.   1.  rumienić się
 2.  spłukiwać
 3.  wypłaszać
ii.    równo 
iii.   1.  rumieniec
 2.  [lit]  in the first flush 
 - w pierwszym porywie"
fluster,"i.    płoszyć
ii.    popłoch",ˈflʌstə
flute,flet  [poprzeczny],flu:t
fluted,żłobkowany,ˈflu:tɪd
flutter,dygotanie,"i.   1.  trzepotać
 2.  podlatywać
 3.  dygotać
ii.   1.  trzepot
 2.  drżenie|ˈflʌtə"
flux,flʌks,niepewny stan|płynność
fly,"fladze]  powiewać
 5.  rzucać się 
ii.   1.  mucha
 2.  [np. w spodniach]  rozporek
 3.  time flies 
 - czas szybko leci
 4.  let fly at sb 
 - rzucać się na kogoś
iii.  fly into   wpadać w","flaɪ|fruwać
 2.  [samolot]  pilotować
 3.  [drogą powietrzną]  wysyłać
 4.  [o płaszczu|i.   1.  latać"
flyer,lotnik,ˈflaɪə
flying,"1.  latający
 2.  z rozbiegiem
 3.  przelotny
 4.  get off to a flying start 
 - mieć błyskotliwy początek",ˈflaɪɪŋ
flyover,estakada,wiadukt|ˈflaɪəʊvə
fm,pasmo fm,pasmo fm ukf|ˌ$⋅$ˈ$⋅$
fn,"fn.
  przypis",
fo,ministerstwo spraw zagranicznych,msz|ˌ$⋅$ˈ$⋅$
foal,fəʊl,źrebak
foam,fəʊm,"i.   1.  piana
 2.  gąbka|tworzywo sztuczne piankowe
ii.    pienić się"
fob,f.o.b.,włączone w cenę biletu za przejazd|ˌ$⋅⋅$ˈ$⋅$
fob off,fɒb ˈɒf,odprawić|potraktować na odczepnego
focal point,centralny punkt,ˈfəʊkəl pɔɪnt
focus,"i.   1.  [fiz]  ognisko
 2.  [ogółu]  centrum zainteresowania
 3.  nacisk 
ii.   1.  nastawiać ostrość","łapać ostrość
 2.  [światło]  ogniskować
 3.  [uwagę]  skupiać
 4.  in focus 
 - nastawiony na ostrość
 5.  out of focus 
 - nie nastawiony na ostrość|ˈfəʊkəs"
fodder,"i.    pasza
ii.    pastewny",ˈfɒdə
foe,fəʊ,wróg
foetus,fetus,płód|ˈfi:təs
fog,fɒg,mgła
foggy,"1.  mglisty
 2.  [nieform]  not to have the foggiest idea 
 - nie mieć najmniejszego pojęcia",ˈfɒgɪ
foible,dziwactwo,słabostka|ˈfɔɪbəl
foil,fɔɪl,"i.   1.  folia
 2.  tło kontrastowe|tło
 3.  [sport]  floret
ii.    niweczyć|udaremniać"
foist,fɔɪst,narzucać
folder,teczka,teczka aktowa|ˈfəʊldə
folding,składany,ˈfəʊldɪŋ
foliage,listowie,liście|ˈfəʊlɪʤ
folk,fəʊlk,"i.    lud
ii.    ludowy"
folklore,folklor,ˈfəʊlklɔ:
folks,"1.  ludzie
 2.  [us nieform]  rodzina","fəʊlks|kochani|krewni
 3.  [nieform]  ludziska"
follow,i.   1.  podążać za,"instrukcji]  stosować się do
 6.  orientować się 
 7.  [wydarzenia|iść
 2.  [o wydarzeniu|iść za|opisie]  następować
 3.  [z przesłanek]  wynikać
 4.  iść"
follower,uczeń,zwolennik|ˈfɒləʊə
following,dalszy ciąg,"i.   1.  następny
 2.  następujący 
ii.   1.  poparcie|poniższe|zwolennicy
 2. the following  co następuje|ˈfɒləʊɪŋ"
followup,"dalszy
ii.    kontynuacja",follow-up|i.    uzupełniający|ˈfɒləʊ ʌp
folly,szaleństwo,ˈfɒlɪ
fond,1.  kochający,"czuły
 2.  głęboki
 3.  be fond of 
 - lubić|fɒnd"
fondle,pieścić,ˈfɒndəl
font,"1.  chrzcielnica
 2.  krój czcionki",fɒnt|typ czcionki
food,1.  jedzenie,"fu:d|pożywienie
 2.  żywność"
foodstuff,artykuł żywnościowy,ˈfu:dstʌf
foolhardy,[przest]  ryzykowny,ˈfu:lhɑ:dɪ
foolish,1.  głupi,"niemądry
 2.  głupkowaty|ˈfu:lɪʃ"
foolproof,nie do zepsucia,niezawodny|ˈfʊ:lpru:f
foot,"5 cm]
 2.  podnóże","fʊt|i.   1.  stopa  [też miara -- 30|na piechotę
 3.  on one's feet 
 - na nogach
 4.  to one's feet 
 - na nogi
 5.  set foot  )
 - postawić nogę w|podstawa
ii.   1.  [np. pedał]  nożny
 2.  on foot 
 - piechotą"
football,piłka nożna,ˈfʊtbɔ:l
footballer,piłkarz,ˈfʊtbɔ:lə
footbrake,hamulec nożny,ˈfʊtbreɪk
footbridge,kładka,ˈfʊtbrɪʤ
foothills,podnóże,ˈfʊthɪlz
foothold,1.  oparcie dla stóp,"oparcie
 2.  pozycja
 3.  mocna pozycja|ˈfʊthəʊld"
footing,"1.  oparcie
 2.  płaszczyzna",ˈfʊtɪŋ
footlights,rampa,światła rampy|ˈfʊtlaɪts
footman,lokaj,ˈfʊtmən
footnote,przypis,ˈfʊtnəʊt
footpath,ścieżka,ˈfʊtpa:θ
footprint,ślad  [stopy lub podstawy],ˈfʊtprɪnt
footstep,"1.  krok
 2.  follow in sb's footsteps 
 - iść czyimiś śladami",ˈfʊtstep
footwear,obuwie,ˈfʊtweə
for,"1.  dla
 2.  na
 3.  [pracować]  w","całkowicie za|cel]  do
 7.  [czyjś wiek]  jak na
 8.  [czas|for.
  zagraniczny|fɔ:"
forage,"1.  żerować
 2.  szperać",ˈfɒrɪʤ
foray,"1.  wypad
 2.  wyprawa (into - do",na teren)|ˈfɒreɪ
forbearance,cierpliwość,fɔ:ˈbeərəns|pobłażliwość
forbearing,fɔ:ˈbeərɪŋ,pobłażliwy
forbid,"1.  zakazywać
 2.  [form]  nie pozwalać na","fəˈbɪd|heaven forbid 
 - broń boże|niech bóg broni|powstrzymywać
 3.  god"
forbidden,"1.  zakazany
 2.  wzbroniony",fəˈbɪdən
forbidding,fəˈbɪdɪŋ,odstręczający
force,fɔ:s,"i.   1.  siła
 2.  [np. światowa]  potęga
 3. the forces  [armia]  siły zbrojne|przesuwać
 3.  [zamek]  forsować
 4.  force one's way 
 - przeciskać się
 5.  by force of 
 - siłą
 6.  from force of habit 
 - siłą nawyku
 7.  in force 
 - w użycie|siły
ii.   1.  [nakłaniać siłą]  zmuszać|w użyciu"
forced,"1.  wymuszony
 2.  niewolniczy",ˈfɔ:st
forceful,"1.  stanowczy
 2.  mocny
 3.  przekonywający",ˈfɔ:sfʊl
forceps,kleszcze,ˈfɔ:sɪps
forcible,"1.  siłowy
 2.  mocny",ˈfɔ:səbəl
ford,bród,fɔ:d
fore,"come to the fore 
 - wysuwać się na czoło",fɔ:
forearm,przedramię,ˈfɔ:rɑ:m
foreboding,fɔ:ˈbəʊdɪŋ,złe przeczucie
forecast,i.    przewidywać,"prognozować
ii.    prognoza|ˈfɔ:kɑ:st"
forecourt,przeddziedziniec,wjazd|ˈfɔ:kɔ:t
forefather,przodek,ˈfɔ:fɑ:ðə
forefinger,palec wskazujący,ˈfɔ:fɪŋgə
forefront,"in the forefront of sth 
 - w awangardzie czegoś",w czołówce czegoś|ˈfɔ:frʌnt
forego,forgo,fɔ:ˈgəʊ|zrzekać się
foregoing,fɔ:ˈgəʊɪŋ,"i.   the foregoing  poprzedzająca partia tekstu|poprzedzająca partia
ii.    poprzedzający"
foregone,"a foregone conclusion 
 - wynik z góry przesądzony",ˈfɔ:gɒn
foreground,pierwszy plan,ˈfɔ:graʊnd
forehand,forhend,ˈfɔ:hænd
forehead,czoło,ˈfɒrɪd
foreign,1.  zagraniczny,"obcy
 2.  [minister]  spraw zagranicznych
 3.  [form]  nieswoisty
 4.  [form]  obcy|ˈfɒrɪn"
foreigner,cudzoziemiec,obcokrajowiec|ˈfɒrɪnə
foreman,majster,ˈfɔ:mən
foremost,1.  czołowy,"główny
 2.  first and foremost 
 - przede wszystkim|ˈfɔ:məʊst"
forename,imię,ˈfɔ:neɪm
forensic,fəˈrensɪk,kryminalny|sądowy
forerunner,prekursor,ˈfɔ:rʌnə
foresee,fɔ:ˈsi:,przewidywać
foreseeable,"1.  dający się przewidzieć
 2.  in the foreseeable future 
 - w najbliższej przyszłości",fɔ:ˈsi:əbəl
foreshadow,fɔ:ˈʃædəʊ,zapowiadać|zwiastować
foresight,przezorność,ˈfɔ:saɪt
forest,las,ˈfɒrəst
forestall,fɔ:ˈstɔ:l,uprzedzać|wyprzedzać
forestry,gospodarka leśna,leśnictwo|ˈfɒrɪstrɪ
foretaste,przedsmak,ˈfɔ:teɪst
foretell,fɔ:ˈtel,przewidywać
forewarn,fɔ:ˈwɔ:n,przestrzegać
foreword,przedmowa,ˈfɔ:wɜ:d
forfeit,tracić prawo,ˈfɔ:fɪt
forge,fɔ:ʤ,"i.   1.  fałszować|podrabiać
 2.  formować|tworzyć
ii.    kuźnia
iii.  forge ahead   iść do przodu"
forger,fałszerz,ˈfɔ:ʤə
forgery,fałszerstwo,ˈfɔ:ʤerɪ
forgetful,"1.  zapominalski
 2.  nie zważający",fəˈgetfʊl
forgettable,fəˈgetəbəl,nieznaczny
forgivable,fəˈgɪvəbəl,wybaczalny
forgive,fəˈgɪv,wybaczać
forgiveness,fəˈgɪvnɪs,wybaczenie
forgiving,fəˈgɪvɪŋ,pobłażliwy|wybaczający
forgo,forego,fɔ:ˈgəʊ|zrzekać się
fork,fɔ:k,"i.   1.  widelec
 2.  widły
 3.  rozwidlenie
ii.    rozwidlać się
iii.  fork out  [nieform]   bulić|wykładać"
forked,fɔ:kt,rozwidlony
forlorn,1.  samotny,"fəˈlɔ:n|nieziszczalny|opuszczony
 2.  zapomniany
 3.  beznadziejny"
form,[komp]   przesunięcie o arkusz,"druk
 4.  [szkoła]  klasa
ii.   1.  [koło|formować
 2.  [firmę]  tworzyć
 3.  [podstawę]  stanowić
 4.  [zwyczaj]  wytwarzać
 5.  [związek]  ustanawiać
 6.  on form 
 - w formie
 7.  off form 
 - nie w formie
 8.  true to form 
 - typowo
iii.  form feed|fɔ:m|góry]  formować się"
formal,"1.  formalny
 2.  oficjalny
 3.  uroczysty
 4.  odświętny
 5.  regularny",ˈfɔ:məl
formality,"1.  formalność
 2.  oficjalność",ceremonialność|fəˈmælɪtɪ
formalization,formalizacja,ˌfɔ:məlaɪˈzeɪʃən
formalize,formalizować,ˈfɔ:məlaɪz
format,"i.    format
ii.    [komp]  formatować",ˈfɔ:mæt
formation,1.  tworzenie się,"formacja|formacja chmur|formowanie
 2.  formacja
 3.  [termin]  utwór skalny|formowanie się"
formative,i.    formujący,"kształtujący
ii.  formative years   lata kształtujące charakter|ˈfɔ:mətɪv"
former,"1.  były
 2.  dawny
 3.  uprzedni
 4.  the former 
 - pierwszy  [z dwóch]",ˈfɔ:mə
formerly,poprzednio,ˈfɔ:məlɪ
formidable,1.  groźny,"trudny
 2.  niebywały|ˈfɔ:mɪdəbəl"
formless,bezkształtny,ˈfɔ:mlɪs
formula,1.  formuła,"mieszanka  [dla niemowląt]|przepis
 3.  propozycja
 4.  [us]  mieszanka mleczna|wzór
 2.  recepta|ˈfɔ:mjələ"
formulate,formułować,ˈfɔ:mjəleɪt
forsake,"1.  opuszczać
 2.  porzucać",fəˈseɪk
fort,"1.  fort
 2.  [nieform]  hold the fort 
 - trzymać miejsce",fɔ:t
forte,mocna strona,ˈfɔ:teɪ
forth,"1.  na zewnątrz
 2.  na widok
 3.  and so forth 
 - i tak dalej
 4.  back and forth 
 - tam i z powrotem",fɔ:θ
forthcoming,"1.  nadchodzący
 2.  szczery","wylewny
 3.  be forthcoming 
 - nadchodzić|ˈfɔ:θkʌmɪŋ"
forthright,dobitny,zdecydowany|ˈfɔ:θraɪt
forthwith,bezzwłocznie,ˌfɔ:θˈwɪθ
fortieth,czterdziesty,ˈfɔ:tɪəθ
fortification,fortyfikacja,ˌfɔ:tɪfɪˈkeɪʃən
fortify,"1.  fortyfikować
 2.  wzmacniać",ˈfɔ:tɪfaɪ
fortitude,hart ducha,męstwo|ˈfɔ:tɪtju:d
fortnight,dwa tygodnie,ˈfɔ:tnaɪt
fortnightly,"1.  dwutygodniowo
 2.  co dwa tygodnie",ˈfɔ:tnaɪtlɪ
fortress,forteca,ˈfɔ:trɪs
fortuitous,fəˈtju:ɪtəs,przypadkowy
fortunate,"1.  mający szczęście
 2.  pomyślny",ˈfɔ:ʧənət
fortune,"i.  good fortune  pomyślność
ii.   1. fortunes  los
 2.  fortuna
 3.  ill fortune 
 - niepomyślność
 4.  tell sb's fortune 
 - przepowiadać los",ˈfɔ:ʧən
fortuneteller,fortune-teller,wróżka|ˈfɔ:ʧəntelə
forty,czterdzieści,ˈfɔ:tɪ
forum,płaszczyzna,ˈfɔ:rəm
forward,"do przodu
 2.  w przód
ii.    przesyłać",ekspediować|i.   1.  naprzód|ˈfɔ:wəd
forwarding,ekspedycyjny,wysyłkowy|ˈfɔ:wədɪŋ
fossil,skamieniałość,ˈfɒsɪl
fossilise,fossilize,kamienieć|zamieniać się w kopalinę|zamieniać w kopalinę|ˈfɒsɪlaɪz
fossilize,fossilise,kamienieć|zamieniać się w kopalinę|zamieniać w kopalinę|ˈfɒsɪlaɪz
foster,"i.    przybrany
ii.   1.  przysposabiać","pielęgnować|wychowywać  [w przybranej rodzinie]
 2.  popierać|ˈfɒstə"
foul,"1.  nieczysta gra
 2.  przestępstwo
v.  foul up  [nieform]   spaprać","faʊl|i.   1.  brudny|obrzydliwy
 2.  [język]  plugawy
 3.  [charakter]  paskudny
ii.   1.  [chodnik|paskudzić
 2.  [sport]  faulować
iii.   1.  [sport]  faul
 2.  fall foul of sb 
 - narażać się komuś
iv.  foul play"
found,1.  fundować,"zakładać
 2.  opierać|ˈfaʊnd"
foundation,"1.  fundament
 2.  fundacja
 3.  założenie
 4.  a. podstawa
 b.
      ""without foundation""  - bezpodstawny",faʊnˈdeɪʃən
founder,i.    fundator,"iść pod wodę|nie powodzić się
 2.  tonąć|założyciel
ii.   1.  zawodzić|ˈfaʊndə"
foundry,huta,ˈfaʊndrɪ
fount,faʊnt,krynica|źródło
fountain,"i.    fontanna
ii.  fountain pen",pióro wieczne|ˈfaʊntɪn|ˈfaʊntɪn pen
four,"1.  cztery
 2.  on all fours 
 - na czworakach",fɔ:
foursome,czwórka,ˈfɔ:səm
fourteen,czternaście,ˌfɔ:ˈti:n
fourteenth,czternasty,ˌfɔ:ˈti:nθ
fourth,czwarty,fɔ:θ
fowl,faʊl,ptak|ptak łowny
fox,fɒks,"i.    lis
ii.    [nieform]  wpuszczać w maliny"
fr,"fr.
i.
   see also: {father}
  ojciec
ii.
   see also: {france}
  francja
iii.
   see also: {french}
  francuski
iv.
   see also: {friday}
  piątek",
fracas,burda,ˈfrækɑ:
fraction,"1.  ułamek
 2.  odrobina",ˈfrækʃən
fractionally,o ułamki,ˈfrækʃənəlɪ
fracture,"i.    złamanie
ii.    łamać się",ˈfrækʧə
fragile,kruchy,wątły|ˈfræʤaɪl
fragment,"fragment
i.    fragment
ii.    rozpadać się na kawałki",
fragmentary,fragmentaryczny,ˈfrægməntərɪ
fragmentation,[o pocisku]  odłamkowy,ˌfrægmənˈteɪʃən
fragrance,aromat,ˈfreɪgrəns
fragrant,aromatyczny,ˈfreɪgrənt
frail,freɪl,kruchy|wątł
frailty,1.  słabość,"słabostka
 2.  wątłość|ˈfreɪltɪ"
frame,freɪm,"i.   1.  rama
 2. frames  [okularów]  oprawa
 3.  [lit]  ciało|montować oskarżenie
iii.  frame of mind|postura
ii.   1.  [obraz]  oprawiać
 2.  [form]  [dla twarzy]  stanowić oprawę
 3.  [o stylu]  ujmować
 4.  [nieform]  [niewinnemu]  przypisywać winę|usposobienie"
framework,1.  obramowanie,"konstrukcja
 2.  ramy|struktura|ˈfreɪmwɜ:k"
france,francja,frɑ:ns
franchise,"1.  prawo wyborcze
 2.  licencja",koncesja|zezwolenie|ˈfrænʧaɪz
frank,fræŋk,szczery
frankly,"1.  szczerze
 2.  szczerze mówiąc",ˈfræŋklɪ
frantic,"1.  szaleńczy
 2.  be frantic with 
 - szaleć z",ˈfræntɪk
fraternal,braterski,frəˈtɜ:nəl
fraternity,"1.  braterstwo
 2.  bractwo",frəˈtɜ:nɪtɪ
fraud,"1.  defraudacja
 2.  oszustwo
 3.  hochsztapler",frɔ:d
fraudulent,oszukańczy,ˈfrɔ:djʊlənt
fraught,"1.  brzemienny 
 2.  spięty",frɔ:t|przejęty
fray,freɪ,"i.   1.  strzępić się|pierwsza linia|strzępić
 2.  nie dopisywać
ii.    [nieform]  pierwsza linia boju|walka"
freak,fri:k,"i.   1.  dziwadło
 2.  wybryk natury
ii.   1.  przedziwny
 2.  be a health freak 
 - mieć świra na punkcie zdrowia"
freakish,cudaczny,dziwaczny|ˈfri:kɪʃ
freckle,pieg,ˈfrekəl
freckled,piegowaty,ˈfrekəld
free,"1.  wolna wola
 2.  of one's own free will 
 - z własnej nieprzymuszonej woli","fri:|from sth 
 - być pozbawionym czegoś
 3.  for free 
 - za darmo
 4.  ``feel free'' 
 -|i.   1.  wolny   
 2.  darmowy
ii.    uwalniać|nie krępuj się''
iv.  free enterprise"
freeandeasy,bezproblemowy,free-and-easy|luźny|ˌfrɪ: ənˈi:zɪ
freebie,darmocha,ˈfri:bɪ
freedom,"i.   1.  wolność
 2.  swoboda
 3.  uwolnienie 
ii.  freedom fighter   bojownik o wolność",ˈfri:dəm
freeforall,free-for-all,wolna amerykanka|ˈfri:fərɔ:l
freelance,"i.    niezależny
ii.    niezależnie
iii.    niezależny współpracownik",ˈfri:lɑ:ns
freely,"1.  często
 2.  obficie
 3.  swobodnie
 4.  bez przeszkód
 5.  szczodrze",ˈfri:lɪ
freerange,free-range,wiejski|ˌfri: ˈreɪnʤ
freestyle,styl dowolny,ˈfri:staɪl
freeway,autostrada,autostrada bezpłatna|ˈfri:weɪ
freeze,fri:z,"i.   1.  zamarzać
 2.  zamrażać
 3.  zastygać
ii.   1.  mroźna pogoda
 2.  zamrożenie
 3.  it freezes 
 - jest mróz"
freezer,zamrażalnik,zamrażarka|ˈfri:zə
freezing,1.  zero stopni,"i.    lodowaty
ii.   1.  zero stopni|zero
 2.  i am freezing 
 - zamarzam
iii.  freezing point|zero
 2.  punkt zamarzania|ˈfri:zɪŋ"
freight,freɪt,"freɪt ˈtreɪn|i.   1.  fracht
 2.  ładunek|pociąg towarowy|przesyłka
ii.  freight train"
freighter,frachtowiec,ˈfreɪtə
french,drzwi balkonowe,"drzwi przeszklone|frenʧ|frytki
iii.  french window|i.   1.  francuski
 2.  the french 
 - francuzi
ii.  french fries"
frenchman,francuz,ˈfrenʧmən
frenchwoman,francuzka,ˈfrenʧwʊmən
frenetic,entuzjastyczny,frenetyczny|frəˈnetɪk
frenzy,szał,ˈfrenzɪ
frequency,"i.    częstość
ii.    [termin]  frekwencja",ˈfri:kwənsɪ
frequent,bywać,"bywać w|frequent
i.    częsty
ii.    uczęszczać do|uczęszczać"
fresco,fresk,ˈfreskəʊ
fresh,"1.  nowy
 2.  świeży
 3.  słodki
 4.  odświeżający
 5.  rześki
 6.  fresh from 
 - prosto z",freʃ
freshen,i.  freshen up  odświeżać się,"odświeżać
ii.    wzmagać się|ˈfreʃən"
fresher,nowy,nowy student|ˈfreʃə
freshly,świeżo,ˈfreʃlɪ
freshman,nowy,nowy student|ˈfreʃmən
freshness,świeżość,ˈfreʃnɪs
freshwater,"i.    słodka woda
ii.    słodkowodny",ˈfreʃwɔ:tə
fret,gryźć się,
fretful,niespokojny,strapiony|ˈfretfʊl
fri,"fri.
  piątek",
friar,zakonnik,zakonnik żebrzący|ˈfraɪə
friction,"1.  tarcie
 2.  tarcia",nieporozumienia|ˈfrɪkʃən
friday,piątek,ˈfraɪdə
fridge,frɪʤ,lodówka
friend,1.  przyjaciel,"dobry kolega|frend|kolega
 2.  be friends with 
 - przyjaźnić się z
 3.  make friends 
 - zaprzyjaźniać się"
friendly,"i.   1.  przyjazny
 2.  zaprzyjaźniony
 3.  przytulny
 4.  przyjacielski
ii.    [sport]  spotkanie towarzyskie",ˈfrendlɪ
friendship,bliskie koleżeństwo,koleżeństwo|przyjaźń|ˈfrendʃɪp
frieze,fri:z,fryz
frigate,fregata,ˈfrɪgɪt
fright,1.  strach,"fraɪt|przestrach
 2.  give sb a fright 
 - napędzać komuś stracha
 3.  take fright 
 - przestraszyć się"
frighten,"by coś zrobił)
ii.  frighten away   odstraszać
iii.  frighten off   odstraszać",by coś zrobił)  (sb into doing sth - kogoś|i.    straszyć (sb into sth - kogoś|ˈfraɪtən
frightened,"1.  wystraszony
 2.  be frightened to do sth 
 - bać się coś zrobić",ˈfraɪtənd
frightful,okropny,ˈfraɪtfʊl
frigid,oziębły,ˈfrɪʤɪd
frill,"1.  falbanka
 2. frills  ozdóbki",frɪl
frilly,z falbankami,ˈfrɪlɪ
fringe,"1.  grzywka
 2.  frędzle
 3.  peryferie
 4.  kraniec",ubocze|ˈfrɪnʤ
fringed,"1.  ozdobiony frędzlami
 2.  obramowany",ˈfrɪnʤd
frisk,1.  [nieform]  przeszukiwać,"frɪsk|hasać|przetrzepywać
 2.  brykać"
frisky,rozbawiony,żywy|ˈfrɪskɪ
frivolity,frɪˈvɒlɪtɪ,pustota|płochość
frivolous,1.  płochy,"niepotrzebny|pusty
 2.  bezsensowny|ˈfrɪvələs"
frizzy,kędzierzawy,ˈfrɪzɪ
fro,frəʊ,"to and fro 
 - tam i sam|tędy i owędy"
frock,frɒk,sukienka
frogman,płetwonurek,ˈfrɒgmən
frogmarch,doprowadzać,doprowadzać siłą|ˈfrɒgmɑ:ʧ
frolic,i.    baraszkować,"zabawa|zabawiać się
ii.    baraszkowanie|ˈfrɒlɪk"
from,"1.  z
 2.  od",frɒm|frəm
frond,frɒnd,liść  [paproci|palmy|wodorostu]
frontage,fasada,ˈfrʌntɪʤ
frontal,"1.  frontalny
 2.  przedni",z przodu|ˈfrʌntəl
frontier,granica,ˈfrʌntɪə
frontpage,front-page,najważniejszy|pierwszostronicowy|ˌfrʌntˈpeɪʤ
frost,"1.  mróz
 2.  szron",frɒst
frostbite,odmrożenie,ˈfrɒstbaɪt
frosted,mleczny,ˈfrɒstɪd
frosty,mroźny,ˈfrɒstɪ
froth,frɒθ,"i.    piana
ii.    pienić się"
frothy,pienisty,spieniony|ˈfrɒθɪ
frozen,"1.  zamarznięty
 2.  mrożony
 3.  przemarzły
 4.  zmrożony",ˈfrəʊzən
frugal,oszczędny,skromny|ˈfru:gəl
fruit,fru:t,"i.   1.  owoc
 2.  bear fruit 
 - wydawać owoce
ii.  fruit machine  [br]   automat do gry"
fruitcake,keks,ˈfru:tkeɪk
fruitful,owocny,ˈfru:tfʊl
fruition,"[form]  come to fruition 
 - spełniać się",fru:ˈɪʃən
fruitless,bezowocny,ˈfru:tlɪs
fruity,"1.  owocowy
 2.  pełny",jędrny|ˈfru:tɪ
frustrate,1.  frustrować,"frʌˈstreɪt|przygnębiać
 2.  niweczyć"
frustration,frustracja,frʌˈstreɪʃən
fry,fraɪ,smażyć|smażyć się
frying pan,"1.  patelnia
 2.  out of the frying pan in the fire 
 - z deszczu pod rynnę",ˈfraɪɪŋpæn
ft,5 cm],"ft.
  stopa|stopy  [stopa -- 30"
fuck,cholera,"i.    pierdolić
ii.    [przerywnik]  kurwa|ˈfɑ:t"
fudge,fʌʤ,krówka  [cukierek]
fuel,"i.    paliwo
ii.   1.  tankować","zaopatrywać w paliwo
 2.  podsycać
 3.  add fuel to sth 
 - dolewać oliwy do czegoś|ˈfjʊəl"
fugitive,"i.    uciekinier
ii.   1.  zbiegły","uciekający
 2.  [lit]  ulotny|ˈfju:ʤɪtɪv"
full,fʊl,"i.   1.  pełny
 2.  wypełniony
 3.  a. prosto
 b.
      ""full in the face""  - prosto w twarz
 4.  full well 
 - całkowicie|pełnia
iii.  full up   nabity|w pełni
 5.  in full 
 - w pełni
 6.  to the full 
 - w pełni
 7.  be full on 
 - być całkiem otwartym
ii.  full moon|zapchany"
fulllength,"1.  całkowity
 2.  obejmujący pełną postać
 3.  na całą długość",full-length|ˌfʊlˈleŋθ
fullness,"1.  [lit]  pełnia
 2.  in the fullness of time 
 - w swoim czasie",we właściwym czasie|ˈfʊlnɪs
fulltime,full-time,"i.    pełnowymiarowy|w pełnym wymiarze godzin
ii.    [sport]  koniec gry|ˌfʊlˈtaɪm"
fully,"1.  w pełni
 2.  całkowicie
 3.  co najmniej",przynajmniej|ˈfʊlɪ
fullyfledged,dojrzały,fully-fledged|opierzony|pełnouprawniony|ˌfʊlɪˈfleʤd
fulsome,przesadny,wylewny|ˈfʊlsəm
fumble,1.  grzebać się,"grzebać
 2.  fumble for words 
 - szukać słów|ˈfʌmbəl"
fume,fju:m,"i.   fumes  [zwł.]  wyziewy|opary
ii.    szaleć"
fun,"fajnie się bawić
 3.  sth is fun 
 - coś jest fajne
 4.  sb is fun 
 - fajnie z kimś jest
 5.  *for fun","for the fun of it* 
 - dla zabawy
 6.  make fun of sb 
 - nabijać się z kogoś
 7.  poke fun at sb 
 - nabijać się z kogoś|fʌn|i.    zabawa|radość
ii.   1.  [nieform]  fajny
 2.  have fun 
 - dobrze się bawić"
function,"ceremonia
ii.   1.  działać","i.   1.  funkcja|pracować
 2.  funkcjonować|zadanie
 2.  [form]  funkcja
 3.  uroczystość|ˈfʌŋkʃən"
functional,"1.  funkcjonalny
 2.  działający",pracujący|ˈfʌŋkʃənəl
functionary,funkcjonariusz,urzędnik|ˈfʌŋkʃənərɪ
fund,fundusz,"fʌnd|i.   1. funds  fundusze|środki pieniężne
 2.  zasób
ii.    finansować"
fundamental,i.    fundamentalny,"podstawowy
ii.   fundamentals  podstawy|ˌfʌndəˈmentəl"
funeral,pogrzeb,ˈfju:nərəl
funereal,fju:ˈnɪərɪəl,pogrzebowy
fungus,grzyb,ˈfʌŋgəs
funicular,fjʊˈnɪkjʊlə,kolejka linowa
funnel,"i.   1.  lejek
 2.  komin
ii.   1.  przeciskać się","przeciskać
 2.  przekazywać|ˈfʌnəl"
funnily,1.  dziwnie,"pociesznie
 2.  funnily enough 
 - co dziwne|ˈfʌnɪlɪ"
funny,1.  pocieszny,"czuć się niedobrze|komiczny
 2.  śmieszny
 3.  dziwny|podejrzany
 4.  feel funny 
 - czuć się nieswojo|ˈfʌnɪ"
fur,"1.  sierść
 2.  futro
 3.  osad","fɜ:|kamień
 4.  [na języku]  nalot"
furious,"1.  wściekły
 2.  zażarty",rozszalały|ˈfjʊərɪəs
furled,fɜ:ld,złożony
furn,"furn.
  umeblowany",
furnace,piec,ˈfɜ:nɪs
furnish,1.  wyposażać,"meblować
 2.  [form]  dostarczać|ˈfɜ:nɪʃ"
furnishings,umeblowanie,wyposażenie|ˈfɜ:nɪʃɪŋs
furniture,"1.  meble
 2.  wyposażenie","umeblowanie
 3.  a piece of furniture 
 - mebel|ˈfɜ:nɪʧə"
furor,fjʊəˈrɔ:rɪ,furora|furore|poruszenie
furore,fjʊəˈrɔ:rɪ,furor|furora|poruszenie
furrow,"i.   1.  bruzda
 2.  zmarszczka
ii.    marszczyć się",marszczyć|ˈfʌ:rəʊ
furry,"1.  kosmaty
 2.  futrzany",ˈfɜ:rɪ
furtherance,poparcie,wsparcie|ˈfɜ:ðərəns
furthermore,a przy tym,co więcej|ˌfɜ:ðəˈmɔ:
furtive,skryty,ukradkiem|ˈfɜ:tɪv
fury,1.  wściekłość,"furia
 2.  in a fury 
 - z wściekłością|ˈfjʊərɪ"
fuse,fju:z,"i.   1.  bezpiecznik
 2.  zapalnik|lont
ii.   1.  [o urządzeniu]  spalić bezpiecznik|spalić bezpieczniki
 2.  zespalać się|stapiać"
fuselage,kadłub,ˈfju:zɪlɑ:ʒ
fusion,1.  zespolenie,"połączenie
 2.  [termin]  synteza termojądrowa|ˈfju:ʒən"
fuss,fʌs,"histeria
ii.   1.  histeryzować   
 2.  robić dużo zamieszania
 3.  make|i.    zamieszanie|kick a fuss  )
 - robić dużo zamieszania|robić dużo hałasu"
fussy,"1.  wybredny 
 2.  przesadny",afektowany|ˈfʌsɪ
futile,jałowy,ˈfju:taɪl
future,"i.    przyszłość
ii.    przyszły",ˈfju:ʧə
futuristic,fju:ʧəˈrɪstɪk,futurystyczny|zbyt nowoczesny
fuzzy,1.  puszysty,"kędzierzawy
 2.  nieostry|rozmazany|ˈfʌzɪ"
fête,"festyn
ii.    fetować",fete|feɪt|i.    feta|owacyjnie przyjmować
g,"g
  [o filmie]  bez ograniczenia wieku",
gab,"[nieform]  have the gift of the gab  :gab)
 - być wygadanym",gæb
gabble,"i.   1.  gęgać
 2.  trajkotać","mleć językiem
ii.    paplanina|ˈgæbəl"
gable,szczyt,ˈgeɪbəl
gadget,urządzenie,ˈgæʤɪt
gaffe,gafa,gæf
gag,gæg,"i.   1.  knebel
 2.  [nieform]  gag
ii.   1.  kneblować
 2.  dławić się"
gaggle,stadko,ˈgægəl
gaiety,wesołość,ˈgeɪətɪ
gaily,"1.  radośnie
 2.  barwnie",ˈgeɪlɪ
gain,geɪn,"i.   1.  zyskiwać|z wyrachowania
iii.  gain on   doganiać|zbliżać się|zdobywać
 2.  przybierać"
gait,chód,geɪt|krok
gal,"gal.
  galon",
gala,"i.    gala
ii.    galowy",ˈgɑ:lə
galaxy,galaktyka,ˈgæləksɪ
gale,geɪl,wicher|wichura
gall,"1.  żółć
 2.  [nieform]  czelność",gɔ:l|odwaga
gallant,1.  bohaterski,"dzielny
 2.  szarmancki|ˈgælənt"
gallantry,"1.  odwaga
 2.  szarmanckość",ˈgæləntrɪ
gallbladder,gall-bladder,pęcherzyk żółciowy|ˈgɔ:lblædə
gallery,"1.  galeria
 2.  podium","galeria|podwyższenie
 3.  jaskółka|ˈgælərɪ"
galley,"1.  galera
 2.  kuchnia okrętowa",kambuz|ˈgælɪ
gallop,"i.    galopować
ii.    galop",ˈgæləp
gallows,szubienica,ˈgæləʊz
galosh,gəˈlɒʃ,kalosz
galvanise,galvanize,galwanizować|pobudzać|ˈgælvənaɪz
galvanize,galvanise,galwanizować|pobudzać|ˈgælvənaɪz
gambit,"1.  gambit
 2.  wejście",ˈgæmbɪt
gamble,"grać 
 2.  spekulować","i.   1.  uprawiać hazard|liczyć 
ii.   1.  hazard
 2.  ryzykowna gra|ryzykowna krok|ˈgæmbəl"
gambler,gracz,hazardzista|ˈgæmblə
gambling,hazardowy,ˈgæmblɪŋ
gambol,baraszkować,hasać|ˈgæmbəl
game,geɪm,"gotowy 
 2.  beat sb at his own game 
 - pokonać kogoś jego własną bronią
 3.  the game is up 
 - gra skończona
 4.  give the game away 
 - zdradzać wszystko|i.   1.  gra
 2. games  zawody|igrzyska
 3.  spotkanie|mecz
 4.  zwierzyna dzika"
gamekeeper,leśniczy,ˈgeɪmki:pə
gammon,boczek wędzony,szynka wędzona|ˈgæmən
gamut,1.  [lit]  gama,"rozmaitość
 2.  run the gamut of sth 
 - przechodzić przez cały wachlarz czegoś|ˈgæmət"
gander,gąsior,ˈgændə
gang,gæŋ,"i.   1.  gang
 2.  grupa
ii.  gang up  [nieform]   łączyć się|zbierać się"
gangrene,gangrena,ˈgæŋgri:n
gangster,ˈgæŋstə,
gangway,"1.  [na statku]  przejście
 2.  schodnia",ˈgæŋweɪ
gap,"1.  przerwa
 2.  luka
 3.  szpara
 4.  rozziew",gæp|zróżnicowanie
gape,1.  gapić się z otwartymi ustami,"gapić się 
 2.  rozwierać się|geɪp|zionąć"
garage,"i.   1.  garaż
 2.  warsztat samochodowy","salon
 4.  stacja samochodowa|stacja
ii.    garażować|warsztat
 3.  salon samochodowy|ˈgærɑ:ʒ"
garbage,i.   1.  [us]  śmiecie,"odpadki
 2.  [nieform]  bzdury
ii.  garbage can|skrzynia na śmieci|ˈgɑ:bɪʤ|ˈgɑ:bɪʤ kæn"
garbled,kulawy,zniekształcony|ˈgɑ:bəld
garden,"i.    ogród
ii.    uprawiać ogród
iii.  garden party",przyjęcie na wolnym powietrzu|ˈgɑ:dən|ˈgɑ:dən pɑ:tɪ
gardener,ogrodnik,ˈgɑ:dənə
gargle,gulgotać,płukać|płukać gardło|ˈgɑ:gəl
garish,jaskrawy,ˈgeərɪʃ
garland,girlanda,ˈgɑ:lənd
garlic,czosnek,ˈgɑ:lɪk
garment,strój,ˈgɑ:mənt
garnish,"i.    przybranie 
ii.    przybierać",ˈgɑ:nɪʃ
garret,mansarda,poddasze|ˈgærɪt
garrison,"i.    garnizon
ii.    obsadzać",ˈgærɪsən
garrulous,gadatliwy,ˈgærələs
garter,podwiązka,ˈgɑ:tə
gas,[us]   stacja benzynowa,"etylina
ii.    gazowy
iii.  gas station|gæs|i.   1.  gaz
 2.  [us nieform]  benzyna|ˈgæssteɪʃən"
gaseous,gazowy,ˈgæsɪəz
gash,gæʃ,"i.    cięcie|rana
ii.    nacinać|ranić"
gasoline,benzyna,etylina|ˈgæsəli:n
gasp,gɑ:sp,"i.    dyszenie
ii.    dyszeć"
gassy,gazowany,ˈgæsɪ
gastric,gastryczny,ˈgæstrɪk
gastronomic,gastronomiczny,ˌgæstrəˈnɒmɪk
gastronomy,gastronomia,gæˈstrɒnəmɪ
gate,"1.  brama
 2.  przejście do samolotu",geɪt|przejście
gatecrash,wpraszać się,włazić na chama|ˈgeɪtkræʃ
gateway,1.  wejście,"brama
 2.  be the gateway to sth 
 - dawać zielone światło czemuś|ˈgeɪtweɪ"
gather,1.  gromadzić się,"gromadzić
 2.  zbierać
 3.  przybierać|mniemać|nasilać
 4.  sądzić|ˈgæðə"
gathering,"i.    zebranie
ii.    zbierający się",zapadający|ˈgæðərɪŋ
gatt,gæt,układ ogólny w sprawie ceł i handlu
gauche,gəʊʃ,niezręczny|sztywny
gaudy,jarmarczny,jaskrawy|ˈgɔ:dɪ
gauge,"1.  wymierzyć
 2.  oceniać
 3.  wskaźnik",miernik|ˈgeɪʤ
gaunt,1.  wychudzony,"bezludny|gɔ:nt|wynędzniały
 2.  posępny"
gauntlet,"1.  rękawica
 2.  throw down the gauntlet 
 - rzucać rękawicę
 3.  pick up the gauntlet 
 - podejmować wyzwanie
 4.  run the gauntlet 
 - podlegać surowej krytyce",ˈgɔ:ntlɪt
gauze,gaza,gɔ:z
gawky,niezdarny,niezgrabny|ˈgɔ:kɪ
gawp,gapić się,gɔ:p
gay,geɪ,"homo
 2.  [nieform]  homoseksualny|homo
ii.   1.  wesoły|i.   1.  [nieform]  homoseksualista|żywy
 2.  barwny"
gaze,geɪz,"i.    spoglądać
ii.    spojrzenie"
gazelle,gazela,gəˈzel
gb,wielka brytania,ˌ$⋅$ˈ$⋅$
gbh,ciężkie obrażenia ciała,ˌ$⋅⋅$ˈ$⋅$
gce,świadectwo maturalne,ˌ$⋅⋅$ˈ$⋅$
gcse,świadectwo maturalne,ˌ$⋅$ˈ$⋅$ˌ$⋅$ˈ$⋅$
gdns,"gdns.
  ogród",ogrody
gear,by coś robić,"być nastawionym na|być przygotowanym do
ii.  gear up   be geared up to do sth 
 - być przygotowanym|być przygotowanym do czegoś|gɪə"
gearbox,skrzynia biegów,ˈgɪəbɒks
gee,jej!,ʤi:
gel,i.   1.  zastygać w galaretę,"zastygać
 2.  przybierać kształtów
ii.    żel|ʤel"
gelatine,żelatyna,ˈʤeləti:n
gem,"1.  kamień szlachetny
 2.  klejnot",ʤem
gemini,bliźnięta  [znak zodiaku],ˈʤemɪnaɪ
gen,"gen.
  generał","gen.
  ogólny"
gender,rodzaj,ˈʤendə
gene,gen,ʤi:n
genealogy,genealogia,ˌʤi:nəˈæləʤɪ
generalise,generalize,generalizować|uogólniać|ˈʤenərəlaɪz
generality,"1.  ogólność
 2.  ogólnik",ˌʤenəˈrælɪtɪ
generalize,generalise,generalizować|uogólniać|ˈʤenərəlaɪz
generate,1.  [form]  wytwarzać,"generować
 2.  produkować|ˈʤenəreɪt"
generation,1.  pokolenie,"generacja
 2.  produkcja|wytwarzanie|ˌʤenəˈreɪʃən"
generator,prądnica,ˈʤenəreɪtə
generosity,hojność,szczodrość|ʤenəˈrɒsɪtɪ
generous,1.  hojny,"szczodry
 2.  przychylny|ˈʤenərəs"
genetic,genetyczny,ʤɪˈnetɪk
genetics,genetyka,ʤɪˈnetɪks
geneva,genewa,ʤəˈni:va
genial,miły,łagodny|ˈʤi:nɪəl
genitals,genitalia,ˈʤenɪtəlz
genitive,dopełniacz,ˈʤenɪtɪv
genius,"1.  geniusz
 2.  genialność",ˈʤi:nɪəs
genocide,ludobójstwo,ˈʤenəsaɪd
genteel,dobry,dobrze ułożony|ʤenˈti:l
gentle,"1.  łagodny
 2.  delikatny",ˈʤentəl
gentleman,"1.  dżentelmen
 2.  szlachcic","człowiek szlachetnie urodzony
 3.  [grzecznie]  pan
 4.  ladies and gentlemen 
 - panie i panowie|ˈʤentəlmən"
gentlemanly,dżentelmeński,ˈʤentəlmənlɪ
gentry,szlachta,ˈʤentrɪ
genuine,1.  prawdziwy,"autentyczny
 2.  szczery|ˈʤenjʊɪn"
genus,rodzaj,ˈʤi:nəs
geographer,geograf,ʤɪˈɒgrəfə
geographic,geograficzny,geographical|ˌʤi:əˈgræfɪk
geographical,geograficzny,geographic|ˌʤi:əˈgræfɪk
geography,geografia,ʤɪˈɒgrəfɪ
geologic,geological,geologiczny|ˌʤi:əˈlɒʤɪk
geological,geologic,geologiczny|ˌʤi:əˈlɒʤɪk
geologist,geolog,ʤɪˈɒləʤɪst
geology,geologia,ʤɪˈɒləʤɪ
geometric,geometrical,geometryczny|ˌʤɪəˈmetrɪk
geometrical,geometric,geometryczny|ˌʤɪəˈmetrɪk
geometry,geometria,ʤɪˈɒmɪtrɪ
georgia,"1.  georgia
 2.  gruzja",ˈʤɔ:ʤə
georgian,"i.   1.  ze stanu georgia
 2.  gruziński
ii.    gruzin",ˈʤɔ:ʤən
geriatric,"i.    [termin]  geriatryczny
ii.   geriatrics  geriatria",ˌʤerɪˈætrɪk
germ,"1.  zarazek
 2.  zalążek",ʤɜ:m
german,"i.    [język]  niemiecki
ii.    niemiec",ˈʤɜ:mən
germany,niemcy,ˈʤɜ:mənɪ
germinate,kiełkować,ˈʤɜ:mɪneɪt
gesticulate,gestykulować,ʤəˈstɪkjʊleɪt
gesture,"i.    gest
ii.    gestykulować",ˈʤesʧə
getaway,ucieczka,zbiegnięcie|ˈgetəweɪ
gettogether,get-together,party|spotkanie|ˈget-təˌgeðə
getup,get-up,przebranie|ubiór|ˈgetʌp
geyser,"1.  gejzer
 2.  [br]  [w łazience]  piecyk gazowy",piecyk|ˈgi:zə
ghastly,i.   1.  okropny,"okropnie|straszliwy
 2.  niesamowity
ii.    [nieform]  strasznie|ˈgɑ:stlɪ"
ghetto,getto,ˈgetəʊ
ghost,"1.  duch
 2.  [lit]  cień",gəʊst
ghostly,nieziemski,ˈgəʊstlɪ
ghq,kwatera główna,ˌ$⋅⋅$ˈ$⋅$
giant,i.   1.  olbrzym,"kolos
 2.  gigant
ii.    gigantyczny|kolosalny|ˈʤaɪənt"
gibber,bełkotać,ˈʤɪbə
gibberish,bełkot,ˈʤɪbərɪʃ
gibe,docinek,jibe|ʤaɪb
giblets,podroby,podroby drobiowe|ˈʤɪblɪts
giddy,1.  oszołomiony,"mający zawroty głowy
 2.  oszałamiający
 3.  make sb giddy 
 - oszałamiać kogoś|ˈgɪdɪ"
gift,1.  dar,"gɪft|podarunek
 2.  zdolność|talent"
gifted,"1.  utalentowany
 2.  zdolny",ˈgɪftɪd
gig,gɪg,występ
gigantic,gigantyczny,ʤaɪˈgæntɪk
giggle,"i.    chichotać
ii.    chichot",ˈgɪgəl
giggler,chichotka,ˈgɪglə
gild,gɪld,złocić
gill,gɪl,skrzele
gilt,gɪlt,"i.    złocony
ii.    złocenie"
gimmick,przynęta,wabik|ˈgɪmɪk
gin,dżin,jałowcówka|ʤɪn
ginger,"i.    imbir
ii.    rudy
iii.  ginger ale","napój imbirowy
iv.  ginger beer|podpiwek|podpiwek imbirowy|ˈʤɪnʤə"
gingerly,ostrożnie,płochliwie|ˈʤɪnʤəlɪ
gipsy,cygan,gypsy|ˈʤɪpsɪ
giraffe,żyrafa,ʤəˈrɑ:f
girder,dźwigar,ˈgɜ:də
girdle,i.    pas elastyczny,"pas
ii.    opasywać|ˈgɜ:dəl"
girl,"1.  dziewczynka
 2.  dziewczyna
 3.  [nieform]  the old girl 
 - moja stara",gɜ:l
girlfriend,1.  dziewczyna,"sympatia
 2.  przyjaciółka|ˈgɜ:lfrend"
girlhood,dzieciństwo  [dziewczyny],ˈgɜ:lhʊd
girlish,dziewczęcy,ˈgɜ:lɪʃ
giro,"1.  [pieniężny]  przelew
 2.  zapomoga",ˈʤaɪərəʊ
girth,gɜ:θ,obwód
gist,podstawowe tezy,"sedno|the gist 
 - treść|ʤɪst"
giveandtake,give-and-take,kompromisowość|ˌgɪvənˈteɪk
giveaway,give-away,zdradzenie|zdradzenie się|ˈgɪvəweɪ
given,[us]   imię,"i.    dany
ii.   1.  [form]  oddawać się 
 2.  biorąc pod uwagę 
iii.  given name|ˈgɪvən|ˈgɪvən neɪm"
glacial,1.  lodowcowy,"glacjalny
 2.  [spojrzenie]  lodowy|lodowaty|ˈgleɪsjəl"
glacier,lodowiec,ˈglæsɪə
glad,"1.  a. szczęśliwy
 b.
      ""glad news""  - pomyślna wiadomość
 2.  be glad that","3.  be glad to do sth 
 - z przyjemnością coś robić|about 
 - cieszyć się|cieszyć się|glæd"
gladden,radować,ˈglædən
glade,gleɪd,polana
gladiator,ˈglædɪeɪtə,
glamorous,olśniewający,powabny|zachwycający|ˈglæmərəs
glance,glɑ:ns,"i.   1.  spoglądać|od pierwszego rzutu oka
 3.  at first glance 
 - na pierwszy rzut oka
iii.  glance off   odbijać się|rzucać okiem
 2.  [np. gazety]  przeglądać|wertować   
ii.   1.  spojrzenie
 2.  at a glance 
 - od razu"
gland,glænd,gruczoł
glare,gleə,"i.   1.  patrzeć się z wściekłością
 2.  razić
ii.   1.  wściekłe spojrzenie
 2.  blask"
glaring,"1.  jaskrawy
 2.  rażący",ˈgleərɪŋ
glass,glɑ:s,"i.   1.  szkło
 2.  szklanka|kieliszek
 3. glasses  okulary
ii.    szklany"
glasshouse,cieplarnia,ˈglɑ:shaʊs
glassware,szkła,szkło|ˈglɑ:sweə
glassy,"1.  szklisty
 2.  [lit]  gładki",ˈglɑ:sɪ
glaze,gleɪz,"i.   1.  szkliwo
 2.  emalia
ii.   1.  szklić
 2.  emaliować
iii.  glaze over   [o oczach]  zasnuwać się mgłą"
gleam,blask,"błyszczeć
 2.  przebłyskiwać
ii.    połysk|gli:m|i.   1.  lśnić|przebłysk"
glean,[informację]  zdobywać,gli:n
glee,gli:,radość|zadowolenie
gleeful,rozradowany,ˈgli:fʊl
glen,dolina,
glib,1.  [wypowiedź]  uładzony,"glɪb|gładki
 2.  [człowiek]  elokwentny"
glide,1.  przemykać się,"glaɪd|prześlizgiwać się
 2.  szybować"
glider,szybowiec,ˈglaɪdə
gliding,szybownictwo,ˈglaɪdɪŋ
glimmer,"i.    migotać
ii.   1.  migotanie
 2.  przebłysk",ˈglɪmə
glimpse,"i.    dostrzegać
ii.   1.  rzut oka","spojrzenie
 2.  catch a glimpse 
 - dojrzeć|ˈglɪmps"
glint,glɪnt,"i.    błyszczeć|lśnienie|zabłyskiwać
ii.    błysk"
glisten,lśnić,ˈglɪsən
glitter,"i.   1.  migotać
 2.  pobłyskiwać
ii.   1.  migotanie
 2.  pobłysk",ˈglɪtə
glittering,"1.  [spektakl]  wspaniały
 2.  [kariera]  błyskotliwy",ˈglɪtərɪŋ
gloat,gləʊt,napawać się
global,globalny,ˈgləʊbəl
globe,gləʊb,"i.  the globe  glob|kula ziemska
ii.   1.  globus
 2.  klosz"
globule,kuleczka,kulka|ˈglɒbju:l
gloom,"1.  mrok
 2.  posępność",glu:m|ponurość
gloomy,"1.  mroczny
 2.  posępny",ponury|ˈglu:mɪ
glorify,1.  gloryfikować,"wysławiać
 2.  przechwalać|ˈglɔ:rɪfaɪ"
glorious,"1.  wspaniały
 2.  cudowny",ˈglɔ:rɪəs
glory,"chwała
 2.  piękno
 3. glories  gloria
 4. glories  atrakcje
ii.  glory in   szczycić się",i.   1.  sława|ˈglɔ:rɪ
gloss,glɒs,"i.    połysk
ii.  gloss over   zatuszowywać|pomniejszać"
glossary,[np. terminów]  słownik,ˈglɒsərɪ
glossy,1.  błyszczący,"połyskliwy
 2.  ilustrowany|ˈglɒsɪ"
glove,[w samochodzie]  skrytka,"glʌv|i.    rękawica|rękawiczka
ii.  glove compartment|schowek"
glow,"blask
 2.  [na twarzy]  rumieniec
 3.  [satysfakcji]  przypływ
ii.   1.  [o węglu]  żarzyć się
 2.  [o twarzy]  pałać","czerwienić się|gləʊ|i.   1.  żar|połyskiwać
 3.  [o kolorach]  jarzyć się
 4.  być zarumienionym"
glower,patrzeć gniewnie,ˈglaʊə
glowing,entuzjastyczny,ˈgləʊɪŋ
glowworm,glow-worm,robaczek świętojański|ˈgləʊwɜ:m
glucose,glukoza,ˈglu:kəʊz
glue,glu:,"i.    klej
ii.    przyklejać"
glum,chmurny,glʌm|przygaszony
glut,glʌt,"i.   1.  nasycić
 2.  przepełnić
ii.    przesyt"
glutinous,kleisty,ˈglu:tɪnəs
glutton,"1.  żarłok
 2.  be a glutton for 
 - uwielbiać",ˈglʌtən
gluttony,żarłoczność,ˈglʌtənɪ
glycerin,gliceryna,glycerine|ˈglɪsərɪn
glycerine,gliceryna,glycerin|ˈglɪsərɪn
gm,g,"gm
  gram"
gmt,średni czas greenwich,ˌ$⋅⋅$ˈ$⋅$
gnarled,powykręcany,sękaty|ˈnɑ:ld
gnash,næʃ,zgrzytać
gnat,komar,næt
gnaw,1.  gryźć,"dręczyć|nɔ:|przegryzać
 2.  ogryzać 
 3.  [lit]  gryźć"
gnome,gnom,nəʊm
goad,1.  bodziec,"gəʊd|podbechtywać|podnieta
 2.  podjudzać"
goahead,go-ahead,"i.    przedsiębiorczy
ii.    [przen]  wolna droga|zielone światło|ˈgəʊˌəhed"
goal,"1.  [sport]  bramka
 2.  [sport]  gol
 3.  cel",gəʊl
goalkeeper,bramkarz,ˈgəʊlki:pə
goalpost,słupek,ˈgəʊlpəʊst
goat,gəʊt,koza|kozioł
gob,gęba,gɒb|ryj
gobbledygook,nowomowa,żargon|ˈgɒbəldəgu:k
gobetween,go-between,pośrednik|ˈgəʊbɪtwi:n
goblet,kielich,ˈgɒblɪt
goblin,chochlik,ˈgɒblɪn
godchild,chrześniaczka,chrześniak|ˈgɒdʧaɪld
goddaughter,chrześniaczka,córka chrzestna|ˈgɒddɔ:tə
goddess,bogini,ˈgɒdɪs
godfather,ojciec chrzestny,ˈgɒdfɑ:ðə
godfearing,bogobojny,god-fearing|ˈgɒdfɪərɪŋ
godforsaken,zakazany,zapomniany|ˈgɒdfəseɪkən
godless,bezbożny,ˈgɒdlɪs
godly,pobożny,ˈgɒdlɪ
godmother,matka chrzestna,ˈgɒdmʌðə
godparent,rodzic chrzestny,ˈgɒdpeərənt
godsend,dar niebios,ˈgɒdsend
godson,chrześniak,syn chrzestny|ˈgɒdsʌn
goggle,"i.    [nieform]  wybałuszać oczy 
ii.   goggles  gogle",ˈgɒgəl
goingson,goings-on,wydarzenia|ˌgəʊɪŋzˈɒn
gold,gəʊld,"i.   1.  złoto
 2.  [nieform sport]  złoty medal
ii.    złocisty"
golden,"1.  złoty
 2.  złocisty
 3.  wyjątkowy",ˈgəʊldən
goldfish,złota rybka,ˈgəʊldfɪʃ
goldmine,żyła złota,ˈgəʊldmaɪn
golf,"1.  kij golfowy
 2.  klub golfowy
iv.  golf course","gɒlf|i.    golf
ii.    grać w golfa
iii.  golf club|pole golfowe|ˈgɒlfklʌb"
golfer,gracz w golfa,ˈgəʊlfə
gone,gɒn,"sb is gone 
 - nie ma kogoś"
gonorrhea,gonorrhoea,rzeżączka|ˌgɒnəˈrɪə
gonorrhoea,gonorrhea,rzeżączka|ˌgɒnəˈrɪə
good,"[form]   dobry wieczór
v.  good friday","[form]   dzień dobry  [używane po południu]
iv.  good evening|być dobrym w
 10.  good for you 
 - znakomicie
 11.  for good 
 - na dobre
 12.  as good as 
 - prawie
 13.  make good  
 - wyrównywać stratę|dzień dobry  [używane rano]
vii.  goods train|gʊd"
goodbye,do widzenia,gʊdˈbaɪ
goodhumored,dobroduszny,good-humored|good-humoured|łagodny|ˌgʊdˈhju:məd
goodhumoured,dobroduszny,good-humored|good-humoured|łagodny|ˌgʊdˈhju:məd
goodlooking,good-looking,przystojny|ˌgʊdˈlʊkɪŋ
goodnatured,dobroduszny,good-natured|życzliwy|ˌgʊdˈneɪʧəd
goodness,"1.  dobro
 2.  my goodness 
 - mój boże","dobry boże
 3.  ``for goodness' sake!'' 
 -|na litość boską!''|ˈgʊdnɪs"
goodnight,dobranoc,gʊdˈnaɪt
goodtempered,dobroduszny,good-tempered|przyjacielski|ˌgʊdˈtempəd
goodwill,życzliwość,ˈgʊdwɪl
goody,i.    fajnie,"pysznie
ii.   1.  coś pysznego
 2.  pozytywny charakter|ˈgʊdɪ"
goof,gu:f,skrewić
goose,gu:s,"gęsia skórka|i.    gęś
ii.  goose pimples|ˈgu:spɪmpəlz"
gooseberry,"1.  agrest
 2.  play gooseberry 
 - bawić się w przyzwoitkę",ˈgʊzbərɪ
gooseflesh,gęsia skórka,ˈgu:sfleʃ
gore,gɔ:,"i.    bóść
ii.    skrzepła krew"
gorgeous,cudowny,wspaniały|ˈgɔ:ʤəs
gorilla,goryl,gəˈrɪlə
gory,krwawy,ˈgɔ:rɪ
gosh,gɒʃ,jejku|ojej
gosling,gąsiątko,ˈgɒzlɪŋ
gospel,"1.  ewangelia
 2.  święty
 3.  gospel  [muzyka]",ˈgɒspəl
gossamer,"i.   1.  nitka pajęczyny
 2.  babie lato
ii.    [lit]  pajęczynowy",zwiewny|ˈgɒsəmə
gossip,"i.   1.  plotka
 2.  plotkarz
 3.  pogawędka
ii.    plotkować",ˈgɒsɪp
gothic,"i.    gotyk
ii.    gotycki",ˈgɒθɪk
gouge,gaʊʤ,"i.    żłobić
ii.  gouge out   wydłubywać"
gourd,dynia,gʊəd
gout,artretyzm,gaʊt
gov,"gov.
i.
   see also: {government}
  rząd","rządowy
ii.
   see also: {governor}
  gubernator"
govern,"1.  rządzić
 2.  kierować",kontrolować|ˈgʌvən
governess,guwernantka,ˈgʌvənɪs
government,"i.   1.  rząd
 2.  rządzenie
ii.    rządowy",ˈgʌvənmənt
governor,"1.  gubernator
 2.  rządca","zarządca
 3.  dyrektor|ˈgʌvənə"
govt,"govt.
  rząd",rządowy
gown,"1.  suknia
 2.  toga",gaʊn
gp,internista,ˌ$⋅$ˈ$⋅$
gr,"gr.
i.
   see also: {grade}
  klasa
ii.
   see also: {gross}
  brutto
iii.
   see also: {group}
  grupa",
grab,"1.  łapać
 2.  porywać","chwytać|chwytać
 3.  chwytać 
 4.  make a grab at|for sth 
 - sięgać|græb"
graceful,1.  wdzięczny,"elegancki|pełen wdzięku
 2.  przyjemny dla oka|przyjemny
 3.  szarmancki|ˈgreɪsfʊl"
graceless,"1.  nieatrakcyjny
 2.  [form]  niewychowany",ˈgreɪslɪs
gracious,"1.  łaskawy
 2.  dobry","goodness gracious! 
 - boże jedyny!|na wysokim poziomie
 3.  good|ˈgreɪʃəs"
gradation,gradacja,grəˈdeɪʃən
grade,greɪd,"i.   1.  stopień
 2.  poziom
 3.  [szkolna]  ocena
 4.  [us]  [w szkole]  klasa
 5.  [us]  [np. zbocza]  spadek
ii.   1.  [oceniać]  klasyfikować
 2.  [nieform]  make the grade 
 - dawać sobie radę"
gradient,nachylenie,spadek|ˈgreɪdɪənt
gradual,stopniowy,ˈgrædjʊəl
graduate,"graduate
i.    absolwent
ii.    podyplomowy
iii.   1.  kończyć 
 2.  przechodzić (from - z",od)
graduation,1.  zakończenie studiów,"zakończenie
 2.  promocja|ˌgrædjʊˈeɪʃən"
graffiti,bazgranina na ścianach,grəˈfi:tɪ
graft,grɑ:ft,"i.   1.  [roślinę]  szczepić 
 2.  [np. skórę]  przeszczepiać   
 3.  [tradycję]  zasadzać   
ii.   1.  [rośliny]  szczep
 2.  [np. skóry]  przeszczep
 3.  [br nieform]  [praca]  harówka|mozół
 4.  [nielegalne dochody]  łapówka"
grain,"1.  ziarno
 2.  zboże
 3.  słój","greɪn|iść wbrew naturze|uwarstwienie
 4.  [lit]  szczypta
 5.  go against the grain  )
 - iść wbrew czyjejś naturze"
gram,gramme,græm
grammar,[br]   liceum,"i.    gramatyka
ii.  grammar school|ˈgræmə|ˈgræmə sku:l"
grammatical,gramatyczny,grəˈmætɪkəl
gramme,gram,græm
gramophone,gramofon,ˈgræməfəʊn
gran,babcia,græn
granary,spichlerz,ˈgrænərɪ
grand,fortepian,"fortepian koncertowy|grænd|i.   1.  [styl]  imponujący
 2.  [nieform]  [plan]  rewelacyjny
 3.  [człowiek]  wielki|znakomity
 4.  [suma]  ogólny
ii.    [nieform]  [dolarów lub funtów]  tysiąc
iii.  grand piano"
grandad,dziadek,granddad|ˈgrændæd
grandchild,wnuk,ˈgrænʧaɪld
granddad,dziadek,grandad|ˈgrændæd
granddaughter,wnuczka,ˈgrændɔ:tə
grandeur,1.  wielkość,"świetność
 2.  dostojeństwo|ˈgrænʤə"
grandfather,"i.    dziadek
ii.  grandfather clock",zegar stojący|ˈgrænfɑ:ðə|ˌgrænfɑ:ðə ˈklɒk
grandiose,pompatyczny,skomplikowany|ˈgrændɪəʊs
grandma,babcia,ˈgrænmɑ:
grandmother,babcia,ˈgrænmʌ:ðə
grandpa,dziadziuś,ˈgrænpɑ:
grandparent,"1.  dziadek
 2.  babcia",ˈgrænpeərənt
grandson,wnuk,ˈgrænsʌn
grandstand,główna trybuna,ˈgrændstænd
granite,granit,ˈgrænɪt
grannie,babciunia,granny|ˈgrænɪ
granny,babciunia,grannie|ˈgrænɪ
grant,"granting that 
 - zakładając","grɑ:nt|i.    dotacja
ii.   1.  [form]  przyznawać
 2.  i grant you  )
 - przyznaję|przyznaję
 3.  take sth for granted 
 - uznawać coś za oczywiste
 4.  take sb for granted 
 - uznawać czyjeś działanie za oczywiste|uznawać czyjeś działanie za należne
 5.  granted"
granulated,granulowany,ˈgrænjʊleɪtɪd
granule,granula,ziarno|ˈgrænju:l
grape,greɪp,winogrono
grapefruit,ˈgreɪpfru:t,
grapevine,"1.  latorośl
 2.  on","through the grapevine 
 - pocztą pantoflową|ˈgreɪpvaɪn"
graph,graf,grɑ:f|wykres
graphic,"1.  graficzny
 2.  plastyczny",ˈgræfɪk
graphite,[minerał]  grafit,ˈgræfaɪt
grapple,zmagać się,ˈgræpəl
grasp,grɑ:sp,"i.    chwytać|uścisk
 2.  have a grasp of sth 
 - panować nad czymś
 3.  within sb's grasp 
 - w czyimś zasięgu|łapać   
ii.   1.  chwyt"
grasping,zachłanny,ˈgrɑ:spɪŋ
grass,baza,"doły|doły partyjne|grɑ:s|i.   1.  trawa
 2.  [nieform]  marihuana
ii.  grass roots"
grasshopper,konik polny,pasikonik|ˈgrɑ:shɒpə
grassland,pastwisko,łąka|ˈgrɑ:slənd
grassy,trawiasty,ˈgrɑ:sɪ
grate,greɪt,"i.    ruszt
ii.   1.  trzeć
 2.  skrzypieć|zgrzytać
 3.  działać na nerwy"
grateful,wdzięczny,ˈgreɪtfʊl
grater,tarka,ˈgreɪtə
gratify,"1.  radować się
 2.  zaspokajać",ˈgrætɪfaɪ
grating,"i.    krata
ii.    zgrzytający",zgrzytliwy|ˈgreɪtɪŋ
gratitude,wdzięczność,ˈgrætɪtju:d
gratuitous,1.  bezpłatny,"gratisowy
 2.  [form]  nieuzasadniony|grəˈtju:ɪtəs"
gratuity,"1.  napiwek
 2.  odprawa pieniężna",grəˈtju:ɪtɪ|odprawa
grave,greɪv,"i.    grób
ii.    poważny"
gravel,żwir,ˈgrævəl
gravestone,nagrobek,ˈgreɪvstəʊn
graveyard,cmentarz,ˈgreɪvjɑ:d
gravitate,grawitować,ˈgrævɪteɪt
gravitation,grawitacja,ˌgrævɪˈteɪʃən
gravity,1.  ciężkość,"siła ciężkości
 2.  powaga|ˈgrævɪtɪ"
gravy,sos,ˈgreɪvɪ
gray,"1.  szary
 2.  popielaty
 3.  siwy
 4.  be *greying","getting grey* 
 - siwieć|grey|greɪ"
graze,greɪz,"i.   1.  paść się|paść
 2.  zadrapywać
 3.  ocierać się 
ii.    zadrapanie"
grease,gri:s,"i.   1.  tłuszcz
 2.  smar
ii.    smarować"
greasy,"1.  tłusty
 2.  zatłuszczony",ˈgri:sɪ
great,"a. pra-
 b.
      ""great-grandma""  - prababcia","great-|greɪt|i.   1.  wielki
 2.  duży
 3.  [nieform]  znakomity
ii.   1.  znakomicie|wspaniale
 2.  [nieform]  great! 
 - cudownie!"
greatly,ogromnie,ˈgreɪtlɪ
greece,grecja,gri:s
greed,"1.  żądza
 2.  chciwość",gri:d
greedy,chciwy,łapczywy|ˈgri:dɪ
greek,gri:k,"i.    grecki
ii.    grek"
greenery,roślinność,zieleń|ˈgri:nərɪ
greengrocer,"1.  sprzedawca jarzyn i owoców
 2.  the greengrocer )
 - sklep warzywny",ˈgri:ngrəʊsə
greenhouse,szklarnia,ˈgri:nhaʊs
greenish,zielonkawy,ˈgri:nɪʃ
greet,"1.  witać
 2.  powitać",gri:t
greeting,"1.  powitanie
 2. greetings  pozdrowienia",ˈgri:tɪŋ
gregarious,grɪˈgeərɪəs,towarzyski
grenade,granat,grɪˈneɪd
grey,"1.  szary
 2.  popielaty
 3.  siwy
 4.  be *greying","getting grey* 
 - siwieć|gray|greɪ"
greyhound,chart,ˈgreɪhaʊnd
greyish,popielaty,szarawy|ˈgreɪɪʃ
grid,1.  kratownica,"grɪd|sieć
 2.  siatka geograficzna"
grief,1.  [form]  żałość,"gri:f|zgryzota
 2.  [form]  come to grief 
 - doznawać niepowodzenia
 3.  good grief 
 - bożeż ty mój"
grievance,"1.  zażalenie
 2.  żal",uraza|ˈgri:vəns
grieve,1.  [form]  opłakiwać,"gri:v|rozpaczać   
 2.  it grieves sb to do sth 
 - komuś przykro coś robić"
grievous,dotkliwy,przykry|ˈgri:vəs
grill,grɪl,"i.   1.  ruszt
 2.  potrawa z rusztu
ii.   1.  piec  [jak na ruszcie]
 2.  [nieform]  męczyć kogoś na przesłuchaniu|męczyć kogoś"
grille,grɪl,krata|siatka|siatka ochronna
grim,"1.  ponury
 2.  przygnębiający
 3.  zacięty",grɪm|surowy
grimace,grɪˈmeɪs,"i.    grymas
ii.    robić grymasy"
grime,graɪm,nalot brudu
grimy,brudny,zapaskudzony|ˈgraɪmɪ
grin,grɪn,"i.    uśmiechać się (at - do|na)
ii.   1.  uśmiech
 2.  [nieform]  grin and bear it 
 - wytrzymywać|przyjmować za dobrą monetę"
grind,graɪnd,"i.  grind up  mielić|mleć
ii.   1.  wciskać
 2.  [nóż|soczewkę]  szlifować
 3.  [o maszynie]  zgrzytać
 4.  [us]  [uczyć się]  kuć
iii.   1.  harówka
 2.  [us]  kujon
iv.  grind down   zdeptywać"
grinder,młynek,ˈgraɪndə
grip,"borykać się  
 4.  have a grip on sb","get to grips with 
 - dochodzić do ładu|grɪp|i.   1.  chwytać
 2.  być pod wrażeniem  [np. książki]
ii.   1.  [torby]  uchwyt
 2.  torba podróżna|mieć kogoś we władzy
 5.  have grip 
 - dobrze trzymać"
gripe,graɪp,labiedzić|marudzić
grisly,przerażający,straszliwy|ˈgrɪzlɪ
gristle,chrząstka,ˈgrɪsəl
grit,grɪt,"i.   1.  żwir|piasek
 2.  charakter
ii.   1.  posypywać piaskiem
 2.  grit one's teeth 
 - zaciskać zęby"
groan,grəʊn,"i.   1.  jęczeć
 2.  skrzypieć
ii.    jęk"
grocer,1.  sprzedawca sklepu spożywczego,"właściciel sklepu spożywczego
 2.  the grocer )
 - sklep spożywczy|ˈgrəʊsə"
grocery,"1.  [us]  sklep spożywczy
 2. groceries  towary spożywcze",ˈgrəʊsərɪ
groggy,odurzony,oszołomiony|ˈgrɒgɪ
groin,grɔɪn,pachwina
groom,gru:m,"i.   1.  pan młody
 2.  stajenny
ii.   1.  oporządzać  [konie]
 2.  wyszykowywać się
 3.  szkolić"
groomed,"1.  well groomed 
 - zadbany
 2.  badly groomed 
 - zaniedbany",ˈgru:md
groove,gru:v,rowek
grope,"1.  szukać po omacku 
 2.  iść po omacku
 3.  starać się znaleźć",grəʊp
gross,"gross
i.   1.  ogromny
 2.  [zachowanie]  prymitywny","grubiański
 3.  [budynki|odrażający
 4.  [dochód]  całkowity|ogólny
 5.  [form]  przynosić łącznie
ii.    gros  [144 sztuki]|rzeczy]  zwalisty"
grotesque,grəʊˈtesk,"i.    [forma]  groteska
ii.    groteskowy"
grotto,grota,ˈgrɒtəʊ
grounding,podstawy,wyszkolenie|ˈgraʊndɪŋ
groundless,bezpodstawny,ˈgraʊndlɪs
groundsheet,płachta nieprzemakalna,ˈgraʊndʃi:t
groundsman,dozorca,dozorca parku|ˈgraʊndzmən
groundwork,podstawa,przygotowanie|ˈgraʊndwɜ:k
group,gru:p,"i.    grupa
ii.    grupować"
grouping,grupa,zgrupowanie|ˈgru:pɪŋ
grouse,cietrzew,"graʊs|i.    głuszec|pardwa
ii.    [nieform]  zrzędzić"
grove,grəʊv,zagajnik
grovel,1.  płaszczyć się,"czołgać się|poniżać się
 2.  pełzać|ˈgrɒvəl"
grow,"dochodzić 
 5.  [o problemie]  narastać
 6.  [o idei]  wyrastać   
 7.  [o bogactwie]  wzrastać
ii.  grow apart   oddalać się
iii.  grow into  1.  wyrastać  [na kogoś]
 2.  dorastać  [do czegoś]
iv.  grow on   [nieform]  docierać  [do kogoś]
v.  grow out of  1.  wyrastać  [z czegoś]
 2.  tracić
vi.  grow up  1.  wyrastać","dorastać
 2.  umacniać się
 3.  ``grow up!'' 
 -|grəʊ|i.   1.  rosnąć
 2.  [rośliny]  hodować
 3.  [brodę]  nosić|nie bądź dzieckiem!''"
grower,hodowca,ˈgrəʊə
grown,dorosły,grəʊn
grownup,dorosły,grown-up|ˌgrəʊnˈʌp
growth,"1.  wzrost
 2.  narośl",grəʊθ
grubby,brudny,ˈgrʌbɪ
grudge,grʌʤ,"i.    uraz|skąpić|żal 
ii.    żałować  [komuś czegoś]"
grudging,niechętny,nieszczery|ˈgrʌʤɪŋ
gruel,grʊəl,kasza na wodzie|wodzianka
grueling,gruelling,wyczerpujący|wykańczający|ˈgrʊəlɪŋ
gruelling,grueling,wyczerpujący|wykańczający|ˈgrʊəlɪŋ
gruesome,makabryczny,ˈgru:səm
gruff,grʌf,opryskliwy|szorstki
grumble,i.    narzekać,"utyskiwanie|utyskiwać 
ii.    narzekanie|ˈgrʌmbəl"
grumpy,marudzący,wściekły|ˈgrʌmpɪ
grunt,"burczenie
 2.  chrząkanie","burczeć
 2.  chrząkać
ii.   1.  mruczenie|grʌnt|i.   1.  mruczeć"
gt,"gt.
  wlk.",wielki
guarantee,"i.   1.  gwarantować
 2.  [obiecywać]  zapewniać
 3.  ręczyć","zapewnienie|zaręczać|zaręczać
 4.  [np. na maszynę]  dawać gwarancję 
ii.   1.  [producenta]  gwarancja
 2.  poręczenie|że"
guarantor,gwarant,ˌgærənˈtɔ:
guard,gɑ:d,"i.    ochraniać
ii.   1.  strzec
 2.  [br]  konduktor
 3.  strażnik|pokrywa
 6.  be on one's guard 
 - mieć się na baczności|uważać
 7.  catch sb off guard 
 - zaskakiwać kogoś
iii.  guard against   wystrzegać się|warta
 5.  osłona"
guarded,ostrożny,powściągliwy|ˈgɑ:dɪd
guardian,"1.  opiekun
 2.  strażnik",ˈgɑ:dɪən
guerilla,gəˈrɪlə,partyzant
guess,chyba,"domyślać się 
 2.  zgadywać
ii.   1.  przypuszczenie
 2.  [us nieform]  i guess 
 - zdaje mi się|ges|i.   1.  przypuszczać"
guesswork,domysł,ˈgeswɜ:k
guest,gest,"hotelik|i.    gość
ii.  guest house|ˈgesthaʊs"
guffaw,gəˈfɔ:,"i.    ryk śmiechu|ryczeć|ryk
ii.    ryczeć ze śmiechu"
guidance,pomoc,ˈgaɪdəns
guide,gaɪd,"i.   1.  przewodnik turystyczny|kierować|orientacja
 3.  [br]  harcerka
ii.   1.  [np. po mieście]  oprowadzać
 2.  [np. za rękę]  prowadzić
 3.  kierować się|przewodnik
 2.  doraźna pomoc"
guidebook,przewodnik,ˈgaɪdbʊk
guideline,dyrektywa,wytyczna|ˈgaɪdlaɪn
guild,cech,gildia|gɪld
guile,chytrość,gaɪl|przebiegłość
guileful,chytry,przebiegły|ˈgaɪlfʊl
guileless,prostolinijny,ˈgaɪllɪs
guillotine,"i.    gilotyna
ii.    gilotynować",ˈgɪləti:n
guilt,1.  wina,"gɪlt|poczucie winy
 2.  przewinienie"
guiltless,bez winy,niewinny|wolny od winy|ˈgɪltlɪs
guilty,"1.  winny 
 2.  have a guilty conscience 
 - mieć nieczyste sumienie",ˈgɪltɪ
guinea,"i.    gwinea
ii.  guinea pig",świnka morska|ˈgɪnɪ|ˈgɪnɪ pɪg
guise,gaɪz,przebranie|przykrywka
guitar,gitara,gɪˈtɑ:
gulf,"1.  zatoka
 2.  przepaść",gʌlf
gull,gʌl,mewa
gullet,przełyk,ˈgʌlɪt
gullible,łatwowierny,ˈgʌlɪbəl
gully,parów,ˈgʌlɪ
gulp,gʌlp,"i.   1.  połykać|przełykać
 2.  brać oddech
ii.   1.  łyk
 2.  haust
iii.  gulp down   pić jednym haustem|przełykać szybko"
gum,"guma
 2.  guma arabska
 3.  dziąsło
ii.    sklejać",gʌm|i.   1.  guma do żucia
gumboot,gumiak,kalosz|ˈgʌmbu:t
gumption,chłopski rozum,smykałka|ˈgʌmpʃən
gun,działo,"gʌn|i.   1.  a. pistolet|karabin
 b.
      ""machine gun""  - pistolet maszynowy
 2.  [nieform]  jump the gun 
 - falstartować|pospieszyć się zanadto
 3.  [nieform]  stick to one's guns 
 - trzymać sie swojego
ii.  gun down   postrzelić"
gunboat,kanonierka,ˈgʌnbəʊt
gunfire,obstrzał,ogień|ˈgʌnfaɪə
gunman,rewolwerowiec,ˈgʌnmən
gunner,artylerzysta,strzelec|ˈgʌnə
gunpoint,"at gunpoint 
 - pod groźbą użycia broni",na muszce|ˈgʌnpɔɪnt
gunpowder,proch,proch strzelniczy|ˈgʌnpaʊdə
gunshot,wystrzał,ˈgʌnʃɒt
gurgle,"i.   1.  bulgotać
 2.  gaworzyć","paplać
ii.    paplanina|ˈgɜ:gəl"
gush,gʌʃ,"i.    tryskać
ii.    wytrysk|potok
iii.    rozpływać się"
gust,1.  powiew,"gʌst|napływ|poryw
 2.  przypływ"
gusto,"with gusto 
 - z zapamiętaniem",ze smakiem|ˈgʌstəʊ
gusty,porywisty,ˈgʌstɪ
gutter,"i.   1.  rynsztok
 2.  rynna
ii.    [dziennik]  brukowy",ˈgʌtə
guttural,gardłowy,ˈgʌtərəl
guy,"1.  [nieform]  facet
 2. guys  [us nieform]  chłopy",gaɪ|ludziska
guzzle,pochłaniać,ˈgʌzəl
gym,"1.  sala gimnastyczna
 2.  gimnastyka",wf|ʤɪm
gymnasium,sala gimnastyczna,ʤɪmˈneɪzɪəm
gymnast,gimnastyk,ˈʤɪmnæst
gymnastic,gimnastyczny,ʤɪmˈnæstɪk
gymnastics,gimnastyka,ʤɪmˈnæstɪks
gynaecological,ginekologiczny,gynecological|ˌgaɪnəkəˈlɒʤɪkəl
gynaecologist,ginekolog,gynecologist|ˌgaɪnəˈkɒləʤɪst
gynaecology,ginekologia,gynecology|ˌgaɪnəˈkɒləʤɪ
gynecological,ginekologiczny,gynaecological|ˌgaɪnəkəˈlɒʤɪkəl
gynecologist,ginekolog,gynaecologist|ˌgaɪnəˈkɒləʤɪst
gynecology,ginekologia,gynaecology|ˌgaɪnəˈkɒləʤɪ
gypsy,cygan,gipsy|ˈʤɪpsɪ
gyrate,obracać się,wirować|ʤaɪˈreɪt
h,"godzina
ii.
   see also: {height}
  wysokość","h.
i.
   see also: {hour}
  godz."
ha,"ha
  ha",hektar
haberdashery,"1.  [br]  artykuły pasmanteryjne
 2.  [us]  męskie ubrania",ˈhæbədæʃərɪ
habit,1.  przyzwyczajenie,"zwyczaj
 2.  habit
 3.  be in the habit of doing sth 
 - mieć zwyczaj coś robić
 4.  make a habit of doing sth 
 - mieć zwyczaj coś robić|ˈhæbɪt"
habitable,zdatny do zamieszkania,ˈhæbɪtəbəl
habitat,siedlisko,ˈhæbɪtæt
habitation,"1.  zamieszkiwanie
 2.  [form]  mieszkanie",ˌhæbɪˈteɪʃən
habitual,1.  zwyczajowy,"həˈbɪtjʊəl|nałogowy|zwykły
 2.  zatwardziały"
hack,hæk,"i.    rąbać|murzyn|siekać
ii.    [nieform]  wyrobnik literacki"
hackneyed,wyświechtany,ˈhæknɪd
hacksaw,piła do metalu,ˈhæksɔ:
haddock,łupacz,łupacz ryba|ˈhædək
haemophilia,hemofilia,hemophilia|ˌhi:məˈfɪlɪə
haemophiliac,chory na hemofilię,hemophiliac|ˌhi:məˈfɪlɪæk
haemorrhage,dostawać krowotoku,"dostawać krwotoku|hemorrhage|i.    krwotok
ii.    wykrwawiać się|ˈhemərɪʤ"
hag,hæg,jędza
haggard,wymęczony,wynędzniały|ˈhægəd
haggle,targować,targować się|ˈhægəl
hague,heɪg,"the hague 
 - haga"
hail,heɪl,"i.    grad
ii.   1.  [taksówkę]  zatrzymywać|obwoływać
 4.  it hails 
 - grad pada|przyzywać
 2.  wysławiać|wynosić pod niebiosa
 3.  [lit]  witać"
hailstone,kulka gradu,ˈheɪlstəʊn
hailstorm,burza gradowa,ˈheɪlstɔ:m
hair,"1.  włos
 2.  włosy
 3.  włosek","heə|wyrostek
 4.  [nieform]  make sb's hair stand on end 
 - sprawiać|że włosy komu stają na głowie
 5.  [nieform]  let one's hair down 
 - rozluźniać się
 6.  split hairs 
 - dzielić włos na czworo"
haircut,"1.  strzyżenie
 2.  fryzura",ˈheəkʌt
hairdo,fryzura,ˈheədu:
hairdresser,fryzjer,ˈheədresə
hairdrier,hairdryer,suszarka|suszarka do włosów|ˈheədraɪə
hairdryer,hairdrier,suszarka|suszarka do włosów|ˈheədraɪə
hairless,nieowłosiony,ˈheəlɪs
hairline,"i.    linia zarostu
ii.    jak włos",na włos|ˈheəlaɪn
hairnet,siatka do włosów,ˈheənet
hairpin,i.    spinka do włosów,"serpentyna|spinka
ii.  hairpin bend|ˈheəpɪn|ˌheəpɪn ˈbend"
hairrising,hair-rising,jeżący włosy|ˈheəˌreɪzɪŋ
hairs breadth,"by a hair's breadth 
 - o włos",hair's breadth|ˈheəzbretθ
hairstyle,fryzura,ˈheəstaɪl
hairy,1.  włochaty,"owłosiony
 2.  [nieform]  paskudny|ˈheərɪ"
halcyon,cichy,spokojny|ˈhælsɪən
hale,heɪl,krzepki
half,hɑ:f,"i.   1.  pół|miary]  połówka
ii.   1.  [ugotowany|połowa
 2.  [biletu|stanowczo zbyt
 5.  go halves 
 - dzielić się po pół
iv.  half price"
halfbaked,half-baked,hɑ:fˈbeɪkt|niedowarzony
halfcaste,half-caste,mieszany rasowo|ˈhɑ:fkɑ:st
halfhearted,bez zapału,half-hearted|połowiczny|ˌhɑ:fˈhɑ:tɪd
halfpenny,półpensówka,ˈheɪpnɪ
halfterm,ferie,half-term|ˌhɑ:fˈtɜ:m
halftime,half-time,przerwa|przerwa w meczu|ˌhɑ:fˈtaɪm
halfway,"1.  w pół drogi
 2.  w połowie
 3.  meet sb halfway 
 - wychodzić komuś naprzeciw",ˈhɑ:fweɪ
hall,1.  korytarz,"aula
 3. hall of residence  dom akademicki|hall
 2.  sala|hɔ:l|przedpokój"
hallmark,"1.  cecha charakterystyczna
 2.  próba",cecha|ˈhɔ:lmɑ:k
hallowed,czcigodny,uświęcony|ˈhæləʊd
halloween,hallowe'en,przeddzień wszystkich świętych|przeddzień wszystkich świętych gdy dzieci udają duchy|ˌhaləʊˈi:n
hallucinate,həˈlu:sɪneɪt,mieć halucynacje
hallucination,halucynacja,həˌlu:sɪˈneɪʃən
hallway,korytarz,przedpokój|ˈhɔ:lweɪ
halo,aureola,ˈheɪləʊ
halt,1.  zatrzymywać się,"hɔ:lt|zatrzymywać|zatrzymywać
 2.  come to a halt 
 - zatrzymywać się"
halting,pełen wahania,wahający się|ˈhɔ:ltɪŋ
halve,1.  przepoławiać się,"hɑ:v|przepoławiać
 2.  obcinać o połowę"
ham,"1.  szynka
 2.  ham it up 
 - grać z przesadą",hæm
hamlet,sioło,wioska|ˈhæmlət
hammer,"coś w)
 2.  bębnić (on - o","i.    młotek|młot
ii.   1.  wbijać (sth into - coś do|pracować
iv.  hammer out   wypracowywać|w)
iii.  hammer away   tyrać"
hammock,hamak,ˈhæmək
hamper,i.    ograniczać,"koszyk|krępować
ii.    koszyk na jedzenie|ˈhæmpə"
hampshire,ˈhæmpʃə,
hamster,chomik,ˈhæmstə
hamstring,i.    ścięgno podkolanowe,"ścięgno
ii.    [form]  krępować|ˈhæmstrɪŋ"
handbag,torebka,ˈhændbæg
handbook,podręcznik,poradnik|ˈhændbʊk
handbrake,hamulec ręczny,ˈhændbreɪk
handcart,wózek,wózek ręczny|ˈhændkɑ:t
handclap,"[br]  a slow handclap 
 - dezaprobata",wygwizdywanie|ˈhændklæp
handcuff,zakuwać w kajdanki,ˈhændkʌf
handcuffs,kajdanki,ˈhændkʌfs
handful,"1.  garść
 2.  garstka
 3.  [nieform]  psotnik",psotnica|ˈhændfʊl
handicap,"handikap
ii.    upośledzać","i.   1.  upośledzenie
 2.  trudność
 3.  [sport]  for|stawiać w trudnym położeniu|ˈhændɪkæp"
handicraft,i.    rzemiosło,"rękodzieło
ii.    rękodzielniczy
iii.    wyrób rękodzielniczy|ˈhændɪkrɑ:ft"
handiwork,dzieło,dzieło własnych rąk|ˈhændɪwɜ:k
handkerchief,chusteczka,chusteczka do nosa|ˈhæŋkəʧɪf
handle,"być odpowiedzialnym 
 5.  obchodzić się","i.   1.  klamka
 2.  [do trzymania]  rączka|pracą]  zajmować się|przemieszczać
 2.  [radzić sobie]  dawać sobie radę 
 3.  [o urządzeniu]  a. chodzić
 b.
      ""it handles very well""  - chodzi bardzo dobrze
 4.  [zadaniem|uchwyt
ii.   1.  [paczki]  przenosić"
handlebar,kierownica  [roweru,motocykla]|ˈhændəlbɑ:
handler,treser,ˈhændlə
handmade,ręcznie robiony,ˌhændˈmeɪd
handout,1.  datek,"ulotka|wsparcie|zapomoga
 2.  folder|ˈhændaʊt"
handpicked,hand-picked,starannie dobrany|wyselekcjonowany|ˌhændˈpɪkt
handshake,uścisk dłoni,ˈhændʃeɪk
handsome,"1.  przystojny
 2.  postawny
 3.  atrakcyjny
 4.  pokaźny",ˈhænsəm
handtomouth,hand-to-mouth,"i.    ledwie starczający
ii.    ledwie ledwie|ˌhændtəˈmaʊθ"
handwriting,pismo odręczne,ˈhændˌraɪtɪŋ
handwritten,ręcznie napisany,ˈhændrɪtən
handy,1.  poręczny,"przydatny
 2.  [nieform]  zręczny 
 3.  [nieform]  pod ręką
 4.  [nieform]  come in handy  :handy)
 - nadawać się doskonale
 5.  keep sth handy 
 - trzymać coś pod ręką|ˈhændɪ"
handyman,majster do wszystkiego,złota rączka|ˈhændɪmən
hangar,ˈhæŋə,
hanger,wieszak,ˈhæŋə
hangeron,hanger-on,pochlebca|ˌhæŋərˈɒn
hangglider,hang-glider,lotnia|ˈhæŋglaɪdə
hanging,"1.  powieszenie
 2.  wieszanie
 3. hangings  [zwykle]  draperia",kotara|obicie|ˈhæŋɪŋ
hangman,kat,ˈhæŋmən
hangover,1.  kac,"kociokwik
 2.  przeżytek|ˈhæŋəʊvə"
hangup,hang-up,obawa|strach|ˈhæŋʌp
hank,hæŋk,kłąb|zwój
hanker,pragnąć,ˈhæŋkə
hankering,potrzeba,pragnienie|ˈhæŋkərɪŋ
hanky,chusteczka,ˈhæŋkɪ
haphazard,chaotyczny,przypadkowy|ˌhæpˈhæzəd
happen,1.  zdarzać się,"przypadkowo być gdzieś
 4.  as it happens 
 - tak się składa|tak się złożyło|wydarzać się
 2.  przydarzać się 
 3.  happen to be somewhere 
 - akurat być gdzieś|ˈhæpən"
happening,zdarzenie,ˈhæpənɪŋ
happy,"1.  a. szczęśliwy
 b.
      ""happy new year""  - szczęśliwego nowego roku
 2.  zadowolony   
 3.  [w życzeniach]  wszystkiego najlepszego z okazji
 4.  [form]  [np. porównanie]  dobry
 5.  be happy to do sth 
 - bardzo chętnie coś zrobić",ˈhæpɪ
happygolucky,beztroski,happy-go-lucky|ˌhæpɪgəʊˈlʌkɪ
harangue,həˈræŋ,"i.    tyrada|perora
ii.    przekonywać"
harass,nękać,prześladować|ˈhærəs
harassment,prześladowanie,znęcanie się|ˈhærəsmənt
harbor,harbour,"i.    przystań|port
ii.   1.  ukrywać
 2.  [lit]  żywić|ˈhɑ:bə"
harbour,harbor,"i.    przystań|port
ii.   1.  ukrywać
 2.  [lit]  żywić|ˈhɑ:bə"
hardandfast,bezwzględny,hard-and-fast|ścisły|ˌhɑ:dənˈfɑ:st
hardback,książka w sztywnej oprawie,w sztywnej oprawie|ˈhɑ:dbæk
hardboard,płyta pilśniowa,ˈhɑ:dbɔ:d
hardboiled,gotowany na twardo,hard-boiled|na twardo|ˌhɑ:dˈbɔɪld
harden,"1.  twardnieć
 2.  utwardzać
 3.  robić zatwardziałym",robić twardym|ˈhɑ:dən
hardheaded,hard-headed,niesentymentalny|trzeźwy|ˌhɑ:dˈhedɪd
hardhearted,hard-hearted,nieczuły|o twardym sercu|ˌhɑ:dˈhɑ:tɪd
hardly,"1.  prawie nie
 2.  ledwo
 3.  niezbyt",ˈhɑ:dlɪ
hardpressed,hard-pressed,znękany|ˌhɑ:dˈprest
hardship,ciężar,problem|ˈhɑ:dʃɪp
hardup,bez pieniędzy,hard-up|ˌhɑ:dˈʌp
hardware,"1.  narzędzia metalowe
 2.  sprzęt  [komputerowy]",ˈhɑ:dweə
hardwearing,hard-wearing,hɑ:dˈweərɪŋ|trwały
hardy,1.  wytrwały,"wytrzymały
 2.  mrozoodporny|ˈhɑ:dɪ"
harebrained,głupi,ˈheəbreɪnd
harm,hɑ:m,"i.   1.  krzywda
 2.  szkoda
ii.   1.  krzywdzić
 2.  szkodzić
 3.  sb will come to no harm 
 - kogoś nie spotka krzywda
 4.  no harm will come to sb 
 - kogoś nie spotka krzywda
 5.  out of harm's way 
 - bezpieczny
 6.  there is no harm  
 - nie ma nic złego w zrobieniu czegoś|nie ma nic złego"
harmful,szkodliwy,ˈhɑ:mfʊl
harmless,nieszkodliwy,ˈhɑ:mlɪs
harmonica,harmonijka,hɑ:ˈmɒnɪkə|organki
harmonious,"1.  harmonijny
 2.  zharmonizowany
 3.  zgodny",hɑ:ˈməʊnɪəs
harmonise,harmonize,harmonizować|ˈhɑ:mənaɪz
harmonize,harmonise,harmonizować|ˈhɑ:mənaɪz
harmony,"1.  harmonia
 2.  zgoda",ˈhɑ:mənɪ
harness,"i.   1.  uprząż
 2.  pasy mocujące
ii.   1.  zaprzęgać 
 2.  czynić użytecznym",ˈhɑ:nɪs
harp,hɑ:p,"i.    harfa
ii.  harp on   narzekać|skarżyć się"
harpoon,harpun,hɑ:ˈpu:n
harpsichord,klawesyn,ˈhɑ:psɪkɔ:d
harrowing,przygnębiający,ˈhærəʊɪŋ
harsh,"1.  ostry
 2.  szorstki",hɑ:ʃ
harvest,"i.  the harvest  żniwa
ii.    plon","zbierać|zbiór
iii.    zbierać plony|ˈhɑ:vəst"
harvester,kombajn,ˈhɑ:vəstə
hasbeen,has-been,zapomniana sława|ˈhæzbi:n
hash,"1.  

 2.  [nieform]  make a hash of sth 
 - spartaczyć coś",hæʃ
hassle,dręczyć,"i.   1.  [nieform]  mordęga
 2.  sprzeczka
ii.    [nieform]  mordować|ˈhæsəl"
haste,"1.  pośpiech
 2.  [przest]  make haste 
 - śpieszyć się",heɪst
hasten,"1.  [form]  przyśpieszać
 2.  [lit]  śpieszyć się
 3.  pośpieszyć",ˈheɪsən
hasty,pośpieszny,ˈheɪstɪ
hat,"1.  kapelusz
 2.  keep sth under one's hat 
 - trzymać coś dla siebie
 3.  it is an old hat 
 - to już stara historia
 4.  talk through one's hat 
 - opowiadać bzdury",hæt
hatch,hæʧ,"i.  hatch out  wykluwać się
ii.    knuć
iii.   1.  [np. do czołgu]  luk|otwór
 3.  eggs hatch 
 - z jaj wykluwają się młode|właz
 2.  wewnętrzne okno"
hatchet,"1.  toporek
 2.  bury the hatchet 
 - zakopywać topór wojenny",ˈhæʧət
hate,heɪt,"i.    nienawidzić
ii.   1.  nienawiść
 2.  i hate to  
 - bardzo mi przykro|że
 3.  i hate to say it 
 - przykro mi to mówić|że panu przeszkadzam"
hateful,nienawistny,ˈheɪtfʊl
hatred,nienawiść,ˈheɪtrɪd
haughty,wyniosły,ˈhɔ:tɪ
haul,"ciągnąć
 2.  a long haul 
 - długi dystans","długa droga
ii.  haul up   a. zaciągać
 b.
      ""before a court""  - przed sąd|hɔ:l|i.   1.  wyciągać"
haunch,biodro,pośladek|ˈhɔ:nʧ
haunt,hɔ:nt,"i.   1.  nawiedzać
 2.  prześladować
ii.    miejsce chętnie odwiedzane|miejsce"
haunting,chwytliwy,urzekający|ˈhɔ:ntɪŋ
haven,przystań,schronienie|ˈheɪvən
haversack,chlebak,plecak|ˈhævəsæk
havoc,1.  chaos,"niszczyć|pustoszyć|wreak havoc with 
 - wprowadzać chaos|zamieszanie
 2.  spustoszenie
 3.  play"
hawaii,hawaje,həˈwaɪɪ
hawaiian,hawajski,həˈwaɪən
hawk,hɔ:k,"i.    jastrząb
ii.   1.  [przy sprzedawaniu]  obnosić się 
 2.  watch sb like a hawk 
 - mieć kogoś na oku"
hawthorn,głóg,ˈhɔ:θɔ:n
hay,heɪ,"i.    siano
ii.  hay fever|katar sienny|ˈheɪˌfi:və"
haystack,kopa,kopa siana|stóg|ˈheɪstæk
haywire,"[nieform]  go haywire  :haywire)
 - chrzanić się",ˈheɪwaɪə
hazard,i.    ryzyko,"niebezpieczeństwo
ii.    ryzykować|ˈhæzəd"
hazardous,niebezpieczny,ryzykowny|ˈhæzədəs
haze,heɪz,mgiełka|opary
hazel,"i.    leszczyna
ii.   1.  [kolor]  orzechowy
 2.  [oczy]  piwny",ˈheɪzəl
hazelnut,orzech laskowy,ˈheɪzəlnʌt
hazy,"1.  zamglony
 2.  niejasny
 3.  niepewny",ˈheɪzɪ
hbomb,bomba wodorowa,h-bomb|ˈeɪʧ bɒm
he,"1.  on
 2.  a. samiec
 b.
      ""he-dog""  - pies samiec",hi:|hɪ
head,"be brought* to a head 
 - dochodzić do szczytu
 11.  get  into one's","bez namysłu
 8.  [nieform]   one's head off  proposs :head :off)
 - krzyczeć na całe gardło|być na pierwszym miejscu
 3.  [np. artykuł]  tytułować
 4.  zmierzać (for - do|główkować
 6.  a|hed"
headache,"1.  ból głowy
 2.  problem",ˈhedeɪk
headdress,przybranie głowy,ˈheddres
headfirst,głową naprzód,head-first|na głowę|ˌhedˈfɜ:st
headgear,nakrycie głowy,ˈhedgɪə
heading,nagłówek,tytuł|ˈhedɪŋ
headlamp,reflektor przedni,światło przednie|ˈhedlæmp
headland,cypel,ˈhedlənd
headlight,reflektor przedni,światło przednie|ˈhedlaɪt
headline,"1.  nagłówek
 2. headlines  najważniejsze wydarzenia",ˈhedlaɪn
headlong,1.  na łeb,"na szyję
 2.  bez namysłu|ˈhedlɒŋ"
headmaster,dyrektor,dyrektor szkoły|ˈhedmɑ:stə
headmistress,dyrektorka,dyrektorka szkoły|ˈhedmɪstrəs
headon,"1.  czołowy
 2.  bezpośredni",head-on|ˌhedˈɒn
headphones,słuchawki,słuchawki na uszy|ˈhedfəʊnz
headquarters,"1.  kwatera główna
 2.  centrala",ˈhedkwɔ:təz
headroom,dopuszczalna wysokość,dopuszczalna wysokość pojazdu|ˈhedru:m
headstone,płyta nagrobna,ˈhedstəʊn
headway,"make headway 
 - czynić postępy",ˈhedweɪ
headwind,wiatr czołowy,ˈhedwɪnd
heady,1.  ekscytujący,"oszałamiający
 2.  ciężki
 3.  [napój]  uderzający do głowy|ˈhedɪ"
heal,"goić
 2.  leczyć","hi:l|i.   1.  goić się|wyleczyć
 3.  zdrowieć
ii.  heal up   goić się"
health,"1.  zdrowie
 2.  powodzenie","dobry stan
 3.  drink  sb's health  proposs :health)
 - pić za czyjeś zdrowie|helθ|pić czyjeś zdrowie
 4.  be in poor health 
 - być słabego zdrowia"
healthy,"1.  zdrowy
 2.  niezły",ˈhelθɪ
heap,hi:p,"i.   1.  sterta|kupa
 2. heaps  a. kupa|masa
 b.
      ""heap of time""  - masa czasu
 c.
      ""heaps of time""  - masa czasu
ii.   1.  zwalać na kupę|zwalać
 2.  [pochwałami]  obsypywać
iii.  heap up   gromadzić"
hear,"dostawać wiadomości   
 4.  [praw]  rozpatrywać","hɪə|i.   1.  słyszeć 
 2.  słuchać
 3.  dowiadywać się|sądzić
 5.  [praw]  przeprowadzać
ii.  hear out   wysłuchać"
hearing,aparat słuchowy,"i.   1.  słuch
 2.  przesłuchanie
 3.  in|rozpatrzyć
ii.  hearing aid|within sb's hearing 
 - w zasięgu słuchu
 4.  get a  hearing 
 - rozpatrzyć bezstronnie|ˈhɪərɪŋ"
hearsay,pogłoski,ˈhɪəseɪ
hearse,hɜ:s,karawan
heart,"1.  serce
 2.  sedno
 3.  centrum
 4.  [kapusty]  głąb
 5.  [w kartach]  kier
 6.  at heart 
 - w sercu","hɑ:t|serce się komuś kraje
 12.  sb's heart sinks 
 - duch w kimś upada
 13.  set one's heart on sth 
 - nastawiać się na coś|w głębi serca
 7.  by heart 
 - na pamięć
 8.  a change of heart 
 - zmiana nastawienia
 9.  sb's heart isn't in sth 
 - ktoś podchodzi do czegoś bez serca
 10.  in sb's heart of hearts 
 - w głębi duszy
 11.  sth breaks sb's heart 
 - serce się komuś kraje z powodu czegoś|wziąć coś do serca"
heartbeat,bicie serca,ˈhɑ:tbi:t
heartbreak,smutek,zgryzota|ˈhɑ:tbreɪk
heartbreaking,rozdzierający serce,ˈhɑ:tbreɪkɪŋ
heartbroken,"sb is heartbroken 
 - ktoś ma złamane serce",ˈhɑ:tbrəʊkən
heartburn,zgaga,ˈhɑ:tbɜ:n
hearten,dodawać otuchy,pokrzepiać|ˈhɑ:tən
heartfelt,głęboki,szczery|ˈhɑ:tfelt
hearth,hɑ:θ,palenisko
heartless,bez serca,bezlitosny|ˈhɑ:tlɪs
heartrending,rozdzierający serce,ˈhɑ:trendɪŋ
hearty,"1.  serdeczny
 2.  obfity",ˈhɑ:tɪ
heat,1.  ciepło,"ciepłota
 2.  [np. na kuchence]  ogień
 3.  [o pogodzie]  upał|gorąco
 4.  [emocji]  uniesienie|hi:t|podgrzewać"
heated,podekscytowany,rozemocjonowany|ˈhi:tɪd
heater,"1.  grzejnik
 2.  ogrzewacz wody",ogrzewacz|ˈhi:tə
heath,hi:θ,wrzosowisko
heathen,"i.    [przest]  poganin
ii.    pogański",ˈhi:ðən
heather,wrzos,wrzosiec|ˈheðə
heave,1.  ciągnąć z wysiłkiem,"ciągnąć|dźwigać
 2.  falować
 3.  mieć mdłości|dźwigać się|dźwignięcie
 5.  heave a sigh 
 - wydawać ciężkie westchnienie"
heaven,1.  niebo,"niebiosa
 2.  raj
 3.  [lit]  nieboskłon
 4.  heaven knows 
 - bóg jeden wie
 5.   heavens 
 - dobry boże|ˈhevən"
heavenly,niebiański,ˈhevənlɪ
heavenward,do niebios,heavenwards|ˈhevənwəd
heavenwards,do niebios,heavenward|ˈhevənwəd
heavy,"1.  ciężki
 2.  duży
 3.  [lit]  obciążony 
 4.  be heavy on sth 
 - przesadzać z czymś",używać czegoś za dużo|ˈhevɪ
heavyduty,heavy-duty,o dużej wytrzymałości|ˌhevɪˈdju:tɪ
heavyhanded,heavy-handed,o ciężkiej ręce|ˌhevɪˈhændɪd
heavyweight,wagi ciężkiej,zawodnik wagi ciężkiej|ˈhevɪweɪt
hebrew,"i.    hebrajski
ii.    hebrajczyk",ˈhi:bru:
heckle,przeszkadzać,ˈhekəl
hectic,gorączkowy,rozgorączkowany|ˈhektɪk
hedge,asekurować się,"heʤ|i.    żywopłot
ii.   1.  wykręcać się 
 2.  [nieform]  hedge one's bets 
 - ubezpieczać się"
hedgehog,jeż,ˈheʤhɒg
hedgerow,żywopłot,ˈheʤrəʊ
heed,1.  [form]  powodować się,"mieć wzgląd|pay heed  
 - mieć wzgląd na coś|słuchać
 2.  take|ˈhi:d"
heedless,nie zważający,nieuważny|ˈhi:dlɪs
heel,"1.  pięta
 2.  obcas
 3.  dig one's heels in 
 - zapierać się przeciw","hi:l|następować szybko po
 5.  [lit]  take to one's heels 
 - brać nogi za pas|następować szybko po czymś|zapierać się
 4.  follow hard on the heels of 
 - następować na pięty"
hefty,wielki,zwalisty|ˈheftɪ
heifer,jałówka,ˈhefə
height,"1.  wysokość
 2.  duży wzrost","haɪt|wzrost
 3.  szczyt
 4. heights  wierzchołki
 5.  at its height 
 - w okresie największego rozwoju
 6.  gain height 
 - wznosić się
 7.  lose height 
 - spadać"
heighten,wzmagać,wzmagać się|ˈhaɪtən
heir,dziedzic,eə|spadkobierca
heiress,dziedziczka,spadkobierczyni|ˈeərəs
heirloom,rodzinna pamiątka,ˈeəlu:m
helicopter,helikopter,ˈhelɪkɒptə
hell,"1.  piekło
 2.  [nieform]  cholera jasna","cholera
 3.  [nieform]  give sb hell 
 - robić piekło komuś
 4.  ``go to hell'' 
 -|hel|idź do diabła''
 5.  [nieform]  as|like hell 
 - jak cholera"
hellish,"1.  piekielny
 2.  [nieform]  cholerny",ˈhelɪʃ
hello,1.  cześć,"dzień dobry
 2.  [do telefonu]  halo
 3.  [aby zwrócić uwagę]  hej|həˈləʊ"
helm,ster,
helmet,"1.  kask
 2.  hełm",ˈhelmət
helmsman,sternik,ˈhelmzmən
helper,pomocnik,ˈhelpə
helpful,pomocny,ˈhelpfʊl
helping,porcja,ˈhelpɪŋ
helpless,bezradny,ˈhelplɪs
hem,czymś),"i.    rąbek|skraj
ii.    obrębiać
iii.  hem in   otoczyć (by sth - przez kogoś"
hemisphere,półkula,ˈhemɪsfɪə
hemophilia,haemophilia,hemofilia|ˌhi:məˈfɪlɪə
hemophiliac,chory na hemofilię,haemophiliac|ˌhi:məˈfɪlɪæk
hemorrhage,dostawać krowotoku,"dostawać krwotoku|haemorrhage|i.    krwotok
ii.    wykrwawiać się|ˈhemərɪʤ"
hemp,konopie,
hen,"1.  kwoka
 2.  kura  [samica różnych gatunków ptaków]",
hence,1.  stąd,"dlatego
 2.  od dzisiaj|hens"
henceforth,odtąd,ˌhensˈfɔ:θ
henchman,fagas,zausznik|ˈhenʧmən
herald,"herold
ii.   1.  zwiastować
 2.  ogłaszać",i.    zwiastun|ˈherəld
heraldry,heraldyka,ˈherəldrɪ
herb,hɜ:b,"i.    ziele|zioło
ii.    ziołowy"
herd,hɜ:d,"i.    stado
ii.    zaganiać"
here,1.  tutaj,"``here you are''* 
 -|are ... 
 - oto ...
 3.  here and there 
 - tu i tam
 4.  *``here''|hɪə|proszę''
 5.  ``here's to '' 
 -"
hereafter,"i.   1.  [form]  poniżej
 2.  [form]  od tej chwili
ii.    życie pozagrobowe",ˌhɪərˈɑ:ftə
hereby,niniejszym,ˌhɪəˈbaɪ
hereditary,dziedziczny,həˈredɪtərɪ
heredity,dziedziczenie,dziedziczność|hɪˈredɪtɪ
heresy,herezja,ˈherəsɪ
heretic,heretyk,ˈherətɪk
heretical,heretycki,həˈretɪcal
herewith,z niniejszym,ˌhɪəˈwɪθ
heritage,dziedzictwo,ˈherɪtɪʤ
hermit,pustelnik,ˈhɜ:mɪt
hernia,przepuklina,ˈhɜ:nɪə
hero,"1.  bohater
 2.  idol",ˈhɪərəʊ
heroic,bohaterski,heroiczny|hɪˈrəʊɪk
heroin,heroina,ˈherəʊɪn
heroine,bohaterka,ˈherəʊɪn
heroism,bohaterstwo,heroizm|ˈherəʊɪzəm
heron,czapla,ˈherən
herring,śledź,ˈherɪŋ
hers,həz,hɜ:z|jej
herself,1.  się,"həˈself|siebie|sobie  [o kobiecie]
 2.  sama"
hesitant,niepewny,wahający się|ˈhezɪtənt
hesitate,"1.  wahać się
 2.  nie móc się zdecydować 
 3.  don't hesitate to do sth 
 - proszę od razu coś robić",proszę od razu coś zrobić|ˈhezɪteɪt
hesitation,1.  zawahanie się,"zawahanie
 2.  niezdecydowanie|ˌhezɪˈteɪʃən"
het up,"[nieform]  get het up  
 - podniecać się czymś",podniecać się|ˌhetˈʌp
heterogenous,heterogeniczny,różnorodny|ˌhetərəˈʤi:nɪəs
heterosexual,heteroseksualny,ˌhetərəˈsekʃʊəl
hew,ciosać,hju:|kuć|łamać
hexagon,sześciokąt,ˈheksəgən
hey,hej,heɪ
heyday,okres rozkwitu,pełnia|ˈheɪdeɪ
hi,1.  [nieform]  cześć,"haɪ|siemasz
 2.  [przest]  hej"
hiatus,haɪˈeɪtəs,luka|puste miejsce
hibernate,zapadać w sen zimowy,ˈhaɪbəneɪt
hiccup,"i.    czkawka
ii.    czkać",ˈhɪkʌp
hide,"chować
 2.  skrywać 
 3.  przykrywać",chować się|haɪd|i.   1.  ukrywać się|ukrywać
hideous,obrzydliwy,ohydny|ˈhɪdɪəs
hiding,"1.  ukrycie
 2.  [nieform]  lanie
 3.  go into hiding 
 - ukrywać się",ˈhaɪdɪŋ
hierarchy,"1.  hierarchia
 2.  władze",ˈhaɪərɑ:kɪ
hieroglyphics,hieroglify,ˌhaɪərəˈglɪfɪks
high,[br]   podwieczorek,"aby coś było zrobione|być na haju
iv.  high school|główna ulica
vi.  high tea|haɪ"
highbrow,intelektualny,uczony|ˈhaɪbraʊ
highclass,high-class,wysokiej klasy|ˌhaɪˈklɑ:s
highhanded,arbitralny,despotyczny|high-handed|ˌhaɪˈhændɪd
highheeled,haɪˈhi:ld,high-heeled|na wysokich obcasach
highlands,góry,pogórze|ˈhaɪləndz
highlevel,high-level,na wysokim szczeblu|ˌhaɪˈlevəl
highlight,i.    uwypuklać,"kulminacja|uwydatniać
ii.    najważniejszy punkt|ˈhaɪlaɪt"
highly,1.  bardzo,"wysoce
 2.  wysoko
 3.  pochlebnie|ˈhaɪlɪ"
highlystrung,highly-strung,napięty|nerwowy|ˌhaɪlɪˈstrʌŋ
highminded,high-minded,pryncypialny|ˌhaɪˈmaɪndɪd
highness,"his highness 
 - wasza wysokość",jego wysokość|your|ˈhaɪnɪs
highpitched,high-pitched,przenikliwy|przeraźliwy|ˌhaɪˈpɪʧt
highpowered,1.  potężny,"dynamiczny
 2.  efektywny|high-powered|ˌhaɪˈpaʊəd"
highrise,high-rise,"i.    wysokościowy
ii.  high-rise building   wysokościowiec|ˈhaɪraɪz"
highspirited,high-spirited,ożywiony|pełen energii|żywy|ˌhaɪˈspɪrɪtɪd
highway,główna droga,szosa|ˈhaɪweɪ
hijack,porywać,ˈhaɪʤæk
hike,haɪk,"i.    wycieczka
ii.    wędrować"
hilarious,hɪˈleərɪəs,rozśmieszający
hilarity,hɪˈlærɪtɪ,wesołość|zabawa
hill,hɪl,wzgórze
hillside,zbocze,ˈhɪlsaɪd
hilltop,szczyt,szczyt wzgórza|ˈhɪltɒp
hilly,pagórkowaty,ˈhɪlɪ
hilt,"1.  rękojeść
 2.  [nieform]   to the hilt  :to :the :hilt)
 - na całego",hɪlt
himalayas,"the himalayas 
 - himalaje",ˌhɪməˈleɪəz
himself,1.  się,"hɪmˈself|siebie|sobie  [o mężczyźnie]
 2.  sam"
hind,haɪnd,tylny|zadni
hinder,wstrzymywać,ˈhɪndə
hindrance,przeszkoda,ˈhɪndrəns
hindsight,doświadczenie,wiedza po fakcie|ˈhaɪndsaɪt
hindu,"i.    hindus
ii.    hinduistyczny",ˈhɪndu:
hint,hɪnt,"i.   1.  aluzja|napomknienie
 2.  sugestia|wskazówka
ii.   1.  wysuwać sugestie 
 2.  drop a hint 
 - napomykać
 3.  take a hint 
 - pojąć aluzję"
hip,biodro,hɪp
hippie,hipis,ˈhɪpɪ
hippo,hipcio,hipopotam|ˈhɪpəʊ
hippopotamus,hipopotam,ˌhɪpəˈpɒtəməs
hippy,hippis,ˈhɪpɪ
hire,"i.    wynajmować
ii.   1.  wynajęcie
 2.  for hire 
 - do wynajęcia
iii.  hire out   wypożyczać
iv.  hire purchase",kupno na raty|ˈhaɪə|ˌhaɪə ˈpɜ:ʧəs
his,hɪz,jego
hiss,hɪs,"i.   1.  syczeć
 2.  wygwizdywać
ii.    syk"
historian,historyk,hɪˈstɔ:rɪən
historic,historyczny,hɪˈstɒrɪk|przełomowy
historical,historyczny,hɪsˈtɒrɪkəl
history,"1.  historia
 2.  dzieje
 3.  make history 
 - tworzyć historię
 4.  go down in history 
 - przechodzić do historii",ˈhɪstərɪ
histrionic,teatralny,ˌhɪstrɪˈɒnɪk
hitandrun,hit-and-run,"hit-and-run accident 
 - wypadek samochodowy|którego sprawca zbiegł|ˌhɪtənˈrʌn"
hitch,hɪʧ,"i.   1.  przytwierdzać
 2.  jechać stopem|jechać autostopem
ii.    problem
iii.  hitch up   podciągać"
hitchhike,hitch-hike,jechać autostopem|jechać stopem|ˈhɪʧhaɪk
hitherto,dotychczas,ˌhɪðəˈtu:
hive,"1.  ul
 2.  rojowisko",haɪv|rozsadnik
hm,jego wysokość,jej wysokość|ˌ$⋅$ˈ$⋅$
hms,okręt jego królewskiej mości,okręt jej królewskiej mości|okręt wojenny jego królewskiej mości|okręt wojenny jej królewskiej mości|ˌ$⋅⋅$ˈ$⋅$
hoard,hɔ:d,"i.    gromadzić
ii.    zasób"
hoarding,"1.  parkan
 2.  tablica ogłoszeniowa",tablica reklamowa|ˈhɔ:dɪŋ
hoarse,hɔ:s,ochrypły
hoary,"1.  siwy
 2.  omszały",zamierzchły|ˈhɔ:rɪ
hoax,fałszywy alarm,həʊks|nabieranie
hobble,1.  kuleć,"pętać|utykać
 2.  krępować|ˈhɒbəl"
hobby,konik,ˈhɒbɪ
hobo,tramp,włóczęga|ˈhəʊbəʊ
hock,białe wino reńskie,hɒk
hockey,hokej,ˈhɒkɪ
hoe,həʊ,"i.    motyka
ii.    okopywać"
hog,hɒg,"i.    wieprz
ii.   1.  [nieform]  zagarniać
 2.  [nieform]  go the whole hog  :whole :hog)
 - iść na całego"
hoist,hɔɪst,"i.   1.  dźwigać
 2.  podnosić
ii.    wyciąg|podnośnik"
holdall,torba,ˈhəʊldɔ:l
holder,"1.  opakowanie
 2.  właściciel",okaziciel|posiadacz|ˈhəʊldə
holding,aktywa,"i.   1.  pakiet akcji|zasoby
 2.  dzierżawa
ii.    powstrzymujący|ˈhəʊldɪŋ"
holdup,1.  napad z bronią,"hold-up|napad
 2.  zator|ˈhəʊldʌp"
hole,həʊl,"i.   1.  dziura
 2.  nora
ii.   1.  dziurawić
 2.  [nieform]  pick holes  
 - szukać dziury w|skrywać się|szukać dziury
iii.  hole up  [nieform]   zaszywać się"
holiday,"i.   1.  święto
 2.  wczasy","ośrodek wypoczynkowy
iii.  holiday maker|urlop
 3.  wakacje
ii.  holiday camp|urlopowicz|wczasowicz"
holiness,"1.  świętość
 2.  your","his holiness 
 - jego świątobliwość|wasza świątobliwość|ˈhəʊlɪnɪs"
holland,holandia,ˈhɒlənd
holler,ryczeć,ˈhɒlə
hollow,"dołek
iii.  hollow out   wydrążać","i.   1.  wydrążony|pusty
 2.  zapadnięty|wklęsły
 3.  [form]  jałowy
ii.    zagłębienie|ˈhɒləʊ"
holly,ostrokrzew,ˈhɒlɪ
holster,kabura,pochwa|ˈhəʊlstə
holy,święty,ˈhəʊlɪ
homage,"1.  hołd
 2.  pay homage to sb 
 - składać hołd komuś",ˈhɒmɪʤ
homecoming,powrót,powrót do domu|powrót ojczyzny|ˈhəʊmkʌmɪŋ
homeland,ojczyzna,ˈhəʊmlənd
homeless,bezdomny,ˈhəʊmlɪs
homely,"1.  prosty
 2.  [us]  skromny",zwykły|ˈhəʊmlɪ
homemade,domowy,home-made|ˌhəʊmˈmeɪd
homesick,stęskniony za domem,stęskniony za ojczyzną|ˈhəʊmsɪk
homesickness,nostalgia,ˈhəʊmsɪknɪs
homeward,homewards,"i.    powrotny
ii.    ku domowi|ˈhəʊmwəd"
homewards,homeward,"i.    powrotny
ii.    ku domowi|ˈhəʊmwəd"
homework,praca domowa,zadanie domowe|ˈhəʊmwɜ:k
homicide,morderstwo,ˈhɒmɪsaɪd
homing,"1.  samonaprowadzający się
 2.  homing instinct 
 - instynkt powrotu do domu",ˈhəʊmɪŋ
homogeneity,homogeniczność,jednorodność|ˌhɒməʤɪˈni:ɪtɪ
homogeneous,homogeniczny,jednorodny|ˌhəʊməˈʤi:nɪəs
homosexual,"i.    homoseksualny
ii.    homoseksualista",ˌhəʊməˈsekʃʊəl
homosexuality,homoseksualizm,ˌhəʊməsekʃʊˈælɪtɪ
hon,"hon.
i.  
   see also: {honourable}
  czcigodny
ii.  
   see also: {honorary}
  honorowy",
hone,həʊn,ostrzyć
honest,"1.  uczciwy
 2.  szczery",ˈɒnɪst
honestly,"1.  szczerze
 2.  naprawdę",ˈɒnɪstlɪ
honesty,"1.  szczerość
 2.  uczciwość",ˈɒnɪstɪ
honey,"1.  miód
 2.  [us]  ``honey'' 
 -",kochanie''|skarbie''|ˈhʌnɪ
honeycomb,plaster,ˈhʌnɪkəʊm
honeymoon,miesiąc miodowy,ˈhʌnɪmu:n
honk,hɒŋk,trąbić
honor,"dotrzymywać
 4.  in sb's honour 
 - na czyjąś cześć
 5.  in honour of sth 
 - ku czci czegoś
 6.  do the honours 
 - spełniać honory domu
 7.  [us]  your honour 
 - proszę wysokiego sądu","honour|i.   1.  honor
 2.  zaszczyt|proszę sądu|uznawać
 2.  uhonorowywać"
honorable,1.  prawy,"honourable|uczciwy
 2.  czcigodny|ˈɒnərəbəl"
honorary,honorowy,ˈɒnərərɪ
honour,"dotrzymywać
 4.  in sb's honour 
 - na czyjąś cześć
 5.  in honour of sth 
 - ku czci czegoś
 6.  do the honours 
 - spełniać honory domu
 7.  [us]  your honour 
 - proszę wysokiego sądu","honor|i.   1.  honor
 2.  zaszczyt|proszę sądu|uznawać
 2.  uhonorowywać"
honourable,1.  prawy,"honorable|uczciwy
 2.  czcigodny|ˈɒnərəbəl"
hood,"1.  kaptur
 2.  [wózka]  osłona","buda
 3.  [nad kuchenką]  okap
 4.  [us]  [samochodu]  maska|hʊd"
hoodwink,mydlić komuś oczy,mydlić oczy|ˈhʊdwɪŋk
hoof,hu:f,kopyto
hooker,dziwka,ˈhʊkə
hookup,hook-up,połączenie|łącze|ˈhʊkʌp
hooligan,chuligan,ˈhu:lɪgən
hoop,hu:p,obręcz
hooray,hura,həˈreɪ
hoot,"dawać sygnał
 2.  [o sowie]  pohukiwać
 3.  [lit]  [ze śmiechu]  piszczeć
ii.   1.  [dźwiękowy]  sygnał
 2.  pisk","dawać sygnał dźwiękowy|hu:t|i.   1.  huczeć|popiskiwanie  [ze śmiechu]
 3.  [sowy]  pohukiwanie"
hooter,sygnał,sygnał dźwiękowy|ˈhu:tə
hoover,"i.    odkurzacz
ii.    odkurzać",ˈhu:və
hop,hɒp,"i.   1.  podskakiwać
 2.  [nieform]  wyskakiwać|podskok
 2.  chmiel
 3.  [nieform]  hopping mad 
 - cholernie wściekły|wskakiwać
ii.   1.  skok"
hope,həʊp,"i.    spodziewać się|mieć nadzieję 
ii.   1.  nadzieja
 2.  hold out hopes 
 - dawać nadzieję
 3.  raise one's hopes 
 - budzić nadzieję|oczekiwać"
hopeful,1.  pełen nadziei,"dobrze się zapowiadający|optymistyczny
 2.  obiecujący|ˈhəʊpfʊl"
hopefully,"1.  z nadzieją
 2.  [nieform]  a. należy mieć nadzieję","miejmy nadzieję
 b.
      ""hopefully i'll win""  - mogę mieć nadzieję|że wygram|ˈhəʊpfʊlɪ"
hopeless,"1.  rozpaczliwy
 2.  beznadziejny
 3.  okropny",straszliwy|ˈhəʊplɪs
horde,horda,hɔ:d|zgraja
horizon,horyzont,həˈraɪzən
horizontal,horyzontalny,poziomy|ˌhɒrɪˈzɒntəl
hormonal,hormonalny,hɔ:ˈməʊnəl
hormone,hormon,ˈhɔ:məʊn
horn,"1.  róg
 2.  sygnał dźwiękowy","hɔ:n|klakson
 3. french horn  [muz]  waltornia|sygnał"
hornet,szerszeń,ˈhɔ:nɪt
horny,1.  rogowy,"z rogu
 2.  stwardniały|zrogowaciały|ˈhɔ:nɪ"
horoscope,horoskop,ˈhɒrəskəʊp
horrendous,horrendalny,həˈrendəs|straszliwy
horrible,okropny,straszliwy|ˈhɒrəbəl
horrid,okropny,ˈhɒrɪd
horrific,həˈrɪfɪk,przerażający|straszliwy
horrify,przerażać,ˈhɒrɪfaɪ
horror,1.  przerażenie,"makabra|zgroza
 2.  horror|ˈhɒrə"
hors douevre,hors d'ouevre,przystawka|ˌɔ:ˈdɜ:v
horse,hɔ:s,"i.    koń
ii.  horse racing|wyścigi konne|ˈhɔ:sreɪsɪŋ"
horseback,"on horseback 
 - konno",ˈhɔ:sbæk
horseman,jeździec,ˈhɔ:smən
horsepower,koń mechaniczny,ˈhɔ:spaʊə
horseradish,chrzan,ˈhɔ:srædɪʃ
horseshoe,podkowa,ˈhɔ:sʃu:
horticulture,ogrodnictwo,ˈhɔ:tɪkʌlʧə
hose,həʊz,"i.    wąż|polewać
iii.  hose down   zlać wodą|polewać wężem|przewód
ii.    skrapiać"
hosiery,wyroby pończosznicze,ˈhəʊzɪərɪ
hosp,"hosp.
  szpital",
hospitable,gościnny,ˈhɒspɪtəbəl
hospital,szpital,ˈhɒspɪtəl
hospitalise,hospitalize,hospitalizować|ˈhɒspɪtəlaɪz
hospitality,gościnność,ˌhɒspɪˈtælɪtɪ
hospitalize,hospitalise,hospitalizować|ˈhɒspɪtəlaɪz
host,"gromada
ii.    gościć
iii.    goszczący","həʊst|i.   1.  gospodarz
 2.  [form]  mnóstwo"
hostage,"1.  zakładnik
 2.  be taken","held hostage 
 - być wziętym jako zakładnik|ˈhɒstɪʤ"
hostel,1.  dom,"dom studencki
 2.  hotel robotniczy
 3.  internat
 4.  schronisko  [dla ubogich]|dom wycieczkowy|ˈhɒstəl"
hostess,"1.  gospodyni
 2.  stewardesa
 3.  hostesa",ˈhəʊstɪs
hostile,"1.  wrogi
 2.  nieprzyjazny 
 3.  niesprzyjający",ˈhɒstaɪl
hostility,"1.  wrogość
 2.  dezaprobata 
 3. hostilities  [form]  wrogie kroki",hɒˈstɪlɪtɪ|wrogie posunięcia
hot,"1.  gorący
 2.  upalny
 3.  [smak]  ostry
 4.  zapalczywy
 5.  [nieform]  be hot on sth 
 - cholernie dużo wiedzieć",hɒt
hotbed,rozsadnik,ˈhɒtbed
hotblooded,hot-blooded,krewki|zapalczywy|ˌhɒtˈblʌdɪd
hotel,həʊˈtel,
hotelier,dyrektor hotelu,həʊˈtelɪə|właściciel hotelu
hotheaded,hot-headed,krewki|zapalczywy|ˌhɒtˈhedɪd
hothouse,cieplarnia,ˈhɒthaʊs
hotly,"1.  zapalczywie
 2.  gorąco",ˈhɒtlɪ
hotwater bottle,hot-water bottle,termofor|ˌhɒtˈwɔ:təbɒtəl
hound,haʊnd,"i.    pies myśliwski
ii.    szczuć|prześladować"
hour,"1.  godzina
 2. hours  czas","nad ranem|okres
 3.  at this hour 
 - o tej porze
 4.  on the hour 
 - o równej godzinie
 5.  in the small hours 
 - po północy|okres pracy|ˈaʊə"
hourly,"1.  cogodzinny
 2.  na godzinę",godzinowy|ˈaʊərlɪ
house,"dom
 2.  [książek]  wydawnictwo
 3.  [mody]  pracownia
 4.  [finansowy]  bank
 5.  [form]  [parlamentu]  izba
 6.  [w teatrze]  widownia
 7.  [królewska]  dynastia
ii.   1.  mieścić
 2.  be housed 
 - mieszkać","house
i.   1.  budynek"
houseboat,łódź mieszkalna,ˈhaʊsbəʊt
housebreaking,włamanie,ˈhaʊsbreɪkɪŋ
household,"domownicy
 2.  gospodarstwo
ii.   1.  gospodarczy","domowy
 2.  obiegowy|i.   1.  rodzina|powszechnie znany|ˈhaʊshəʊld"
householder,główny lokator,ˈhaʊshəʊldə
housekeeper,gosposia,pomoc domowa|ˈhaʊski:pə
housekeeping,"1.  utrzymywanie domu
 2.  pieniądze na utrzymanie domu",pieniądze|ˈhaʊski:pɪŋ
housewife,gospodyni domowa,pani domu|ˈhaʊswaɪf
housework,prace domowe,utrzymanie domu|utrzymanie domu w porządku|ˈhaʊswɜ:k
housing,"i.   1.  zabudowa
 2.  budowlany","mieszkaniowy
ii.  housing estate|osiedle mieszkaniowe|ˈhaʊzɪŋ|ˈhaʊzɪŋ ɪsteɪt"
hovel,buda,chałupa|ˈhəʊvəl
hover,1.  [o ptaku,"owadzie]  unosić się
 2.  krążyć
 3.  wahać się|ˈhɒvə"
hovercraft,poduszkowiec,ˈhɒvəkrɑ:ft
how,"1.  jak
 2.  a. how sb is 
 - jak ktoś się ma
 b.
      ""how are you?""  - jak się masz","dzień dobry
 3.  a. how much 
 - ile
 b.
      ""how much is it?""  - ile to kosztuje
 4.  a. how about 
 - może by
 b.
      ""how about going to cinema""  - może byśmy poszli do kina
 5.  how about you 
 - a co z tobą
 6.  how come 
 - jak to się stało
 7.  how do you do 
 - bardzo mi przyjemnie  [zwrot po przedstawieniu kogoś]|haʊ"
however,"1.  jednak
 2.  jakkolwiek
 3.  [nieform]  or however many","haʊˈevə|much 
 - czy ile tam"
howl,haʊl,"i.    wyć
ii.    wycie
iii.  howl down   zakrzyczeć"
hp,koń mechaniczny,na raty|ˌ$⋅$ˈ$⋅$
hq,kwatera główna,ˌ$⋅$ˈ$⋅$
hr,godzina,"hr
  godz."
hrh,jego królewska wysokość,jej królewska wysokość|ˌ$⋅⋅$ˈ$⋅$
hub,"1.  piasta
 2.  ośrodek",hʌb
hubbub,wrzawa,zgiełk|ˈhʌbʌb
hubcap,kołpak,kołpak koła|ˈhʌbkæp
huddle,i.    skupiać się,"tulić się
ii.    kupa|ˈhʌdəl"
hue,"barwa
ii.  hue and cry",hju:|i.    odcień|protest|wrzawa
huff,hʌf,"in a huff 
 - ze złością"
hug,hʌg,"i.    ściskać|przyciskać
ii.    uścisk"
huge,hju:ʤ,ogromny
huh,co,he|hə|hʌ
hulk,bryła,hʌlk|kolos
hulking,niezgrabny,ˈhʌlkɪŋ
hull,hʌl,kadłub
hullo,halo,hej|həˈləʊ
hum,"brzęczenie
ii.   1.  szumieć","brzęczeć
 2.  melodię nucić|hʌm|i.    szum|mruczeć"
human,"człowieczy
ii.    istota ludzka
iii.  human being",człowiek|i.    ludzki|ˈhju:mən|ˌhju:mən ˈbi:ɪŋ
humane,hju:ˈmeɪn,ludzki
humanism,humanizm,ˈhju:mənɪzəm
humanitarian,hju:ˌmænɪˈteərɪən,"i.    humanitarny
ii.    wyznawca humanitaryzmu"
humanity,"1.  ludzkość
 2.  humanitaryzm
 3. humanities  przedmioty humanistyczne",hju:ˈmænɪtɪ
humble,1.  skromny,"pokorny
 2.  [urodzenie]  niski|ˈhʌmbəl"
humbug,1.  [br]  miętus,"miętówka
 2.  [przest]  humbug|oszustwo|ˈhʌmbʌg"
humdrum,pospolity,zwyczajny|ˈhʌmdrʌm
humid,wilgotny,ˈhju:mɪd
humidity,hju:ˈmɪdɪtɪ,wilgoć
humiliate,hju:ˈmɪlɪeɪt,poniżać
humiliation,hju:ˌmɪlɪˈeɪʃən,poniżenie
humility,hju:ˈmɪlɪtɪ,pokora|skromność
humor,humour,"i.   1.  humor
 2.  poczucie humoru
 3.  dowcip
ii.    udobruchać|ugłaskać|ˈhju:mə"
humorist,humorysta,ˈhju:mərɪst
humorous,1.  humorystyczny,"zabawny
 2.  dowcipny|ˈhju:mərəs"
humour,humor,"i.   1.  humor
 2.  poczucie humoru
 3.  dowcip
ii.    udobruchać|ugłaskać|ˈhju:mə"
hump,hʌmp,"i.   1.  garb
 2.  wybój
ii.    [nieform]  dźwigać|targać"
hunch,hʌnʧ,"i.    [nieform]  przeczucie
ii.    kulić się"
hunchback,garbus,ˈhʌnʧbæk
hunchbacked,garbaty,ˈhʌnʧbækt
hundred,sto,ˈhʌndrɪd
hundredweight,setnar,ˈhʌndrɪdweɪt
hungarian,hʌŋˈgeərɪən,"i.    węgierski
ii.    węgier"
hungary,węgry,ˈhʌŋgərɪ
hunger,"i.    głód
ii.    [form]  łaknąć",ˈhʌŋgə
hungry,"1.  głodny
 2.  złakniony",ˈhʌŋgrɪ
hunk,chleba],hʌŋk|kawał  [np. mięsa
hunt,hʌnt,"i.   1.  polować 
 2.  ścigać
 3.  przetrząsać|szukać 
ii.    polowanie
iii.  hunt down   dopaść|upolować"
hunter,myśliwy,ˈhʌntə
hurdle,"1.  [sport]  płotek
 2.  przeszkoda",ˈhɜ:dəl
hurl,"1.  rzucać
 2.  miotać",hɜ:l
hurrah,hura,həˈrɑ:
hurray,hura,həˈreɪ
hurricane,huragan,ˈhʌrɪkeɪn
hurried,pośpieszny,ˈhʌrɪd
hurry,i.   1.  śpieszyć się do,"przyśpieszać
ii.   1.  pośpiech
 2.  be in a hurry 
 - śpieszyć się
iii.  hurry up  1.  śpieszyć się
 2.  przyśpieszać|śpieszyć się
 2.  pośpieszyć 
 3.  poganiać|ˈhʌrɪ"
hurt,hɜ:t,"i.   1.  ranić 
 2.  boleć
ii.    zraniony
iii.    uraza"
hurtful,bolesny,ˈhɜ:tfʊl
hurtle,gnać,pędzić|ˈhɜ:təl
husband,mąż,ˈhʌzbənd
hush,hʌʃ,"i.    cii!
ii.    cisza
iii.  hush up   tuszować|uciszać"
husk,hʌsk,łupina
husky,"i.    ochrypły
ii.    [pies]  husky",ˈhʌskɪ
hustle,i.    popychać,"przepychać
ii.    bieganina|ˈhʌsəl"
hut,"1.  chata
 2.  szopa",hʌt
hutch,hʌʧ,klatka  [dla gryzoni]
hyacinth,hiacynt,ˈhaɪəsɪnθ
hyaena,haɪˈi:nə,hiena|hyena
hybrid,"hybryda
ii.    mieszany",hybrydowy|i.    mieszaniec|ˈhaɪbrɪd
hydrant,ˈhaɪdrənt,
hydraulic,haɪˈdrɔ:lɪk,hydrauliczny
hydroelectric,hydro-electric,hydroelektryczny|ˌhaɪdrəʊ ɪˈlektrɪk
hydrofoil,wodolot,ˈhaɪdrəʊfɔɪl
hydrogen,wodór,ˈhaɪdrəʤən
hyena,haɪˈi:nə,hiena|hyaena
hygiene,higiena,ˈhaɪʤi:n
hymn,hymn religijny,hɪm
hypermarket,dom towarowy,ogromny supermarket|supermarket|ˈhaɪpəmɑ:kɪt
hypnosis,hipnoza,hɪpˈnəʊsɪs
hypnotic,hipnotyczny,hɪpˈnɒtɪk
hypnotism,hipnoza,ˈhɪpnətɪzəm
hypnotize,hipnotyzować,ˈhɪpnətaɪz
hypochondriac,hipochondryk,ˌhaɪpəˈkɒndrɪæk
hypocrisy,hipokryzja,hɪˈpɒkrɪsɪ|obłuda
hypocrite,hipokryta,obłudnik|ˈhɪpəkrɪt
hypocritical,obłudny,ˌhɪpəˈkrɪtɪkəl
hypodermic,podskórny,ˌhaɪpəˈdɜ:mɪk
hypothesis,haɪˈpɒθɪsɪs,hipoteza
hypothetical,hipotetyczny,ˌhaɪpəˈθetɪkəl
hysteria,histeria,hɪˈstɪərɪə
hysterical,histeryczny,hɪˈsterɪkəl
hysterics,atak histerii,hɪˈsterɪks
i,aɪ,"i.
  wyspa|ja"
ib,ib.,"ibidem
  tamże"
iberian,aɪˈbɪərɪən,iberyjski
ibidem,ib.,"ibidem
  tamże"
ic,"c
  pod kierownictwem",i
icbm,międzykontynentalny pocisk rakietowy,ˌ$⋅⋅⋅$ˈ$⋅$
ice,aɪs,"i.    lód
ii.    [br]  lody
iii.   1.  zamrażać
 2.  lukrować|pokrywać polewą
 3.  break the ice 
 - przełamywać lody
iv.  ice up   obladzać się"
icebox,ice-box,lodówka|ˈaɪsbɒks
icecold,ice-cold,lodowaty|ˈaɪskəʊld
icecream,ice-cream,lody|ˌaɪsˈkri:m
iceland,islandia,ˈaɪslənd
icelandic,islandzki,ˌaɪsˈlændɪk
icicle,sopel,ˈaɪsɪkəl
icing,1.  polewa,"lukier
 2.  the icing on the cake 
 - niekonieczny dodatek|ˈaɪsɪŋ"
icon,"1.  ikona
 2.  [komp]  ikona",piktogram|ˈaɪkən
icy,"1.  lodowaty
 2.  oblodzony",ˈaɪsɪ
id est,i.e.,tj.|to jest|ˌ$⋅$ˈ$⋅$
idaho,ˈaɪdəhəʊ,
idea,"1.  pomysł
 2.  idea
 3.  pojęcie 
 4.  wrażenie 
 5.  the idea is to  
 - powinno się zrobić coś","aɪˈdɪə|powinno się
 6.  have no idea 
 - nie mieć pojęcia"
ideal,aɪˈdɪəl,"i.    ideał
ii.    idealny"
idealise,aɪˈdɪəlaɪz,idealize|idealizować
idealization,aɪˌdɪəlaɪˈzeɪʃən,idealizacja
idealize,aɪˈdɪəlaɪz,idealise|idealizować
ideally,"1.  w ideale
 2.  idealnie",aɪˈdɪəlɪ
identical,aɪˈdentɪkəl,identyczny|jednakowy
identification,"1.  identyfikacja
 2.  zaświadczenie tożsamości
 3.  utożsamianie się",aɪˌdentɪfɪˈkeɪʃən
identify,"1.  identyfikować
 2.  wyróżniać
 3.  dostrzegać
 4.  utożsamiać",aɪˈdentɪfaɪ
identity,aɪˈdentɪtɪ,"aɪˈdentɪtɪ kɑ:d|dowód tożsamości|i.    tożsamość
ii.  identity card"
ideological,ideologiczny,ˌaɪdɪəˈlɒʤɪkəl
ideology,ideologia,ˌaɪdɪˈɒlɒʤɪ
idiocy,idiotyzm,ˈɪdɪəsɪ
idiom,1.  idiom,"idiomatyzm
 2.  [form]  styl|ˈɪdɪəm"
idiomatic,idiomatyczny,ˌɪdɪəˈmætɪk
idiosyncrasy,osobliwość,ˌɪdɪəˈsɪŋkrəsɪ
idiosyncratic,jedyny w swoim rodzaju,osobliwy|ˌɪdɪəsɪŋˈkrætɪk
idiot,idiota,ˈɪdɪət
idiotic,idiotyczny,kretyński|ˌɪdɪˈɒtɪk
idle,"czczy
ii.  idle away   zabijać czas","i.   1.  bezczynny
 2.  bezrobotny
 3.  pusty|ˈaɪdəl"
idler,próżniak,ˈaɪdlə
idol,"1.  idol
 2.  bałwan",bożek|ˈaɪdəl
idolatry,aɪˈdɒlətrɪ,bałwochwalstwo
idolise,idolize,ubóstwiać|ˈaɪdəlaɪz
idolize,idolise,ubóstwiać|ˈaɪdəlaɪz
idyll,idylla,ˈɪdɪl
idyllic,aɪˈdɪlɪk,idylliczny
ie,i.e.,id est|tj.|to jest|ˌ$⋅$ˈ$⋅$
igloo,ˈɪglu:,
ignite,zapalać,zapalać się|ɪgˈnaɪt
ignition,zapłon,ɪgˈnɪʃən
ignoble,niegodny,ɪgˈnəʊbəl
ignominious,haniebny,niegodny|ˌɪgnəˈmɪnɪəs
ignoramus,ignorant,ˌɪgnəˈreɪməs
ignorance,"1.  nieświadomość
 2.  ignorancja",ˈɪgnərəns
ignorant,"1.  nieświadomy 
 2.  ignorancki",ˈɪgnərənt
ignore,"1.  ignorować
 2.  pomijać",ɪgˈnɔ:
ikon,ikona,ˈaɪkən
ill,"be taken* ill 
 - zachorować
 4.  speak ill of sb 
 - źle się o kimś wyrażać","i.   1.  chory 
 2.  niedobry|niedobrze
iii.   1.  zło
 2. ills  złe strony
 3.  *fall|szkodliwy
ii.    [lit]  źle|ɪl"
illegal,"1.  nielegalny
 2.  bezprawny",ɪˈli:gəl
illegible,nieczytelny,ɪˈleʤɪbəl
illegitimate,"1.  nieślubny
 2.  bezprawny",bez mocy prawnej|ˌɪlɪˈʤɪtɪmɪt
illfated,dramatyczny,ill-fated|niepomyślny|ˌɪlˈfeɪtɪd
illicit,nielegalny,ɪˈlɪsɪt
illinois,ɪləˈnɔɪ,
illinoisan,illinojski,ɪləˈnɔɪən
illiteracy,analfabetyzm,ɪˈlɪtərəsɪ
illiterate,"i.    niepiśmienny
ii.    analfabeta",ɪˈlɪtərət
illness,choroba,ˈɪlnɪs
illogical,nielogiczny,ɪˈlɒʤɪkəl
illtreat,ill-treat,maltretować|znęcać się|ˌɪlˈtri:t
illuminate,"1.  oświetlać
 2.  rozjaśniać",ɪˈlu:mɪneɪt
illumination,"1.  oświetlenie
 2. illuminations  iluminacja",ɪˌlu:mɪˈneɪʃən
illusion,iluzja,złudzenie|ɪˈlu:ʒən
illusory,iluzoryczny,złudny|ɪˈlu:sərɪ
illustrate,"1.  ilustrować
 2.  unaoczniać",obrazować|ˈɪləstreɪt
illustration,"1.  ilustracja
 2.  zobrazowanie",ˌɪləˈstreɪʃən
illustrative,poglądowy,ˈɪləstrətɪv
illustrious,znamienity,ɪˈlʌstrɪəs
illwill,ill-will,wrogość|ˌɪlˈwɪl
ilo,międzynarodowa organizacja pracy,mop|ˌ$⋅⋅$ˈ$⋅$
image,"1.  obraz
 2.  opinia",odbiór|ˈɪmɪʤ
imagery,"1.  obrazowanie
 2.  motywy",ˈɪmɪʤərɪ
imaginable,wyobrażalny,ɪˈmæʤɪnəbəl
imaginary,wyimaginowany,ɪˈmæʤɪnərɪ
imagination,wyobraźnia,ɪˌmæʤɪˈneɪʃən
imaginative,pełen wyobraźni,ɪˈmæʤɪnətɪv
imagine,wyobrażać sobie,ɪˈmæʤɪn
imbalance,nierównowaga,ˌɪmˈbæləns
imbecile,"i.    imbecyl
ii.    imbecylny",ˈɪmbɪsi:l
imbue,nasycać,przesycać|ɪmˈbju:
imf,międzynarodowy fundusz walutowy,ˌ$⋅⋅$ˈ$⋅$
imitate,imitować,naśladować|ˈɪmɪteɪt
imitation,"i.   1.  imitacja
 2.  naśladowanie
ii.    sztuczny",ˌɪmɪˈteɪʃən
imitative,naśladowczy,ˈɪmɪtətɪv
imitator,naśladowca,ˈɪmɪteɪtə
immaculate,"1.  nieskazitelny
 2.  bezbłędny",bez zarzutu|ɪˈmækjələt
immaterial,bez znaczenia,ˌɪməˈtɪərɪəl
immature,niedojrzały,ˌɪməˈtjʊə
immeasurable,bezmierny,niezmierny|ɪˈmeʒərəbəl
immediacy,bezpośredniość,naoczność|ɪˈmi:dɪəsɪ
immediate,"1.  natychmiastowy
 2.  naglący
 3.  najbliższy
 4.  bezpośredni",ɪˈmi:dɪət
immediately,"1.  natychmiast
 2.  od razu jak","od razu
 3.  bezpośrednio|ɪˈmi:dɪətlɪ"
immemorial,"1.  odwieczny
 2.  from time immemorial 
 - od niepamiętnych czasów",ˌɪmɪˈmɒrɪəl
immense,gigantyczny,ogromny|ɪˈmens
immensely,niezwykle,ɪˈmenslɪ
immensity,ogrom,ɪˈmensɪtɪ
immerse,zanurzać,zanurzać się|ɪˈmɜ:s
immersion,grzałka,"grzałka do wody|i.    zanurzenie
ii.  immersion heater|ɪˈmɜ:ʃən|ɪˈmɜ:ʃən hi:tə"
immigrant,imigrant,ˈɪmɪgrənt
immigration,imigracja,ˌɪmɪˈgreɪʃən
imminent,bliski,nadciągający|ˈɪmɪnent
immobile,nieruchomy,ɪˈməʊbaɪl
immobilise,"1.  unieruchamiać
 2.  krępować",immobilize|ɪˈməʊbɪlaɪz
immobilize,"1.  unieruchamiać
 2.  krępować",immobilise|ɪˈməʊbɪlaɪz
immodest,nieskromny,ɪˈmɒdɪst
immoral,niemoralny,ɪˈmɒrəl
immortal,nieśmiertelny,ɪˈmɔ:təl
immortalise,immortalize,uwieczniać|ɪˈmɔ:təlaɪz
immortalize,immortalise,uwieczniać|ɪˈmɔ:təlaɪz
immovable,1.  nieprzenośny,"nieruchomy
 2.  niewzruszony|nieugięty|ɪˈmu:vəbəl"
immune,odporny,ɪˈmju:n
immunise,immunize,uodparniać|uodparniać się|ˈɪmjʊnaɪz
immunity,"1.  odporność   
 2.  immunitet",nietykalność|ɪˈmju:nɪtɪ
immunize,immunise,uodparniać|uodparniać się|ˈɪmjʊnaɪz
immutable,niezmienny,ɪˈmju:təbəl
imp,chochlik,ɪmp
impact,"1.  uderzenie
 2.  wpływ",wrażenie|ˈɪmpækt
impair,nadwerężać,osłabiać|ɪmˈpeə
impale,nabijać,nasadzać|ɪmˈpeɪl
impart,"1.  [form]  przekazywać 
 2.  dodawać",ɪmˈpɑ:t
impartial,obiektywny,ɪmˈpɑ:ʃəl
impassable,nie do przebycia,nieprzejezdny|ɪmˈpɑ:səbəl
impasse,impas,pat|ˈɒmpæs
impassioned,roznamiętniony,ɪmˈpæʃənd
impassive,obojętny,spokojny|ɪmˈpæsɪv
impatience,brak cierpliwości,niecierpliwość|ɪmˈpeɪʃəns
impatient,"1.  niecierpliwy
 2.  be impatient with 
 - nie mieć cierpliwości do
 3.  be impatient *to do sth","for sth to happen* 
 - nie móc doczekać się zrobienia czegoś|nie móc doczekać się aby coś się zdarzyło|ɪmˈpeɪʃənt"
impeccable,doskonały,nieskazitelny|ɪmˈpekəbəl
impede,hamować,zakłócać|ɪmˈpi:d
impediment,czynnik hamujący,zakłócający|ɪmˈpedɪmənt
impending,nadciągający,ɪmˈpendɪŋ
impenetrable,"1.  nieprzenikniony
 2.  niedostępny",ɪmˈpenɪtrəbəl
imperative,i.   1.  niezbędny,"imperatyw|naglący
 2.  [gram]  tryb rozkazujący|rozkazujący
ii.    [form]  nakaz|ɪmˈperətɪv"
imperceptible,niedostrzegalny,ˌɪmpəˈseptɪbəl
imperfect,"1.  niedoskonały
 2.  [gram]  aspekt niedokonany",niedokonany|ɪmˈpɜ:fɪkt
imperfection,"1.  niedoskonałość
 2.  skaza",ˌɪmpəˈfekʃən
imperial,"1.  imperialny
 2.  cesarski
 3.  [system miar]  anglosaski",ɪmˈpɪərɪəl
imperialism,imperializm,ɪmˈpɪərɪəlɪzəm
imperialist,"i.    imperialista
ii.    imperialistyczny",ɪmˈpɪərɪəlɪst
imperil,zagrażać,ɪmˈperɪl
imperious,władczy,ɪmˈpɪərɪəs
impersonal,"1.  bezosobowy
 2.  nieosobowy",ɪmˈpɜ:sənəl
impersonate,"1.  podszywać się 
 2.  udawać",imitować|ɪmˈpɜ:səneɪt
impersonation,personifikacja,uosobianie|ɪmˌpɜ:səˈneɪʃən
impertinent,impertynencki,ɪmˈpɜ:tɪnənt
imperturbable,niewzruszony,ɪmpəˈtɜ:bəbəl
impervious,"1.  niepodatny 
 2.  nieprzenikliwy",nieprzesiąkliwy|ɪmˈpɜ:vɪəs
impetuous,porywczy,ɪmˈpetjʊəs
impetus,impet,impuls|ˈɪmpɪtəs
impinge,oddziaływać,wdzierać się|ɪmˈpɪnʤ
implacable,nieprzejednany,nieubłagany|ɪmˈplækəbəl
implant,"implant
i.    wszczepiać","przeszczepiać   
ii.    przeszczep"
implausible,niewiarygodny,ɪmˈplɔ:zəbəl
implement,i.    urzeczywistniać,"przeprowadzać
ii.    narzędzie|ˈɪmplɪmənt"
implementation,1.  przeprowadzenie,"urzeczywistnienie
 2.  [komp]  implementacja|wdrożenie|ˌɪmplɪmənˈteɪʃən"
implicate,1.  wplątywać,"do)
 2.  dawać do zrozumienia|wmieszać (in - w|ˈɪmplɪkeɪt"
implication,"1.  implikacja
 2.  domniemanie
 3.  skojarzenie",aluzja|ˌɪmplɪˈkeɪʃən
implicit,1.  implicytny,"bez zastrzeżeń|domniemany|sugerujący
 2.  absolutny|ɪmˈplɪsɪt"
implore,błagać,ubłagiwać|ɪmˈplɔ:
imply,"1.  sugerować
 2.  oznaczać
 3.  implikować",pociągać za sobą|ɪmˈplaɪ
impolite,niegrzeczny,ˌɪmpəˈlaɪt
impolitic,niedyplomatyczny,ɪmˈpɒlɪtɪk
imponderable,nie dający się oszacować,ɪmˈpɒndərəbəl
import,"import
i.    importować
ii.   1.  import
 2.  importowany produkt",
importance,"1.  ważność
 2.  znaczenie",waga|ɪmˈpɔ:təns
important,ważny,znaczący|ɪmˈpɔ:tənt
importer,ɪmˈpɔ:tə,
impose,"1.  narzucać   
 2.  nakładać","wymierzać
 3.  powodować
 4.  narzucać się|ɪmˈpəʊz"
imposing,imponujący,ɪmˈpəʊzɪŋ
imposition,1.  narzucenie,"narzucanie się
 2.  nałożenie|ˌɪmpəˈzɪʃən"
impossible,"1.  niemożliwy
 2.  beznadziejny",ɪmˈpɒsəbəl
imposter,impostor,oszust|ɪmˈpəʊstə
impostor,imposter,oszust|ɪmˈpəʊstə
impotence,impotencja,ˈɪmpətəns
impotent,"1.  [form]  bezsilny
 2.  impotentny",ˈɪmpətənt
impound,konfiskować,rekwirować|zajmować|ɪmˈpaʊnd
impoverish,zubażać,ɪmˈpɒvərɪʃ
impracticable,niewykonalny,ɪmˈpræktɪkəbəl
impractical,niepraktyczny,ɪmˈpræktɪkəl
imprecise,niedokładny,ˌɪmprɪˈsaɪz
impregnable,"1.  nie do zdobycia
 2.  nieprzenikniony",ɪmˈpregnəbəl
impregnate,impregnować,ˈɪmpregneɪt
impresario,ˌɪmprɪˈsɑ:rɪəʊ,
impress,"1.  wywierać wrażenie
 2.  [form]  dawać do zrozumienia",ɪmˈpress
impression,"1.  wrażenie
 2.  satyryczne przedstawienie
 3.  give an impression 
 - sprawiać wrażenie
 4.  make an impression 
 - sprawiać silne wrażenie
 5.  be under the impression that 
 - mieć wrażenie",że|ɪmˈpreʃən
impressionable,łatwo ulegający wpływom,ɪmˈpreʃənəbəl
impressive,robiący wrażenie,ɪmˈpresɪv
imprint,"imprint
i.   1.  znamię
 2.  odcisk
ii.   1.  wrywać się   
 2.  odciskać",
imprison,uwięzić,ɪmˈprɪzən
imprisonment,uwięzienie,więzienie|ɪmˈprɪzənmənt
improbable,nieprawdopodobny,ɪmˈprɒbəbəl
impromptu,improwizowany,ɪmˈprɒmtju:
improper,niewłaściwy,ˌɪmˈprɒpə
improve,1.  poprawiać się,"polepszać
 2.  doskonalić 
 3.  ulepszać|polepszać się|poprawiać|ɪmˈpru:v"
improvement,polepszenie,ulepszenie|ɪmˈpru:vmənt
improvisation,improwizacja,ˌɪmprəvaɪˈzeɪʃən
improvise,improwizować,ˈɪmprəvaɪz
imprudent,nierozważny,ˌɪmˈpru:dənt
impudence,bezczelność,ˈɪmpjədəns
impudent,bezczelny,ˈɪmpjədənt
impulse,"1.  impuls
 2.  on impulse 
 - nagle",ˈɪmpʌls
impulsive,impulsywny,żywiołowy|ɪmˈpʌlsɪv
impunity,"1.  bezkarność
 2.  [form]  with impunity 
 - bezkarnie",ɪmˈpju:nɪty
impure,nieczysty,ɪmˈpjʊə
impurity,zanieczyszczenie,ɪmˈpjʊərɪtɪ
in,"in.
  cal",
in as much,inasmuch as,jako że|na ile|na tyle|ˌɪnəzˈmʌʧ
inability,niemożność,ˌɪnəˈbɪlɪtɪ
inaccessible,niedostępny,ˌɪnəˈksesəbəl
inaccuracy,"1.  niedokładność
 2.  nieścisłość",ɪnˈækjərəsɪ
inaccurate,niedokładny,nieścisły|ɪnˈækjərət
inaction,bezczynność,ɪnˈækʃən
inactive,bezczynny,ɪnˈæktɪv
inadequacy,"1.  niski poziom
 2.  nieudolność
 3.  brak",ɪnˈædɪkwəsɪ
inadequate,"1.  nieodpowiedni
 2.  niewystarczający",ɪnˈædɪkwət
inadvertent,niechcący,ˌɪnədˈvɜ:tənt
inadvertently,niechcący,ˌɪnədˈvɜ:tənt
inadvisable,nierozsądny,ˌɪnədˈvaɪzəbəl
inalienable,niezbywalny,ɪnˈeɪljənəbəl
inane,bezmyślny,niemądry|ɪnˈeɪn
inanimate,nieżywotny,ɪnˈænɪmət
inapplicable,nieodpowiedni,ˌɪnˈæplɪkəbəl
inappropriate,nieodpowiedni,ˌɪnəˈprəʊprɪət
inarticulate,nieartykułowany,ˌɪnɑ:ˈtɪkjələt
inasmuch as,in as much,jako że|na ile|na tyle|ˌɪnəzˈmʌʧ
inattention,nieuwaga,ˌɪnəˈtenʃən
inattentive,nieuważny,ˌɪnəˈtentɪv
inaudible,niesłyszalny,ɪnˈɔ:dəbəl
inaugural,inauguracyjny,ɪnˈɔ:gjərəl
inaugurate,"1.  inaugurować
 2.  wprowadzać na stanowisko",wprowadzać|ɪnˈɔ:gjəreɪt
inauguration,"1.  inauguracja
 2.  wprowadzenie na stanowisko",wprowadzenie|ɪnˌɔ:gjəˈreɪʃən
inborn,wrodzony,ˌɪmˈbɔ:n
inbred,1.  [form]  wrodzony,"zakorzeniony
 2.  blisko spokrewniony|ˌɪmˈbred"
inbuilt,wbudowany,wszczepiony|ˌɪmˈbɪlt
inc,"inc.
  o osobowości prawnej",
incalculable,nieobliczalny,ɪŋˈkælkjələbəl
incapable,"1.  niezdolny
 2.  niezdatny do niczego",niezdatny|ɪŋˈkeɪpəbəl
incapacitate,"1.  obezwładniać
 2.  uniemożliwiać",ˌɪŋkəˈpæsɪteɪt
incapacity,niezdolność,ˌɪŋkəˈpæsɪtɪ
incarcerate,uwięzić,ɪŋˈkɑ:səreɪt
incarnation,wcielenie,ˌɪŋkɑ:ˈneɪʃən
incautious,nieostrożny,ɪŋˈkɔ:ʃəs
incendiary,zapalający,ɪnˈsendjərɪ
incense,"incense
i.    kadzidło
ii.    rozjuszać",
incentive,bodziec,ɪnˈsentɪv
incessant,nieustanny,ɪnˈsesənt
incest,kazirodztwo,ˈɪnsest
incestuous,kazirodczy,ɪnˈsestʊəs
inch,"54 cm]
ii.    posuwać się ostrożnie",i.    cal  [2|posuwać się|ɪnʧ
incidence,zasięg,zasięg występowania|ˈɪnsɪdəns
incident,incydent,ˈɪnsɪdənt
incidental,"1.  uboczny
 2.  towarzyszący",ɪnsɪˈdentəl
incidentally,przypadkowo,tak w ogóle|ˌɪnsɪˈdentəlɪ
incinerator,piec do spalania śmieci,ɪnˈsɪnəreɪtə
incision,nacięcie,ɪnˈsɪʒən
incisive,cięty,ɪnˈsaɪsɪv
incite,"1.  pobudzać
 2.  podżegać",ɪnˈsaɪt
inclination,inklinacja,skłonność|ˌɪŋklɪˈneɪʃən
incline,"incline
i.    stok","pochyłość
ii.   1.  skłaniać
 2.  [form]  pochylać"
inclined,"1.  skłonny
 2.  nachylony",opadający|ɪŋˈklaɪnd
include,"1.  zawierać
 2.  włączać",ɪŋˈklu:d
included,a. włączając,"włącznie
 b.
      ""myself included""  - ze mną włącznie|ɪŋˈklu:dɪd"
including,włączając,włącznie|ɪŋˈklu:dɪŋ
inclusion,włączenie,ɪŋˈklu:ʒən
inclusive,"i.    włącznie
ii.    globalny",ryczałtowy|ɪŋˈklu:sɪv
incoherent,niespójny,ˌɪŋkəʊˈhɪərənt
income,dochody,dochód|ˈɪŋkʌm
incoming,"i.   1.  nadchodzący
 2.  przybywający
 3.  wstępujący","następujący
ii.  incoming tide|przypływ|ˈɪŋkʌmɪŋ|ˌɪŋkʌmɪŋ ˈtaɪd"
incomparable,niezrównany,ɪŋˈkɒmpərəbəl
incompatible,"1.  niezgodny
 2.  niekompatybilny",ˌɪŋkəmˈpætəbəl
incompetent,niesprawny,ɪŋˈkɒmpɪtənt
incomplete,"1.  niekompletny
 2.  niepełny",ˌɪŋkəmˈpli:t
incomprehensible,niepojęty,ˌɪŋkəmprɪˈhensəbəl
incomprehension,niepojmowanie,niezrozumienie|ˌɪŋkəmprɪˈhenʃən
inconceivable,niewyobrażalny,ˈɪŋkənˈsi:vəbəl
inconclusive,1.  nie rozstrzygnięty,"niezakończony
 2.  nie rozstrzygający|ˌɪŋkənˈklu:sɪv"
incongruity,niedopasowanie,niedostosowanie|niedostosowanie się|ˌɪŋkɒŋˈgru:ɪtɪ
incongruous,nie pasujący,wyróżniający się|ɪŋˈkɒŋgru:əs
inconsequential,bez znaczenia,ˌɪŋkɒnsɪˈkwenʃəl
inconsiderable,niepokaźny,nieznaczny|ˌɪŋkənˈsɪdərəbəl
inconsiderate,bez względów,bezceremonialny|ˌɪŋkenˈsɪdərət
inconsistency,"1.  niezgodność
 2.  niespójność",ˌɪŋkənˈsɪstənsɪ
inconsistent,"1.  niekonsekwentny
 2.  sprzeczny ze sobą","niespójny
 3.  niezgodny|sprzeczny|ˌɪŋkənˈsɪstənt"
inconspicuous,nie rzucający się w oczy,niezauważalny|ˌɪŋkənˈspɪkju:əs
incontinence,nieutrzymywanie  [np. moczu],ɪŋˈkɒntɪnens
inconvenience,i.   1.  niedogodność,"niewygoda
 2.  kłopot
ii.   1.  przysparzać niewygód
 2.  przydawać kłopotów|ˌɪŋkənˈvi:njəns"
inconvenient,niedogodny,niewygodny|ˌɪŋkənˈvi:njənt
incorporate,1.  wcielać,"włączać   
 2.  posiadać|ɪŋˈkɔ:pəreɪt"
incorporated,o osobowości prawnej,ɪŋˈkɔ:pəreɪtɪd
incorrect,niepoprawny,niewłaściwy|ˌɪŋkəˈrekt
incorrigible,niepoprawny,ɪŋˈkɒrɪʤəbəl
incorruptible,nieprzekupny,ɪŋkəˈrʌptəbəl
increase,hossa,"increase
i.    wzrastać|zwiększać
ii.    wzrost|zwiększać się"
increasingly,coraz bardziej,ɪŋˈkri:sɪŋlɪ
incredible,1.  niewiarygodny,"niebywały
 2.  nieprawdopodobny|ɪŋˈkredəbəl"
incredulous,niedowierzający,sceptyczny|ɪŋˈkredjələs
increment,dodatek,dodatek płacowy|premia|ˈɪŋkrəmənt
incriminate,inkryminować,obciążać|ɪŋˈkrɪmɪneɪt
incubate,"1.  wysiadywać
 2.  inkubować się",inkubować|ˈɪŋkjʊbeɪt
incubator,inkubator,ˈɪŋkjʊbeɪtə
incur,1.  zaciągać,"robić
 2.  narażać się|ɪŋˈkɜ:"
incurable,"1.  nieuleczalny
 2.  niepoprawny",ɪŋˈkjʊərəbəl
incursion,wtargnięcie,wypad|ɪŋˈkɜ:ʃən
indebted,"1.  zobowiązany 
 2.  [us]  zadłużony",ɪnˈdetɪd
indecency,nieprzyzwoitość,ɪnˈdi:sənsɪ
indecent,"1.  nieprzywoity
 2.  niegodny",uwłaczający|ɪnˈdi:sənt
indecision,niepewność,niezdecydowanie|ɪndɪˈsɪʒən
indecisive,niezdecydowany,ˌɪndɪˈsaɪsɪv
indeed,1.  faktycznie,"naprawdę
 2.  [mówione]  doprawdy|ɪnˈdi:d"
indefinable,nieokreślony,nieuchwytny|ˌɪndɪˈfaɪnəbəl
indefinite,"i.    nieokreślony
ii.  indefinite article",przedimek nieokreślony|ɪnˈdefɪnɪt|ɪnˈdefɪnɪt ɑ:tɪkəl
indefinitely,aż do odwołania,ɪnˈdefɪnɪtlɪ
indelible,"1.  niezmywalny
 2.  niezatarty",ɪnˈdeləbəl
indemnify,płacić odszkodowanie,ɪnˈdemnɪfaɪ
indent,1.  obijać,"robić wgłębienie
 2.  [druk]  wcinać|ɪnˈdent"
independence,"1.  niezależność
 2.  niepodległość",ˌɪndɪˈpendəns
independent,"1.  niezależny 
 2.  niepodległy
 3.  prywatny",ˌɪndɪˈpendənt
indescribable,nieopisany,ˌɪndɪˈskraɪbəbəl
indestructible,niezniszczalny,ˌɪndɪˈstrʌktəbəl
indeterminate,nieokreślony,ˌɪndɪˈtɜ:mɪnət
index,"i.    indeks
ii.    indeksować
iii.  index finger",palec wskazujący|ˈɪndeks|ˈɪndeks fɪngə
india,indie,ˈɪndɪə
indian,"i.   1.  indyjski
 2.  indiański
ii.   1.  hindus
 2.  indianin",ˈɪndɪən
indiana,ɪndɪˈænə,
indianian,ze stanu indiana,ɪndɪˈænən
indicate,"1.  wskazywać
 2.  nadmieniać
 3.  sygnalizować  [zmianę kierunku]",ˈɪndɪkeɪt
indication,znak,ˌɪndɪˈkeɪʃən
indicative,"1.  wskazujący 
 2. the indicative  [gram]  tryb oznajmujący",ɪnˈdɪkətɪv
indicator,"1.  [form]  wskaźnik
 2.  kierunkowskaz",ˈɪndɪkeɪtə
indict,postawić w stan oskarżenia,ɪnˈdaɪt
indictment,oskarżenie,ɪnˈdaɪtmənt
indifferent,"1.  obojętny 
 2.  mierny",przeciętny|ɪnˈdɪfərənt
indigenous,miejscowy,rodzimy (to - dla|w)|ɪnˈdɪʤənəs
indigestible,niestrawny,ˌɪndɪˈʤestəbəl
indigestion,niestrawność,ˌɪndɪˈʤesʧən
indignant,oburzony,wzburzony|ɪnˈdɪgnənt
indignation,"indignation 
  oburzenie",wzburzenie
indignity,obraza,zniewaga|ɪnˈdɪgnɪtɪ
indirect,[gram]   dopełnienie dalsze,"i.   1.  pośredni
 2.  okrężny
 3.  nie bezpośredni
ii.  indirect object|ˌɪndərekt ˈɒbʤəkt|ˌɪndəˈrekt"
indiscreet,niedyskretny,ˌɪndɪˈskri:t
indiscretion,niedyskrecja,ˌɪndɪˈskreʃən
indiscriminate,"1.  niewybredny
 2.  ogólny",bez wyboru|ˌɪndɪˈskrɪmɪnət
indispensable,nieodzowny (to - dla,w)|ˌɪndɪˈspensəbəl
indisputable,niezaprzeczalny,ˌɪndɪˈspju:təbəl
indistinct,niewyraźny,ˌɪndɪˈstɪŋkt
indistinguishable,nieodróżnialny,ˌɪndɪˈstɪŋgwɪʃəbəl
individual,i.    indywidualny,"osobisty
ii.   1.  jednostka
 2.  osobnik
iii.   1.  jednostkowy
 2.  osobniczy|ˌɪndɪˈvɪʤʊəl"
individualist,indywidualista,ˌɪndɪˈvɪʤʊəlɪst
individuality,indywidualność,ˌɪndɪvɪʤu:ˈælɪtɪ
individually,indywidualnie,pojedynczo|ˌɪndɪˈvɪʤʊəlɪ
indivisible,niepodzielny,ˌɪndɪˈvɪzəbəl
indoctrinate,indoktrynować,ɪnˈdɒktrɪneɪt
indolent,leniwy,ˈɪndələnt
indonesia,indonezja,ˌɪndəˈni:zɪə
indonesian,"i.    indonezyjski
ii.    indonezyjczyk",ˌɪndəˈni:zɪən
indoor,1.  pokojowy,"domowy
 2.  pod przykryciem|ˈɪndɔ:"
indoors,wewnątrz,ˌɪnˈdɔ:z
indubitable,niezaprzeczalny,ɪnˈdju:bɪtəbəl
induce,"1.  wywoływać
 2.  zachęcać",skłaniać|ɪnˈdju:s
inducement,zachęta,ɪnˈdju:səmənt
indulge,"1.  oddawać się 
 2.  dogadzać   
 3.  spełniać",ɪnˈdʌlʤ
indulgence,1.  pobłażliwość,"dogadzanie
 2.  słabość
 3.  luksus
 4.  oddanie|dogadzanie sobie|zaangażowanie|ɪnˈdʌlʤəns"
indulgent,pobłażliwy,ɪnˈdʌlʤənt
industrial,"1.  przemysłowy
 2.  zindustrializowany
 3.  robotniczy",ɪnˈdʌstrɪəl
industrialise,industrialize,industrializować|uprzemysławiać|ɪnˈdʌstrɪəlaɪz
industrialist,przemysłowiec,ɪnˈdʌstrɪəlɪst
industrialization,industrializacja,ɪnˌdʌstrɪəlaɪˈzeɪʃən
industrialize,industrialise,industrializować|uprzemysławiać|ɪnˈdʌstrɪəlaɪz
industrious,pracowity,ɪnˈdʌstrɪəs
industry,"1.  przemysł
 2.  [form]  pracowitość",ˈɪndəstrɪ
inedible,niejadalny,ɪnˈedɪbəl
ineffective,nieskuteczny,ˌɪnɪˈfektɪv
ineffectual,nieefektywny,ˌɪnɪˈfekʧʊəl
inefficiency,nieefektywność,niesprawność|ˌɪnɪˈfɪʃənsɪ
inefficient,1.  niewydajny,"nieefektywny
 2.  energiochłonny|ˌɪnɪˈfɪʃənt"
inelegant,nieelegancki,ɪnˈelɪgənt
ineligible,nie nadający się,ɪnˈelɪʤəbəl
inept,niedorzeczny,nieumiejętny|ɪnˈept
inequality,"1.  nierówność
 2.  niejednakowość",niedopasowanie|ˌɪnɪˈkwɒlɪtɪ
ineradicable,nie do wykorzenienia,ˌɪnɪˈrædɪkəbəl
inert,bezwładny,ɪˈnɜ:t
inertia,apatia,ɪˈnɜ:ʃɪə
inescapable,nieunikniony,ˌɪnɪˈskeɪpəbəl
inessential,nieistotny,ˌɪnɪˈsenʃəl
inestimable,nieoszacowany,ɪnˈestɪməbəl
inevitable,nie do uniknięcia,nieuchronny|ɪnˈevɪtəbəl
inexact,niedokładny,ˌɪnɪgˈzækt
inexcusable,nieusprawiedliwiony,niewybaczalny|ˌɪnɪkˈskju:zəbəl
inexhaustible,niewyczerpany,ˌɪnɪgˈzɔ:stəbəl
inexorable,nieubłagany,ɪnˈeksərəbəl
inexpensive,niedrogi,ˌɪnɪkˈspensɪv
inexperience,brak doświadczenia,ˌɪnɪkˈspɪərɪəns
inexperienced,niedoświadczony,ˌɪnɪkˈspɪərɪənst
inexplicable,niewytłumaczalny,ˌɪnɪksˈplɪkəbəl
inexpressible,niewyrażalny,ˌɪnɪksˈpresəbəl
inextricable,nierozerwalny,ˌɪnɪksˈtrɪkəbəl
infallible,nieomylny,ɪnˈfælɪbəl
infamous,niesławny,o złej sławie|ˈɪnfəməs
infamy,niesława,ˈɪnfəmɪ
infancy,dzieciństwo,niemowlęctwo|ˈɪnfənsɪ
infant,[form]  dziecko małe,dziecko|niemowlę|ˈɪnfənt
infantile,"1.  [form]  dziecięcy
 2.  dziecinny",ˈɪnfəntaɪl
infantry,piechota,ˈɪnfəntrɪ
infatuated,zadurzony,ɪnˈfæʧʊeɪtɪd
infatuation,zadurzenie,zaślepienie|ɪnˌfæʧʊˈeɪʃən
infect,infekować,zarażać|ɪnˈfekt
infection,infekcja,zakażenie|ɪnˈfekʃən
infectious,infekcyjny,zaraźliwy|ɪnˈfekʃəs
infer,1.  wysnuć wnioski,"wnioskować 
 2.  sugerować|ɪnˈfɜ:"
inference,"1.  wniosek
 2.  wnioskowanie",ˈɪnfərəns
inferior,"i.    gorszy 
ii.   1.  podwładny
 2.  osoba o niższym statusie",ɪnˈfɪərɪə
infernal,piekielny,ɪnˈfɜ:nəl
inferno,morze ognia,piekło|ɪnˈfɜ:nəʊ
infertile,1.  niepłodny,"bezpłodny
 2.  nieurodzajny|ɪnˈfɜ:taɪl"
infertility,"1.  bezpłodność
 2.  nieurodzajność",ˌɪnfəˈtɪlətɪ
infested,opanowany,ɪnˈfestɪd
infidel,niewierny,ˈɪnfɪdəl
infidelity,niewierność,zdrada|ˌɪnfɪˈdelɪtɪ
infighting,in-fighting,wewnętrzne rozgrywki|ˈɪnfaɪtɪŋ
infiltrate,przenikać,ˈɪnflɪtreɪt
infinite,nieskończony,ˈɪnfɪnɪt
infinitive,bezokolicznik,ɪnˈfɪnɪtɪv
infinity,nieskończoność,ɪnˈfɪnɪtɪ
infirm,niedołężny,słaby|ɪnˈfɜ:m
infirmary,szpital,ɪnˈfɜ:mərɪ
inflame,rozjuszać,rozogniać|ɪnˈfleɪm
inflamed,rozogniony,zaogniony|ɪnˈfleɪmd
inflammable,łatwopalny,ɪnˈflæməbəl
inflammation,[też med]  zapalenie,ˌɪnfləˈmeɪʃən
inflate,nadmuchiwać,nadymać|nadymać się|ɪnˈfleɪt
inflated,"1.  nadmuchiwany
 2.  nadęty","rozdęty
 3.  zawyżony|ɪnˈfleɪtɪd"
inflation,inflacja,ɪnˈfleɪʃən
inflationary,inflacyjny,ɪnˈfleɪʃənərɪ
inflect,i.    odmieniać się,"odmieniać
ii.  inflected  [gram]   odmienny|ɪnˈflekt"
inflexible,niezmienny,sztywny|ɪnˈfleksɪbəl
inflict,narzucać,wymierzać|ɪnˈflɪkt
influence,"i.   1.  wpływ
 2.  czynnik
ii.    wpływać",mieć wpływ|ˈɪnflʊəns
influential,wpływowy,ˌɪnflʊˈenʃəl
influenza,grypa,ˌɪnflʊˈenzə
influx,napływ,ˈɪnflʌks
inform,informować,zawiadamiać|ɪnˈfɔ:m
informal,1.  nieformalny,"luźny
 2.  nieoficjalny|ɪnˈfɔ:məl"
informant,"1.  informator
 2.  donosiciel",ɪnˈfɔ:mənt
information,informacja,wiadomości|ˌɪnfəˈmeɪʃən
informative,informacyjny,pouczający|ɪnˈfɔ:mətɪv
informed,dobrze poinformowany,kompetentny|ɪnˈfɔ:md
informer,donosiciel,ɪnˈfɔ:mə
infrared,infra-red,podczerwony|ˌɪnfrəˈred
infrequent,nieczęsty,rzadki|ɪnˈfri:kwent
infringe,naruszać,łamać|ɪnˈfrɪnʤ
infringement,naruszenie,złamanie|ɪnˈfrɪnʤmənt
infuriate,doprowadzać do furii,rozwścieczać|ɪnˈfjʊərɪeɪt
ingenious,pomysłowy,przemyślny|ɪnˈʤi:njəs
ingenuity,pomysłowość,ˌɪnʤɪˈnju:ɪtɪ
ingenuous,niewinny,prostolinijny|ɪnˈʤenjʊəs
ingratiate,"ingratiate oneself with  
 - wkradać się w czyjeś łaski",wkradać się w łaski|ɪŋˈgreɪʃɪeɪt
ingratitude,niewdzięczność,ɪŋˈgrætɪtju:d
ingredient,składnik,ɪŋˈgri:dɪənt
inhabit,zamieszkiwać,ɪnˈhæbɪt
inhabitant,mieszkaniec,ɪnˈhæbɪtənt
inhale,wdychać,ɪnˈheɪl
inherent,"1.  nieodłączny 
 2.  wrodzony",ɪnˈhɪərənt
inherit,dziedziczyć (from - z,od)|ɪnˈherɪt
inheritance,"1.  dziedzictwo
 2.  dziedziczenie",ɪnˈherɪtəns
inhibit,powstrzymywać,ɪnˈhɪbɪt
inhibition,hamulec,zahamowanie|ˌɪnhɪˈbɪʃən
inhospitable,niegościnny,ˌɪnhɒˈspɪtəbəl
inhuman,nieludzki,ˌɪnˈhju:mən
inhumane,niehumanitarny,nieludzki|ˌɪnhju:ˈmeɪn
inimitable,niepowtarzalny,ɪˈnɪmɪtəbəl
iniquitous,krzywdzący,niegodziwy|ɪˈnɪkwɪtəs
iniquity,niegodziwość,ɪˈnɪkwɪtɪ
initial,"i.    początkowy
ii.    inicjał
iii.    parafować",ɪˈnɪʃəl
initiate,1.  inicjować,"do)|zaczynać
 2.  wprowadzać (into - w|ɪˈnɪʃɪeɪt"
initiative,"1.  inicjatywa
 2.  prowadzenie","brać inicjatywę
 6.  use one's initiative 
 - działać z własnej inicjatywy
 7.  on one's own initiative 
 - z własnej inicjatywy|przedsiębiorczość
 5.  take the initiative 
 - podejmować przedsięwzięcie|przewaga
 3.  przedsięwzięcie
 4.  samodzielność|ɪˈnɪʃətɪv"
inject,"1.  wstrzykiwać 
 2.  wprowadzać",ɪnˈʤekt
injection,zastrzyk,ɪnˈʤekʃən
injunction,zalecenie,ɪnˈʤʌŋkʃən
injure,ranić,ˈɪnʤə
injury,"1.  rana
 2.  obrażenie",ˈɪnʤərɪ
injustice,"1.  niesprawiedliwość
 2.  do sb an injustice 
 - być dla kogoś niesprawiedliwym",ɪnˈʤʌstɪs
ink,atrament,ɪŋk
inkjet,[drukarka]  atramentowy,ink-jet|ˈɪŋk ʤet
inkling,"have an inkling 
 - przypuszczać",ˈɪŋklɪŋ
inlaid,wykładany,ˌɪnˈleɪd
inland,"i.    w głąb lądu
ii.    lądowy",ˈɪnlənd
inlaws,"1.  teściowie
 2.  rodzina teściów",in-laws|ˈɪnlɔ:z
inlet,"1.  zatoka
 2.  odnoga morska",odnoga|ˈɪnlet
inmate,mieszkaniec,pensjonariusz|ˈɪnmeɪt
inn,karczma,zajazd|ɪn
innate,wrodzony,ˌɪˈneɪt
inner,wewnętrzny,ˈɪnə
innocence,"1.  niewinność
 2.  naiwność",ˈɪnəsəns
innocent,"i.   1.  niewinny
 2.  [lit]  prostolinijny","naiwny
ii.    naiwna osoba|ˈɪnəsənt"
innocuous,nieszkodliwy,ɪnˈɒkjʊəs
innovation,innowacja,ˌɪnəˈveɪʃən
innuendo,aluzja,przytyk|ˌɪnju:ˈendəʊ
innumerable,nieprzeliczony,ɪˈnju:mərəbəl
inoculate,szczepić,szczepić ochronnie|ɪnˈɒkjəleɪt
inopportune,niestosowny,ɪnˈɒpətju:n
inordinate,nadmierny,nieumiarkowany|ɪnˈɔ:dɪnɪt
inorganic,nieorganiczny,ˌɪnɔ:ˈgænɪk
input,"i.   1.  wprowadzanie
 2.  [komp]  wejście
ii.    [komp]  wejściowy",ˈɪnpʊt
inquest,badanie,badanie przyczyny zgonu|śledztwo|ˈɪŋkwest
inquire,badać,dociekać|dociekać czegoś|enquire|i.    dowiadywać się
inquiring,1.  wnikliwy,"dociekliwy
 2.  badawczy|ɪnˈkwaɪərɪŋ"
inquiry,"1.  zapytanie
 2.  dociekanie",enquiry|ɪnˈkwaɪərɪ
inquisitive,ciekawski,wścibski|ɪŋˈkwɪzɪtɪv
inroads,dawać się odczuć,"make inroads  
 - dawać się odczuć gdzieś|ˈɪnrəʊdz"
insane,szalony,ɪnˈseɪn
insanitary,niehigieniczny,ɪnˈsænɪtərɪ
insanity,szaleństwo,ɪnˈsænɪtɪ
insatiable,nienasycony,nieposkromiony|ɪnˈseɪʃəbəl
inscribe,grawerować,ryć|ɪnˈskraɪb
inscription,napis,ɪnˈskrɪpʃən
inscrutable,nieprzenikliwy,ɪnˈskru:təbəl
insect,owad,ˈɪnsekt
insecticide,środek owadobójczy,ɪnˈsektɪsaɪd
insecure,niepewny,ˌɪnsɪˈkjʊə
insecurity,niepewność,ˌɪnsɪˈkjʊərɪtɪ
insensitive,niewrażliwy,ɪnˈsensɪtɪv
inseparable,nieodłączny,ɪnˈsepərəbəl
insert,1.  wsuwać,"wkładać
 2.  wstawiać|ɪnˈsɜ:t"
insertion,"1.  wstawka
 2.  wstawienie",ɪnˈsɜ:ʃən
inshore,"i.    przybrzeżny
ii.    przy brzegu",ˌɪnˈʃɔ:
insidious,podstępny,zdradliwy|ɪnˈsɪdɪəs
insight,pojmowanie,wgląd|ˈɪnsaɪt
insignificant,nie liczący się,nieważny|ˌɪnsɪˈgnɪfɪkənt
insincere,nieszczery,ˌɪnsɪnˈsɪə
insinuate,"1.  insynuować
 2.  insinuate oneself 
 - wkręcać się (into - w",do)|ɪnˈsɪnju:eɪt
insipid,"1.  banalny
 2.  mdły",ɪnˈsɪpɪd
insist,"1.  upierać się 
 2.  nalegać",ɪnˈsɪst
insistence,"1.  naleganie
 2.  upieranie się",ɪnˈsɪstəns
insistent,1.  uporczywy,"nalegający
 2.  natarczywy|ɪnˈsɪstənt"
insofar as,na ile,na tyle|ˌɪnsəˈfɑ:rəz
insolent,bezczelny,ˈɪnsələnt
insoluble,nierozwiązalny,ɪnˈsɒljəbəl
insolvent,niewypłacalny,ɪnˈsɒlvənt
insomnia,bezsenność,ɪnˈsɒmnɪə
inspect,1.  badać,"oglądać
 2.  kontrolować|przeprowadzać inspekcję|ɪnˈspekt"
inspection,1.  kontrola,"inspekcja
 2.  badanie|oględziny|ɪnˈspekʃən"
inspector,"1.  inspektor
 2.  kontroler",ɪnˈspektə
inspiration,1.  inspiracja,"natchnienie
 2.  pierwowzór
 3.  źródło pomysłów|ˌɪnspɪˈreɪʃən"
inspire,1.  pobudzać,"budzić 
 3.  inspirować|skłaniać
 2.  natchnąć|ɪnˈspaɪə"
inspired,"1.  natchniony
 2.  błyskotliwy",ɪnˈspaɪəd
inst,"bieżącego miesiąca
ii.
   see also: {institute}
  instytut","inst.
i.
   see also: {instant}
  b.m."
instability,niestabilność,ˌɪnstəˈbɪlɪtɪ
install,"1.  instalować
 2.  umieszczać 
 3.  install oneself 
 - lokować się",ɪnˈstɔ:l
installation,"1.  instalacja
 2.  zainstalowanie",podłączenie|ˌɪnstəˈleɪʃən
instance,"1.  przypadek
 2.  for instance 
 - na przykład
 3.  [form]  in the first instance 
 - przede wszystkim",ˈɪnstəns
instantaneous,natychmiastowy,ˌɪnstənˈteɪnɪəs
instep,wnętrze stopy,śródstopie|ˈɪnstep
instigate,podjudzać,poduszczać|ˈɪnstɪgeɪt
instigation,"1.  poduszczenie
 2.  at sb's instigation 
 - za czyimś podszeptem",ˌɪnstɪˈgeɪʃən
instigator,sprawca,sprawca moralny|ˈɪnstɪgeɪtə
instil,instill,wywoływać|zaszczepiać|ɪnˈstɪl
instill,instil,wywoływać|zaszczepiać|ɪnˈstɪl
instinct,"1.  instynkt
 2.  reakcja",ˈɪnstɪŋkt
instinctive,instynktowny,ɪnˈstɪŋktɪv
institute,"i.    instytut
ii.    [form]  wprowadzać",ˈɪnstɪtju:t
institution,"1.  instytucja
 2.  zakład",ˌɪnstɪˈtju:ʃən
instruct,"1.  [form]  instruować
 2.  nauczać",ɪnˈstrʌkt
instruction,1.  nauka,"nauczanie
 2.  pouczenie
 3. instructions  instrukcja|ɪnˈstrʌkʃən"
instructive,kształcący,pouczający|ɪnˈstrʌktɪv
instructor,instruktor,ɪnˈstrʌktə
instrument,"1.  instrument
 2.  przyrząd
 3.  narzędzie",ˈɪnstrəmənt
instrumental,"1.  instrumentalny
 2.  be instrumental in sth 
 - przyczyniać się do czegoś",ˌɪnstrəˈmentəl
insubordinate,niesubordynowany,ˌɪnsəˈbɔ:dənɪt
insubordination,nieposłuszeństwo,niesubordynacja|ˌɪnsəbɔ:dɪˈneɪʃən
insufferable,nie do wytrzymania,nieznośny|ɪnˈsʌfərəbəl
insufficient,niewystarczający,ˌɪnsəˈfɪʃənt
insular,odizolowany,prowincjonalny|ˈɪnsjələ
insulate,izolować,ˈɪnsjəleɪt
insulation,izolacja,ˌɪnsjəˈleɪʃən
insult,"insult
i.    obrażać","urażać
ii.   1.  obraza
 2.  wyzwisko"
insuperable,nieprzezwyciężalny,ɪnˈsu:pərəbəl
insurance,"1.  ubezpieczenie
 2.  zabezpieczenie 
 3.  odszkodowanie",ɪnˈʃʊɜ:rəns
insure,"1.  ubezpieczać 
 2.  zabezpieczać się",ensure|gwarantować|zabezpieczać|zapewniać
insurgent,powstaniec,ɪnˈsɜ:ʤənt
insurmountable,niepokonany,nieprzezwyciężony|ˌɪnsəˈmaʊntəbəl
insurrection,powstanie,ˌɪnsəˈrekʃən
int,"int.
i.
   see also: {interior}
  wnętrze
ii.
   see also: {internal}
  wewnętrzny
iii.
   see also: {international}
  międzynarodowy
iv.
   see also: {intransitive}
  [gram]  nieprzechodni",
intact,nietknięty,ɪnˈtækt
intake,1.  zużycie,"przyjmowanie
 2.  nabór|ˈɪnteɪk"
intangible,nieuchwytny,trudny do opisu|ɪnˈtænʤɪbəl
integer,liczba całkowita,ˈɪntɪʤə
integral,integralny (to - dla,w)|ˈɪntɪgrəl
integrate,"1.  integrować     
 2.  scalać",ˈɪntɪgreɪt
integrated,[komp]   układ scalony,"i.    zintegrowany
ii.  integrated circuit|ˈɪntɪgreɪtɪd|ˌɪntɪgreɪtɪd ˈsɜ:kɪt"
integrity,"1.  prawość
 2.  [form]  integralność
 3.  a man of integrity 
 - prawy człowiek",ɪnˈtegrɪtɪ
intellect,intelekt,inteligencja|ˈɪntəlekt
intellectual,"i.   1.  intelektualny
 2.  intelektualistyczny
ii.    intelektualista",ˌɪntəˈlekʧʊəl
intelligence,"1.  inteligencja
 2.  wywiad",ɪnˈtelɪʤəns
intelligent,inteligentny,ɪnˈtelɪʤənt
intelligible,zrozumiały,ɪnˈtelɪʤəbəl
intend,"1.  zamierzać
 2.  planować
 3.  przeznaczać",ɪnˈtend
intense,1.  gwałtowny,"silny
 2.  poważny|ɪnˈtens"
intensify,intensyfikować,intensyfikować się|wzmagać|wzmagać się|ɪnˈtensɪfaɪ
intensity,intensywność,ɪnˈtensɪtɪ
intensive,intensywny,ɪnˈtensɪv
intent,"i.    [form]  zamierzenie
ii.   1.  uważny
 2.  zdecydowany   
 3.  to all intents  
 - pod każdym względem",ɪnˈtent
intention,zamiar,ɪnˈtenʃən
intentional,intencjonalny,rozmyślny|ɪnˈtenʃənəl
interact,oddziaływać,ˌɪntərˈækt
interactive,interakcyjny,wzajemny|ˌɪntərˈæktɪv
intercede,interweniować,wstawiać się|ˌɪntəˈsi:d
intercept,przechwytywać,zatrzymywać|ˌɪntəˈsept
interchange,"1.  wymiana
 2.  wjazd na autostradę",wjazd|ˈɪntəʧeɪnʤ
interchangeable,wymienny,ˌɪntəˈʧeɪnʤəbəl
intercom,domofon,interkom  [telefon głośno mówiący]|ˈɪntəkɒm
intercontinental,międzykontynentalny,ˌɪntəkɒntɪˈnentəl
intercourse,stosunek,stosunek płciowy|ˈɪntəkɔ:s
interdependent,współzależny,ˌɪntədɪˈpendənt
interest,"i.   1.  zainteresowanie
 2.  [konik]  hobby
 3.  [korzyść","interesującego
 4.  in the interests of 
 - na korzyść|odsetki
ii.   1.  [ciekawić]  interesować
 2.  [kogoś czymś]  zainteresowywać
 3.   of interest 
 - coś interesującego|potrzeba]  interes (in - przy|w interesie"
interesting,interesujący,ˈɪntrəstɪŋ
interface,interfejs,sprzęg|ˈɪntəfeɪs
interfere,"1.  mieszać się 
 2.  kolidować 
 3.  przeszkadzać 
 4.  brać się",tykać się|ˌɪntəˈfɪə
interference,1.  interwencja,"interferencja|mieszanie się 
 2.  interferencja radiowa|ˌɪntəˈfɪərəns"
interim,czasowy,tymczasowy|ˈɪntərɪm
interior,"i.    wnętrze
ii.    wewnętrzny",ɪnˈtɪərɪə
interject,wtrącać,wtrącać się|ˌɪntəˈʤekt
interjection,1.  [form]  uwaga,"wtrącenie
 2.  wykrzyknik|wtrącenie się|ˌɪntəˈʤekʃən"
interlock,1.  wiązać,"zespalać
 2.  zaplatać|zespalać się|ˌɪntəˈlɒk"
interloper,intruz,ˈɪntələʊpə
interlude,interludium,przerwa|ˈɪntəlu:d
intermarriage,małżeństwo mieszane,ˌɪntəˈmærɪʤ
intermediary,pośrednik,ˌɪntəˈmi:djərɪ
intermediate,pośredni,średni|ˌɪntəˈmi:dɪət
interminable,nie kończący się,ɪnˈtɜ:mɪnəbəl
intermission,przerwa,ˌɪntəˈmɪʃən
intermittent,okresowy,przerywany|ˌɪntəˈmɪtənt
intern,internować,ɪnˈtɜ:n
internal,wewnętrzny,ɪnˈtɜ:nəl
internally,"i.    wewnątrz
ii.    wewnętrzny",ɪnˈtɜ:nəlɪ
international,"i.    międzynarodowy
ii.    [sport]  spotkanie międzynarodowe",ˌɪntəˈnæʃenəl
internment,internowanie,ɪnˈtɜ:nmənt
interplay,wzajemne oddziaływanie,ˈɪntəpleɪ
interpret,1.  interpretować,"rozumieć
 2.  [ustnie]  przekładać|tłumaczyć|ɪnˈtɜ:prɪt"
interpretation,"1.  interpretacja
 2.  przekład ustny",przekład|ɪnˌtɜ:prɪˈteɪʃən
interpreter,tłumacz,tłumacz ustny|ɪnˈtɜ:prɪtə
interrelate,wiązać,wiązać się|ˌɪntərɪˈleɪt
interrogate,przesłuchiwać,ɪnˈterəgeɪt
interrogation,przesłuchanie,ɪnˌterəˈgeɪʃən
interrogative,pytający,ˌɪntəˈrɒgatɪv
interrogator,przesłuchujący,śledczy|ɪnˈterəgeɪtə
interrupt,przerywać,ˌɪntəˈrʌpt
interruption,przerwanie,ˌɪntəˈrʌpʃən
intersect,1.  przecinać się,"przecinać
 2.  be intersected 
 - być pociętym|ˌɪntəˈsekt"
intersection,"1.  skrzyżowanie 
 2.  przecięcie",punkt przecięcia|ˌɪntəˈsekʃən
intersperse,przemieszać,przetykać|ˌɪntəˈspɜ:s
intertwine,splatać,splatać się|ˌɪntəˈtwaɪn
interval,"1.  przerwa
 2.  [muz]  interwał
 3.  at intervals 
 - w odstępach czasu",miejscami|w odstępach|ˈɪntəvəl
intervene,1.  interweniować,"ingerować 
 2.  wchodzić w słowo
 3.  przeszkadzać
 4.  [o okresie czasu]  przechodzić|ˌɪntəˈvi:n"
intervening,"1.  pośredni
 2.  znajdujący się pośrodku",ˌɪntəˈvi:nɪŋ
interview,"i.   1.  wywiad
 2.  rozmowa kwalifikacyjna
ii.   1.  przeprowadzać wywiad 
 2.  przeprowadzać rozmowę kwalifikacyjną",ˈɪntəvju:
intestinal,jelitowy,ɪnˈtestɪnəl
intestine,jelito,ɪnˈtestɪn
intimacy,intymność,ˈɪntɪməsɪ
intimate,"bliski
 3.  [więzi]  ścisły
 4.  [wiedza]  rozległy
ii.   1.  [lit]  bliski przyjaciel","być w intymnych stosunkach
iii.   [form]   dawać do zrozumienia|intimate
i.   1.  intymny
 2.  [przyjaciel]  serdeczny|przyjaciel
 2.  [form]  be intimate  
 - być w intymnych stosunkach z kimś"
intimidate,zastraszać,ɪnˈtɪmɪdeɪt
intimidation,zastraszenie,ɪnˌtɪmɪˈdeɪʃən
into,"1.  a. do
 b.
      ""into the house""  - do domu
 2.  a. w
 b.
      ""far into the night""  - długo w nocy
 3.  a. 

 b.
      ""enquiry into the accident""  - zbadanie wypadku
 4.  a. na
 b.
      ""tear into 8 pieces""  - rozerwać na 8 kawałków
 c.
      ""translate into english""  - tłumaczyć na angielski
 5.  [nieform]  be into sth 
 - lubić coś",ˈɪntu:|ˈɪntə
intolerable,nie do wytrzymania,nieznośny|ɪnˈtɒlərəbəl
intolerant,nietolerancyjny,ɪnˈtɒlərənt
intonation,intonacja,ˌɪntəˈneɪʃən
intone,intonować,recytować|ɪnˈtəʊn
intoxicated,"1.  [form]  pijany
 2.  upojony",ɪnˈtɒksɪkeɪtɪd
intoxicating,"1.  [form]  alkoholowy
 2.  oszałamiający",ɪnˈtɒksɪkeɪtɪŋ
intoxication,"1.  upojenie alkoholowe
 2.  upojenie się",oszołomienie|ɪnˌtɒksɪˈkeɪʃən
intr,"intr.
  [gram]  nieprzechodni",
intractable,1.  [form]  oporny,"uparty
 2.  niepodatny|ɪnˈtræktəbəl"
intransitive,nieprzechodni,ɪnˈtrænsɪtɪv
intrepid,nieustraszony,ɪnˈtrepɪd
intricacy,"1.  skomplikowanie
 2.  zawiłość",ˈɪntrɪkəsɪ
intricate,zawiły,ˈɪntrɪkət
intrigue,"intrigue
i.    intryga
ii.    intrygować",
intrinsic,podstawowy,zasadniczy|ɪnˈtrɪnsɪk
intro,wstęp,ˈɪntrəʊ
introduce,"1.  przedstawiać   
 2.  wprowadzać",ˌɪntrəˈdju:s
introduction,1.  wprowadzenie,"prezentacja|wprowadzenie 
 2.  przedmowa|wstęp
 3.  przedstawienie|ˌɪntrəˈdʌkʃən"
introductory,wprowadzający,wstępny|ˌɪntrəˈdʌktərɪ
introspection,introspekcja,ˌɪntrəˈspekʃən
introspective,rozmyślający,rozmyślający nad sobą|ˌɪntrəˈspektɪv
introvert,introwertyk,ˈɪntrəvɜ:t
intrude,1.  przeszkadzać,"do czegoś)|mieszać się 
 2.  naruszać 
 3.  wdzierać się (on sth - na czegoś|nachodzić|ɪnˈtru:d"
intruder,intruz,natręt|ɪnˈtru:də
intrusion,"1.  najście
 2.  wdzieranie się",ɪnˈtru:ʒən
intrusive,natrętny,ɪnˈtru:sɪv
intuition,intuicja,ˌɪntjʊˈɪʃən
intuitive,intuicyjny,ɪnˈtju:ɪtɪv
inundate,"1.  [form]  zatapiać
 2.  zasypywać",ˈɪnʌndeɪt
invade,1.  najeżdżać,"przeprowadzać inwazję
 2.  opanowywać
 3.  naruszać|ɪnˈveɪd"
invalid,"invalid
i.    inwalida","kaleka
ii.    inwalidzki
iii.   1.  nieważny|nie wiążący
 2.  bezpodstawny"
invalidate,"1.  unieważniać
 2.  znosić",ɪnˈvælɪdeɪt
invaluable,nieoceniony,ɪnˈvæljʊəbəl
invariable,niezmienny,ɪnˈveərɪəbəl
invasion,"1.  inwazja
 2.  najście",najazd|ɪnˈveɪʒən
invective,inwektywa,obelga|ɪnˈvektɪv
invent,1.  wynajdować,"wymyślać
 2.  wynaleźć|ɪnˈvent"
invention,"1.  wynalazek
 2.  wynalezienie
 3.  wymysł
 4.  inwencja",fantazja|ɪnˈvenʃən
inventive,wynalazczy,ɪnˈventɪv
inventor,wynalazca,ɪnˈventə
inventory,inwentarz,spis|ˈɪnvəntərɪ
inverse,"i.    odwrotny
ii.    inwersja",ˌɪnˈvɜ:s
invert,odwracać,ɪnˈvɜ:t
invertebrate,bezkręgowiec,ɪnˈvɜ:tɪbrət
inverted commas,cudzysłów,ɪnˌvɜ:tɪd ˈkɒməz
invest,"1.  inwestować
 2.  [form]  obdarzać",nakładać|ɪnˈvest
investigate,przeprowadzać dochodzenie,ɪnˈvestɪgeɪt
investigation,dochodzenie,ɪnˌvestɪˈgeɪʃən
investigator,prowadzący dochodzenie,ɪnˈvestɪgeɪtə
investment,"1.  inwestowanie
 2.  inwestycja",ɪnˈvestmənt
investor,inwestor,ɪnˈvestə
invidious,"1.  nienawistny
 2.  nierówny",niekorzystny|ɪnˈvɪdɪəs
invigorating,ożywczy,pobudzający|ɪnˈvɪgəreɪtɪŋ
invincible,niepokonany,niezwyciężony|ɪnˈvɪnsəbəl
invisible,"1.  niewidoczny 
 2.  niewidzialny",ukryty|ɪnˈvɪzəbəl
invitation,zaproszenie,ˌɪnvɪˈteɪʃən
invite,"1.  zapraszać   
 2.  [form]  zachęcać
 3.  [form]  skłaniać
 4.  [form]  wyzywać  [strach]",przyzywać|ɪnˈvaɪt
inviting,zachęcający,ɪnˈvaɪtɪŋ
invoice,faktura,ˈɪnvɔɪs
invoke,"1.  [praw]  powoływać się na
 2.  przywoływać
 3.  wywoływać",ɪnˈvəʊk
involuntary,mimowolny,ɪnˈvɒləntərɪ
involve,1.  obejmować,"dotyczyć
 2.  pociągać za sobą
 3.  odnosić się|kogoś do)
 5.  involve oneself 
 - angażować się|tyczyć się 
 4.  [w sprawę]  wplątywać|wciągać"
involved,"1.  zaabsorbowany   
 2.  wciągnięty","o którego chodzi
 5.  be involved with sb 
 - wiązać się z kimś|o który chodzi
 b.
      ""the man involved""  - człowiek|pogmatwany
 4.  a. odnośny|wplątany
 3.  zawiły"
involvement,"1.  zaangażowanie   
 2.  wciągnięcie","stosunki   
 4.  romans|wplątanie
 3.  odniesienie|ɪnˈvɒlvmənt"
invulnerable,"1.  niezniszczalny
 2.  nie do zranienia",ɪnˈvʌlnərəbəl
inward,"1.  wewnętrzny
 2.  do środka","do wewnątrz
 3.  dośrodkowy|ˈɪnwəd"
inwards,do wewnątrz,do środka|ˈɪnwədz
iodine,"1.  jod
 2.  jodyna",ˈaɪədi:n
ion,jon,ˈaɪən
iota,"a. jota
 b.
      ""not to change an iota""  - nie zmienić się ani na jotę",aɪˈəʊtə
iou,[na rewersie dłużnym]  jestem winien,ˌ$⋅⋅$ˈ$⋅$
iowa,ˈaɪəʊə,
iq,$⋅$ˈ$⋅$,iloraz inteligencji
ira,irlandzka armia republikańska,ˌ$⋅⋅$ˈ$⋅$
iran,ɪˈrɑ:n,
iranian,"i.    irański
ii.    irańczyk",ɪˈreɪnɪən
iraq,irak,ɪˈrɑ:k
iraqi,iracki,ɪˈrɑ:kɪ
irascible,drażliwy,ɪˈræsɪbəl
irate,aɪˈreɪt,rozgniewany
ire,"ire.
  irlandia",
ireland,irlandia,ˈaɪələnd
iridescent,opalizujący,ˌɪrɪˈdesənt
iris,"1.  tęczówka
 2.  irys",kosaciec|ˈaɪrɪs
irish,"1.  irlandzki
 2.  the irish 
 - irlandczycy",ˈaɪrɪʃ
irishman,irlandczyk,ˈaɪrɪʃmən
irishwoman,irlandka,ˈaɪrɪʃwʊmən
irksome,dokuczliwy,uciążliwy|ˈɜ:ksəm
iron,"i.   1.  żelazo
 2.  żelazko
ii.    żelazny","nieugięty
iii.    prasować
iv.  iron out   wygładzać|pokonywać|ˈaɪən"
ironic,aɪˈrɒnɪk,ironical|ironiczny
ironical,aɪˈrɒnɪk,ironic|ironiczny
ironically,"1.  jak na ironię
 2.  ironicznie",aɪˈrɒnɪkəlɪ
ironing board,deska do prasowania,ˈaɪənɪŋ bɔ:d
irony,ironia,ˈaɪrənɪ
irrational,1.  irracjonalny,"nielogiczny
 2.  nierozumny|ɪˈræʃənəl"
irreconcilable,"1.  [form]  nie do pogodzenia
 2.  nieprzejednany",ɪˌrekənˈsaɪləbəl
irreducible,nieprzekazywalny,nieredukowalny|ˌɪrɪˈdju:sɪbəl
irrefutable,niezbity,ˌɪrɪˈfju:təbəl
irregular,"1.  nieregularny
 2.  nieprawidłowy
 3.  nieregulaminowy",ɪˈregjələ
irregularity,"1.  nieregularność
 2.  nieprawidłowość",ɪˌregjəˈlærɪtɪ
irrelevance,brak związku,ɪˈreləvəns
irrelevant,bez związku,nieistotny|zbyteczny|ɪˈreləvənt
irreligious,nie wierzący,niereligijny|ˌɪrɪˈlɪʤəs
irreparable,nie do naprawienia,nieodwracalny|niepowetowany|ɪˈrepərəbəl
irreplaceable,niezastąpiony,ˌɪrɪˈpleɪsəbəl
irrepressible,nie do pognębienia,nieokiełznany|ˌɪrɪˈpresɪbəl
irreproachable,bez zarzutu,nienaganny|ˌɪrɪˈprəʊʧəbəl
irresistible,1.  nieodparty,"nieprzeparty
 2.  nie do odparcia|ˌɪrɪˈzɪstəbəl"
irresolute,niezdecydowany,ɪˈrezəlu:t
irrespective,niezależnie,ˌɪrɪˈspektɪv
irresponsible,nieodpowiedzialny,ˌɪrɪˈspɒnsɪbəl
irretrievable,nieodwracalny,ˌɪrɪˈtri:vəbəl
irreverent,bez szacunku,lekceważący|ɪˈrevərənt
irrevocable,nieodwołalny,ɪˈrevəkəbəl
irrigate,irygować,nawadniać|ˈɪrɪgeɪt
irrigation,irygacja,nawodnienie|ˌɪrɪgˈeɪʃən
irritable,nerwowy,ˈɪrɪtəbəl
irritant,środek drażniący,ˈɪrɪtənt
irritate,"1.  irytować
 2.  podrażniać",ˈɪrɪteɪt
irritation,"1.  irytacja
 2.  podrażnienie
 3.  środek drażniący",ˌɪrɪˈteɪʃən
is,"is.
  wyspa",
islam,ˈɪzlɑ:m,
islamic,muzułmański,ɪzˈlæmɪk
island,wyspa,ˈaɪlənd
islander,wyspiarz,ˈaɪləndə
isle,aɪl,ostrów|wyspa
isolate,"1.  izolować
 2.  wyobcowywać","wyobcowywać 
 3.  wyodrębniać|ˈaɪsəleɪt"
isolation,odosobnienie,osamotnienie|ˌaɪsəˈleɪʃən
israel,izrael,ˈɪzreɪl
israeli,"i.    izraelski
ii.    izraelczyk",ɪzˈreɪlɪ
issue,"dochodzić 
 3.  at issue 
 - pod dyskusją","i.   1.  zagadnienie
 2. the issue  problem|sprawa
 3.  numer
ii.   1.  wydawać|w centrum dyskusji
 4.  make an issue of sth 
 - robić z czegoś sprawę|wydawać   
 2.  [lit]  dobiegać"
isthmus,przesmyk,ˈɪsθməs
it,"1.  to
 2.  [użyty zamiast rzeczownika nie odnoszącego się do ludzi]  on","ona|ono
 3.  a. 

 b.
      ""it is raining""  - pada
 4.  a. it is 
 - jest
 b.
      ""it's warm""  - ciepło jest dzisiaj
 c.
      ""it's warm""  - ciepło
 5.  a. it is 
 - to
 b.
      ""it is me""  - to ja|ɪt"
italian,"i.    włoski
ii.    włoch",ɪˈtæljən
italics,kursywa,ɪˈtælɪks
italy,włochy,ˈɪtəlɪ
itch,"aby pójść
ii.   1.  swędzenie
 2.  [nieform]  chrapka","i.   1.  a. swędzieć
 b.
      ""you will itch""  - będzie cię swędziało
 2.  [nieform]  a. mieć chrapkę
 b.
      ""i'm itching to go""  - świerzbi mnie|wielka ochota|ˈɪʧ"
itchy,swędzący,ˈɪʧɪ
item,"1.  pozycja
 2.  sprawa
 3.  artykuł",wiadomość|ˈaɪtəm
itemise,itemize,sporządzać listę|ˈaɪtəmaɪz
itemize,itemise,sporządzać listę|ˈaɪtəmaɪz
itinerant,wędrowny,ɪˈtɪnərənt
itinerary,marszruta,plan podróży|ɪˈtɪnərərɪ
its,ich,jego|jej|swój  [zaimek używany zamiast rzeczowników nie odnoszących się do ludzi]|ɪts
itself,1.  się,"siebie
 2.  a. sam
 b.
      ""the frame itself""  - sama rama
 3.  in itself 
 - sam w sobie|ɪtˈself"
itv,telewizja niezależna,ˌ$⋅⋅$ˈ$⋅$
ivory,kość słoniowa  [także kolor],ˈaɪvərɪ
ivy,bluszcz,ˈaɪvɪ
jab,"i.    wbijać
ii.    [br nieform]  zastrzyk",ʤæb
jabber,"i.    [nieform]  paplać
ii.    gadanina",ˈʤæbə
jack,"1.  podnośnik
 2.  [w kartach]  walet",ʤæk
jacket,1.  marynarka,"kurtka
 2.  [ziemniaka]  mundurek
 3.  okładka|ˈʤækɪt"
jackknife,"i.    składany nóż
ii.    składać się  [jak scyzoryk]",ˈʤæknaɪf
jackpot,najwyższa wygrana,pula|ˈʤækpɒt
jade,jadeit,ʤeɪd
jaded,sterany,ˈʤeɪdɪd
jagged,poszarpany,wyszczerbiony|ˈʤægd
jaguar,ˈʤægjʊə,
jam,"blokować
 4.  [np. do szafy]  wpychać
 5.  [radiostację]  zagłuszać
 6.  [nieform]  be in a jam  :jam)
 - być w opałach","być w tarapatach|i.   1.  dżem
 2.  [na drodze]  korek|zablokowywać
 3.  [drogę]  zapychać|zablokowywać się"
jamaica,jamajka,ʤəˈmeɪkə
jamaican,"i.    jamajski
ii.    jamajczyk",ʤəˈmeɪkən
jan,"jan.
  styczeń",
jangle,"i.    brzęczeć
ii.    brzęk",ˈʤæŋgəl
janitor,dozorca,portier|ˈʤænɪtə
january,styczeń,ˈʤænjʊərɪ
japan,japonia,ʤəˈpæn
japanese,"i.    japoński
ii.    japończyk",ʤæpəˈni:z
jar,"drgać
 2.  drażnić 
 3.  szokować","i.   1.  słój|słoik
 2.  wstrząs
ii.   1.  wstrząsać|ʤɑ:"
jargon,żargon,ˈʤɑ:gən
jaundice,żółtaczka,ˈʤɔ:ndɪs
jaundiced,zgorzkniały,ˈʤɔ:ndɪst
jaunt,wycieczka,ʤɔ:nt
jaunty,beztroski,swobodny|ˈʤɔ:ntɪ
javelin,oszczep,ˈʤævəlɪn
jaw,1.  szczęka,"żuchwa
 2. jaws  [lit]  paszcza|ʤɔ:"
jazz,"i.    jazz
ii.  jazz up  [nieform]   podpicować",ʤæz
jazzy,"1.  jazowy
 2.  wystrzałowy",ˈʤæzɪ
jealous,zawistny,zazdrosny|ˈʤeləs
jealousy,zazdrość,ˈʤeləsɪ
jeans,dżinsy,ʤi:nz
jeep,dżip,gazik|ʤi:p
jell,i.   1.  zastygać w galaretę,"zastygać
 2.  przybierać kształtów
ii.    żel|ʤel"
jelly,"1.  galaretka  [słodka]
 2.  marmolada",ˈʤelɪ
jellyfish,meduza,ˈʤelɪfɪʃ
jemmy,łom,ˈʤemɪ
jeopardise,jeopardize,narażać na niebezpieczeństwo|ˈʤepədaɪz
jeopardize,jeopardise,narażać na niebezpieczeństwo|ˈʤepədaɪz
jeopardy,niebezpieczeństwo,ˈʤepədɪ
jerk,"i.   1.  szarpać
 2.  szarpać się","rzucać się
ii.    szarpnięcie|ʤɜ:k"
jerky,konwulsyjny,spazmatyczny|trzęsący|trzęsący się|ˈʤɜ:kɪ
jersey,"1.  sweter
 2.  dżersej",ˈʤɜ:zɪ
jest,"1.  dowcip
 2.  in jest 
 - żartem",ʤest
jet,"i.    odrzutowiec
ii.    latać odrzutowcami","latać
iii.    a. odrzutowy
 b.
      ""jet plane""  - samolot odrzutowy
iv.   1.  strumień|struga
 2.  gagat|ʤet"
jetblack,jet-black,kruczoczarny|ˌʤetˈblæk
jettison,wyzbywać się,ˈʤetɪsən
jetty,falochron,nabrzeże|ˈʤetɪ
jew,żyd,ʤu:
jewel,klejnot,ˈʤu:əl
jeweled,jewelled,ozdobiony klejnotami|ˈʤu:əld
jeweler,jeweller,jubiler|ˈʤu:ələ
jewelled,jeweled,ozdobiony klejnotami|ˈʤu:əld
jeweller,jeweler,jubiler|ˈʤu:ələ
jewellery,biżuteria,ˈʤu:əlrɪ
jewess,żydówka,ˈʤʊɪs
jewish,żydowski,ˈʤu:ɪʃ
jibe,docinek,gibe|ʤaɪb
jiffy,"[nieform]  in a jiffy 
 - za momencik",ˈʤɪfɪ
jiggle,kręcić,kręcić się|machać|ˈʤɪgəl
jilt,porzucać,ʤɪlt
jingle,"i.    brzęczeć
ii.   1.  brzęczenie
 2.  hasło",powiedzonko  [używane w reklamie z muzyką]|ˈʤɪŋgəl
jinx,"be a jinx on sb 
 - przynosić komuś pecha",ʤɪŋks
jittery,roztrzęsiony,ˈʤɪtərɪ
jnr,"jnr.
  junior",
jobless,bezrobotny,ˈʤɒblɪs
jockey,"1.  dżokej
 2.  jockey for position 
 - walczyć o lepsze miejsce",ˈʤɒkɪ
jocular,"1.  żartobliwy
 2.  dowcipny",ˈʤɒkjələ
jog,"i.   1.  uprawiać jogging
 2.  biegać truchtem
 3.  wstrząsać","trącać
ii.   1.  trucht
 2.  jog one's memory 
 - pobudzać pamięć|ʤɒg"
join,i.   1.  łączyć się,"wstępować do wojska
 2.  łączyć|łączyć
 2.  stawać 
 3.  wstępować 
ii.    połączenie
iii.  join in   dołączać się do
iv.  join up  1.  [br]  zaciągać się|ʤɔɪn"
joiner,stolarz,ˈʤɔɪnə
joint,"i.    wspólny
ii.   1.  [np. biodrowy]  staw
 2.  [połączenie]  złączenie
 3.  [pieczeń]  udziec
 4.  [nieform]  [restauracja]  knajpa
 5.  [nieform]  [papieros]  pet",ʤɔɪnt
joke,i.    dowcip,"żart
ii.    żartować 
iii.    [nieform]  przedmiot żartów|ʤəʊk"
joker,1.  dowcipniś,"żartowniś
 2.  dżoker|ˈʤəʊkə"
jokingly,żartem,ˈʤəʊkɪŋlɪ
jolly,i.    wesoły,"radosny
ii.    [br nieform]  bardzo|szalenie|ˈʤɒlɪ"
jolt,i.   1.  szarpać się,"szarpać
 2.  wstrząsać się|wstrząsać
ii.   1.  szarpnięcie
 2.  wstrząs|ʤəʊlt"
jordan,"1.  jordania
 2.  the jordan 
 - jordan",ˈʤɔ:dən
jordanian,"i.    jordański
ii.    jordańczyk",ʤɔ:ˈdeɪnɪən
jostle,"1.  obijać się 
 2.  rozpychać się","przepychać
 3.  walczyć|przepychać się|rozpychać|ˈʤɒsəl"
jot,napisać,ʤɒt
journal,1.  magazyn,"czasopismo
 2.  dziennik|ˈʤɜ:nəl"
journalism,dziennikarstwo,ˈʤɜ:nəlɪzəm
journalist,dziennikarz,ˈʤɜ:nəlɪst
journalistic,dziennikarski,ˌʤɜ:nəˈlɪstɪk
journey,"i.    podróż
ii.   1.  [lit]  podróżować
 2.  break one's journey 
 - przerywać podróż",ˈʤɜ:nɪ
jovial,jowialny,ˈʤəʊvɪəl
joy,"1.  radość
 2.  źródło radości",ʤɔɪ
joyful,radosny,szczęśliwy|ˈʤɔɪfʊl
joyless,ponury,ˈʤɔɪlɪs
joyride,przejażdżka  [w skradzionym samochodzie],ˈʤɔɪraɪd
joystick,drążek,dżojstik|ˈʤɔɪstɪk
jp,sędzia pokoju,ˌ$⋅$ˈ$⋅$
jr,"jr.
  junior",
jubilant,rozradowany,triumfujący|ˈʤu:bɪlənt
jubilation,świętowanie,ˌʤu:bɪˈleɪʃən
jubilee,jubileusz,ˈʤu:bɪlɪ
judaism,judaizm,ˈʤu:deɪɪzəm
judge,"i.   1.  sędzia
 2.  znawca
ii.   1.  oceniać
 2.  osądzać",ˈʤʌʤ
judgement,1.  ocena,"osąd
 2.  wyrok
 3.  pass judgement  
 - wydawać ocenę|wydawać ocenę co do|wydawać werdykt|wydawać werdykt co do
 4.  reserve judgement 
 - wstrzymywać się z oceną
 5.  against sb's better judgement 
 - wbrew swojemu przekonaniu"
judicial,1.  [form]  sądowniczy,"oceniający|prawny
 2.  [lit]  krytyczny|ʤu:ˈdɪʃəl"
judiciary,sądownictwo,the judiciary  władza jurysdykcyjna|ʤu:ˈdɪʃərɪ
judicious,rozsądny,rozważny|ʤu:ˈdɪʃəs
jug,dzbanek,ʤʌg
juggernaut,tir,wielka ciężarówka|ˈʤʌgənɔ:t
juggle,"1.  żonglować
 2.  przestawiać",ˈʤʌgəl
juggler,żongler,ˈʤʌglə
juice,"1.  sok
 2.  sos",ʤu:s
juicy,"1.  soczysty
 2.  [nieform]  smakowity",ˈʤu:sɪ
jukebox,szafa grająca,ˈʤu:kbɒks
jul,"jul.
  lipiec",
july,lipiec,ʤʊˈlaɪ
jumble,i.    chaos,"plątanina
ii.   jumble up  mieszać|splątywać
iii.  jumble sale|wyprzedaż|wyprzedaż dobroczynna"
jumbo,"1.  kolosalny
 2. jumbo jet  duży odrzutowiec",ˈʤʌmbəʊ
jump,"do)
 2.  przeskakiwać
 3.  wzdrygać się
 4.  [do kolejki]  wpychać się 
ii.   1.  skok
 2.  keep one jump ahead 
 - prowadzić
iii.  jump at   palić się",i.   1.  skakać (to - na|ʤʌmp
jumper,"1.  [br]  pulower
 2.  [us]  kombinezon",ˈʤʌmpə
jumpy,nerwowy,niespokojny|ˈʤʌmpɪ
jun,"jun.
i.
   see also: {june}
  czerwiec
ii.
   see also: {junior}
  junior",
junction,1.  połączenie,"krzyżówka
 2.  [kolejowy]  węzeł|ˈʤʌŋkʃən"
juncture,"[form]  at this juncture 
 - w tym momencie",ˈʤʌŋkʧə
june,czerwiec,ʤu:n
jungle,dżungla,ˈʤʌŋgəl
junk,"1.  rupiecie
 2.  starocie",ʤʌŋk
junkie,narkoman,ˈʤʌŋkɪ
jurisdiction,jurysdykcja,władza sądownicza|ˌʤʊərɪsˈdɪkʃən
jurist,prawnik,ˈʤʊərɪst
juror,"1.  członek sądu przysięgłego
 2.  juror",ˈʤʊərə
jury,"1.  sąd przysięgłych
 2.  jury",ˈʤʊərɪ
justice,[br form]   sędzia pokoju,"i.   1.  sprawiedliwość
 2.  wymiar sprawiedliwości
 3.  słuszność
 4.  [us]  sędzia
 5.  bring to justice 
 - być pociągniętym do odpowiedzialności karnej
 6.  do justice to sth 
 - oddawać sprawiedliwość czemuś
ii.  justice of the peace|ˈʤʌstɪs|ˌʤʌstɪs əv ðə ˈpi:s"
justifiable,usprawiedliwiony,uzasadniony|ˌʤastɪˈfaɪəbəl
justification,1.  uzasadnienie,"justowanie|usprawiedliwienie
 2.  [komp]  wyrównywanie|ˌʤʌstɪfɪˈkeɪʃən"
justify,1.  uzasadniać,"justować|usprawiedliwiać
 2.  [komp]  wyrównywać|ˈʤʌstɪfaɪ"
jut,wychodzić,wychodzić na zewnątrz|ʤʌt
juvenile,"i.   1.  młodociany
 2.  dziecinny
ii.  juvenile delinquent   młodociany przestępca",ˈʤu:vənaɪl
juxtapose,porównywać,zestawiać|ˌʤʌkstəˈpəʊz
kaleidoscope,kalejdoskop,kəˈlaɪdəskəʊp
kangaroo,kangur,ˌkæŋgəˈru:
kansas,ˈkænzəs,
karate,kəˈrɑ:tɪ,
keel,"i.   1.  kil
 2.  on an even keel 
 - na równym poziomie
ii.  keel over   wywracać się",ki:l
keen,"1.  chętny   
 2.  [ogrodnik]  zamiłowany
 3.  pełen zapału
 4.  ostry
 5.  [ochota",ki:n|zainteresowanie]  wielki
keenly,"1.  bardzo
 2.  z uwagą
 3.  ostro",ˈki:nlɪ
keeper,"1.  dozorca
 2.  a is not b's keeper 
 - a nie jest stróżem b",ˈki:pə
keg,beczułka,
kennel,"1.  buda  [dla psa]
 2. kennels  schronisko  [dla psów]
 3. kennels  hodowla psów",ˈkenəl
kentucky,kenˈtʌkɪ,
kenya,kenia,ˈkenjə
kenyan,"i.    kenijski
ii.    kenijczyk",ˈkenjən
kerb,curb,krawężnik|kɜ:b
kernel,[orzecha]  jądro,ˈkɜ:nəl
kerosene,nafta,ˈkerəsi:n
kestrel,pustułka,ˈkestrəl
ketchup,keczup,ˈkeʧʌp
kettle,czajnik,ˈketəl
kettledrum,kettle-drum,kocioł|ˈketəldrʌm
key,"i.   1.  klucz  [także w muzyce]
 2.  klawisz
 3.  legenda
ii.    kluczowy",ki:
keyboard,klawiatura,ˈki:bɔ:d
keyhole,dziurka od klucza,ˈki:həʊl
keynote,hasło,program|ˈki:nəʊt
keyword,słowo kluczowe,ˈki:wɜ:d
khaki,ˈkɑ:kɪ,
kickoff,kick-off,początek|początek meczu piłkarskiego|ˈkɪkɒf
kid,"i.   1.  [nieform]  dzieciak
 2.  koźlę
 3.  zamsz","ircha
ii.    [nieform]  [np. brat]  młodszy
iii.    [nieform]  [oszukiwać]  nabierać
iv.   1.  [natrząsać się]  nabijać się 
 2.  [nieform]  no kidding! 
 - słowo daję!|kɪd"
kidnap,"i.    porywać
ii.    porwanie",kidnaping|ˈkɪdnæp
kidney,nerka,ˈkɪdnɪ
kill,dane]  niszczyć,"i.   1.  zabijać
 2.  wykańczać
 3.  [nadzieję|kɪl|przyjaźń|usuwać
ii.   1.  zdobycz
 2.  zabijanie
iii.  kill off   załatwiać"
killer,zabójca,ˈkɪlə
killing,"i.    zabójczy
ii.   1.  zabójstwo
 2.  [nieform]  make a killing 
 - zbijać forsę",ˈkɪlɪŋ
kiln,kɪln,piec|piec garncarski
kilo,kilogram,ˈki:ləʊ
kilogram,kilogramme,ˈkɪləgrəm
kilogramme,kilogram,ˈkɪləgrəm
kilometer,kilometr,kilometre|ˈkɪləmi:tə
kilometre,kilometer,kilometr|ˈkɪləmi:tə
kilt,kilt  [spódniczka szkocka],kɪlt
kin,[przest]  krewni,kɪn
kind,"i.    rodzaj
ii.    miły","kaɪnd|rodzaj
 b.
      ""a kind of fruit""  - rodzaj owocu
 3.  [us nieform]  kind of 
 - dość
 4.  of a kind 
 - swego rodzaju
 5.  be *kind enough|so kind as* to do sth 
 - być uprzejmym coś zrobić|uprzejmie 
 2.  [nieform]  a. kind of 
 - pewien rodzaj"
kindergarten,przedszkole,ˈkɪndəgɑ:tən
kindhearted,dobrotliwy,kind-hearted|życzliwy|ˌkaɪndˈhɑ:tɪd
kindle,rozniecać,rozpalać|ˈkɪndəl
kindling,drewno na rozpałkę,ˈkɪndlɪŋ
kindly,i.    uprzejmy,"życzliwie
 3.  look kindly on sth 
 - spoglądać łaskawym okiem na coś
 4.  not to take kindly to sth 
 - nie odnosić się życzliwie do czegoś|życzliwy
ii.   1.  a. łaskawie
 b.
      ""kindly take it away""  - bądź łaskaw to zabrać
 2.  uprzejmie|ˈkaɪndlɪ"
kindness,"1.  życzliwość
 2.  uprzejmość
 3.  przysługa",ˈkaɪndnɪs
kindred,braterski,pokrewny|ˈkɪndrɪd
king,król,kɪŋ
kingdom,królestwo,ˈkɪŋdəm
kingfisher,zimorodek,ˈkɪŋfɪʃə
kink,skręt,zwój|ˈkɪŋk
kinky,perwersyjny,ˈkɪŋkɪ
kiosk,budka,ˈki:ɒsk
kipper,wędzony śledź,ˈkɪpə
kiss,"1.  całować
 2.  pocałunek",kɪs
kit,"1.  zestaw
 2.  ubiór sportowy",kɪt|ubiór
kitchen,"i.    kuchnia
ii.    kuchenny",ˈkɪʧən
kite,kaɪt,latawiec
kitten,kociak,ˈkɪtən
kitty,pula,wspólne pieniądze|ˈkɪtɪ
kiwi,[owoc]  kiwi,"i.    [ptak]  kiwi
ii.  kiwi fruit|ˈki:wɪ|ˈki:wɪ ˌfru:t"
knack,næk,talent
knave,neɪv,szelma
knead,miesić,ni:d
knee,"1.  kolano
 2.  bring sb to his knees 
 - powalić kogoś na kolana",ni:
kneecap,rzepka  [kolana],ˈni:kæp
kneedeep,knee-deep,po kolana|ˌnɪ:ˈdi:p
knickers,majtki,majtki luźniejsze|ˈnɪkəz
knicksknacks,knicks-knacks,ozdóbki|ˈnɪksnæks
knight,"i.   1.  rycerz
 2.  

ii.    [szach]  skoczek","konik
iii.    uszlachcać|naɪt"
knighthood,szlachectwo,ˈnaɪthʊd
knit,i.    dziergać,"marszczyć brwi|nɪt|robić na drutach
ii.   1.  zespolony|związany
 2.  knit one's brows 
 - ściągać brwi"
knitting,"1.  robótka
 2.  robienie na drutach",dzierganie|ˈnɪtɪŋ
knitwear,dzianina,ˈnɪtweə
knob,"1.  gałka
 2.  pokrętło",nɒb
knobbly,guzowaty,zwęźlony|ˈnɒblɪ
knocker,kołatka,ˈnɒkə
knockout,"i.    nokaut
ii.    [sport]  eliminacyjny",knock-out|ˈnɒkaʊt
knoll,nəʊl,wzgórek
knotty,poplątany,zawiły|ˈnɒtɪ
know,"1.  znać
 2.  wiedzieć
 3.  słyszeć   
 4.  odróżniać 
 5.  let sb know 
 - dać komuś znać  
 6.  get to know 
 - poznać
 7.  know better 
 - dobrze zdawać sobie sprawę
 8.  ``you know'' 
 -","nəʊ|wiecie''
 9.  you never know 
 - nigdy nic nie wiadomo
 10.  be in the know 
 - być wtajemniczonym|wiesz''"
knowhow,know-how,wiedza|ˈnəʊhaʊ
knowing,porozumiewawczy,ˈnəʊɪŋ
knowingly,"1.  z premedytacją
 2.  porozumiewawczo",ˈnəʊɪŋlɪ
knowledge,"1.  wiedza
 2.  to sb's knowledge 
 - zgodnie z czyimiś informacjami
 3.  to the best of sb's knowledge 
 - o ile komuś wiadomo",ˈnɒlɪʤ
knowledgeable,dobrze poinformowany,poinformowany|ˈnɒlɪʤebəl
knt,"knt.
  rycerz",szlachcic
knuckle,kostka  [dłoni],ˈnʌkəl
ko,nokaut,ˌ$⋅$ˈ$⋅$
koran,kɔ:ˈrɑ:n,"the koran 
 - koran"
korea,kəˈrɪə,
korean,"i.    koreański
ii.    koreańczyk",kəˈrɪən
kosher,koszerny,ˈkəʊʃə
kph,godz,km|ˌ$⋅⋅$ˈ$⋅$
kt,"kt.
  rycerz",szlachcic
kudos,sława,ˈkju:dəs
kuwait,kuwejt,kʊˈweɪt
kuwaiti,"i.    kuwejcki
ii.    kuwejtczyk",kʊˈweɪtɪ
l,"l
i.
   see also: {left}
  lewy","lewo
ii.
   see also: {length}
  długość
iii.
   see also: {line}
  linia|werset
iv.
   see also: {lake}
  jezioro"
la,"i.
   see also: {legislative assembly}
  zgromadzenie ustawodawcze
ii.
   see also: {los angeles}
  los angeles",l.a.|ˌ$⋅$ˈ$⋅$
lab,"lab.
  partia pracy",laboratorium|læb|pracy
label,"i.    etykieta
ii.   1.  etykietować","oznaczać
 2.  obdarzać etykietą|ˈleɪbəl"
labor,"i.   1.  praca
 2.  siła robocza
 3.  [u kobiety]  poród
ii.   1.  [form]  [ciężko]  pracować
 2.  [łudzić się]  być ofiarą 
 3.  [trudzić się]  męczyć się","labour|pocić się   
 4.  [np. nad punktem]  rozwodzić się|ˈleɪbə"
laboratory,laboratorium,ləˈbɒrətərɪ
laborer,labourer,pracownik|pracownik fizyczny|ˈleɪbərə
laborious,ləˈbɔ:rɪəs,pracochłonny
labour,"i.   1.  praca
 2.  siła robocza
 3.  [u kobiety]  poród
ii.   1.  [form]  [ciężko]  pracować
 2.  [łudzić się]  być ofiarą 
 3.  [trudzić się]  męczyć się","labor|pocić się   
 4.  [np. nad punktem]  rozwodzić się|ˈleɪbə"
labourer,laborer,pracownik|pracownik fizyczny|ˈleɪbərə
labyrinth,labirynt,ˈlæbɪrɪnθ
lace,"i.   1.  koronka
 2.  sznurowadło
ii.    podprawiać","leɪs|zaprawiać
iii.  lace up   sznurować"
lacerate,kaleczyć,przecinać|ˈlæsəreɪt
lack,1.  brak,"komuś brakuje czegoś
 3.  sb is lacking in sth 
 - komuś brakuje czegoś|ktoś nie ma czegoś
 4.  sth is lacking 
 - nie ma czegoś
 5.  there is no lack of sth 
 - nie brakuje czegoś|læk|niedostatek
 2.  sb lacks sth 
 - komuś brak czegoś"
lackey,pachołek,sługus|ˈlækɪ
laconic,lakoniczny,ləˈkɒnɪk
lacquer,"i.    lakier
ii.    lakierować",ˈlækə
lacy,koronkowy,ˈleɪsɪ
lad,læd,młodzieniec
ladder,"1.  drabina
 2. the ladder  hierarchia
 3.  [w pończosze]  oczko",ˈlædə
laden,obładowany,ˈleɪdən
ladle,"i.    chochla
ii.    nabierać chochlą",nabierać|ˈleɪdəl
lady,"1.  pani
 2.  lady
 3.  ladies  )
 - toaleta damska",ˈleɪdɪ
ladylike,dystyngowany,ˈleɪdɪlaɪk
lager,lager  [rodzaj piwa],ˈlɑ:gə
lagoon,laguna,ləˈgu:n
lair,legowisko,leə|pieczara
lake,jezioro,leɪk
lamb,"1.  jagnię
 2.  [relig]  baranek
 3.  baranina",læm
lame,kulawy,leɪm
lament,"biadać
ii.    biadanie",i.    [lit]  opłakiwać|ləˈment
lamentable,ləˈmentəbəl,opłakany
lamp,lampa,læmp
lamppost,lamp-post,słup latarni|ˈlæmppəʊst
lampshade,abażur,ˈlæmpʃeɪd
landed,posiadający ziemię,ˈlændɪd
landing,"1.  podest
 2.  przystań
 3.  lądowanie",ˈlændɪŋ
landlady,"1.  gospodyni
 2.  [np. w hotelu",pensjonacie]  właścicielka|ˈlændleɪdɪ
landlocked,otoczony lądem,ˈlændlɒkt
landlord,"1.  gospodarz
 2.  [hotelu",pensjonatu]  właściciel|ˈlændlɔ:d
landmark,"1.  punkt orientacyjny
 2.  moment przełomowy",punkt zwrotny|ˈlændmɑ:k
landscape,i.    pejzaż,"krajobraz
ii.    [komp]  horyzontalny  [o położeniu]
iii.    kształtować sztucznie pejzaż|kształtować|ˈlændskeɪp"
landslide,"1.  miażdżące zwycięstwo
 2.  obsunięcie się ziemi",ˈlændslaɪd
lane,1.  alejka,"dróżka
 2.  pasmo
 3.  tor|leɪn"
lang,"lang.
  język",
language,język,ˈlæŋgwɪʤ
languid,[lit]  flegmatyczny,apatyczny|ˈlæŋgwɪd
languor,[lit]  ospałość,apatyczność|ˈlæŋgə
lanky,kościsty,ˈlæŋkɪ
lantern,latarnia,ˈlæntən
lap,"i.   1.  [miejsce]  kolana
 2.  [sport]  okrążenie","læp|pluskać
 3.  chłeptać
iii.  lap up  1.  chłeptać łapczywie
 2.  chłonąć łapczywie|runda
ii.   1.  okrążać
 2.  chlapać"
lapel,klapa,ləˈpel
lapse,"dialekt]  wpadać 
 2.  [o czasie]  upływać
 3.  [o ważności]  kończyć się","i.   1.  wyskok
 2.  [pamięci]  zaćmienie
 3.  [uwagi]  odwrócenie|læps|odbiegnięcie
 4.  [czasu]  upływ
ii.   1.  [ciszę"
laptop,[komp]  komputer przenośny,przenośny|ˈlæpˌtɒp
larceny,[praw]  kradzież,ˈlɑ:sənɪ
larch,lɑ:ʧ,modrzew
lard,lɑ:d,smalec
larder,spiżarnia,ˈlɑ:də
largely,"1.  w większości
 2.  głównie",ˈlɑ:ʤlɪ
largescale,"1.  na dużą skalę
 2.  o dużej skali",large-scale|ˈlɑ:ʤskeɪl
lark,"dowcip
ii.  lark about   wygłupiać się","i.   1.  skowronek
 2.  [br nieform]  ubaw|lɑ:k"
larva,larwa,ˈlɑ:və
laryngitis,zapalenie gardła,ˌlærɪnˈʤaɪtɪs
lascivious,ləˈsɪvɪəs,pożądliwy
laser,"i.    laser
ii.    laserowy",ˈleɪzə
lass,dziewczyna,læs
lasting,trwały,ˈlɑ:stɪŋ
lastly,"1.  na końcu
 2.  w końcu",ˈlɑ:stlɪ
lastminute,last-minute,w ostatniej chwili|ˌlɑ:stˈmɪnɪt
lat,"lat.
  szerokość","lat.
  łac.|łacina|łaciński"
latch,i.    zasuwa,"læʧ|zamek
ii.    zamykać  [na zasuwę]"
late,"i.    późno
ii.   1.  późny
 2.  były
 3.  śp.","leɪt|niedawno zmarły|zmarły
 4.  as late as 
 - tak późno jak
 5.  [nieform]  of late 
 - ostatnio"
latecomer,spóźnialski,ˈleɪtkʌmə
lately,ostatnio,ˈleɪtlɪ
latent,ukryty,ˈleɪtənt
lateral,boczny,ˈlætərəl
lathe,"i.    tokarka
ii.    [na tokarce]  toczyć",ˈleɪð
lather,"i.    piana
ii.   1.  pokrywać pianą
 2.  pienić się",mydlić się|ˈlɑ:ðə
latitude,1.  szerokość geograficzna,"szerokość
 2.  [form]  swoboda|ˈlætɪtju:d"
latrine,latryna,ləˈtri:n
latter,"drugi
ii.   1.  ostatni
 2.  the latter 
 - ten drugi",i.    drugi z dwóch|ten ostatni|ˈlætə
latterday,latter-day,nowoczesny|współczesny|ˌlætəˈdeɪ
lattice,kratka,kratownica|ˈlætɪs
laudable,chwalebny,ˈlɔ:dəbəl
laugh,"i.    śmiać się 
ii.    śmiech
iii.  laugh at   wyśmiewać
iv.  laugh off   załatwić rzecz śmiechem",lɑ:f
laughable,groteskowy,śmieszny|ˈlɑ:fəbəl
laughing stock,pośmiewisko,ˈlɑ:fɪŋ stɒk
laughter,śmiech,ˈlɑ:ftə
launch,"i.   1.  wodować
 2.  [w przestrzeni kosmicznej]  umieszczać
 3.  [rakietę]  wystrzeliwać
 4.  [akcję]  rozpoczynać","lansowanie
 3.  [łódź]  szalupa
 4.  [statku]  wodowanie|lɔ:nʧ|puszczać w ruch
 5.  [nowość]  lansować
ii.   1.  [rakiety]  start
 2.  [mody]  wylansowanie"
launder,prać,ˈlɔ:ndə
launderette,pralnia samoobsługowa,ˌlɔ:ndˈret
laundry,"i.  the laundry  pranie
ii.    pralnia",ˈlɔ:ndrɪ
laurel,laur,wawrzyn|ˈlɔ:rəl
lava,lawa,ˈlɑ:və
lavatory,ubikacja,ˈlævətərɪ
lavender,lawenda,ˈlævɪndə
lavish,"i.   1.  hojny
 2.  szczodry
 3.  luksusowy
ii.    obdarowywać",zarzucać|ˈlævɪʃ
law,"i.   1.  prawo
 2.  ustawa
 3. the law  [nieform]  władza","lɔ:|osoba naruszająca prawo
iv.  law court|policja
ii.    prawniczy
iii.  law breaker|sąd"
lawabiding,law-abiding,praworządny|ˈlɔ: əbaɪdɪŋ
lawful,legalny,ˈlɔ:fʊl
lawless,"1.  nielegalny
 2.  samowolny",ˈlɔ:lɪs
lawn,lɔ:n,trawnik
lawnmower,kosiarka,kosiarka do trawników|ˈlɔ:nməʊə
lawsuit,postępowanie sądowe,proces sądowy|ˈlɔ:su:t
lawyer,adwokat,prawnik|ˈlɔ:jə
lax,luźny,læks|nieścisły
laxative,środek przeczyszczający,ˈlæksətɪv
lay,i.   1.  [dywan,"laicki
 2.  [np. zainteresowania]  nieprofesjonalny
 3.  lay hold of 
 - chwytać
iii.  lay aside   odkładać
iv.  lay by   odkładać
v.  lay down  1.  wyznaczać|leɪ|odwal się!''
viii.  lay on   wystawiać się na coś|podstawy]  kłaść"
layabout,nicpoń,ˈleɪəbaʊt
layby,lay-by,zatoka|zatoka drogi|ˈleɪbaɪ
layer,powłoka,warstwa|ˈleɪə
layman,amator,nieprofesjonalista|ˈleɪmən
layoff,zwolnienie,ˈleɪɒf
layout,rozmieszczenie,rozplanowanie|ˈleɪaʊt
laze,leniuchować,leɪz
lazy,leniwy,ˈleɪzɪ
lb,"libra
  funt",
lcd,[komp]  ekran ciekłokrystaliczny,ˌ$⋅⋅$ˈ$⋅$
lea,wydział oświaty,ˌ$⋅⋅$ˈ$⋅$
lead,instrument]  prowadzący,"lead
i.   1.  prowadzić   
 2.  [np. buntowi]  przewodzić
 3.  [nakłaniać]  doprowadzać
ii.   1.  [do czegoś]  prowadzenie
 2.  [wzór]  dobry przykład|przewód
 5.  [w filmie]  główna rola
 6.  [do zrobienia czegoś]  wskazówka
iii.   1.  [głos|przykład
 3.  [dla psa]  smycz
 4.  [elektryczny]  kabel|rysik"
leaden,"1.  ołowiany
 2.  ciężki jak z ołowiu",ciężki|ˈledən
leader,1.  lider,"prowadzący|przywódca
 2.  lider|ˈli:də"
leadership,"i.    kierownictwo
ii.    cechy dowódcze",ˈli:dəʃɪp
leading,czołowy,wiodący|ˈli:dɪŋ
leaf,"i.   1.  liść
 2.  in leaf 
 - pokryty liśćmi
ii.  leaf through   przekartkowywać",li:f
leaflet,ulotka,ˈli:flɪt
leafy,"1.  liściasty
 2.  pokryty zielenią",ˈli:fɪ
league,"1.  liga
 2.  związek
 3.  in league with  
 - w sprzymierzeniu z kimś",li:g|w sprzymierzeniu z
leak,i.   1.  przeciekać,"li:k|uciekać
 2.  wyciekać
 3.  przedostawać się 
ii.    przeciek  [także sekretu]
iii.  leak out   przedostawać się"
leaky,cieknący,nieszczelny|ˈli:kɪ
lean,i.   1.  pochylać się,"li:n|na kogoś)
ii.   1.  [człowiek]  szczupły
 2.  [mięso|na kogoś)  (upon sb - kogoś|okres czasu]  chudy"
leaning,1.  ciągota,"pochylony|skłonność
 2.  krzywy|ˈli:nɪŋ"
leap,i.   1.  skakać w górę,"li:p|li:p ˈjɪə|rok przestępny|skakać
 2.  przeskakiwać
ii.    skok 
iii.  leap at   rzucać się 
iv.  leap year"
learn,1.  uczyć się,"lɜ:n|nauczyć się
 2.  dowiadywać się"
learned,uczony,ˈlɜ:nɪd
learning,głęboka wiedza,wiedza|ˈlɜ:nɪŋ
lease,dzierżawić,"i.    dzierżawa|li:s|najem
ii.    wynajmować"
leash,li:ʃ,smycz
least,"1.  najmniej
 2. the least  najmniejszy
 3.  at least 
 - przynajmniej
 4.  not in the least 
 - w ogóle
 5.  to say the least 
 - co najmniej",li:st
leather,skóra,ˈleðə
leathery,"1.  skórzasty
 2.  łykowaty",ˈleðərɪ
leave,"i.   1.  zostawiać
 2.  [np. szkołę]  opuszczać
 3.  [np. o pociągu]  odjeżdżać","li:v|odchodzić
 4.  [żonę]  porzucać
 5.  [spadek|pozostawiać   
ii.   1.  [np. wypoczynkowy]  urlop
 2.  [np. lekarskie]  zwolnienie
 3.  [w wojsku]  przepustka
 4.  take one's leave 
 - pożegnać się
iii.  leave off   pomijać 
iv.  leave out   opuszczać|sprawę]  pozostawiać"
lebanese,"i.    libański
ii.    libańczyk",lebəˈni:z
lebanon,liban,ˈlebənɒn
lecherous,lubieżny,ˈleʧərəs
lectern,pulpit,ˈlektən
lecture,"i.    wykład
ii.   1.  wykładać
 2.  prawić kazanie",ˈlekʧə
lecturer,docent,wykładowca|ˈlekʧərə
ledge,1.  półka skalna,"leʤ|półka
 2.  parapet"
ledger,księga główna,księga rachunkowa|ˈleʤə
leech,li:ʧ,pijawka
leek,li:k,por
leer,"i.    lubieżny uśmieszek
ii.    uśmiechać się lubieżnie",lɪə
leeway,luz,rezerwa|ˈli:weɪ
left,"i.    lewa strona
ii.    lewy
iii.    lewo",
lefthand,"1.  lewostronny
 2.  lewy",left-hand|z lewej ręki  [uderzenie]|ˈlefthænd
lefthanded,left-handed,leworęczny|ˌleftˈhændɪd
leftist,"i.    lewicowiec
ii.    lewicowy",ˈleftɪst
leftluggage office,biuro rzeczy znalezionych,left-luggage office|ˌleft ˈlʌgɪʤ ɒfɪs
leftover,"i.    pozostały
ii.   leftovers  resztki",ˈleftəʊvə
leftwing,left-wing,lewicowy|ˌleftˈwɪŋ
leftwinger,left-winger,lewicowiec|ˌleftˈwɪŋə
leg,"1.  [też stołu]  noga
 2.  nogawka
 3.  etap",część
legacy,1.  spadek,"legat
 2.  spuścizna|ˈli:gəsɪ"
legal,"1.  legalny
 2.  prawny",ˈli:gəl
legality,legalność,lɪˈgælɪtɪ
legalize,legalizować,ˈli:gəlaɪz
legend,legenda,ˈleʤənd
legendary,legendarny,ˈleʤəndərɪ
leggings,getry,ˈlegɪŋz
legible,czytelny,ˈleʤɪbəl
legion,"1.  legion
 2.  chmara",ˈli:ʤən
legislate,ustanawiać prawa,ˈleʤɪsleɪt
legislation,prawodawstwo,ustawodawstwo|ˌleʤɪˈsleɪʃən
legislative,legislacyjny,prawny|ˈleʤɪslətɪv
legislature,legislatura,ˈleʤɪsləʧə
legitimate,"1.  legalny
 2.  [dziecko]  ślubny
 3.  uzasadniony",lɪˈʤɪtɪmət|właściwy
leipzig,lipsk,ˈlaɪptsɪg
leisure,"1.  czas wolny
 2.  at  leisure  :leisure)
 - bez pośpiechu",ˈleʒə
leisurely,"i.    nieśpieszny
ii.    nieśpiesznie",ˈleʒəlɪ
lemon,cytryna,ˈlemən
lemonade,lemoniada,ˌleməˈneɪd
lend,"1.  pożyczać 
 2.  użyczać","udzielać
 3.  przydawać
 4.  lend oneself 
 - poddawać się  
 5.  lend sb a hand 
 - pomagać komuś"
lender,kredytodawca,ˈlendə
lengthen,wydłużać,ˈleŋθən
lengthy,długi,wydłużony|ˈleŋkθɪ
lenient,pobłażliwy,ˈli:nɪənt
lens,"1.  soczewka
 2.  obiektyw",lenz
lent,wielki post,
lentil,soczewica,ˈlentɪl
leo,lew  [znak zodiaku],ˈli:əʊ
leopard,lampart,ˈlepəd
leotard,trykot,ˈlɪətɑ:d
leper,trędowaty,ˈlepə
leprosy,trąd,ˈleprəsɪ
lesbian,"i.    lesbijski
ii.    lesbijka",ˈlezbɪən
less,"co najmniej
 4.  no less 
 - ni mniej ni więcej
 5.  no less than 
 - nie mniej","i.    mniejszy
ii.    mniej
iii.   1.  odjąwszy
 2.  less and less 
 - coraz mniej
 3.  less than 
 - co najmniej nie|les|niż"
lessen,zmniejszać,zmniejszać się|ˈlesən
lesser,"1.  mniejszy
 2.  pomniejszy",ˈlesə
lesson,"1.  lekcja
 2.  nauka",korzyść|ˈlesən
lest,aby nie,
letdown,rozczarowanie,zawód|ˈletdaʊn
lethal,zabójczy,ˈli:θəl
lethargic,letargiczny,lɪˈθɑ:ʤɪk
letter,"i.   1.  list
 2.  litera
ii.    listowy",ˈletə
letterbox,skrzynka pocztowa,ˈletəbɒks
lettering,liternictwo,ˈletərɪŋ
letterquality,letter-quality,wysoka jakość  [druku]|ˌletə ˈkwɒlətɪ
lettuce,sałata,ˈletəs
letup,let-up,zelżenie|ˈletʌp
leukaemia,białaczka,leukemia|lu:ˈki:mɪə
leukemia,białaczka,leukaemia|lu:ˈki:mɪə
levelheaded,level-headed,zimnokrwisty|zrównoważony|ˌlevəl ˈhedɪd
lever,"i.   1.  dźwignia
 2.  uchwyt","rączka
ii.    podważać|ˈli:və"
leverage,"1.  nacisk
 2.  siła dźwigni",ˈli:vərɪʤ
levity,lekkomyślność,płochość|ˈlevɪtɪ
levy,"i.    pobranie
ii.    pobierać",ściągać|ˈlevɪ
lewd,pożądliwy,ˈlu:d
liability,"1.  podatność
 2.  [nieform]  ciężar","laɪəˈbɪlɪtɪ|skaranie boskie
 3. liabilities  [termin]  płatności|zobowiązania
 4.  [praw]  odpowiedzialność|zobowiązania pieniężne"
liable,"1.  [form]  podatny 
 2.  odpowiedzialny 
 3.  be liable to 
 - móc",ˈlaɪəbəl
liaise,lɪˈeɪz,współpracować
liaison,1.  porozumienie,"lɪˈeɪzən|łączność
 2.  [form]  związek miłosny"
liar,kłamca,ˈlaɪə
lib,"lib.
  liberalny",
libel,oszczerstwo,zniesławienie|ˈlaɪbəl
libellous,libelous,oszczerczy|ˈlaɪbələs
libelous,libellous,oszczerczy|ˈlaɪbələs
liberal,"i.   1.  liberalny
 2.  hojny","obfity
ii.    liberał|ˈlɪbərəl"
liberate,"1.  uwalniać
 2.  oswobadzać",spod czegoś)|wyzwalać (from sth - od czegoś|ˈlɪbəreɪt
liberated,wyzwolony,ˈlɪbəreɪtɪd
liberation,spod czegoś),wyzwolenie (from sth - od czegoś|ˌlɪbəˈreɪʃən
libra,lb,"libra
  funt|waga  [znak zodiaku]|ˈli:brə"
librarian,bibliotekarz,laɪˈbreərɪən
library,biblioteka,ˈlaɪbrərɪ
libya,libia,ˈlɪbɪə
libyan,"i.    libijski
ii.    libijczyk",ˈlɪbɪən
licence,"1.  licencja
 2.  koncesja
 3.  prawo jazdy","license|prawo
 4.  zezwolenie
 5.  abonament
 6.  under licence 
 - na licencji|ˈlaɪsəns"
license,"1.  licencja
 2.  koncesja
 3.  prawo jazdy","licence|prawo
 4.  zezwolenie
 5.  abonament
 6.  under licence 
 - na licencji|wydawać zezwolenie|wydawać zezwolenie licencję"
licensed,"1.  upoważniony
 2.  zarejestrowany
 3.  koncesjonowany do sprzedaży alkoholu",koncesjonowany|ˈlaɪsənst
licentious,laɪˈsenʃəs,rozwiązły
lick,"i.   1.  lizać
 2.  [nieform]  [pobić]  przylać","liźnięcie
 2.  lick sth into shape 
 - nadawać czemuś ostateczny kształt|lɪk|położyć
ii.   1.  polizanie"
lid,"1.  pokrywka
 2.  powieka",lɪd
liedown,lie-down,wypoczynek|ˌlaɪˈdaʊn
lieut,"lieut.
  porucznik",
lieutcol,"lieut.-col.
  podpułkownik",
lieutenant,lefˈtenənt,porucznik
life,"dożywotnie więzienie
iv.  life jacket","długość życia
iii.  life imprisonment|i.   1.  życie
 2.  żywotność
 3.  come to life 
 - ożywiać się
 4.  for life 
 - do końca życia
ii.  life expectancy|kamizelka ratunkowa|laɪf"
lifebelt,pas ratunkowy,ˈlaɪfbelt
lifeboat,łódź ratunkowa,ˈlaɪfbəʊt
lifeguard,ratownik,ˈlaɪfgɑ:d
lifeless,"1.  bez życia
 2.  nieżywotny
 3.  beznamiętny",ˈlaɪflɪs
lifelike,jak żywy,ˈlaɪflaɪk
lifeline,lina ratunkowa,ˈlaɪflaɪn
lifelong,na całe życie,na życie|ˈlaɪflɒŋ
lifesize,life-size,naturalnej wielkości|ˌlaɪfˈsaɪz
lifespan,1.  długość życia,"trwanie|życie
 2.  żywotność|ˈlaɪfspæn"
lifetime,1.  całe życie,"życie
 2.  trwanie|ˈlaɪftaɪm"
lift,i.   1.  podnosić się,"lɪft|podnosić
 2.  [np. ograniczenia]  znosić
 3.  [nieform]  [odpisywać]  zrzynać 
 4.  [nieform]  [ukraść]  zwędzić
ii.   1.  [w budynku]  winda
 2.  [samochodem]  podwiezienie
 3.  give sb a lift 
 - podwozić kogoś
iii.  lift off   startować"
ligament,wiązadło,ˈlɪgəmənt
light,"[komp]   pióro świetlne
vii.  light up  1.  rozświetlać się","[komp]   światłowód|dzień
 b.
      ""it is light""  - jasno
 4.  in the light of 
 - z punktu widzenia
iv.  light bulb|i.   1.  zapalać
 2.  [np. dom]  oświetlać
ii.   1.  [naświetlenie]  światło
 2.  [np. zapałki]  ogień
iii.   1.  [kolor|kabel światłowodowy
vi.  light pen"
lighten,1.  rozjaśniać się,"rozjaśniać
 2.  zmniejszać wagę|ˈlaɪtən"
lighter,"lighter
   zapalniczka",
lightheaded,light-headed,oszołomiony|ˌlaɪtˈhedɪd
lighthearted,"1.  beztroski
 2.  wesoły",humorystyczny|light-hearted|ˌlaɪtˈhɑ:tɪd
lighthouse,latarnia morska,ˈlaɪthaʊs
lighting,oświetlenie,ˈlaɪtɪŋ
lightly,beztrosko,lekkomyślnie|ˈlaɪtlɪ
lightning,"[br]   piorunochron
iv.  lightning rod","[us]   piorunochron|i.    błyskawica
ii.    błyskawiczny
iii.  lightning conductor|ˈlaɪtnɪŋ|ˈlaɪtnɪŋ kəndʌktə"
lightweight,lekki,ˈlaɪtweɪt
lightyear,light-year,rok świetlny|ˈlaɪtjɪə
likable,likeable,miły|sympatyczny|ˈlaɪkəbəl
likeable,likable,miły|sympatyczny|ˈlaɪkəbəl
likelihood,możliwość,prawdopodobieństwo|ˈlaɪklɪhʊd
likely,"1.  możliwy
 2.  odpowiedni
 3.  he is likely to do it 
 - on pewnie to zrobi
 4.  very","most likely 
 - najprawdopodobniej|ˈlaɪklɪ"
likeminded,laɪkˈmaɪndɪd,like-minded|podobnie myślący
liken,przyrównywać,ˈlaɪkən
likeness,podobieństwo,ˈlaɪknɪs
likewise,podobnie,ˈlaɪkwaɪz
liking,upodobanie,ˈlaɪkɪŋ
lilac,"i.    bez
ii.    liliowy",ˈlaɪlək
lilt,lɪlt,zaśpiew
lily,lilia,ˈlɪlɪ
limb,kończyna,lɪm|odnóże
limber up,przygotowywać się,ćwiczyć|ˌlɪmbərˈʌp
limbo,zapomnienie,zawieszenie|ˈlɪmbəʊ
lime,"1.  wapno
 2.  lipa
 3.  [rodzaj cytryny]  lima",laɪm|limeta
limelight,światła rampy,ˈlaɪmlaɪt
limerick,limeryk,ˈlɪmərɪk
limitation,ograniczenie,ˌlɪmɪˈteɪʃən
limited,"1.  ograniczony
 2.  [br]  o ograniczonej odpowiedzialności",ˈlɪmɪtɪd
limitless,nieograniczony,ˈlɪmɪtlɪs
limousine,limuzyna,ˌlɪməˈzi:n
limp,i.    kuleć,"kuśtykanie
iii.   1.  wiotki
 2.  bezwładny|kuśtykać
ii.    kulenie|lɪmp"
linear,"1.  linearny
 2.  liniowy",ˈlɪnɪə
linen,"i.   1.  len
 2.  bielizna
ii.   1.  lniany","płócienny
 2.  bieliźniany|ˈlɪnɪn"
liner,1.  liniowiec,"statek transatlantycki
 2.  worek foliowy  [na śmieci]|ˈlaɪnə"
linesman,sędzia liniowy,ˈlaɪnzmən
lineup,line-up,skład|ugrupowanie|ˈlaɪnʌp
linger,"1.  utrzymywać się 
 2.  bawić gdzieś",bawić|ˈlɪŋgə
lingerie,bielizna damska,ˈlɒnʒərɪ
linguistic,językoznawczy,lɪŋgˈwɪstɪk
linguistics,językoznawstwo,lɪŋgˈwɪstɪks
lining,1.  podszewka,"podbicie
 2.  wyściółka|ˈlaɪnɪŋ"
link,"i.   link up  łączyć   
ii.   1.  związek   
 2.  połączenie 
 3.  ogniwo",lɪŋk
linkage,związek,ˈlɪŋkɪʤ
links,boisko do golfa,lɪŋks
linkup,połączenie,ˈlɪŋkʌp
lion,lew,ˈlaɪən
lioness,lwica,ˈlaɪənɪs
lip,lɪp,warga
lipread,czytać z warg,lip-read|ˈlɪpri:d
lipservice,lip-service,"pay sb lip-service 
 - składać komuś deklaracje bez pokrycia|ˈlɪpsɜ:vɪs"
lipstick,kredka do ust,ˈlɪpstɪk
liquefy,"1.  stopić
 2.  skroplić",ˈlɪkwɪfaɪ
liqueur,likier,lɪˈkjʊə
liquid,"i.    ciecz
ii.    ciekły",płynny|ˈlɪkwɪd
liquidate,likwidować,ˈlɪkwɪdeɪt
liquidcrystal display,"liquid-crystal display 
  ekran ciekłokrystaliczny",
liquor,alkohol,trunek|ˈlɪkə
lisbon,lizbona,ˈlɪzbən
lisp,"i.    seplenić
ii.    seplenienie",lɪsp
list,i.    lista,"lɪst|spis
ii.   1.  wypisywać|wyszczególniać
 2.  umieszczać na liście"
listen,i.   1.  słuchać się,"słuchać 
 2.  nasłuchiwać 
ii.  listen in   podsłuchiwać|ˈlɪsən"
listener,słuchacz,ˈlɪsənə
listless,osowiały,ˈlɪstlɪs
litany,litania,ˈlɪtənɪ
liter,litr,litre|ˈli:tə
literacy,umiejętność czytania i pisania,ˈlɪtərəsɪ
literal,"1.  dosłowny
 2.  literalny",ˈlɪtərəl
literary,"1.  literacki
 2.  poetycki",ˈlɪtərərɪ
literate,"1.  piśmienny
 2.  dobrze wykształcony",ˈlɪtərət
literature,"1.  literatura
 2.  piśmiennictwo",ˈlɪtrəʧə
lithuania,litwa,ˌlɪθjʊˈeɪnɪə
lithuanian,"i.    litewski
ii.    litwin",ˌlɪθjʊˈeɪnɪən
litigate,procesować się,ˈlɪtɪgeɪt
litigation,sprawa,spór sądowy|ˌlɪtɪˈgeɪʃən
litre,liter,litr|ˈli:tə
litter,"i.   1.  śmieci
 2.  miot","lęg
ii.    zaśmiecać|ˈlɪtə"
liturgy,liturgia,ˈlɪtəʤɪ
live,"live
i.   1.  żyć
 2.  mieszkać
 3.  [życie]  prowadzić","przetrwać
 2.  żywić się
 3.  trwać
iv.  live up to  1.  [pozycję]  dotrzymywać
 2.  [oczekiwania]  spełniać
v.   1.  [rośliny]  żywy
 2.  [transmisja]  bezpośredni
 3.  [przewód elektr.]  pod napięciem
 4.  [pocisk]  uzbrojony
 5.  [przedstawienie]  na żywo|spędzać
ii.  live down   zmazywać
iii.  live on  1.  przeżywać"
livelihood,źródło utrzymania,ˈlaɪvlɪhʊd
lively,"1.  żywy
 2.  ożywiony",ˈlaɪvlɪ
liven up,ożywiać,ożywiać się|ˌlaɪvən ˈʌp
liver,wątroba,ˈlɪvə
livestock,trzoda,ˈlaɪvstɒk
livid,"1.  [nieform]  rozjuszony
 2.  zsiniały",ˈlɪvɪd
living,"i.   1.  żyjący
 2.  mieszkalny
ii.   1.  utrzymanie
 2.  make a living 
 - utrzymywać się
 3.  do sth for a living 
 - utrzymywać się z czegoś
iii.  living room",pokój dzienny|salonik|ˈlɪvɪŋ|ˈlɪvɪŋ ru:m
lizard,jaszczurka,ˈlɪzəd
llama,[zwierzę]  lama,ˈlɑ:mə
lmt,czas lokalny,ˌ$⋅⋅$ˈ$⋅$
loaded,1.  załadowany,"obładowany
 2.  naładowany
 3.  [nieform]  nadziany
 4.  podchwytliwy|ˈləʊdɪd"
loaf,bochenek,ləʊf
loan,"i.    pożyczać 
ii.   1.  pożyczka","kredyt
 2.  pożyczenie|kredyt bankowy|ləʊn"
loathe,ləʊð,nie cierpieć
loathing,obrzydzenie,wstręt|ˈləʊðɪŋ
lobby,"grupa nacisku
ii.    wywierać presję","i.   1.  hall|westybul
 2.  lobby|ˈlɒbɪ"
lobe,ləʊb,płatek  [ucha]
lobster,homar,ˈlɒbstə
local,"1.  lokalny
 2.  miejscowy",ˈləʊkəl
locality,ləʊˈkælɪtɪ,miejsce
locate,"1.  wynajdować
 2.  lokować",ləʊˈkeɪt
location,"1.  umiejscowienie
 2.  miejsce
 3.  on location 
 - w plenerze",ləʊˈkeɪʃən
loch,jezioro,ˈlɒk
lock,"and barrel 
 - wszystko","blokować się
 3.  [w walce]  zwierać się
ii.   1.  [w drzwiach]  zamek
 2.  [na kanale]  śluza
 3.  [włosów]  lok
 4.  lock|i.   1.  zamykać na zamek|lɒk|stock"
locker,schowek,schowek na bagaż|ˈlɒkə
locket,medalion,ˈlɒkɪt
locomotive,lokomotywa,ˌləʊkəˈməʊtɪv
locust,szarańcza,ˈləʊkəst
lodge,"domek
ii.   1.  lokować","i.    domek dozorcy|lɒʤ|przebywać
 2.  utkwić
 3.  pozostawać
 4.  [form]  składać"
lodger,lokator,sublokator|ˈlɒʤə
lodging,"1.  zakwaterowanie
 2. lodgings  wynajęte mieszkanie",ˈlɒʤɪŋ
loft,lɒft,strych
lofty,"1.  [form]  wyniosły
 2.  wzniosły",ˈlɒftɪ
loggerheads,"be at loggerheads 
 - kłócić się",ˈlɒgəhedz
logic,logika,ˈlɒʤɪk
logical,logiczny,ˈlɒʤɪkəl
logistics,logistyka,ləˈʤɪstɪks
loins,"1.  lędźwie
 2.  genitalia",lɔɪnz
loiter,marudzić,zwlekać|ˈlɔɪtə
loll,"1.  rozwalać się
 2.  zwieszać się","lɒl|wywieszać|zwieszać
 3.  wywieszać się"
lollipop,lizak,ˈlɒlɪpɒp
lolly,"1.  lizak
 2.  lody na patyku
 3.  [pieniądze]  flota",ˈlɒlɪ
london,"i.    londyn
ii.    londyński",ˈlʌndən
londoner,londyńczyk,ˈlʌndənə
lone,jedyny,ləʊn|pojedynczy
lonely,"1.  samotny
 2.  osamotniony",ˈləʊnlɪ
loner,samotnik,ˈləʊnə
lonesome,osamotniony,ˈləʊnsəm
long,"long.
  długość",
longdistance,"1.  długodystansowy
 2.  zamiejscowy",long-distance|ˌlɒŋ ˈdɪstəns
longevity,długowieczność,lɒnˈʤevɪtɪ
longitude,długość,długość geograficzna|ˈlɒŋɪtju:d
longlife,długotrwały,long-life|o przedłużonej trwałości|ˌlɒŋˈlaɪf
longlived,długowieczny,long-lived|ˌlɒŋˈlɪvd
longplaying,"a. długogrający
 b.
      ""long-playing record""  - płyta długogrająca analogowa
 c.
      ""long-playing record""  - płyta długogrająca",long-playing|ˌlɒŋ ˈpleɪɪŋ
longrange,dalekiego zasięgu,dalekosiężny|long-range|ˌlɒŋˈreɪnʤ
longsighted,dalekowzroczny,long-sighted|ˌlɒŋˈsaɪtɪd
longstanding,długotrwały,long-standing|ˌlɒŋˈstændɪŋ
longterm,"1.  długoterminowy
 2.  in the long term 
 - w ostatecznym rezultacie",long-term|ˌlɒŋˈtɜ:m
longwinded,long-winded,rozwlekły|ˌlɒŋˈwɪndɪd
loo,lu:,ubikacja
lookout,1.  czujka,"czata
 2.  miejsce obserwacyjne
 3.  be on the lookout for 
 - wypatrywać|wyglądać|wyglądać
 4.  keep a lookout for 
 - wypatrywać|ˈlʊkaʊt"
loom,budzić duże zaniepokojenie,"i.   1.  zarysowywać się|lu:m|wyłaniać się
 2.  nadciągać|zbierać się
ii.   1.  krosno
 2.  loom large 
 - odgrywać ważną rolę"
loony,"i.    szajbnięty
ii.    szajbus",ˈlu:nɪ
loop,"i.    pętla
ii.   1.  obwiązywać
 2.  robić pętlę",lu:p
loophole,furtka,luka|ˈlu:phəʊl
loose,1.  luźny,"lu:s|set loose 
 - oswobadzać się
 6.  be at a loose end 
 - nie mieć co ze sobą zrobić|sypki
 2.  swobodny
 3.  [przest]  rozwiązły
 4.  let loose 
 - oswobadzać
 5.  cut"
loosen,1.  rozluźniać się,"poluźniać
 2.  poluzowywać|poluźniać się|rozluźniać|ˈlu:sən"
loot,"grabić
ii.    [nieform]  łup",i.    łupić|lu:t
lop,lɒp,odrąbywać  [gałęzie]
lopsided,koślawy,krzywy|ˌlɒpˈsaɪdɪd
lord,"1.  lord
 2.  pan","boże ty mój!''|dobry boże!''
 5.  ``my lord!'' 
 -|lɔ:d|pan
 4.  ``good lord!'' 
 -"
lore,folklor,lɔ:|tradycja
lorry,ciężarówka,ˈlɒrɪ
loser,"i.    przegrywający
ii.   1.  [nieform]  pechowiec
 2.  be the loser 
 - tracić",ˈlu:zə
loss,1.  strata,"lɒs|nie znajdować|utrata
 2.  deficyt
 3.  be at a loss 
 - nie wiedzieć co robić
 4.  be at a loss for  
 - nie znajdować słów"
lost,i.   1.  zgubiony,"lɒst|rzeczy zagubione|spływaj!''
ii.  lost property|zgubiony 
 2.  stracony
 3.  get lost 
 - gubić się
 4.  [nieform]  ``get lost!'' 
 -"
lotion,balsam,płyn kosmetyczny|ˈləʊʃən
lottery,loteria,ˈlɒtərɪ
loud,"i.   1.  głośny
 2.  hałaśliwy 
 3.  krzyczący
ii.   1.  głośno
 2.  out loud 
 - na głos",laʊd
loudspeaker,głośnik,ˌlaʊdˈspi:kə
louisiana,lu:ˌi:zɪˈænə,
lounge,"i.    hall
ii.    rozkładać się","laʊnʤ|rozwalać się
iii.  lounge suit|ubranie na co dzień|ˈlaʊnʤsu:t"
louse,laʊs,wesz
lousy,"1.  wszawy
 2.  do dupy",ˈlaʊzɪ
lout,chuligan,laʊt
lovable,uroczy,ˈlʌvəbəl
loveless,"1.  [małżeństwo]  bez miłości
 2.  [człowiek]  nie kochany",ˈlʌvlɪs
lovely,cudowny,wspaniały|ˈlʌvlɪ
lovemaking,kochanie się  [spółkowanie],love-making|ˈlʌvmeɪkɪŋ
lover,"1.  kochanek
 2.  miłośnik",ˈlʌvə
loving,"1.  kochający
 2.  czuły",ˈlʌvɪŋ
lowcut,głęboko wycięty,low-cut|wydekoltowany|ˈləʊkʌt
lower,ceny]  obniżać,"i.   1.  niższy
 2.  dolny
ii.   1.  [o przedmiocie]  opuszczać 
 2.  [poziom|zaniżać
 3.  [głos]  zniżać|ˈləʊə"
lowkey,dyskretny,low-key|z rezerwą|ˌləʊˈki:
lowlands,niziny,ˈləʊləndz
lowly,niski,skromny|ˈləʊlɪ
loyal,lojalny,ˈlɔɪəl
loyalty,"1.  lojalność
 2.  wierność",przywiązanie|ˈlɔɪəltɪ
lozenge,tabletka,tabletka do ssania|ˈlɒzɪnʤ
lp,płyta długogrająca,płyta długogrająca analogowa|ˌ$⋅$ˈ$⋅$
lq,$⋅$ˈ$⋅$,[komp]  wysoka jakość  [druku]
lsd,ˌ$⋅⋅$ˈ$⋅$,
lst,czas lokalny,ˌ$⋅⋅$ˈ$⋅$
lt,"lt.
  porucznik",
ltcol,"lt.-col.
  podpułkownik",
ltd,"ltd.
  z o.o.",z ograniczoną odpowiedzialnością
lubricate,smarować,ˈlu:brɪkeɪt
lucid,1.  [form]  przejrzysty,"zrozumiały
 2.  przytomny
 3.  [lit]  jasny|ˈlu:sɪd"
luck,"1. good luck  szczęście
 2.  bad luck 
 - pech
 3.  ``bad","ale pech''
 4.  ``*good|best of* luck'' 
 -|hard luck'' 
 -|lʌk"
luckily,na szczęście,ˈlʌkɪlɪ
lucky,"1.  szczęśliwy 
 2.  przynoszący powodzenie",ˈlʌkɪ
lucrative,lukratywny,ˈlu:krətɪv
ludicrous,groteskowy,śmieszny|ˈlu:dɪkrəs
lug,lʌg,tachać|taskać
luggage,bagaż,ˈlʌgɪʤ
lugubrious,ləˈgu:brɪəs,pogrzebowy|żałobny
lukewarm,"1.  letni
 2.  niezainteresowany",obojętny|ˌlu:kˈwɔ:m
lull,i.    przerwa,"lʌl|okres ciszy
ii.   1.  ukołysać 
 2.  uśpić"
lullaby,kołysanka,ˈlʌləbaɪ
lumber,"drewno
 2.  [br]  rupiecie
ii.    gramolić się
iii.  lumber with   obarczać",i.   1.  [us]  drewno ścięte|ˈlʌmbə
luminous,fosforyzujący,luminescencyjny|ˈlu:mɪnəs
lump,"bryła
 2.  narośl","guz
 3.  kostka cukru|i.   1.  kawał|kostka
ii.   1.  traktować jednakowo 
 2.  skupiać|kwota ogólna"
lumpy,"1.  wyboisty
 2.  grudowaty",ˈlʌmpɪ
lunacy,szaleństwo,ˈlu:nəsɪ
lunar,księżycowy,ˈlu:nə
lunatic,"i.    [nieform]  szaleniec
ii.    szalony",ˈlu:nətɪk
lunch,i.    lekki obiad,"lunch
ii.    [form]  spożywać obiad
iii.  lunch hour|obiad|pora obiadowa|przerwa obiadowa
iv.  lunch time"
luncheon,lunch,ˈlʌnʧ
lung,lʌŋ,płuco
lunge,"i.    szarpnąć się   
ii.    szarpnięcie się",szarpnięcie|ˈlʌnʤ
lurch,"i.   1.  zataczać się
 2.  skakać 
ii.    zatoczenie się",lɜ:ʧ
lure,"i.    wabić
ii.    przynęta",lʊə
lurid,"1.  okropny
 2.  krzykliwy",ˈlʊərɪd
lurk,czaić się,lɜ:k
luscious,"1.  smakowity
 2.  rewelacyjny",ˈlʌʃəs
lush,1.  bujny,"lʌʃ|wybujały
 2.  luksusowy"
lustful,pożądliwy,ˈlʌstfʊl
lustre,"1.  połysk
 2.  blask",ˈlʌstə
lusty,krzepki,pełen wigoru|ˈlʌstɪ
lute,lu:t,lutnia
luxuriant,"1.  wybujały
 2.  bujny",lʌgˈʒʊərɪənt
luxuriate,dobrze się czuć,lʌgˈʒʊərɪeɪt|rozkoszować się
luxurious,"1.  luksusowy
 2.  pełny",lʌgˈʒʊərɪəs|swobodny
luxury,"i.    luksus
ii.    luksusowy",ˈlʌkʃərɪ
lw,"lw
  fale długie",
lynch,linczować,lɪnʧ
lynx,lɪŋks,ryś
lyre,lira,ˈlaɪə
lyric,liryczny,ˈlɪrɪk
lyrical,liryczny,ˈlɪrɪkəl
lyrics,słowa,słowa pieśni|ˈlɪrɪks
m,"m.
i.
   see also: {male}

   see also: {masculine}
  męski
ii.
   see also: {married}
  zamężna","żonaty
iii.
   see also: {mile}
  mila"
ma,magister,magister nauk humanistycznych|ˌ$⋅$ˈ$⋅$
mac,mæk,płaszcz przeciwdeszczowy
macabre,makabryczny,məˈkɑ:bə
macaroni,makaron rurki,ˌmækəˈrəʊnɪ
macedonia,mæsɪˈdəʊnɪə,
macedonian,"i.    macedoński
ii.    macedończyk",mæsɪˈdəʊnɪən
machete,maczeta,məˈʧetɪ
machine,"i.   1.  maszyna
 2.  aparat
ii.    obrabiać maszynowo","karabin maszynowy|məˈʃi:n|məˈʃi:n gʌn|obrabiać
iii.  machine gun"
machinery,1.  urządzenia mechaniczne,"maszyny
 2.  maszyneria|mechanizm|məˈʃi:nərɪ"
macintosh,płaszcz przeciwdeszczowy,ˈmækɪntɒʃ
mackerel,makrela,ˈmækərəl
mackintosh,płaszcz przeciwdeszczowy,ˈmækɪntɒʃ
mad,1.  zwariowany,"mæd|niespełna rozumu
 2.  wściekły
 3.  opętany
 4.  [nieform]  be mad 
 - mieć świra  
 5.  drive sb mad 
 - doprowadzać kogoś do wściekłości"
madame,"madame
  pani",mme
madden,rozwścieczać,ˈmædən
made,meɪd,zrobiony
madetomeasure,made-to-measure,zrobiony na miarę|zrobiony na zamówienie|ˌmeɪdtəˈmeʒə
madly,"1.  szalenie
 2.  szaleńczo",ˈmædlɪ
madman,"1.  szaleniec
 2.  wariat",ˈmædmən
madness,"1.  szaleństwo
 2.  obłęd",ˈmædnɪs
madrid,madryt,mədˈrɪd
magazine,magazyn,miesięcznik|ˌmægəˈzi:n
maggot,czerw,ˈmægət
magic,"czar
ii.    magiczny",czarodziejski|czary|i.    magia|ˈmæʤɪk
magical,czarodziejski,magiczny|ˈmæʤɪkəl
magician,1.  iluzjonista,"məˈʤɪʃən|prestidigitator
 2.  czarownik"
magistrate,sędzia pokoju,ˈmæʤɪstreɪt
magnanimous,mægˈnænɪməs,wielkoduszny
magnate,magnat,ˈmægneɪt
magnet,magnes,ˈmægnɪt
magnetic,magnetyczny,mægˈnetɪk
magnetism,magnetyzm,ˈmægnətɪzəm
magnification,powiększenie,ˌmægnɪfɪˈkeɪʃən
magnificent,mægˈnɪfɪsənt,wspaniały
magnify,"1.  powiększać
 2.  wyolbrzymiać",ˈmægnɪfaɪ
magnitude,duży rozmiar,rozmiar|wielkość|ˈmægnɪtju:d
magpie,sroka,ˈmægpaɪ
mahogany,mahoń,məˈhɒgənɪ
maid,meɪd,pokojówka|służąca
maiden,"dziewica
ii.    dziewiczy
iii.  maiden name",i.    [lit]  panna|nazwisko panieńskie|ˈmeɪdən|ˈmeɪdən neɪm
mail,"i.    poczta
ii.   1.  wysyłać pocztą","meɪl|meɪl ˈɔ:də|wysyłać
 2.  by mail 
 - pocztą
iii.  mail order|zamówienie pocztowe"
mailbox,skrzynka pocztowa,ˈmeɪlbɒks
mailman,listonosz,ˈmeɪlmən
maim,meɪm,okaleczać
maine,meɪn,
mainframe,komputer główny,komputer główny duży|ˈmeɪnfreɪm
mainland,"i.    kontynent
ii.    kontynentalny",ˈmeɪnlənd
mainly,głównie,zasadniczo|ˈmeɪnlɪ
mainspring,główna przyczyna,główna przyczyna sprężyna|ˈmeɪnsprɪŋ
mainstay,podstawa,ˈmeɪnsteɪ
mainstream,"i.    główny nurt
ii.    najważniejszy",uważany za podstawowy|ˈmeɪnstri:m
maintain,"1.  utrzymywać 
 2.  konserwować",dbać|meɪnˈteɪn
maintenance,"1.  utrzymanie
 2.  konserwacja",ˈmeɪntənəns
maisonette,małe mieszkanie dwupoziomowe,mieszkanie dwupoziomowe|ˌmeɪzəˈnet
maize,kukurydza,meɪz
maj,"maj.
  major",
majestic,majestatyczny,məˈʤestɪk
major,dur,"i.   1.  główny
 2.  [muz]  durowy|majorowy
ii.    [wojsk]  major
iii.    [praw]  pełnoletni
iv.    [us]  specjalizować się|ˈmeɪʤə"
majority,"1.  większość
 2.  [praw]  pełnoletność
 3.  be in a","məˈʤɒrɪtɪ|the majority 
 - stanowić większość"
makebelieve,make-believe,poza|udawanie|ˌmeɪkbəˈli:v
maker,producent,ˈmeɪkə
makeshift,doraźny,tymczasowy|ˈmeɪkʃɪft
makeup,"1.  makijaż
 2.  charakter
 3.  skład",make-up|ˈmeɪkʌp
making,1.  wytwarzanie,"mieć zadatki czegoś|produkcja
 2.  in the making 
 - w zalążku|rozwijający się
 3.  have the makings of sth 
 - mieć zadatki na coś|ˈmeɪkɪŋ"
maladjusted,niedostosowany,ˌmæləˈʤʌstɪd
malady,choroba,ˈmælədɪ
malaise,məˈleɪz,niepokój
malaria,məˈlærɪə,
malay,"i.    malajski
ii.    malaj",məˈleɪ
malaysia,malezja,məˈleɪzɪə
malaysian,malezyjski,məˈleɪzɪən
male,i.   1.  samiec,"meɪl|męski osobnik
 2.  mężczyzna
ii.    męski"
malevolent,məˈlevələnt,nieżyczliwy
malfunction,"i.    źle funkcjonować
ii.    niesprawność",ˌmælˈfʌŋkʃən
malice,złośliwość,ˈmælɪs
malicious,məˈlɪʃəs,złośliwy
malign,məˈlaɪn,oczerniać|zniesławiać
malignant,məˈlɪgnənt,złośliwy
malinger,məˈlɪŋgə,symulować chorobę
mall,centrum handlowe,mɔ:l
mallet,młotek drewniany,ˈmælɪt
malnutrition,niedożywienie,ˌmælnjʊˈtrɪʃən
malpractice,zaniedbanie,ˌmælˈpræktɪs
malt,"1.  słód
 2.  słodowy",mɔ:lt
maltreat,maltretować,znęcać się|ˌmælˈtri:t
mammal,ssak,ˈmæməl
mammoth,"i.    mamut
ii.    gigantyczny",ˈmæməθ
manage,1.  zdołać,"podołać
 2.  kierować
 3.  dawać sobie radę|ˈmænɪʤ"
manageable,wykonalny,ˈmænɪʤəbəl
management,1.  kierownictwo,"władza|zarządzanie
 2.  kontrola|ˈmænɪʤmənt"
manager,1.  dyrektor,"kierownik
 2.  menadżer|ˈmænɪʤə"
managerial,kierowniczy,ˌmænɪˈʤɪərɪəl
managing,główny dyrektor,ˈmænɪʤɪŋ
mandarin,mandarynka,ˈmændərɪn
mandate,1.  poparcie,"mandat
 2.  zadanie|upoważnienie|ˈmændeɪt"
mandatory,nakazany prawem,ˈmændətərɪ
mane,grzywa,meɪn
maneuver,"i.    manewr
ii.    manewrować",manoeuvre|məˈnu:və
manfully,namiętnie,z determinacją|ˈmænfʊlɪ
mangle,"i.    szarpać
ii.    magiel",ˈmæŋgəl
mango,ˈmæŋgəʊ,
manhandle,poturbować,ˈmænhʌndəl
manhole,właz,ˈmænhəʊl
manhood,"1.  męskość
 2.  dojrzałość",ˈmænhʊd
manhour,man-hour,roboczogodzina|ˈmænaʊə
manhunt,obława,pościg|ˈmænhʌnt
mania,ˈmeɪnɪə,
maniac,maniak,ˈmeɪnɪæk
manic,maniakalny,szaleńczy|ˈmænɪk
manicure,i.    pielęgnować paznokcie,"pielęgnacja|pielęgnować
ii.    pielęgnacja paznokci|ˈmænɪkjʊə"
manifest,i.    oczywisty,"przejawiać|unaoczniony
ii.    przedstawiać|ˈmænɪfest"
manifestation,objaw,przejaw|ˌmænɪfeˈsteɪʃən
manifesto,manifest,ˌmænɪˈfestəʊ
manifold,różnoraki,ˈmænɪfəʊld
manila,manilla,məˈnɪlə|papier pakowy
manilla,manila,məˈnɪlə|papier pakowy
manipulate,manipulować,məˈnɪpjəleɪt
manipulation,manipulacja,məˌnɪpjəˈleɪʃən
mankind,ludzkość,ˌmænˈkaɪnd
manly,męski,ˈmænlɪ
manmade,man-made,przekształcony przez człowieka|ˌmænˈmeɪd
manner,"1.  sposób
 2.  usposobienie
 3.  [lit]  rodzaj
 4. manners  maniery
 5.  in a manner of speaking 
 - że tak powiem",ˈmænə
mannerism,dziwactwo,zmanierowanie|ˈmænərɪzəm
manoeuvre,"i.    manewr
ii.    manewrować",maneuver|məˈnu:və
manor,1.  dwór obronny,"dwór
 2.  majątek|ˈmænə"
manpower,siła robocza,ˈmænpaʊə
mansion,rezydencja,ˈmænʃən
manslaughter,zabójstwo,ˈmænslɔ:tə
mantelpiece,półka nad kominkiem,ˈmæntəlpi:s
mantle,płaszcz,ˈmæntəl
manual,"i.    ręczny
ii.    instrukcja",podręcznik|ˈmænjʊəl
manufacture,"i.   1.  produkować
 2.  preparować
ii.    produkcja",ˌmænjəˈfækʧə
manufacturer,producent,ˌmænjəˈfækʧərə
manure,gnój,məˈnjʊə
manuscript,rękopis,ˈmænjəskrɪpt
many,1.  wiele,"bardzo dużo
 3.  how many 
 - ile
 4.  as many as 
 - tyle ...|dużo
 2.  a good|great many 
 - bardzo wiele|ile"
map,i.    mapa,"mæp|plan
ii.    przedstawiać na mapie
iii.  map out   planować|rozkładać|rozkładać w czasie"
maple,klon,ˈmeɪpəl
mar,"mar.
  marzec",mɑ:|niszczyć
marathon,"i.    maraton
ii.    maratoński",ˈmærəθən
marauder,maruder,məˈrɔ:də|rabuś
marauding,məˈrɔ:dɪŋ,plądrujący|rabujący
marble,"1.  marmur
 2.  kulka
 3. marbles  gra w kulki",kulki|ˈmɑ:bəl
march,"i.   1.  marsz
 2.  pochód
ii.   1.  maszerować
 2.  wyprowadzać",marzec|ˈmɑ:ʧ
mare,klacz,kobyła|ˈmeə
margarine,margaryna,ˌmɑ:ʤəˈri:n
margin,"1.  margines
 2.  przewaga
 3.  [form]  krawędź",brzeg|ˈmɑ:ʤɪn
marginal,marginesowy,ˈmɑ:ʤɪnəl
marigold,nagietek,ˈmærɪgəʊld
marijuana,marihuana,ˌmærɪˈwɑ:nə
marina,məˈri:nə,przystań
marinate,marynować,marynować się|ˈmærɪneɪt
marine,"i.    morski
ii.   1.  [us]  żołnierz piechoty morskiej
 2.  [br]  marynarz",məˈri:n
marital,"i.    małżeński
ii.  marital status   stan cywilny",ˈmærɪtəl
maritime,morski,ˈmærɪtaɪm
marjoram,majeranek,ˈmɑ:ʤərəm
mark,"być
 6.  [rocznicę]  uhonorowywać
 7.  [o cesze]  cechować
 8.  quick off the mark 
 - błyskawicznie
 9.  mark time 
 - zabijać czas","granica
 5.  [np. niemiecka]  marka
ii.   1.  [np. o soku]  zostawiać ślady 
 2.  [odzież]  oznaczać
 3.  [klasówkę]  oceniać
 4.  [pozycję]  wyznaczać
 5.  [stadium]  stanowić|i.   1.  ślad|mɑ:k|plama
 2.  [w teście]  punkt
 3.  [w szkole]  stopień
 4.  [w rozwoju]  poziom"
marked,wyraźny,ˈmɑ:kt
marker,znacznik,znak|ˈmɑ:kə
market,dostępny,"i.   1.  targ
 2.  rynek
ii.   1.  wypuszczać na rynek
 2.  on the market 
 - dostępny na rynku|ˈmɑ:kɪt"
marketable,dający się sprzedać,rynkowy|ˈmɑ:kɪtəbəl
marketing,ˈmɑ:kɪtɪŋ,
marksman,strzelec wyborowy,ˈmɑ:ksmən
marmalade,marmolada z owoców cytrusowych,ˈmɑ:məleɪd
maroon,kasztanowy,məˈru:n
marooned,məˈru:nd,odcięty od świata
marq,"marq.
  markiz",
marquee,duży namiot,mɑ:ˈki:
marquess,markiz,marquis|ˈmɑ:kwɪs
marquis,markiz,marquess|ˈmɑ:kwɪs
marriage,małżeństwo,ˈmærɪʤ
married,1.  żonaty,"wychodzić za mąż|zamężna 
 2.  małżeński
 3.  get married 
 - żenić się|ˈmærɪd"
marrow,"1.  szpik
 2.  [br]  kabaczek",ˈmærəʊ
marry,1.  pobierać się,"wychodzić za mąż
 2.  udzielać ślubu
 3.  [form]  żenić|żenić się|ˈmærɪ"
marsh,bagno,mɑ:ʃ
marshal,"dowódca
 3.  [br]  mistrz ceremonii","i.    zbierać razem
ii.   1.  marszałek
 2.  [us]  dowódca okręgowej policji|ˈmɑ:ʃəl"
marshy,bagnisty,ˈmɑ:ʃɪ
martial,i.    wojskowy,"militarny
ii.  martial arts   sztuki walki|ˈmɑ:ʃəl"
martyr,męczennik,ˈmɑ:tə
martyrdom,męczeństwo,ˈmɑ:tədəm
marvel,"i.    zadziwiać się 
ii.    dziw",ˈmɑ:vəl
marvellous,cudowny,marvelous|ˈmɑ:vələs
marvelous,cudowny,marvellous|ˈmɑ:vələs
maryland,ˈmeərɪlənd,
marzipan,marcepan,ˈmɑ:zɪpæn
masc,"masc.
  męski",
mascara,mæˈskɑ:rə,tusz do rzęs
mascot,maskotka,ˈmæskət
masculine,"1.  męski
 2.  zmaskulinizowany",ˈmæskjəlɪn
mash,mæʃ,tłuc
mask,"i.    maska
ii.    maskować",mɑ:sk
masochism,masochizm,ˈmæsəkɪzəm
masochist,masochista,ˈmæsəkɪst
mason,kamieniarz,ˈmeɪsən
masonry,"1.  kamieniarstwo
 2.  murarka",ˈmeɪsənrɪ
masquerade,"i.    maskarada
ii.    podawać się",ˌmæskəˈreɪd
massachusetts,ˌmæsəˈʧu:səts,
massacre,"i.    masakra
ii.    masakrować",ˈmæsəkə
massage,"i.    masować
ii.    masaż",ˈmæsɑ:ʒ
massive,"1.  masywny
 2.  wielki",rozległy|ˈmæsɪv
massproduce,mass-produce,produkować na masową skalę|ˌmæs prəˈdju:s
mast,maszt,mɑ:st
master,"emocje]  opanowywać
 2.  [komp]  [urządzenie]  nadrzędny
 3.  master of ceremonies 
 - mistrz ceremonii","i.   1.  pan
 2.  [br]  [w szkole]  nauczyciel|konferansjer|profesor
 3.  [ucznia]  mistrz
 4.  [robotników]  majster
 5.  [po studiach]  a. magister
 b.
      ""master of arts""  - magister nauk humanistycznych
 c.
      ""master of arts""  - magister
 6. master  [dla służby]  panicz
 7.  [tytuł rzemieślnika]  mistrz
ii.   1.  [język|ˈmɑ:stə"
masterful,władczy,ˈmɑ:stəfʊl
masterly,mistrzowski,ˈmɑ:stəlɪ
mastermind,główny organizator,"i.    planować|przeprowadzać
ii.    dusza|ˈmɑ:stəmaɪnd"
masterpiece,arcydzieło,ˈmɑ:stəpi:s
mastery,"1.  biegłość   
 2.  panowanie",ˈmɑ:stərɪ
masturbate,onanizować się,ˈmæstəbeɪt
masturbation,masturbacja,ˌmæstəˈbeɪʃən
masuria,mazury,məˈsjʊərɪə
masurian,mazurski,məˈsjʊərɪən
mat,1.  mata,"chodnik|mæt|podkładka
 2.  dywanik"
match,"i.   1.  mecz
 2.  równy przeciwnik
 3.  zapałka
ii.   1.  [myśli]  odpowiadać
 2.  [np. kolorem]  dopasowywać   
 3.  pasować do siebie","mæʧ|pasować
 4.  [szybkością]  dorównywać
 5.  be no match for sth 
 - nie równać się z czymś"
matchbox,pudełko zapałek,ˈmæʧbɒks
matching,odpowiadający,pasujący|ˈmæʧɪŋ
matchless,niedościgniony,ˈmæʧlɪs
mate,"i.   1.  [nieform]  kumpel
 2.  [stopień w marynarce]  mat
 3.  partner seksualny
ii.    [seksualnie]  parzyć się",meɪt
material,"i.    materiał
ii.    materialny",məˈtɪərɪəl
materialise,materialize,materializować się|məˈtɪərɪəlaɪz
materialism,materializm,məˈtɪərɪəlɪzəm
materialistic,materialistyczny,məˈtɪərɪəlɪstɪk
materialize,materialise,materializować się|məˈtɪərɪəlaɪz
maternal,macierzyński,matczyny|məˈtɜ:nəl
maternity,"1.  macierzyński
 2.  położniczy",məˈtɜ:nɪtɪ
math,"1.  [us nieform]  matma
 2. maths  [br nieform]  matma",mæθ
mathematical,matematyczny,ˌmæθəˈmætɪkəl
mathematician,matematyk,ˌmæθəməˈtɪʃən
mathematics,matematyka,ˌmæθəˈmætɪks
matinee,matinée,popołudniówka|przedstawienie|ˈmætɪneɪ
mating,godowy,rozrodczy|ˈmeɪtɪŋ
matinée,matinee,popołudniówka|przedstawienie|ˈmætɪneɪ
matriculate,immatrykulować się,məˈtrɪkjəleɪt
matriculation,immatrykulacja,məˌtrɪkjəˈleɪʃən
matrimonial,matrymonialny,ˌmætrɪˈməʊnɪəl
matrimony,małżeństwo,ˈmætrɪmənɪ
matrix,matryca,ˈmeɪtrɪks
matron,"1.  siostra przełożona
 2.  siostra","pielęgniarka
 3.  matrona|ˈmeɪtrən"
matt,matowy,mæt
matted,skołtuniony,zmierzwiony|ˈmætɪd
matter,"i.   1.  sprawa
 2.  [termin]  materia","jeśli chodzi o
 7.  for that matter 
 - jeśli o to chodzi|liczyć się 
 2.  reading matter 
 - literatura|piśmiennictwo
 3.  printed matter 
 - druk
 4.  *is anything|substancja
 3.  [med]  ropa
ii.   1.  mieć znaczenie"
matteroffact,chłodny,matter-of-fact|rzeczowy|ˌmætərəvˈfækt
matting,mata,ˈmætɪŋ
mattress,materac,ˈmætrəs
mature,"i.    dojrzewać
ii.    dojrzały",məˈʧʊə
maturity,dojrzałość,dorosłość|məˈʧʊərɪtɪ
maudlin,rzewny,sentymentalny|ˈmɔ:dlɪn
maul,mɔ:l,szarpać
mausoleum,mauzoleum,ˌmɔ:səˈlɪəm
mauve,fiołkowy,məʊv
maverick,dysydencki,"dysydent
ii.    niezależny|i.    samotnik|ˈmævərɪk"
max,maksymalny,"max.
  maksimum"
maxi,ˈmæksɪ,
maxim,maksyma,ˈmæksɪm
maximise,maximize,zwiększać maksymalnie|ˈmæksɪmaɪz
maximize,maximise,zwiększać maksymalnie|ˈmæksɪmaɪz
maximum,"i.    maksymalny
ii.    maksimum",ˈmæksɪməm
may,"1.  a. móc
 b.
      ""it may rain""  - może padać
 2.  a. wolno  [komuś]
 b.
      ""he may do it""  - wolno mu to zrobić","maj|meɪ|może to zrobić
 3.  [w życzeniu]  a. oby
 b.
      ""may you be successful""  - obyś był szczęśliwy"
maybe,być może,może|ˈmeɪbɪ
mayonnaise,majonez,ˌmeɪəˈneɪz
mayor,burmistrz,meə
maze,"1.  labirynt
 2.  gmatwanina",meɪz
mc,"i.  
   see also: {marine corps}
 [us]   piechota morska
ii.  
   see also: {master of ceremonies}
  mistrz ceremonii","konferansjer
iii.  
   see also: {member of congress}
 [us]   członek kongresu|kongresmen
iv.  
   see also: {military cross}
 [us]   krzyż wojenny|ˌ$⋅$ˈ$⋅$"
md,doktor medycyny,medicinae doctor|ˌ$⋅$ˈ$⋅$
me,1.  mnie,"mi
 2.  a. ja
 b.
      ""who is it? -- that is me.""  - kto tam? -- ja.|mi:|mɪ"
mead,mi:d,miód|miód pitny
meadow,łąka,ˈmedəʊ
meager,meagre,niewielki|skąpy|ˈmi:gə
meagre,meager,niewielki|skąpy|ˈmi:gə
meal,mi:l,posiłek
mealtime,pora posiłku,ˈmi:ltaɪm
mean,"coś ma na celu
 4.  sth is meant for sb 
 - coś jest przeznaczone dla kogoś
 5.  sb is meant to do sth 
 - ktoś ma coś robić","gdy to mówisz?
 4.  a. chcieć|gdy to mówisz?
 c.
      ""what do you mean by saying it?""  - o co ci chodzi|i.   1.  a. znaczyć|ktoś ma coś zrobić
 6.  i mean 
 - to znaczy"
meander,i.   1.  meandrować,"mɪˈændə|wić się
 2.  kręcić się|wędrować
ii.    meander"
meaning,"1.  znaczenie
 2.  sens",ˈmi:nɪŋ
meaningful,posiadający znaczenie,znaczący|ˈmi:nɪŋfʊl
meaningless,bezsensowny,ˈmi:nɪŋlɪs
means,"1.  sposób
 2.  [form]  środki finansowe","dzięki
 4.  by all means 
 - ależ oczywiście
 5.  by no means 
 - żadnym sposobem|mi:nz|pieniądze
 3.  by means of 
 - przy pomocy"
meantime,"in the meantime 
 - tymczasem",w międzyczasie|ˈmi:ntaɪm
meanwhile,tymczasem,ˈmi:nwaɪl
measles,odra,ˈmi:zəlz
measly,nędzny,ˈmi:zlɪ
measurable,dostrzegalny,ˈmeʒərəbəl
measure,i.    mierzyć,"odmierzać
ii.   1.  miara
 2.  porcja
 3.  take measures 
 - przedsiębrać kroki|ˈmeʒə"
measured,"1.  odmierzony
 2.  rozważny",ˈmeʒəd
measurement,1.  wymiar,"rozmiar
 2.  pomiar
 3. measurements  [form]  kroki|ˈmeʒəmənt"
meat,mi:t,mięso
mechanic,mechanik,mɪˈkænɪk
mechanical,"1.  mechaniczny
 2.  techniczny",mɪˈkænɪkəl
mechanics,"1.  mechanika
 2. the mechanics  technika",mɪˈkænɪks
mechanise,mechanize,mechanizować|ˈmekənaɪz
mechanism,"1.  mechanizm
 2.  sposób",ˈmekənɪzəm
mechanize,mechanise,mechanizować|ˈmekənaɪz
medal,odznaczenie,ˈmedəl
medalist,medalista,medallist|ˈmedəlɪst
medallion,medalion,mɪˈdælɪən
medallist,medalist,medalista|ˈmedəlɪst
meddle,mieszać się,ˈmedəl
media,środki masowego przekazu,ˈmi:dɪə
mediaeval,medieval,średniowieczny|ˌmedɪˈi:vəl
mediate,pośredniczyć,ˈmi:dɪeɪt
medical,"i.    lekarski
ii.    oględziny lekarskie",ˈmedɪkəl
medication,lekarstwo,ˌmedɪˈkeɪʃən
medicinae doctor,doktor medycyny,md|ˌ$⋅$ˈ$⋅$
medicinal,leczniczy,meˈdɪsɪnəl
medicine,"1.  medycyna
 2.  lekarstwo",ˈmedɪsɪn
medieval,mediaeval,średniowieczny|ˌmedɪˈi:vəl
mediocre,mierny,pośledni|ˌmi:dɪˈəʊkə
meditate,"1.  rozmyślać   
 2.  oddawać się medytacji",ˈmedɪteɪt
meditation,medytacja,ˌmedɪˈteɪʃən
mediterranean,"1.  śródziemnomorski
 2.  the mediterranean  )
 - morze śródziemne",ˌmedɪtəˈreɪnɪən
medium,"i.    średni
ii.   1.  środek","materiał
 2.  medium|ˈmi:dɪəm"
meek,mi:k,potulny
meet,1.  spotykać się,"dochodzić|mi:t|mieć spotkanie 
 5.  [potrzeby|porażki]  zaznawać 
 10.  [o przedmiocie]  trafiać na coś"
meeting,"1.  spotkanie
 2.  zebranie",ˈmi:tɪŋ
megaphone,megafon,ˈmegəfəʊn
melancholy,"i.    melancholia
ii.    melancholijny",ˈmelənkɒlɪ
mellow,"głęboki
ii.    dojrzewać","i.   1.  dojrzały|soczysty
 2.  pełny|łagodnieć|ˈmeləʊ"
melodious,melodyjny,mɪˈləʊdɪəs
melodrama,melodramat,ˈmelədrɑ:mə
melodramatic,melodramatyczny,ˌmelədrəˈmætɪk
melody,melodia,ˈmelədɪ
melon,arbuz,ˈmelən
melt,"i.   1.  topnieć
 2.  topić się","stapiać się 
ii.  melt away  [przen]   topnieć|topić
 3.  wtapiać się|znikać
iii.  melt down   topić"
member,"członek parlamentu
ii.    członkowski","i.   1.  przedstawiciel
 2.  członek
 3.  poseł|ˈmembə"
membership,członkostwo,ˈmembəʃɪp
membrane,błona,błona śluzowa|ˈmembreɪn
memento,mɪˈmentəʊ,pamiątka
memo,memorandum,raport|ˈmeməʊ
memoirs,memuary,pamiętniki|ˈmemwɑ:z
memorable,pamiętny,ˈmemərəbəl
memorandum,ˌmeməˈrændəm,
memorial,"i.    pomnik 
ii.    pamiątkowy",mɪˈmɒrɪəl|upamiętniający
memorise,memorize,zapamiętywać|ˈmeməraɪz
memorize,memorise,zapamiętywać|ˈmeməraɪz
memory,"1.  pamięć
 2.  wspomnienie
 3.  in memory of 
 - ku czci",ˈmemərɪ
menace,"i.   1.  zagrożenie
 2.  groźba
ii.   1.  zagrażać
 2.  grozić",ˈmenɪs
menacing,groźny,ˈmenɪsɪŋ
mend,1.  naprawiać się,"naprawiać
 2.  cerować
 3.  [nieform]  on the mend 
 - poprawiać się  [po chorobie]"
menial,[praca]  podrzędny,ˈmi:nɪəl
meningitis,zapalenie opon mózgowych,ˌmenɪnˈʤaɪtɪs
menopause,klimakterium,menopauza|ˈmenəpɔ:z
menstrual,menstruacyjny,ˈmenstrʊəl
menstruate,menstruować,miesiączkować|ˈmenstrʊeɪt
menstruation,menstruacja,ˌmenstrʊˈeɪʃən
mental,"i.   1.  umysłowy
 2.  pamięciowy
ii.    chory umysłowo",ˈmentəl
mentality,mentalność,menˈtælɪtɪ|umysłowość
mention,"i.    wspominać 
ii.   1.  wzmianka
 2.  ``don't mention it'' 
 -",nie ma za co''|ˈmenʃən
mentor,ˈmentɔ:,
menu,"1.  menu
 2.  [komp]  menu",lista opcji|ˈmenju:
mercenary,"i.    najemnik
ii.    wyrachowany",ˈmɜ:rsɪnərɪ
merchandise,towar,towary|ˈmɜ:ʧəndaɪz
merchant,bank komercyjny,"hurtownik
ii.    handlowy
iii.  merchant bank|i.    kupiec|ˈmɜ:ʧənt|ˌmɜ:ʧənt  ˈbæŋk"
merciful,1.  litościwy,"miłosierny
 2.  zbawczy|ˈmɜ:sɪfʊl"
merciless,bezlitosny,ˈmɜ:sɪlɪs
mercury,rtęć,ˈmɜ:kjərɪ
mercy,1.  litość,"miłosierdzie
 2.  without mercy 
 - bez litości
 3.  at the mercy of sb 
 - na czyjejś łasce|ˈmɜ:sɪ"
mere,"i.    tylko
ii.    a. sam
 b.
      ""mere presence""  - sama obecność
iii.    ledwo",ˈmɪə
merely,jedynie,tylko|ˈmɪəlɪ
merest,czysty,najmniejszy|ˈmɪərɪst
merge,1.  scalać się,"scalać|stapiać
 2.  wtapiać się|stapiać się|ˈmɜ:ʤ"
merger,fuzja,ˈmɜ:ʤə
meridian,məˈrɪdɪən,południk
meringue,beza,məˈræŋ
merit,"i.   1.  [form]  wartość
 2.  zaleta
 3.  zasługa
ii.   1.  [form]  zasługiwać 
 2.  on one's merits 
 - według wartości",ˈmerɪt
mermaid,syrena,ˈmɜ:meɪd
merriment,wesołość,ˈmerɪmənt
merry,"1.  radosny
 2.  [nieform]  zawiany","podochocony
 3.  merry christmas 
 - wesołych świąt bożego narodzenia|wesołych świąt|ˈmerɪ"
merrygoround,karuzela,merry-go-round|ˈmerɪgəʊraʊnd
mesh,"i.    siatka
ii.    sczepiać się",meʃ
mesmerise,hipnotyzować,mesmerize|oczarowywać|ˈmezməraɪz
mesmerize,hipnotyzować,mesmerise|oczarowywać|ˈmezməraɪz
message,"1.  wiadomość
 2.  przesłanie",idea|ˈmesɪʤ
messenger,posłaniec,ˈmesənʤə
messy,1.  brudny,"zapaskudzony
 2.  niechlujny
 3.  [nieform]  niefajny|ˈmesɪ"
metabolism,metabolizm,mɪˈtæbəlɪzəm
metal,ˈmetəl,
metallic,metaliczny,mɪˈtælɪk
metamorphosis,metamorfoza,ˌmetəˈmɔ:fəsɪs
metaphor,metafora,przenośnia|ˈmetəfə
metaphysics,metafizyka,ˌmetəˈfɪzɪks
meteor,ˈmi:tɪə,
meteoric,błyskawiczny,ˌmi:tɪˈɒrɪk
meteorite,meteoryt,ˈmi:tɪəraɪt
meteorological,meteorologiczny,ˌmi:tɪərəˈlɒʤɪkəl
meteorology,meteorologia,ˌmi:tɪəˈrɒləʤɪ
meter,"i.   1.  licznik
 2.  [us]  metr
ii.    mierzyć",metr|metre|ˈmi:tə
method,metoda,ˈmeθəd
methodical,metodyczny,mɪˈθɒdɪkəl
methodist,metodysta,ˈmeθədɪst
methodology,metodyka,ˌmeθəˈdɒləʤɪ
meticulous,dokładny,drobiazgowy|mɪˈtɪkjələs
metre,meter,metr|ˈmi:tə
metric,metryczny,ˈmetrɪk
metro,[nie w krajach angielskich]  metro,ˈmetrəʊ
metropolis,metropolia,mɪˈtrɒpəlɪs
metropolitan,wielkomiejski,ˌmetrəˈpɒlɪtən
mettle,[form]  bujny temperament,krewkość|temperament|ˈmetəl
mew,miauczeć,mju:
mexican,"i.    meksykański
ii.    meksykanin",ˈmeksɪkən
mexico,meksyk,ˈmeksɪkəʊ
mgr,"mgr.
  [o księdzu]  monsignore",wasza dostojność
mi,wywiad wojskowy,ˌ$⋅$ˈ$⋅$
miaow,"i.    miauk
ii.    miauczeć",mɪˈaʊ
michigan,ˈmɪʃɪgən,
mickey,nabierać,"take the mickey  )
 - nabierać kogoś|ˈmɪkɪ"
microbe,drobnoustrój,mikrob|ˈmaɪkrəʊb
microchip,płytka półprzewodnika,układ scalony|ˈmaɪkrəʧɪp
microphone,mikrofon,ˈmaɪkrəfəʊn
microprocessor,mikroprocesor,ˈmaɪkrəprəʊsesə
microscope,mikroskop,ˈmaɪkrəskəʊp
microscopic,"1.  mikroskopowy
 2.  [nieform]  mikroskopijny
 3.  [nieform]  drobiazgowy",ˌmaɪkrəˈskɒpɪk
microwave,kuchenka mikrofalowa,ˈmaɪkrəweɪv
mid,1.  środkowy,"mɪd|średni
 2.  in mid air 
 - w powietrzu"
midday,południe,ˌmɪdˈdeɪ
middle,"1.  drugie imię
 2.  pierwszy człon nazwiska","bliski wschód
vii.  middle name|i.   1.  środek
 2.  talia|klasa średnia
vi.  the middle east|pas
ii.   1.  środkowy
 2.  pośredni
 3.  she was in her middle twenties 
 - miała około 25 lat
iii.  middle age"
middleaged,middle-aged,w średnim wieku|ˌmɪdəl ˈeɪʤd
middleman,pośrednik,ˈmɪdəlmæn
middleofthe road,centrowy,middle-of-the road|umiarkowany|ˌmɪdəl əv ðə ˈrəʊd
middling,przeciętny,średni|ˈmɪdlɪŋ
midge,komar,mɪʤ
midget,karzeł,ˈmɪʤɪt
midi,ˈmɪdɪ,
midnight,"i.    północ
ii.    nocny",przebiegający w środku nocy|w środku nocy|ˈmɪdnaɪt
midriff,talia  [pas],ˈmɪdrɪf
midst,"in the midst of 
 - w środku",mɪdst|w trakcie
midsummer,kanikuła,środek lata|ˌmɪdˈsʌmə
midway,pomiędzy,w środku|ˈmɪdweɪ
midweek,"dni w środku tygodnia
ii.    w tygodniu",i.    środek tygodnia|w środku tygodnia|ˈmɪdwi:k
midwife,położna,ˈmɪdwaɪf
mighty,bardzo,"i.    [lit]  potężny
ii.    [us]  wielce|ˈmaɪtɪ"
migraine,migrena,ˈmi:greɪn
migrant,przybysz,ˈmaɪgrənt
migrate,migrować,wędrować|ˈmaɪgreɪt
migration,maɪˈgreɪʃən,migracja|wędrówka
mike,maɪk,mikrofon
mild,"1.  łagodny
 2.  niewielki",maɪld
mildew,pleśń,ˈmɪldju:
mile,6 km],maɪl|mila  [1
mileage,dystans,ˈmaɪlɪʤ
mileometer,licznik mil,maɪˈlɒmɪtə
milestone,kamień milowy,ˈmaɪlstəʊn
milieu,otoczenie,ˈmi:ljɜ:
militant,"bojowy
ii.    bojownik",i.    wojowniczy|ˈmɪlɪtənt
military,i.    wojskowy,"militarny
ii.   the military  wojsko|ˈmɪlɪtərɪ"
militate,zapobiegać,ˈmɪlɪteɪt
militia,milicja,mɪˈlɪʃə|straż miejska
milk,eksploatować,"i.    mleko
ii.   1.  doić
 2.  [nieform]  łupić|mɪlk"
milkman,mleczarz,ˈmɪlkmən
milkshake,koktail,koktail mleczny|milk-shake|ˌmɪlkˈʃeɪk
milky,"1.  mleczny
 2.  z mlekiem",ˈmɪlkɪ
mill,"i.   1.  młyn
 2.  młynek
 3.  [przemysłowy]  zakłady","mielić|mɪl|zakład
ii.    mleć"
millennium,mɪˈlenɪəm,tysiąclecie
miller,młynarz,ˈmɪlə
millet,proso,ˈmɪlɪt
milligram,miligram,milligramme|ˈmɪlɪgrəm
milligramme,miligram,milligram|ˈmɪlɪgrəm
milliliter,mililitr,millilitre|ˈmɪlɪli:tə
millilitre,mililitr,milliliter|ˈmɪlɪli:tə
millimeter,milimetr,millimetre|ˈmɪlɪmi:tə
millimetre,milimetr,millimeter|ˈmɪlɪmi:tə
milliner,modysta,modystka|ˈmɪlɪnə
millinery,modniarstwo,ˈmɪlɪnərɪ
million,milion,ˈmɪljən
millionaire,milioner,ˌmɪljəˈneə
millionth,milionowy,ˈmɪljənθ
millstone,"1.  kamień młyński
 2.  a millstone round sb's neck 
 - problem nie do przezwyciężenia",ˈmɪlstəʊn
milometer,licznik mil,maɪˈlɒmɪtə
mime,"i.   1.  pantomima
 2.  mim
ii.    naśladować mimiką",maɪm|naśladować
mimeograph,"i.    powielacz
ii.    powielać",ˈmɪmɪəgrɑ:f
mimic,i.    naśladować,"przedrzeźniać
ii.    mimik|ˈmɪmɪk"
mimicry,"1.  naśladownictwo
 2.  mimikra",ˈmɪmɪkrɪ
min,"min.
i.
   see also: {minimum}
  minimum","minimalny
ii.
   see also: {minute}
  min.|minuta"
minaret,ˌmɪnəˈret,
mince,"i.    [br]  mięso siekane
ii.   1.  siekać
 2.  dreptać
 3.  not to mince *matters","mɪns|one's words* 
 - nie przebierać w słowach"
mincemeat,"i.   

ii.    [us]  mięso siekane",ˈmɪnsmi:t
minder,opiekun,ˈmaɪndə
mindful,"be mindful of 
 - zważać",ˈmaɪndfʊl
mindless,"1.  bezsensowny
 2.  bezmyślny",ˈmaɪndlɪs
mine,"i.    mój
ii.   1.  kopalnia
 2.  mina
iii.   1.  wydobywać","kopać 
 2.  zaminowywać|maɪn"
minefield,pole minowe,ˈmaɪnfi:ld
miner,górnik,ˈmaɪnə
mineral,"i.    minerał
ii.    mineralny",ˈmɪnərəl
mingle,mieszać się,ˈmɪŋgəl
mini,ˈmɪnɪ,
miniature,"i.    miniaturowy
ii.    miniatura",ˈmɪnɪʧə
minibus,mikrobus,ˈmɪnɪbʌs
minimal,minimalny,ˈmɪnɪməl
minimise,minimalizować,minimize|ˈmɪnɪmaɪz
minimize,minimalizować,minimise|ˈmɪnɪmaɪz
minimum,"i.    minimalny
ii.    minimum",ˈmɪnɪməm
mining,"i.    górnictwo
ii.    górniczy",ˈmaɪnɪŋ
miniskirt,mini,minispódniczka|ˈmɪnɪskɜ:t
minister,"1.  minister
 2.  duchowny",pastor|ˈmɪnɪstə
ministerial,ministerialny,ˌmɪnɪˈstɪərɪəl
ministry,"1.  ministerstwo
 2.  duchowieństwo",ˈmɪnɪstrɪ
mink,"1.  norka
 2.  [futro]  norki",mɪŋk
minnesota,ˌmɪnɪˈsəʊtə,
minor,"1.  pomniejszy
 2.  podrzędny
 3.  [muz]  molowy","minorowy
 4.  niepełnoletni|ˈmaɪnə"
minority,"1.  mniejszość
 2.  in a","maɪˈnɒrɪtɪ|the minority 
 - w mniejszości"
minster,katedra,ˈmɪnstə
minstrel,bard,ˈmɪnstrəl
mint,"cukierek miętowy
 3.  mennica
ii.    bić","i.   1.  mięta
 2.  miętus|mɪnt"
minuet,menuet,ˌmɪnjʊˈet
minus,"i.    minus
ii.    odjąć
iii.  minus sign",znak odejmowania|ˈmaɪnəs|ˈmaɪnəs saɪn
minute,"minute
i.   1.  minuta
 2. minutes  protokół
ii.    drobny",najdrobniejszy
minutely,"1.  drobiazgowo
 2.  nieco",maɪˈnju:tlɪ
miracle,"i.    cud
ii.    cudowny",ˈmɪrəkəl
miraculous,cudowny,mɪˈrækjələs
mirage,"1.  fata morgana
 2.  miraż",ˈmɪrɑ:ʒ
mirror,"i.    lustro
ii.    [lit]  odbijać",odzwierciedlać|ˈmɪrə
mirth,mɜ:θ,radość|wesołość
misadventure,nieszczęśliwy wypadek,wypadek|ˌmɪsədˈvenʧə
misapprehension,błędne mniemanie,złudzenie|ˌmɪsæprɪˈhenʃən
misappropriate,przywłaszczać,ˌmɪsəˈprəʊprɪeɪt
misbehave,źle zachowywać się,ˌmɪsbɪˈheɪv
misbehavior,misbehaviour,złe zachowanie się|ˌmɪsbɪˈheɪvɪə
misbehaviour,misbehavior,złe zachowanie się|ˌmɪsbɪˈheɪvɪə
misc,"misc.
  różne",
miscalculate,przeliczyć,przeliczyć się|ˌmɪsˈkælkjəleɪt
miscarriage,poronienie,ˌmɪsˈkærɪʤ
miscarry,"1.  poronić
 2.  [o planie]  upadać",nie wypalać|ˌmɪsˈkærɪ
miscellaneous,różnorodny,ˌmɪsəˈleɪnɪəs
mischief,i.    figlarność,"psota
 2.  [form]  szkoda|psotliwość
ii.   1.  dokazywanie|ˈmɪsʧɪf"
mischievous,1.  psotliwy,"złośliwy
 2.  dokuczliwy|ˈmɪsʧɪvəs"
misconceived,nieprzemyślany,źle pomyślany|ˌmɪskənˈsi:vd
misconception,błędne zrozumienie,nieporozumienie|ˌmɪskənˈsepʃən
misconduct,niewłaściwe postępowanie,wykroczenie|ˌmɪsˈkɒndʌkt
misconstruction,błędne zrozumienie,nieporozumienie|ˌmɪskənˈstrʌkʃən
misconstrue,źle zrozumieć,ˌmɪskənˈstru:
misdemeanor,misdemeanour,wykroczenie|występek|ˌmɪsdɪˈmi:nə
misdemeanour,misdemeanor,wykroczenie|występek|ˌmɪsdɪˈmi:nə
misdirect,źle kierować,ˌmɪsdɪˈrekt
miser,skąpiec,ˈmaɪzə
miserable,"1.  nieszczęśliwy
 2.  żałosny
 3.  fatalny",ˈmɪzərəbəl
miserly,skąpy,ˈmaɪzəlɪ
misery,"1.  nieszczęście
 2.  nędza
 3.  make sb's life a misery 
 - unieszczęśliwiać kogoś",ˈmɪzərɪ
misfire,nie wypalać,ˌmɪsˈfaɪə
misfit,osoba nie na miejscu,ˈmɪsfɪt
misfortune,mɪsˈfɔ:ʧən,nieszczęście
misgiving,mɪsˈgɪvɪŋ,złe przeczucie
misguided,błędny,fałszywy|mɪsˈgaɪdɪd
mishandle,zaniedbywać,zaprzepaszczać|ˈmɪshændəl
mishap,przypadek,zły przypadek|ˈmɪshæp
misinform,błędnie poinformować,ˌmɪsɪnˈfɔ:m
misinformation,błędna informacja,ˌmɪsɪnfəˈmeɪʃən
misinterpret,opacznie interpretować,opacznie rozumieć|ˌmɪsɪnˈtɜ:prɪt
misjudge,mylnie oceniać,mylnie osądzać|ˌmɪsˈʤʌʤ
mislay,zapodziewać,ˌmɪsˈleɪ
mislead,mylić,mɪsˈli:d|wprowadzać w błąd
mismanage,niewłaściwie prowadzić,ˌmɪsˈmænɪʤ
misnomer,niewłaściwy termin,ˌmɪsˈnəʊmə
misplaced,niewłaściwy,źle skierowany|ˌmɪsˈpleɪst
misprint,omyłka druku,ˈmɪsprɪnt
misread,niewłaściwie odczytywać,ˌmɪsˈri:d
misrepresent,fałszywie przedstawiać,ˌmɪsreprəˈzent
miss,1.  panna,"chybienie
ii.   1.  [czegoś]  nie dostrzegać
 2.  [do celu]  chybiać
 3.  [brakować]  tęsknić 
 4.  a. brakować 
 b.
      ""sb misses studying""  - komuś brak studiowania
 5.  [o szansie|ekspedientki itp.]  pani|i.    nietrafienie|miss
 2.  [br]  [przy zwracaniu się do kelnerki"
misshapen,zniekształcony,ˌmɪsˈʃeɪpən
missile,1.  rakieta,"pocisk rakietowy
 2.  pocisk|ˈmɪsaɪl"
missing,"1.  zaginiony
 2.  brakujący",ˈmɪsɪŋ
mission,"1.  misja
 2.  wyprawa
 3.  delegacja
 4.  posłannictwo",ˈmɪʃən
missionary,"i.    misjonarz
ii.    misyjny",ˈmɪʃənərɪ
mississippi,"1.  [stan]  mississippi
 2.  the mississippi 
 - mississippi  [rzeka]",ˌmɪsɪˈsɪpɪ
missouri,"1.  [stan]  missouri
 2.  [rzeka]  the missouri 
 - missouri",mɪˈsʊərɪ
misspell,zrobić błąd ortograficzny,ˌmɪsˈspel
misspend,marnować,ˌmɪsˈspend
mist,"i.    mgła
ii.   mist over  pokrywać się mgiełką",mɪst|pokrywać mgiełką
mistake,"błąd
ii.   1.  [form]  mylić się","i.    pomyłka|mylić
 2.  mylić|mɪsˈteɪk"
mistaken,"1.  mylny
 2.  be mistaken about","in 
 - mylić się co do|mɪsˈteɪkən"
mistletoe,jemioła,ˈmɪsəltəʊ
mistress,"1.  pani
 2.  kochanka
 3.  nauczycielka",ˈmɪstrɪs
mistrust,"i.    niewiara
ii.    nie wierzyć",nie dowierzać|ˌmɪsˈtrʌst
misty,zamglony,ˈmɪstɪ
misunderstand,mylnie rozumieć,ˌmɪsʌndəˈstænd
misunderstanding,"1.  nieporozumienie
 2.  sprzeczka",ˌmɪsʌndəˈstændɪŋ
misuse,"misuse
i.    nadużywać
ii.    nadużycie",
mite,[o dziecku]  kruszyna,ˈmaɪt
miter,mitra,mitre|ˈmaɪtə
mitigate,mitygować,łagodzić|ˈmɪtɪgeɪt
mitre,miter,mitra|ˈmaɪtə
mitten,mitenka,rękawica z jednym palcem|ˈmɪtən
mix,i.   1.  zmieszać,"mieszać
 2.  [cocktail]  przyrządzać
 3.  [zajęcia]  łączyć
 4.  [z ludźmi]  przestawać 
ii.   1.  [na ciasto]  mieszanka|mylić|mɪks|proszek
 2.  [zajęć]  połączenie
iii.  mix up   mieszać"
mixed,"i.   1.  mieszany
 2.  koedukacyjny
ii.  mixed up  1.  zmieszany","pomieszany
 2.  zamieszany|ˈmɪkst"
mixer,"1.  mikser
 2.  betoniarka",ˈmɪksə
mixture,"1.  mieszanka
 2.  mieszanina",ˈmɪksʧə
ml,"ml.
  mililitr",
mme,"madame
  pani",
mo,"i.
   see also: {mail order}
  przekaz pocztowy
ii.
   see also: {money order}
  przekaz pieniężny","lekarz rejonowy|m.o.|mo.
  poniedziałek|ˌ$⋅$ˈ$⋅$"
moan,"i.    jęczeć
ii.    jęk",jęczenie|məʊn
moat,fosa,məʊt
mob,i.    tłum,"mɒb|otaczać|tłuszcza
ii.    otaczać tłumem"
mobile,"i.   1.  mobilny
 2.  ruchliwy
ii.    mobil  [dzieło sztuki]",ˈməʊbaɪl
mobility,"1.  mobilność
 2.  ruchliwość",məʊˈbɪlɪtɪ
mobilize,mobilizować,ˈməʊbɪlaɪz
moccasin,mokasyn,ˈmɒkəsɪn
mock,i.   1.  drwić,"kpić
 2.  przedrzeźniać
ii.   1.  udawany|mɒk|pseudo-
 2.  pozorowany"
mockery,"1.  drwina
 2.  kpina
 3.  make a mockery of sth 
 - robić z czegoś kpiny",kpić|ˈmɒkərɪ
mod,"mod.
i.
   see also: {moderate}
  umiarkowany
ii.
   see also: {modern}
  współczesny",
mod cons,[o mieszkaniu]  ze wszystkimi wygodami,ˌmɒdˈkɒnz
mode,məʊd,rodzaj
model,brać za model,"i.   1.  model
 2.  modelka|model
 3.  [jasności]  przykład|pracować jako model|występować jako model
 3.  model oneself 
 - wzorować się"
modem,ˈməʊdem,
moderate,miarkować,"moderate
i.   1.  umiarkowany
 2.  człowiek umiarkowany
ii.    uspokajać"
moderation,umiar,umiarkowanie|ˌmɒdəˈreɪʃən
modern,"1.  współczesny
 2.  nowoczesny",ˈmɒdən
modernise,modernize,modernizować|ˈmɒdənaɪz
modernize,modernise,modernizować|ˈmɒdənaɪz
modest,skromny,ˈmɒdɪst
modesty,skromność,ˈmɒdɪstɪ
modicum,minimum,ˈmɒdɪkəm
modification,modyfikacja,ˌmɒdɪfɪˈkeɪʃən
modifier,określenie,ˈmɒdɪfaɪə
modify,modyfikować,ˈmɒdɪfaɪ
modulate,modulować,ˈmɒdjʊleɪt
module,moduł,ˈmɒdju:l
mohair,moher,ˈməʊheə
moist,mɔɪst,wilgotny
moisten,zwilżać,ˈmɔɪsən
moisture,wilgoć,ˈmɔɪsʧə
molar,trzonowy,ząb trzonowy|ˈməʊlə
mold,"i.   1.  ukształtowywać
 2.  kształtować","lepić
ii.   1.  forma
 2.  pleśń
 3.  fit into a mould 
 - pasować do wzorca|mould|məʊld"
moldy,mouldy,spleśniały|ˈməʊldɪ
mole,"1.  pieprzyk
 2.  kret
 3.  [przen]  wtyczka",məʊl
molecule,cząsteczka,molekuła|ˈmɒlɪkju:l
molehill,"1.  kretowisko
 2.  make mountains out of a molehill 
 - robić z igły widły",ˈməʊlhɪl
molest,məˈlest,napastować  [też seksualnie]
mollify,udobruchiwać,ˈmɒlɪfaɪ
mollusc,mięczak,mollusk|ˈmɒləsk
mollusk,mięczak,mollusc|ˈmɒləsk
molt,i.    linieć,"moult|məʊlt|pierzyć się
ii.    linienie"
molten,stopiony,ˈməʊltən
mom,mamuśka,mɒm
moment,1.  chwila,"moment
 2.  at the moment 
 - w danej chwili
 3.  the moment 
 - w momencie|ˈməʊmənt"
momentary,chwilowy,ˈməʊməntərɪ
momentous,doniosły,məˈmentəs
momentum,"1.  rozpęd
 2.  gain","gather momentum 
 - przybierać na sile|məˈmentəm"
mon,"mon.
  poniedziałek",
monarch,monarcha,ˈmɒnək
monarchist,monarchista,ˈmɒnəkɪst
monarchy,monarchia,ˈmɒnəkɪ
monastery,klasztor,ˈmɒnəstrɪ
monastic,klasztorny,məˈnæstɪk
monday,poniedziałek,ˈmʌndɪ
monetary,monetarny,pieniężny|ˈmʌnɪtərɪ
money,"i.   1.  pieniądze
 2.  make money   :money)
 - zarabiać
ii.  money order   [us]  przekaz pocztowy",ˈmʌnɪ
mongol,"i.    mongoloid
ii.    mongoloidalny",mongoł|ˈmɒŋgəl
mongolia,mɒŋˈgəʊlɪə,
mongolian,mongolski,mɒŋˈgəʊlɪən
mongrel,kundel,ˈmʌŋgrəl
monitor,i.   1.  obserwować,"monitorować
 2.  nasłuchiwać
ii.    monitor|ˈmɒnɪtə"
monk,mnich,mʌŋk|zakonnik
monkey,małpa,ˈmʌŋkɪ
mono,i.    monofoniczny,"mono
ii.    sprzęt mono|nagranie mono|ˈmɒnəʊ"
monogamy,jednożeństwo,monogamia|məˈnɒgəmɪ
monolithic,monolityczny,ˌmɒnəˈlɪθɪk
monolog,monologue,ˈmɒnəlɒg
monologue,monolog,ˈmɒnəlɒg
monopolistic,monopolistyczny,məˌnɒpəˈlɪstɪk
monopoly,monopol,məˈnɒpəlɪ
monotone,"in a monotone 
 - monotonnie",ˈmɒnətəʊn
monotonous,"1.  monotonny
 2.  jednostajny",məˈnɒtənəs
monsoon,monsun,mənˈsu:n
monster,i.    monstrum,"potwór
ii.    monstrualny|ˈmɒnstə"
monstrosity,monstrualność,mɒnˈstrɒsɪtɪ
monstrous,monstrualny,potworny|ˈmɒnstrəs
montana,mɒnˈtænə,
month,miesiąc,mʌnθ
monthly,"i.    comiesięczny
ii.    miesięcznik",ˈmʌnθlɪ
monument,1.  pomnik,"statua 
 2.  zabytek|ˈmɒnjəmənt"
monumental,"1.  monumentalny
 2.  gigantyczny",ˌmɒnjəˈmentəl
moo,"i.    [o krowie]  ryczeć
ii.    ryk",mu:
mood,1.  nastrój,"humor
 2.  zły nastrój|mu:d|zły humor
 3.  [gram]  tryb"
moody,1.  kapryśny,"mający humory
 2.  w złym humorze|ˈmu:dɪ"
moon,"1.  księżyc
 2.  be over the moon 
 - nie posiadać się z radości
 3.  once in a blue moon 
 - od wielkiego święta",mu:n
moonless,bezksiężycowy,ˈmu:nlɪs
moonlight,"i.    światło księżyca
ii.    [nieform]  chałturzyć",ˈmu:nlaɪt
moonlit,księżycowy,rozświetlony księżycem|ˈmu:nlɪt
moor,"i.    wrzosowisko
ii.    cumować",mʊə
mooring,stanowisko cumowania,ˈmʊərɪŋ
moorland,region wrzosowisk,ˈmʊələnd
moose,mu:s,łoś
mop,"i.   1.  zmywak do podłogi  [np. z gąbki]
 2.  kudły
ii.   1.  zmywać podłogę
 2.  wycierać","mɒp|zbierać
iii.  mop up   zbierać"
mope,məʊp,upadać na duchu
moped,motorower,ˈməʊped
moral,"i.   1.  morał
 2. morals  moralność
ii.   1.  moralny
 2.  give moral support 
 - podtrzymywać na duchu",ˈmɒrəl
morale,məˈrɑ:l,
moralise,moralize,moralizować|ˈmɒrəlaɪz
moralist,moralista,ˈmɒrəlɪst
moralistic,moralistyczny,ˌmɒrəˈlɪstɪk
morality,moralność,məˈrælɪtɪ
moralize,moralise,moralizować|ˈmɒrəlaɪz
morally,moralnie,ˈmɒrəlɪ
morass,bagno,məˈræs
moratorium,co do),moratorium (on - na|ˌmɒrəˈtɔ:rɪəm
moravia,morawy,məˈreɪvɪə
morbid,chorobliwy,ˈmɔ:bɪd
moreover,co więcej,mɔ:rˈəʊvə
morgue,kostnica,mɔ:g
mormon,ˈmɔ:mən,
morning,i.    rano,"poranek
ii.    ranny|poranny|ˈmɔ:nɪŋ"
moroccan,"i.    marokański
ii.    marokańczyk",məˈrɒkən
morocco,maroko,məˈrɒkəʊ
moron,kretyn,ˈmɔ:rɒn
moronic,kretyński,məˈrɒnɪk
morose,məˈrəʊs,ponury
morphine,morfina,ˈmɔ:fi:n
morsel,kawałek,kąsek|ˈmɔ:səl
mortal,"i.    śmiertelny
ii.    śmiertelnik",ˈmɔ:təl
mortality,mɔ:ˈtælɪtɪ,śmiertelność
mortar,"1.  moździerz
 2.  zaprawa murarska",ˈmɔ:tə
mortgage,"dług hipoteczny
ii.    [termin]  obciążać hipoteką",i.    pożyczka|wpisać dług hipoteczny|ˈmɔ:gɪʤ
mortify,upokarzać,ˈmɔ:tɪfaɪ
mortuary,kostnica,ˈmɔ:ʧʊərɪ
mosaic,mozaika,məʊˈzeɪɪk
moscow,moskwa,ˈmɒskəʊ
mosque,meczet,mɒsk
mosquito,komar,moskit|məsˈki:təʊ
moss,mech,mɒs
mossy,omszały,ˈmɒsɪ
mostly,przede wszystkim,w większości|ˈməʊstlɪ
motel,məʊˈtel,
moth,"1.  ćma
 2.  mól",mɒθ
mothball,kulka naftaliny,ˈmɒθbɔ:l
motheaten,moth-eaten,zżarty przez mole|ˈmɒθi:tən
mother,"i.    matka
ii.   1.  matkować
 2.  opiekować się jak matka
iii.  mother country","język ojczysty|ojczyzna
iv.  mother tongue|ˈmʌðə|ˈmʌðə kʌntrɪ"
motherhood,macierzyństwo,ˈmʌðəhʊd
motherinlaw,mother-in-law,teściowa|ˈmʌðərɪnlɔ:
motherless,bez matki,pozbawiony matki|ˈmʌðəlɪs
motherly,matczyny,ˈmʌðəlɪ
motherofpearl,macica perłowa,mother-of-pearl|ˌmʌðərəfˈpɜ:l
mothertobe,mother-to-be,przyszła matka|ˌmʌðətəˈbi:
motif,motyw,məʊˈti:f
motion,być wdrożonym,"dawać znak 
 2.  go through the motions 
 - przechodzić całą procedurę|i.   1.  ruch
 2.  wniosek
ii.   1.  gestykulować|make a motion 
 - przedstawiać wniosek
 4.  be in motion  :in :motion)
 - mieć miejsce|robić coś pro forma
 3.  propose"
motionless,nieruchomy,ˈməʊʃənlɪs
motivate,1.  a. spowodować,"dawać motywację|powodować
 b.
      ""he was motivated by jealousy""  - powodowała nim zazdrość
 2.  motywować|ˈməʊtɪveɪt"
motivation,motywacja,məʊtɪˈveɪʃən
motive,motyw,powód|ˈməʊtɪv
motley,różnorodny,ˈmɒtlɪ
motor,i.    silnik,"motor  [zwł. elektryczny]
ii.    motorowy|ˈməʊtə"
motorbike,motocykl,motor|ˈməʊtəbaɪk
motorcar,samochód,ˈməʊtəkɑ:
motorcycle,motocykl,ˈməʊtəsaɪkəl
motoring,drogowy,samochodowy|ˈməʊtərɪŋ
motorist,automobilista,samochodziarz|ˈməʊtərɪst
motorway,autostrada,ˈməʊtəweɪ
mottled,plamisty,ˈmɒtəld
motto,ˈmɒtəʊ,
mould,"i.   1.  ukształtowywać
 2.  kształtować","lepić
ii.   1.  forma
 2.  pleśń
 3.  fit into a mould 
 - pasować do wzorca|mold|məʊld"
mouldy,moldy,spleśniały|ˈməʊldɪ
moult,i.    linieć,"molt|məʊlt|pierzyć się
ii.    linienie"
mound,"1.  kopiec
 2.  kupa",góra|maʊnd
mount,"i.   1.  przeprowadzać
 2.  [wystawę]  przygotowywać
 3.  [o temperaturze","maʊnt|osadzać
ii.    [w nazwach]  góra
iii.  mount up   wzrastać|problemach]  wzrastać
 4.  [form]  [na schody]  wspinać się
 5.  [konia]  dosiadać
 6.  [o eksponacie]  montować"
mountain,góra,ˈmaʊntɪn
mountaineer,alpinista,ˌmaʊntɪˈnɪə
mountaineering,alpinistyka,ˌmaʊntɪˈnɪərɪŋ
mountainous,"1.  górzysty
 2.  wielki",zwalisty|ˈmaʊntɪnəs
mountainside,zbocze,ˈmaʊntɪnsaɪd
mourn,1.  boleć po stracie,"boleć|mɔ:n|nosić żałobę 
 2.  opłakiwać"
mourner,żałobnik,ˈmɔ:nə
mournful,grobowy,żałobny|ˈmɔ:nfʊl
mourning,żałoba,ˈmɔ:nɪŋ
mouse,maʊs,mysz
mousse,mu:s,mus
moustache,mustache,məsˈtɑ:ʃ|wąs|wąsy
mousy,mysi,ˈmaʊsɪ
mouth,"i.   1.  usta
 2.  [u zwierząt]  pysk
 3.  wejście","maʊθ|otwór
 4.  ujście
ii.    deklamować"
mouthful,haust,kęs|ˈmaʊθfʊl
mouthorgan,mouth-organ,organki|ˈmaʊθɔ:gən
mouthpiece,"1.  mikrofon
 2.  ustnik
 3.  rzecznik",ˈmaʊθpi:s
mouthwash,płyn do ust,ˈmaʊθwɒʃ
mouthwatering,apetyczny,mouth-watering|pobudzający apetyt|ˈmaʊθwɔ:tərɪŋ
movable,przenośny,ruchomy|ˈmu:vəbəl
move,"akcji]  wchodzić
 3.  [o oddziałach]  nadciągać
v.  move off   odjeżdżać
vi.  move on  1.  przejeżdżać
 2.  przechodzić
vii.  move out   wyprowadzać się 
viii.  move up   iść w górę","by coś zrobił)
 8.  [o uczuciach]  poruszać|i.   1.  poruszać|mu:v|poruszać się"
moveable,przenośny,ruchomy|ˈmu:vəbəl
movement,"1.  ruch
 2.  transport
 3. movements  posunięcia
 4.  [muz]  część",ˈmu:vmənt
movie,"1.  film
 2. the movies  [us]  kino",ˈmu:vɪ
moving,"1.  poruszający
 2.  ruchomy",ˈmu:vɪŋ
mow,"i.   1.  strzyc
 2.  kosić","məʊ|żąć
 3.  ścinać
ii.  mow down  [przen]   kosić"
mower,lawnmower  kosiarka do trawy,ˈməʊə
mozambican,"i.    mozambikański
ii.    mozambikańczyk",ˌməʊzəmˈbi:kən
mozambique,mozambik,ˌməʊzəmˈbi:k
mp,"i.
   see also: {member of parliament}
 [br]   członek parlamentu","poseł
ii.
   see also: {military police}
  żandarmeria wojskowa|ˌ$⋅$ˈ$⋅$"
mph,godz.,mil|ˌ$⋅⋅$ˈ$⋅$
mr,"mr.
  pan",
mrs,[do mężatek]  pani,ˈmɪsɪz
ms,[do kobiet bez względu na stan cywilny]  pani,mɪz
msc,m.sc.,magister nauk|magister nauk przyrodniczych|ˌ$⋅⋅$ˈ$⋅$
mt,"mt.
  góra",
mth,"mth.
  miesiąc",
much,1.  dużo,"bardzo
 2.  w większości
 3.  dużo|ile
 6.  too much 
 - za dużo|mʌʧ|wiele
 4.  how much? 
 - ile?
 5.  as much as 
 - tyle"
mucky,"1.  ubabrany
 2.  świński",ˈmʌkɪ
mucus,śluz,ˈmju:kəs
mud,błoto,mʌd
muddle,"bałagan
 2.  pomieszanie","i.   1.  zamieszanie|iść po omacku
iv.  muddle up   mieszać|mieszać|mylić"
muddy,"błotnisty
 2.  mulisty
ii.    zaciemniać",i.   1.  zabłocony|ˈmʌdɪ
mudguard,błotnik,ˈmʌdgɑ:d
muesli,muzli  [płatki zbożowe z suszonymi owocami],ˈmju:zlɪ
muffin,bułka  [jedzona na gorąco],ˈmʌfɪn
muffle,zagłuszać,ˈmʌfəl
mug,"i.   1.  kubek
 2.  [nieform]  głupol
ii.    [nieform]  napadać",mʌg|łupić
mugger,chuligan,zbój|ˈmʌgə
muggy,duszny,wilgotny|ˈmʌgɪ
mule,mju:l,muł
mull over,mʌl ˈəʊvə,przemyśliwać
multiaccess,wielodostępność,ˌmʌltɪˈæksəs
multifarious,różnorodny,ˌmʌltɪˈfeərɪəs
multilateral,wielostronny,ˌmʌltɪˈlætərəl
multinational,"i.   1.  wielonarodowy
 2.  ponadnarodowy
ii.    firma ponadnarodowa",ˌmʌltɪˈnæʃənəl
multiple,"i.   1.  wielokrotny
 2.  w większej ilości
ii.    wielokrotność",ˈmʌltɪpəl
multiplication,"1.  mnożenie
 2.  rozrost",rozmnażanie się|ˌmʌltɪplɪˈkeɪʃən
multiplicity,wielość,ˌmʌltɪˈplɪsɪtɪ
multiply,"1.  rozmnażać się
 2.  mnożyć",ˈmʌltɪplaɪ
multitasking,wielozadaniowość,ˌmʌltɪˈtɑ:skɪŋ
multitude,wielość,ˈmʌltɪtju:d
mum,"1.  mamusia
 2.  keep mum 
 - trzymać język za zębami",mʌm
mumble,mamrotać,ˈmʌmbəl
mummify,mumifikować,ˈmʌmɪfaɪ
mummy,1.  [nieform]  mamusia,"mamuśka
 2.  mumia|ˈmʌmɪ"
mumps,mʌmps,świnka
munch,mʌnʧ,przeżuwać
mundane,przyziemny,ˌmʌnˈdeɪn
munich,monachium,ˈmju:nɪk
municipal,miejski,mju:ˈnɪsɪpəl
municipality,mju:ˌnɪsɪˈpælɪtɪ,samorząd|samorząd miejski
munificence,mju:ˈnɪfɪsəns,szczodrość
munitions,amunicja,mju:ˈnɪʃənz
mural,fresk,malowidło ścienne|ˈmjʊərəl
murder,"i.    morderstwo
ii.    mordować",ˈmɜ:də
murderer,morderca,ˈmɜ:dərə
murderous,"1.  morderczy
 2.  krwawy",ˈmɜ:dərəs
murky,"1.  mroczny
 2.  mętny","zabłocony
 3.  [lit]  podejrzany|ˈmɜ:kɪ"
murmur,"i.    mruczeć
ii.    pomruk",ˈmɜ:mə
muscle,do),"i.   1.  mięsień|muskuł
 2.  [nieform]  siła|potęga
ii.  muscle in   wpychać się (on - na|ˈmʌsəl"
muscular,"1.  a. mięśniowy
 b.
      ""muscular injuries""  - obrażenia mięśni
 2.  muskularny",ˈmʌskjələ
muse,"i.    [lit]  dumać
ii.    [form]  muza",mju:z
museum,mju:ˈzɪəm,muzeum
mush,ciapa,mʌʃ|papka
mushroom,"i.    grzyb
ii.    wyłaniać się",mnożyć się|ˈmʌʃru:m
mushy,1.  rozgnieciony,"przejrzały
 2.  ckliwy|ˈmʌʃɪ"
music,"1.  muzyka
 2.  nuty",ˈmju:zɪk
musical,"i.   1.  muzyczny
 2.  muzykalny
 3.  melodyjny
ii.    musical",ˈmju:zɪkəl
musician,mju:ˈzɪʃən,muzyk
musk,mʌsk,piżmo
muslim,"i.    muzułmanin
ii.    muzułmański",ˈmʊzlɪm
muslin,muślin,ˈmʌzlɪn
mussel,małż,ˈmʌsəl
must,"i.    musieć
ii.   1.  [nieform]  coś nieodzownego
 2.  must not 
 - nie wolno",məs|mʌst
mustache,moustache,məsˈtɑ:ʃ|wąs|wąsy
mustard,"1.  musztarda
 2.  gorczyca",ˈmʌstəd
muster,"1.  zbierać
 2.  zbierać się",ześrodkowywać się|ˈmʌstə
musty,stęchły,ˈmʌstɪ
mutate,mjʊˈteɪt,mutować|przekształcać się
mute,"i.    niemy
ii.    tłumić",mju:t
muted,"1.  przytłumiony
 2.  przygaszony",ˈmju:tɪd
mutilate,"1.  okaleczać
 2.  [przen]  psuć  [rozmyślnie]",ˈmju:tɪleɪt
mutilated,okaleczony,zniekształcony|ˈmju:tɪleɪtɪd
mutinous,buntowniczy,rebeliancki|ˈmju:tɪnəs
mutiny,i.    bunt,"rebelia
ii.    buntować się|ˈmju:tɪnɪ"
mutter,"i.    mamrotać
ii.    mruczenie",ˈmʌtə
mutton,baranina,ˈmʌtən
mutual,"1.  wzajemny
 2.  wspólny
 3.  odwzajemniony",ˈmju:ʧʊəl
mutually,"1.  wzajemnie
 2.  nawzajem",ˈmju:ʧʊəlɪ
muzzle,"i.   1.  pysk
 2.  kaganiec
 3.  wylot lufy","wylot
ii.    nakładać kaganiec|ˈmʌzəl"
mw,"mw
  fale średnie",
my,maɪ,mój
myopic,krótkowzroczny,maɪˈɒpɪk
myriad,"i.    mnóstwo
ii.    niezliczony",ˈmɪrɪəd
myself,1.  [mówiący o sobie]  się,"maɪˈself|sam|siebie|sobie
 2.  ja sam"
mysterious,mɪsˈtɪərɪəs,tajemniczy
mystery,"i.    tajemnica
ii.    tajemniczy",ˈmɪstərɪ
mystic,"i.    mistyk
ii.    mistyczny",ˈmɪstɪk
mysticism,mistycyzm,ˈmɪstɪsɪzəm
mystify,wprowadzać w błąd,zaskakiwać|ˈmɪstɪfaɪ
mystique,mistyka,mɪsˈti:k
myth,mit,mɪθ
mythic,mityczny,mythical|ˈmɪθɪk
mythical,mityczny,mythic|ˈmɪθɪk
mythology,mitologia,mɪˈθɒləʤɪ
n,"n
  północ",północny
nab,næb,przyłapywać
nadir,zenit,ˈneɪdɪə
nag,1.  nudzić,"nagabywać
 2.  zanudzać gderaniem 
 3.  dręczyć|næg"
nail,"i.   1.  gwóźdź
 2.  paznokieć
ii.   1.  przybijać gwoździami","neɪl|pilnik do paznokci
v.  nail up   przybijać|przybijać
 2.  [przen]  przygważdżać
iv.  nail file|przybijać
 2.  hit the nail on the head 
 - trafić w samo sedno
iii.  nail down  1.  przybijać gwoździami"
naive,naiwny,naïve|naɪˈi:v
naked,"1.  nagi
 2.  goły","nieosłonięty
 3.  widoczny gołym okiem
 4.  odkryty
 5.  to|with the naked eye 
 - gołym okiem|ˈneɪkɪd"
namedropping,name-dropping,przerzucanie się nazwiskami sławnych ludzi  [by pokazać własną ważność]|ˈneɪmdrɒpɪŋ
nameless,"1.  bezimienny
 2.  nienazwany
 3.  [lit]  niewypowiedziany",ˈneɪmlɪs
namely,mianowicie,to jest|ˈneɪmlɪ
namesake,imiennik,ˈneɪmseɪk
nanny,"i.    niania
ii.  nanny goat",koza|ˈnænɪ|ˈnænɪ gəʊt
nap,"i.    drzemka
ii.   1.  drzemać
 2.  take a nap 
 - zdrzemnąć się
 3.  be caught napping 
 - być schwytanym znienacka",næp
nape,kark,neɪp
napkin,serwetka,ˈnæpkɪn
naples,neapol,ˈneɪplz
napoleon,napoleonka,nəˈpəʊlɪən
nappy,pieluszka,ˈnæpɪ
narcissus,narcyz,nɑ:ˈsɪsəs
narcotic,narkotyk,nɑ:ˈkɒtɪk
narrate,nəˈreɪt,opowiadać|przedstawiać
narration,fabularyzacja,narracja|nəˈreɪʃən
narrative,"i.    narracja
ii.    narracyjny",ˈnærətɪv
narrow,"i.   1.  wąski
 2.  [pogląd]  ciasny","ograniczony
 3.  [większość]  nieznaczny
ii.   1.  [np. o przejściu]  zwężać się|przymrużać
 4.  a narrow victory 
 - nieznaczne zwycięstwo
 5.  a narrow defeat 
 - nieznaczna przegrana
 6.  narrow escape 
 - prawie niemożliwe wyjście z sytuacji
iii.  narrow down   zawężać|zwężać
 2.  [o różnicy]  zmniejszać się
 3.  [oczy]  przymykać|ˈnærəʊ"
narrowminded,narrow-minded,o ciasnych horyzontach|ograniczony|ˌnærəʊˈmaɪndɪd
nasal,nosowy,ˈneɪzəl
nasty,1.  paskudny,"do niczego
 3.  ciężki|nieprzyjemny
 2.  obrzydliwy|ˈnɑ:stɪ"
nat,"krajowy
iii.  
   see also: {natural}
  naturalny","nat.
i.  
   see also: {national}
  narodowy
ii.  
   see also: {native}
  rodzimy"
nation,"1.  naród
 2.  kraj",ˈneɪʃən
national,[obowiązkowa]  służba wojskowa,"człowiek określonej narodowości
iii.  national service|i.   1.  narodowy
 2.  a. państwowy|krajowy
 b.
      ""national anthem""  - hymn państwowy
ii.    obywatel|ˈnæʃənəl"
nationalise,nacjonalizować,nationalize|upaństwawiać|ˈnæʃənəlaɪz
nationalism,"1.  nacjonalizm
 2.  patriotyzm",ˈnæʃənəlɪzəm
nationalist,"i.   1.  nacjonalistyczny
 2.  patriotyczny
 3.  niepodległościowy
ii.   1.  nacjonalista
 2.  patriota
 3.  bojownik o niepodległość",ˈnæʃənəlɪst
nationalistic,nacjonalistyczny,patriotyczny|ˌnæʃənəˈlɪstɪk
nationality,narodowość,ˌnæʃəˈnælɪtɪ
nationalize,nacjonalizować,nationalise|upaństwawiać|ˈnæʃənəlaɪz
nationwide,"i.    ogólnokrajowy
ii.    w całym kraju",ˈneɪʃənwaɪd
native,"i.   1.  rodzinny
 2.  rodzimy","rodzimy 
 3.  ojczysty
 4.  rodowity
ii.    krajowiec|ˈneɪtɪv"
nato,pakt północnoatlantycki,ˈneɪtəʊ
natter,"1.  pogadać
 2.  have a natter 
 - pogadać",ˈnætə
natural,"i.   1.  naturalny
 2.  urodzony
 3.  [muz]  podstawowy
ii.   1.  [nieform]  urodzony mistrz
 2.  natural causes 
 - przyczyny naturalne",ˈnæʧərəl
naturalised,naturalized,naturalizowany|ˈnæʧərəlaɪzd
naturalist,przyrodnik,ˈnæʧərəlɪst
naturalized,naturalised,naturalizowany|ˈnæʧərəlaɪzd
naturally,"1.  naturalnie
 2.  oczywiście",ˈnæʧərəlɪ
nature,"1.  natura
 2.  przyroda
 3.  istota
 4.  by  nature 
 - z natury",ˈneɪʧə
naught,[przest]  zero,nɔ:t
naughty,"1.  niegrzeczny
 2.  nieładny",ˈnɔ:tɪ
nausea,nudności,ˈnɔ:sɪə
nauseate,przyprawiać o nudności,ˈnɔ:sɪeɪt
nautical,żeglarski,ˈnɔ:tɪkəl
naval,morski,ˈneɪvəl
nave,nawa,neɪv
navel,pępek,ˈneɪvəl
navigable,spławny,żeglowny|ˈnævɪgəbəl
navigate,"1.  żeglować
 2.  prowadzić",pilotować|ˈnævɪgeɪt
navigation,"1.  żegluga
 2.  nawigacja",ˌnævɪˈgeɪʃən
navigator,nawigator,ˈnævɪgeɪtə
navy,i.    marynarka wojenna,"marynarka
ii.   navy-blue  granatowy|ˈneɪvɪ"
nay,[przest]  a nie,neɪ
naïve,naive,naiwny|naɪˈi:v
nb,n.b.,nota bene|notabene|ˌ$⋅$ˈ$⋅$
nco,podoficer,ˌ$⋅⋅$ˈ$⋅$
ne,"ne
  płn.-wsch.",północno-wschodni
near,bliski wschód,"do czegoś)
 2.  prawie
iii.   1.  zbliżać się|dochodzić 
 2.  the nearest  to sth 
 - odpowiednik czegoś
iv.  the near east|i.    bliski 
ii.   1.  blisko (to sth - czegoś|nɪə"
nearby,pobliski,ˈnɪəbaɪ
nearly,"1.  prawie
 2.  not nearly 
 - dużo za mało",ˈnɪəlɪ
neat,"1.  elegancki
 2.  porządny
 3.  nierozcieńczony",ni:t
nebraska,nəˈbræskə,
nebulous,mglisty,ˈnebjələs
necessarily,-zownie,nieod|ˈnesəsərɪlɪ
necessary,1.  potrzebny,"niezbędny
 2.  [form]  konieczny|ˈnesəsərɪ"
necessitate,czynić koniecznym,nɪˈsesɪteɪt
necessity,"1.  konieczność
 2.  rzecz nieodzowna","nɪˈsesɪtɪ|rzecz niezbędna
 3.  of necessity 
 - z konieczności"
necklace,kolia,naszyjnik|ˈneklɪs
neckline,wycięcie,ˈneklaɪn
necktie,krawat,ˈnektaɪ
nectar,nektar,ˈnektə
nee,née,z domu|ˈniː
need,"i.   1.  potrzebować
 2.  odczuwać potrzebę 
 3.  musieć 
 4.  a. wymagać","ni:d|trzeba
 b.
      ""sth needs doing""  - coś trzeba zrobić
 c.
      ""sth needs to be done""  - coś wymaga zrobienia czegoś
ii.   1.  potrzeba     
 2.  need not 
 - nie musieć
 3.  be in need of 
 - potrzebować
 4.  in need 
 - w potrzebie
 5.  there is no need to do sth 
 - nie trzeba robić czegoś"
needle,"i.   1.  igła
 2.  drut  [do robótek]","szydełko
ii.    [nieform]  przypiekać|wbijać szpilki|ˈni:dəl"
needless,"1.  niepotrzebny
 2.  needless to say 
 - nie trzeba dodawać",nie trzeba mówić|oczywiście|ˈni:dlɪs
needlework,robótki,ˈni:dəlwɜ:k
needy,potrzebujący,ˈni:dɪ
negate,negować,nɪˈgeɪt
negation,negacja,nɪˈgeɪʃən
negative,"i.   1.  negatywny
 2.  ujemny
ii.   1.  negatyw
 2.  in the negative 
 - negatywnie",ˈnegətɪv
neglect,"i.   1.  zaniedbywać
 2.  zapominać
ii.    zaniedbanie",niedopatrzenie|nɪˈglekt
neglectful,"1.  niedbały
 2.  be neglectful of sth 
 - zaniedbywać coś",nɪˈglektfʊl
negligee,negligée,prześwitujący szlafrok|szlafroczek|szlafrok|ˈneglɪʒeɪ
negligent,niedbały,opieszały|ˈneglɪʤənt
negligible,mało znaczący,nieistotny|ˈneglɪʤəbəl
negligée,negligee,prześwitujący szlafrok|szlafroczek|szlafrok|ˈneglɪʒeɪ
negotiable,możliwy do ustalenia,możliwy do zrealizowania|nɪˈgəʊʃəbəl
negotiate,"1.  negocjować 
 2.  prowadzić negocjacje 
 3.  [nieform]  pokonywać",nɪˈgəʊʃɪeɪt
negotiation,negotiations  negocjacje,nɪˌgəʊʃɪˈeɪʃən
negotiator,negocjator,nɪˈgəʊʃɪeɪtə
negress,murzynka,ˈni:grɪs
negro,"1.  [termin]  murzyn
 2.  [pejor]  czarnuch",ˈni:grəʊ
neigh,neɪ,rżeć
neighbor,"1.  sąsiad
 2.  bliźni",neighbour|ˈneɪbə
neighborhood,"i.   1.  sąsiedztwo
 2.  dzielnica
ii.    pobliski",neighbourhood|sąsiedni|ˈneɪbəhʊd
neighboring,neighbouring,sąsiadujący|sąsiedni|ˈneɪbərɪŋ
neighborly,dobrosąsiedzki,neighbourly|przyjazny|ˈneɪbəlɪ
neighbour,"1.  sąsiad
 2.  bliźni",neighbor|ˈneɪbə
neighbourhood,"i.   1.  sąsiedztwo
 2.  dzielnica
ii.    pobliski",neighborhood|sąsiedni|ˈneɪbəhʊd
neighbouring,neighboring,sąsiadujący|sąsiedni|ˈneɪbərɪŋ
neighbourly,dobrosąsiedzki,neighborly|przyjazny|ˈneɪbəlɪ
neither,i.    żaden z dwóch,"żaden 
ii.   1.  a. też nie
 b.
      ""he is not going -- neither am i""  - on nie idzie -- ja też nie
 2.  a. neither ... nor ... 
 - ani ... ani ...
 b.
      ""neither he nor she""  - on ani ona
 c.
      ""neither he nor she""  - ani on ani ona|ˈnaɪðə|ˈni:ðə"
neon,1.  neon,"i.    neon
ii.    neonowy|oświetlony neonami
iii.  neon light|reklama neonowa
 2.  oświetlenie neonowe|ˈni:ɒn"
nepal,nɪˈpɔ:l,
nepalese,"i.    nepalski
ii.    nepalczyk",ˌnepəˈli:z
nepali,"i.    nepalski
ii.    nepalczyk",nəˈpɔ:lɪ
nephew,bratanek,siostrzeniec|ˈnefju:|ˈnevjʊ:
nerve,"1.  nerw
 2.  odwaga
 3.  [nieform]  get on sb's nerves 
 - działać komuś na nerwy
 4.  sb loses his nerves 
 - kogoś nerwy ponoszą
 5.  have the","a nerve to do sth 
 - mieć tupet coś zrobić
 6.  a fit|attack of nerves 
 - panika|nɜ:v"
nerveracking,denerwujący,nerve-racking|nerwowy|ˈnɜ:vrækɪŋ
nervous,nerwowy,ˈnɜ:vəs
nest,"i.    gniazdo
ii.    gnieździć się",
nestle,1.  wtulać się,"być usadowiony|przytulać się
 2.  usadawiać się|ˈnesəl"
net,firanka,"i.   1.  siatka|osiągać
v.  net curtain|pieniądze]  przynosić na czysto|sieć
 2.  [waga"
netherlands,holandia,"the netherlands 
 - niderlandy|ˈneðələndz"
netting,siatka,ˈnetɪŋ
nettle,pokrzywa,ˈnetəl
network,"1.  sieć
 2.  układ  [np. krążenia]",ˈnetwɜ:k
neurosis,nerwica,njʊəˈrəʊsɪs
neurotic,neurotyczny,njʊəˈrɒtɪk|znerwicowany
neuter,"1.  [gram]  nijaki
 2.  [biol]  obojnaczy",ˈnju:tə
neutral,"bez wyrazu
 3.  [przewód elektr.]  zerowy
 4.  [kolor]  bezbarwny","i.   1.  neutralny
 2.  [twarz|luz
 2.  [w konflikcie]  strona neutralna|neutralny
ii.   1.  [w samochodzie]  bieg jałowy|oczy]  obojętny"
neutralise,blokować,neutralize|ˈnju:trəlaɪz
neutrality,neutralność,nju:ˈtrælɪtɪ
neutralize,blokować,neutralise|ˈnju:trəlaɪz
neutron,"i.    [termin]  neutron
ii.    [termin]  neutronowy",ˈnju:trən
nevada,newada,nɪˈvɑ:də
never,"1.  nigdy
 2.  [nieform]  a. w ogóle nie
 b.
      ""he never came""  - w ogóle nie przyszedł",ˈnevə
nevertheless,jednak,niemniej|ˌnevəðəˈles
newborn,nowonarodzony,ˈnju:bɔ:n
newcomer,przybysz,ˈnju:kʌmə
newfangled,new-fangled,nowomodny|ˌnju:ˈfæŋgəld
newly,nowo,ˈnju:lɪ
news,agencja prasowa,"i.   the news  wiadomości
ii.  news agency|nju:z|ˈnju:zeɪʤənsɪ"
newsagent,kiosk,kioskarz|newsagent's|ˈnju:zˌeɪʤənt
newsagents,kiosk,kioskarz|newsagent|newsagent's|ˈnju:zˌeɪʤənt
newscaster,prezenter,ˈnju:zkɑ:stə
newsdealer,kiosk,kioskarz|ˈnju:zˌdi:lər
newsflash,wiadomość z ostatniej chwili,ˈnju:zflæʃ
newsletter,biuletyn,ˈnju:zletə
newspaper,gazeta,ˈnju:zpeɪpə
newsprint,papier gazetowy,ˈnju:zprɪnt
newsreel,kronika filmowa,ˈnju:zri:l
newt,nju:t,traszka
nhs,państwowa służba zdrowia,ˌ$⋅⋅$ˈ$⋅$
nib,nɪb,stalówka
nibble,[jedzenie]  skubać,ˈnɪbəl
nic,nowe państwa niepodległe  [z byłego zsrr],nɪk|ˌ$⋅⋅$ˈ$⋅$
nice,1.  [form]  delikatny,"fajny
 3.  [nieform]  miły|naɪs|subtelny
 2.  [nieform]  przyjemny"
nicely,dobrze,ˈnaɪslɪ
nicety,subtelność,szczegół|ˈnaɪsɪtɪ
niche,1.  nisza,"ni:ʃ|wgłębienie
 2.  [przen]  miejsce"
nick,"i.   1.  zacinać 
 2.  [nieform]  podprowadzić","nɪk|zwędzić
ii.   1.  nacięcie
 2.  in the nick of time 
 - w ostatniej chwili"
nickel,"1.  nikiel
 2.  pięciocentówka",ˈnɪkəl
nickname,i.    przezwisko,"nadawać przydomek|przydomek
ii.    przezywać|ˈnɪkneɪm"
nicotine,nikotyna,ˈnɪkəti:n
niece,bratanica,ni:s|siostrzenica
nigeria,naɪˈʤɪərɪə,
nigerian,"i.    nigeryjski
ii.    nigeryjczyk",naɪˈʤɪərɪən
niggardly,1.  skąpy,"powściągliwy|szczupły
 2.  skąpy|ˈnɪgədlɪ"
niggle,"1.  dokuczać
 2.  czepiać się",ˈnɪgəl
nightcap,kieliszek przed spaniem,ˈnaɪtkæp
nightdress,koszula nocna,ˈnaɪtdres
nightfall,zmierzch,ˈnaɪtfɔ:l
nightgown,koszula nocna,ˈnaɪtgaʊn
nightie,koszulka nocna,ˈnaɪtɪ
nightingale,słowik,ˈnaɪtɪŋgeɪl
nightlife,życie nocne,ˈnaɪtlaɪf
nightly,wieczorem,wieczorny|ˈnaɪtlɪ
nightmare,"1.  zły sen
 2.  koszmar",ˈnaɪtmeə
nightmarish,koszmarny,ˈnaɪtmeərɪʃ
nighttime,ciemność,night-time|noc|ˈnaɪttaɪm
nightwatchman,night-watchman,stróż nocny|ˌnaɪtˈwɒʧmən
nil,nɪl,zero
nimble,"1.  zwinny
 2.  lotny",ˈnɪmbəl
nine,dziewięć,naɪn
nineteen,dziewiętnaście,ˌnaɪnˈti:n
nineteenth,dziewiętnasty,ˌnaɪnˈti:nθ
ninetieth,dziewięćdziesiąty,ˈnaɪntɪɪθ
ninety,dziewięćdziesiąt,ˈnaɪntɪ
ninth,dziewiąty,naɪnθ
nip,"i.   1.  [nieform]  wyskakiwać
 2.  szczypać
ii.    szczypnięcie",nɪp|ukąszenie
nipple,"1.  sutek
 2.  [us]  smoczek",ˈnɪpəl
nippy,"1.  żwawy
 2.  chłodny",ˈnɪpɪ
nit,"1.  gnida
 2.  [br nieform]  debil",nɪt
nitrogen,azot,ˈnaɪtrəʤən
no,"i.   1.  nie
 2.  [w odpowiedzi na stwierdzenie z przeczeniem]  a. tak
 b.
      ""it is not easy -- no","it is quite difficult""  - to nie jest łatwe -- tak|no.|numer|numero
  nr"
nobility,"1.  szlachetność
 2.  szlachectwo
 3. the nobility  szlachta",nəʊˈbɪlɪtɪ|wyższe warstwy
noble,"i.   1.  szlachetny
 2.  wspaniały","imponujący
ii.    szlachcic|ˈnəʊbəl"
nobleman,szlachcic,ˈnəʊbəlmən
nobody,nikt,ˈnəʊbədɪ
nocturnal,nocny,nɒkˈtɜ:nəl
nod,i.   1.  skinąć głową,"nɒd|skinąć
 2.  wskazywać głową|wskazywać
 3.  kłaniać się
 4.  chylić się
ii.    skinienie głową
iii.  nod off   [nieform]  drzemać"
node,nəʊd,węzeł
nodule,guzek,węzeł|ˈnɒdju:l
noise,"1.  dźwięk
 2.  hałas
 3.  [komp]  szum",nɔɪz|zakłócenia
noiseless,bezgłośny,cichy|ˈnɔɪzlɪs
noisy,hałaśliwy,ˈnɔɪzɪ
nomad,ˈnəʊmæd,
nomadic,nomadyczny,nəʊˈmædɪk|wędrowny
nomans land,no-man's land,pogranicze|ziemia niczyja|ˈnəʊmænzlænd
nominate,mianować,ˈnɒmɪneɪt
nomination,"1.  nominacja 
 2.  mianowanie",ˌnɒmɪˈneɪʃən
nominee,elekt,nominat|ˌnɒmɪˈni:
nonalcoholic,bezalkoholowy,non-alcoholic|ˌnɒnælkəˈhɒlɪk
nonchalant,nonszalancki,ˈnɒnʃələnt
noncommittal,pełen rezerwy,wymijający|ˌnɒnkəˈmɪtəl
nondescript,nieokreślonego rodzaju,ˈnɒndɪskrɪpt
none,1.  żaden,"ani jeden
 2.  none but 
 - tylko
 3.  [nieform]  sb will have none of sth 
 - ktoś nie będzie znosił czegoś|nʌn"
nonentity,nikt,nikt ważny|nɒnˈentɪtɪ
nonetheless,[form]  mimo to,ˌnʌnðəˈles
nonevent,nic ciekawego,non-event|żadne wydarzenie|ˌnɒnɪˈvent
nonexistent,nieistniejący,non-existent|ˌnɒnɪgˈzɪstənt
nonfiction,literatura faktu,non-fiction|ˌnɒnˈfɪkʃən
nonplussed,zakłopotany,ˌnɒnˈplʌst
nonsense,1.  nonsens,"bzdura
 2.  głupstwa
 3.  make  nonsense of sth  :nonsense :of np)
 - doprowadzać coś do absurdu|czynić coś bezsensownym|ˈnɒnsəns"
nonsensical,nonsensowny,nɒnˈsensɪkəl
nonsmoker,niepalący,non-smoker|ˌnɒnˈsməʊkə
nonstarter,niewypał,non-starter|ˌnɒnˈstɑ:tə
nonviolent,bez przemocy,non-violent|pokojowy|ˌnɒnˈvaɪələnt
noodles,makaron,makaron nitki|ˈnu:dəlz
nook,kącik,kąt|nu:k
noon,nu:n,południe
noone,nikt,no-one|ˈnəʊwʌn
noose,nu:s,pętla
nor,"1.  a. też nie
 b.
      ""i don't like it -- nor do i""  - nie podoba mi się to -- mnie też nie
 2.  a. neither ... nor ... 
 - ani ...","ani ...
 b.
      ""neither he nor she""  - ani on|ani ona|nɔ:"
norm,norma,nɔ:m
normal,normalny,zwyczajny|ˈnɔ:məl
normality,normalność,nɔ:ˈmælɪtɪ
normally,"1.  normalnie
 2.  zazwyczaj",ˈnɔ:məlɪ
north,"i.   the north  północ
ii.    na północ
iii.    północny",nɔ:θ
northeast,"i.    północno-wschodni
ii.   1.  na północny wschód
 2.  to the north-east 
 - na północnym wschodzie",north-east|ˌnɔ:θˈi:st
northeastern,north-eastern,północno-wschodni|ˌnɔ:θˈi:stən
northerly,północny,ˈnɔ:ðəlɪ
northern,północny,ˈnɔ:ðən
northward,"i.    na północ
ii.    północny",ˈnɔ:θwəd
northwest,"i.    północno-zachodni
ii.   1.  na północny zachód
 2.  to the north-west 
 - na północnym zachodzie",north-west|ˌnɔ:θˈwest
northwestern,north-western,północno-zachodni|ˌnɔ:θˈwestən
norway,norwegia,ˈnɔ:weɪ
norwegian,"i.    norweski
ii.    norweg",nɔ:ˈwi:ʤən
nos,"nos.
  numery",
nosebleed,krwotok z nosa,ˈnəʊzbli:d
nosedive,i.   1.  nurkować,"pikowanie
 2.  gwałtowne spadanie|pikować
 2.  spadać
ii.   1.  nurkowanie|spadanie|ˈnəʊzdaɪv"
nosey,wścibski,ˈnəʊzɪ
nostalgia,nɒsˈtælʤɪə,
nostalgic,cierpiący na nostalgię,nostalgiczny|nɒsˈtælʤɪk
nostril,nozdrza,ˈnɒstrɪl
nosy,wścibski,ˈnəʊzɪ
nota bene,n.b.,notabene|ˌ$⋅$ˈ$⋅$
notable,godny uwagi,ˈnəʊtəbəl
notably,"1.  szczególnie
 2.  w widoczny sposób",ˈnəʊtəblɪ
notarial,notarialny,nəʊˈtærɪal
notary,notariusz,ˈnəʊtərɪ
notation,nəʊˈteɪʃən,zapis
notch,i.   1.  nacięcie,"nɒʧ|osiągać|szczerba
 2.  stopień
ii.    nacinać
iii.  notch up  [nieform]   zapisywać na swoje konto"
note,"i.   1.  notatka
 2.  [służbowa]  nota","nəʊt|uwaga
 3.  [urzędowe]  pismo
 4.  [muz]  nuta
 5.  [głosu]  ton
 6.  banknot
 7.  [w książce]  przypis
ii.   1.  [fakt]  zauważać
 2. note down  [wykład]  notować|zapisywać
 3.  take note of sth 
 - zauważać coś"
notebook,notatnik,notes|ˈnəʊtbʊk
noted,znany,ˈnəʊtɪd
notepaper,papier listowy,ˈnəʊtpeɪpə
noteworthy,godny uwagi,ˈnəʊtwɜ:ðɪ
notice,"avoids sb's notice 
 - coś umyka czyjejś uwadze
 8.  at short notice 
 - w ciągu krótkiego czasu","coś dochodzi do czyjejś uwagi
 6.  take notice of sth 
 - zauważać
 7.  sth escapes|i.    zauważać
ii.   1.  [o fakcie]  ogłoszenie|na krótki termin
 9.  until further notice 
 - aż do odwołania
 10.  give sb a notice 
 - dać komuś wypowiedzenie|upomnienie
 3.  [z pracy]  rezygnacja
 4.  a brings sth to b's notice 
 - a zwraca uwagę b na coś
 5.  sth comes to sb's notice 
 - ktoś coś zauważa"
noticeable,widoczny,ˈnəʊtɪsəbəl
noticeboard,tablica ogłoszeń,ˈnəʊtɪsbɔ:d
notification,zawiadomienie,ˌnəʊtɪfɪˈkeɪʃən
notify,zawiadamiać,ˈnəʊtɪfaɪ
notion,opinia,pojęcie|ˈnəʊʃən
notoriety,notoryczność,rozgłos|ˌnəʊtəˈraɪətɪ
notorious,"1.  notoryczny
 2.  o złej reputacji
 3.  be notorious for sth 
 - być znanym z czegoś godnego nagany",być znanym z czegoś|nəˈtɔ:rɪəs
notwithstanding,jednakże,mimo to|pomimo|ˌnɒtwɪθˈstændɪŋ
nought,nɔ:t,zero
noun,naʊn,rzeczownik
nourish,"1.  odżywiać
 2.  [lit]  żywić",piastować|ˈnʌrɪʃ
nourishing,odżywczy,ˈnʌrɪʃɪŋ
nourishment,pożywienie,ˈnʌrɪʃmənt
nov,"nov.
  listopad",
novel,"i.    powieść
ii.    nowatorski",ˈnɒvəl
novelist,powieściopisarz,ˈnɒvəlɪst
novelty,"1.  nowość
 2.  nowatorstwo
 3.  nowinka",ˈnɒvəltɪ
november,listopad,nəʊˈvembə
novice,nowicjusz,ˈnɒvɪs
nowadays,obecnie,ˈnaʊədeɪz
nowhere,1.  nigdzie,"coś prowadzi donikąd|donikąd
 2.  *from|out of* nowhere 
 - znikąd
 3.  sth is getting  nowhere  :nowhere)
 - coś prowadzi kogoś donikąd|ˈnəʊweə"
noxious,szkodliwy,trujący|ˈnɒkʃəs
nozzle,dysza,ssawka|wylot|ˈnɒzəl
nr,"nr
  blisko",w pobliżu
nt,nowy testament,ˌ$⋅$ˈ$⋅$
nuance,niuans,ˈnju:ɑ:ns
nuclear,atomowy,nuklearny|ˈnju:klɪə
nucleus,"1.  jądro
 2.  centrum",ˈnju:klɪəs
nude,"1.  nagi
 2.  akt
 3.  in the nude 
 - nago",nju:d
nudge,i.   1.  trącać się,"nʌʤ|poszturchiwać
 2.  przekonywać
 3.  szturchaniec
ii.    przekonywanie"
nudity,nagość,ˈnju:dɪtɪ
nugget,1.  rodzynek,"interesująca wiadomość|wiadomość
 2.  bryłka|ˈnʌgɪt"
nuisance,1.  a. utrapienie,"coś nieznośnego
 b.
      ""this wind is a nuisance""  - strasznie przykry ten wiatr
 c.
      ""he can be a nuisance""  - potrafi się naprzykrzyć
 2.  make a nuisance of oneself 
 - naprzykrzać się
 3.  what a nuisance! 
 - a niech to!|ˈnju:səns"
null,"1.  zero
 2.  [komp]  pusty",bez znaczenia|nʌl
numb,i.   1.  zdrętwiały (with - od,"nʌm|powodować kostnienie
 2.  paraliżować|z powodu)
 2.  skostniały
ii.   1.  kostnieć"
number,[br]   tablica rejestracyjna,"i.   1.  numer
 2.  liczba
 3.  ilość
ii.   1.  [mieć liczbę]  a. liczyć
 b.
      ""the group numbered 5 people""  - grupa liczyła 5 osób
 2.  [np. strony]  numerować
 3.  [zajmować pozycję]  zaliczać się 
 4.  a number of 
 - wiele|pomyłka''
iii.  number plate|wielu
 5.  [przez telefon]  ``wrong number'' 
 -|ˈnʌmbə"
numeral,"i.    liczbowy
ii.    liczebnik",ˈnju:mərəl
numerate,"be numerate 
 - umieć liczyć",ˈnju:mərət
numerical,liczbowy,nju:ˈmerɪkəl
numero,no.,"numer|numero
  nr"
numerous,"1.  liczny
 2.  liczebny",ˈnju:mərəs
nun,nʌn,zakonnica
nurse,i.    pielęgniarka,"nɜ:s|siostra
ii.   1.  pielęgnować
 2.  żywić"
nursery,"i.   1.  przedszkole
 2.  szkółka leśna","przedszkole|szkółka
ii.    przedszkolny
iii.  nursery rhyme|wierszyk dziecięcy
iv.  nursery school|ˈnɜ:sərɪ"
nursing,"i.    pielęgniarstwo
ii.    karmiący piersią","karmiący
iii.  nursing home|prywatny szpital|szpital|ˈnɜ:sɪŋ"
nurture,1.  doglądać,"wychowywać
 2.  dopomagać|ˈnɜ:ʧə"
nut,"1.  orzech
 2.  nakrętka
 3.  [nieform]  świr
 4.  [nieform]  sb is *nuts","nʌt|off his nut* 
 - komuś szajba odbija"
nutcase,szajbus,ˈnʌtkeɪs
nutcracker,dziadek do orzechów,nutcrackers|ˈnʌtkrækə
nutcrackers,dziadek do orzechów,nutcracker|ˈnʌtkrækə
nutmeg,gałka muszkatołowa,ˈnʌtmeg
nutrient,substancja odżywcza,ˈnju:trɪənt
nutrition,nju:ˈtrɪʃən,odżywianie się
nutritious,nju:ˈtrɪʃəs,odżywczy
nutshell,"in a nutshell 
 - w kilku słowach",ˈnʌʧel
nutty,"1.  orzechowy
 2.  [nieform]  wariacki",ˈnʌtɪ
nuzzle,ocierać się,ˈnʌzəl
nw,"nw
  płn.-zach.",północno-zachodni
ny,n.y.,nowy jork|ˌ$⋅$ˈ$⋅$
nyc,miasto nowy jork,n.y.c.|ˌ$⋅⋅$ˈ$⋅$
nylon,ˈnaɪlən,
nz,n.z.,nowa zelandia|ˌ$⋅$ˈ$⋅$
née,nee,z domu|ˈniː
o,"ach
ii.    [przy dyktowaniu numerów]  zero",i.    och|əʊ
oaf,bęcwał,əʊf
oak,dąb,əʊk
oap,"i.
   see also: {old age pensioner}
  emeryt
ii.
   see also: {old age pension}
  emerytura",ˌ$⋅⋅$ˈ$⋅$
oar,wiosło,ɔ:
oas,organizacja państwa amerykańskich,ˌ$⋅⋅$ˈ$⋅$
oasis,oaza,əʊˈeɪsɪs
oath,"1.  przysięga
 2.  on","under oath 
 - pod przysięgą|əʊθ"
oatmeal,"i.    kasza owsiana
ii.    jasnobeżowy",ˈəʊtmi:l
oau,organizacja jedności afrykańskiej,ˌ$⋅⋅$ˈ$⋅$
obe,[tytuł honorowy]  order imperium brytyjskiego,ˌ$⋅⋅$ˈ$⋅$
obedient,posłuszny,əˈbi:dɪənt
obese,otyły,əʊˈbi:s
obey,być posłusznym,stosować się|əˈbeɪ
obituary,nekrolog,əˈbɪtjʊərɪ
object,"mieć obiekcje 
 2.  sprzeciwiać się","obiekt
 2.  cel|object
i.   1.  przedmiot|zadanie
 3.  [gram]  dopełnienie
ii.   1.  mieć coś do zarzucenia"
objection,1.  wątpliwość,"zarzut
 2.  sb has no objection to sth 
 - komuś nie przeszkadza coś|əbˈʤekʃən"
objectionable,niestosowny,niewłaściwy|əbˈʤekʃənəbəl
objective,"i.    cel
ii.    obiektywny",əbˈʤektɪv
obligation,1.  zobowiązanie,"obowiązek
 2.  be under an obligation 
 - być zobowiązanym|ˌɒblɪˈgeɪʃən"
obligatory,obowiązkowy,əˈblɪgətərɪ
oblige,"1.  zobowiązywać
 2.  wyświadczać przysługę",əˈblaɪʤ
obliging,uczynny,əˈblaɪʤɪŋ
oblique,1.  pośredni,"skośny|wymijający
 2.  ukośny|əˈbli:k"
obliterate,unicestwiać,əˈblɪtəreɪt
oblivion,"1.  nieświadomość
 2.  zapomnienie",əˈblɪvɪən
oblivious,nieświadomy,əˈblɪvɪəs
oblong,"i.    prostokąt
ii.   1.  prostokątny
 2.  [us]  podłużny",ˈɒblɒŋ
obnoxious,nieznośny,przykry|əbˈnɒkʃəs
oboe,obój,ˈəʊbəʊ
obscene,nieprzyzwoity,obsceniczny|əˈbsi:n
obscenity,"1.  nieprzyzwoitość
 2.  nieprzywoity wyraz",əˈbsenɪtɪ
obscure,"i.   1.  mało znany
 2.  zawiły","niejasny
 3.  zamazany|niewyraźny
ii.    zaciemniać|əbˈskjʊə"
obsequious,służalczy,əbˈsi:kwɪəs
observable,dostrzegalny,əbˈzɜ:vəbəl
observance,przestrzeganie,əbˈzɜ:vəns
observant,spostrzegawczy,əbˈzɜ:vənt
observation,"1.  obserwacja
 2.  spostrzeżenie
 3.  spostrzegawczość",ˌɒbzəˈveɪʃən
observatory,obserwatorium,əbˈzɜ:vətərɪ
observe,"1.  obserwować
 2.  [form]  dostrzegać
 3.  [form]  zauważać
 4.  przestrzegać",əbˈzɜ:v
observer,"1.  obserwator
 2.  komentator polityczny",komentator|əbˈzɜ:və
obsess,"1.  nie dawać spokoju
 2.  be obsessed with sth 
 - być opętanym czymś",əbˈses
obsession,obsesja,əbˈseʃən
obsessional,obsesyjny,əbˈseʃənəl
obsessive,obsesyjny,əbˈsesɪv
obsolete,przestarzały,ˈɒbsəli:t
obstacle,przeszkoda,ˈɒbstəkəl
obstetrics,położnictwo,əbˈstetrɪks
obstinate,uparty,ˈɒbstɪnət
obstruct,"1.  tarasować
 2.  blokować",əbˈstrʌkt
obstruction,1.  przeszkoda,"zator
 2.  obstrukcja|əbˈstrʌkʃən"
obtain,osiągać,uzyskiwać|əbˈteɪn
obtainable,osiągalny,əbˈteɪnəbəl
obtrusive,narzucający się,natrętny|əbˈtru:sɪv
obtuse,"1.  tępy
 2.  [termin]  [kąt]  rozwarty",əbˈtju:s
obvious,oczywisty,ˈɒbvɪəs
obviously,"1.  oczywiście
 2.  w sposób oczywisty",ˈɒbvɪəslɪ
occasion,czasami,"i.   1.  okazja
 2.  [form]  sposobność
 3.  specjalne wydarzenie|wydarzenie
ii.   1.  [form]  powodować|wywoływać
 2.  on occasion 
 - okazjonalnie|əˈkeɪʒən"
occasional,okazjonalny,okresowy|əˈkeɪʒənəl
occult,magiczny,sekretny|ˈɒkʌlt
occupant,"1.  mieszkaniec
 2.  osoba wewnątrz pomieszczenia",osoba|ˈɒkjəpənt
occupation,"1.  zawód
 2.  zajęcie
 3.  okupacja",ˌɒkjəˈpeɪʃən
occupational,zawodowy,ˌɒkjəˈpeɪʃənəl
occupier,mieszkaniec,posiadacz|ˈɒkjəpaɪə
occupy,"1.  zajmować 
 2.  okupować
 3.  trwać",ˈɒkjəpaɪ
occur,1.  zdarzać się,"następować
 2.  występować
 3.  przychodzić|əˈkɜ:"
occurrence,"1.  [form]  wydarzenie
 2.  występowanie",əˈkʌrəns
ocean,ˈəʊʃən,
ocr,"ocr
  optyczne rozpoznawianie znaków",
oct,"oct.
  październik",
octagon,ośmiokąt,ˈɒktəgən
octave,oktawa,ˈɒktɪv
october,październik,ɒkˈtəʊbə
octopus,ośmiornica,ˈɒktəpəs
oculist,okulista,ˈɒkjəlɪst
odd,[nieform]   różności,"coś koło dwudziestu
iii.   1. the odds  szanse
 2.  odd one out 
 - jeden nie pasujący
 3.  oddly enough 
 - to dziwne
iv.  odds and ends|i.   1.  dziwny
 2.  niedobrany|klamoty|nie do pary
 3.  [nieform]  różny
 4.  [liczba]  nieparzysty
ii.    [nieform]  a. kilkadziesiąt
 b.
      ""twenty odd""  - ponad dwadzieścia"
oddity,"1.  dziwactwo
 2.  dziwaczność",ˈɒdɪtɪ
oddments,różności,ˈɒdmənts
oddson,odds-on,prawie pewne|ədzˈɒn
oder,"the oder 
 - odra",ˈəʊdə
odious,nienawistny,wstrętny|ˈəʊdɪəs
odor,odour,zapach|ˈəʊdə
odour,odor,zapach|ˈəʊdə
oecd,organizacja współpracy ekonomicznej i rozwoju,ˌ$⋅⋅⋅$ˈ$⋅$
of,"1.  a. 

 b.
      ""a cup of tea""  - filiżanka herbaty
 c.
      ""the leg of a table""  - noga stołu
 2.  a. 

 b.
      ""the university of warsaw""  - uniwersytet warszawski
 3.  [materiał","czas]  a. z
 b.
      ""of steel""  - ze stali
 c.
      ""many of them""  - wielu z nich
 d.
      ""the war of 1991""  - wojna z roku 1991
 4.  [ocena]  a. ze strony
 b.
      ""how kind of her""  - jak uprzejmie z jej strony
 5.  [choroba]  a. na
 b.
      ""die of cancer""  - umrzeć na raka
 6.  a. o
 b.
      ""law of publications""  - ustawa o publikacjach
 7.  [cecha]  a. 

 b.
      ""a giant of a man""  - człowiek-gigant
 8.  [przed zaimkami]  a. w
 b.
      ""the six of us""  - my w sześciu
 9.  [przed liczbą]  a. w wieku lat|miasto|w wieku
 b.
      ""a girl of six""  - dziewczynka w wieku sześciu lat
 10.  a friend of yours 
 - twój przyjaciel
 11.  the town of  
 - miasto oksford|wybór"
offal,podroby,ˈɒfəl
offcolour,niezdrowy,off-colour|ˌɒfˈkʌlə
offence,1.  [form]  wykroczenie,"offense|przestępstwo
 2.  give offence 
 - razić|urażać
 3.  take offence 
 - obrażać się|əˈfens"
offend,"1.  obrażać
 2.  [form]  naruszać","wykraczać 
 3.  [form]  popełniać|əˈfend"
offender,1.  [form]  przestępca,"sprawca wykroczenia
 2.  winowajca|əˈfendə"
offense,1.  [form]  wykroczenie,"offence|przestępstwo
 2.  give offence 
 - razić|urażać
 3.  take offence 
 - obrażać się|əˈfens"
offensive,"i.   1.  obraźliwy
 2.  ofensywny
ii.   1.  ofensywa
 2.  *go on","take* the offensive 
 - przechodzić do ofensywy|əˈfensɪv"
offering,1.  propozycja,"oferta
 2.  ofiara|ˈɒfərɪŋ"
offhand,"i.    bezceremonialny
ii.    od ręki",od razu|off-hand|ɒfˈhænd
office,"1.  biuro
 2.  urząd
 3.  *be in","być u władzy
 4.  take office 
 - obejmować urząd|hold* office 
 - być przy władzy|ˈɒfɪs"
officer,"1.  oficer
 2.  wyższy urzędnik","urzędnik
 3.  officer 
 - proszę pana  [forma zwracania się do policjanta]|ˈɒfɪsə"
official,"i.   1.  oficjalny
 2.  urzędowy
ii.    wyższy urzędnik",urzędnik|əˈfɪʃəl
officious,nadgorliwy,əˈfɪʃəs
offing,"be in the offing 
 - zbliżać się",ˈɒfɪŋ
offlicence,off-licence,sklep monopolowy|ˈɒflaɪsəns
offline,1.  tryb rozłączny,"nie podlegający systemowi operacyjnemu|off-line|pośredni
 2.  [o procesie|rozłączny"
offload,przerzucać,ˌɒfˈləʊd
offpeak,[np. taryfa,bilet]  pozaszczytowy|off-peak|ˌɒfˈpi:k
offputting,odstręczający,off-putting|ˈɒfpʊtɪŋ
offset,i.    wyrównywać,"równoważyć
ii.    druk offsetowy|ˈɒfset"
offshoot,odrośl,ˈɒfʃu:t
offshore,"i.    odbrzegowy
ii.    od brzegu",ˌɒfˈʃɔ:
offside,i.    [br]  strona zewnętrzna pojazdu,"na spalonym|strona zewnętrzna
ii.    [sport]  spalony|ˌɒfˈsaɪd"
offspring,potomstwo,ˈɒfsprɪŋ
often,"1.  często
 2.  more often than not 
 - zwykle
 3.  as often as not 
 - dość często",ˈɒfən
ogle,przypatrywać się lubieżnie,ˈəʊgəl
ogre,ogr,potwór|ˈəʊgə
oh,"1.  o
 2.  no
 3.  och",ach|əʊ
ohio,əˈhaɪəʊ,
ohms,w służbie państwa,ˌ$⋅⋅⋅$ˈ$⋅$
oil,"i.   1.  ropa naftowa
 2.  olej napędowy","nakładać krem
iii.  oil painting|obraz olejny
iv.  oilrig|oliwa
 4.  [do ciała]  olejek
 5. oils  [malarstwo]  obraz olejny
ii.   1.  [maszynę]  oliwić
 2.  [na ciało]  nakładać olejek|plama ropy naftowej
vi.  oil well"
oilfield,złoże ropy,ˈɔɪlfi:ld
oily,1.  zatłuszczony,"natłuszczony
 2.  oleisty
 3.  oślizły|ˈɔɪlɪ"
ointment,1.  maść,"krem
 2.  a fly in the ointment 
 - drobnostka psująca przyjemność|ˈɔɪntmənt"
okay,"i.   1.  okej
 2.  dobra","no dobra
ii.   1.  dobrze
 2.  w porządku
iii.    [oficjalnie]  aprobować
iv.   the okay  [oficjalna]  aprobata|ˌəʊˈkeɪ"
oklahoma,ˌəʊkləˈhəʊmə,
old,"i.   1.  stary
 2.  dawny
 3.  be  years old 
 - mieć 20 lat","ile lat masz?
 5.  [nieform]  any old 
 - jakikolwiek
ii.  old maid|ile lat pani ma?|mieć lat
 4.  how old are you? 
 - ile lat pan ma?|stara panna"
oldfashioned,"1.  staromodny
 2.  staroświecki",old-fashioned|ˌəʊldˈfæʃənd
olevel,[br dawniej]  mała matura,o-level|ˈəʊˌlevəl
olive,"i.    oliwka
ii.   olive green  oliwkowy",ˈɒlɪv
olympic,"i.    olimpijski
ii.   the olympics  igrzyska olimpijskie","igrzyska olimpijskie|olimpiada
iii.  the olympic games|ðə əˌlɪmpɪk ˈgeɪmz|əˈlɪmpɪk"
omelet,omelette,omlet|ˈɒmlɪt
omelette,omelet,omlet|ˈɒmlɪt
omen,ˈəʊmən,
ominous,przerażający,złowieszczy|ˈɒmɪnəs
omission,1.  opuszczenie,"luka
 2.  pominięcie|əˈmɪʃən"
omit,"1.  pomijać
 2.  [form]  nie robić",zaniedbywać|əˈmɪt
omnibus,antologia,zbiór|ˈɒmnɪbəs
on to,"1.  [kłaść]  na
 2.  [wsiadać",onto|przytwierdzać]  do|ˈɒntʊ
once,"1.  raz
 2.  kiedyś
 3.  a. gdy już","it is remembered""  - po wyuczeniu się tego|jest można to pamiętać
 4.  at once 
 - od razu
 5.   at once 
 - naraz
 6.   for once  :for :once)
 - tym razem
 7.  once again|już|more 
 - jeszcze raz
 8.  once upon a time 
 - pewnego razu"
oncoming,nadchodzący,nadciągający|ˈɒnkʌmɪŋ
one,"i.    jeden
ii.    jedyny
iii.   1.  pewien
 2.  a. 

 b.
      ""this book is not as good as the other one""  - ta książka nie jest tak dobra jak ta druga
 3.  a. 

 b.
      ""one has to be careful""  - trzeba być ostrożnym
 4.  one by one 
 - jeden po drugim","jeden za drugim
 5.  one another 
 - wzajemnie|siebie
 6.  a. for one 
 - przynajmniej
 b.
      ""i for one""  - przynajmniej ja|się|wʌn"
oneman,jednoosobowy,one-man|wʌnˈmæn
oneoff,"i.    [nieform]  unikalny egzemplarz
ii.    jedyny w swoim rodzaju",one-off|wʌnˈɒf
onerous,ciężki,uciążliwy|ˈɒnərəs
ones,1.  czyjś,one's|swój|własny [w konstrukcjach nieosobowych]|wʌnzˈ
oneself,1.  siebie,"się
 2.  sam [w konstrukcjach nieosobowych]|wʌnˈself"
onesided,jednostronny,one-sided|wʌnˈsaɪdɪd
onetime,niegdysiejszy,niegdyś|one-time|wʌnˈtaɪm
oneway,"1.  jednokierunkowy
 2.  w jedną stronę",one-way|wʌnˈweɪ
ongoing,trwający,zachodzący|ˈɒngəʊɪŋ
onion,cebula,ˈʌnjən
online,1.  tryb bezpośredni,"bezpośredni
 2.  [o procesie|on-line|podległy systemowi operacyjnemu|urządzeniu]  podległy systemowi komputerowemu"
onlooker,widz,ˈɒnlʊkə
only,gdy,"i.   1.  tylko
 2.  jedynie
ii.   1.  jedyny
 2.  only just 
 - ledwo
 3.  only too 
 - bardzo|niezwykle
 4.  only if 
 - tylko wtedy|ˈəʊnlɪ"
ono,[br]  lub oferta najbliższa,o.n.o.|ˌ$⋅⋅$ˈ$⋅$
onrush,przypływ,ˈɒnrʌʃ
onset,początek,ˈɒnset
onshore,"i.    dobrzegowy
ii.    do brzegu",ˌɒnˈʃɔ:
onslaught,atak,ˈɒnslɔ:t
onto,"1.  [kłaść]  na
 2.  [wsiadać",on to|przytwierdzać]  do|ˈɒntʊ
onus,ciężar,obowiązek|ˈəʊnəs
onward,dalej,"do chwili obecnej  [lub nie tłumaczony]
 b.
      ""from 1976 onwards""  - od 1976 roku
ii.    naprzód|i.    a. do dzisiaj|onwards|wprzód"
onwards,dalej,"do chwili obecnej  [lub nie tłumaczony]
 b.
      ""from 1976 onwards""  - od 1976 roku
ii.    naprzód|i.    a. do dzisiaj|onward|wprzód"
oops,1.  tego,"bęc|no
 2.  bam|ʊps"
ooze,i.   1.  ciec,"szlam|u:z|wyciekać
 2.  wydzielać
 3.  ociekać 
ii.    błocko"
op,"op.
i.
   see also: {opus}
  dzieło
ii.
   see also: {operation}
  działanie",
opal,ˈəʊpəl,
opaque,1.  nieprzezroczysty,"mętny
 2.  [form]  nieprzenikniony|əʊˈpeɪk"
opec,organizacja państw eksportujących ropę naftową,ˈəʊpek
open,i.   1.  otwierać się,"na świeżym powietrzu
 4.  bring sth into the open 
 - wyciągać coś na światło dzienne
iii.  open up  1.  otwierać
 2.  stwarzać|otwierać
 2.  [o imprezie]  zaczynać się
 3.  [o oknie]  wychodzić   
ii.   1.  [drzwi|powstawać|sklep"
openended,open-ended,otwarty|otwarty na wszystko|ˌəʊpənˈendɪd
opener,otwieracz,ˈəʊpənə
opening,godziny otwarcia,"godziny pracy|i.    początkowy
ii.   1.  otwarcie
 2.  [filmu]  początek
 3.  [w płocie]  przejście|luka
 4.  [działania]  możliwość|miejsce"
openly,otwarcie,ˈəʊpənlɪ
openminded,o otwartym umyśle,open-minded|światły|ˌəʊpənˈmaɪndɪd
opera,ˈɒpərə,
operate,"1.  działać
 2.  obsługiwać
 3.  operować",przeprowadzać operację|ˈɒpəreɪt
operatic,operowy,ˌɒpəˈrætɪk
operating system,system operacyjny,ˈɒpəˌreɪtɪŋ ˌsɪstəm
operation,"1.  operacja
 2.  działanie
 3.  firma
 4.  in operation 
 - w użyciu
 5.  put into operation 
 - stosować",ˌɒpəˈreɪʃən
operational,"1.  działający
 2.  do użycia",do zastosowania|ˌɒpəˈreɪʃənəl
operative,"i.    działający
ii.    [form]  pracownik",ˈɒpərətɪv
operator,"1.  operator
 2.  telefonista","telefonistka
 3.  przedsiębiorca|ˈɒpəreɪtə"
operetta,operetka,ˌɒpəˈretə
opinion,"1.  opinia
 2.  pogląd
 3.  be of the opinion 
 - sądzić",əˈpɪnjən
opinionated,lepiej wiedzący,əˈpɪnjəneɪtɪd
opium,ˈəʊpɪəm,
opp,"opp.
  naprzeciw",
opponent,oponent,przeciwnik|əˈpəʊnənt
opportune,w samą porę,zbawczy|ˈɒpətju:n
opportunism,oportunizm,ˈɒpətju:nɪzəm
opportunity,sposobność,ˌɒpəˈtju:nɪtɪ
oppose,sprzeciwiać się,əˈpəʊz
opposed,"1.  przeciwny 
 2.  przeciwstawny",əˈpəʊzd
opposing,przeciwstawny,əˈpəʊzɪŋ
opposite,"i.    naprzeciwko
ii.   1.  przeciwległy
 2.  przeciwny
iii.    przeciwieństwo",ˈɒpəzɪt
opposition,"1.  opozycja
 2.  [sport]  przeciwnik",ˌɒpəˈzɪʃən
oppress,1.  prześladować,"przygniatać|uciskać
 2.  działać opresyjnie|əˈpres"
oppression,1.  prześladowanie,"ucisk|ucisk
 2.  opresja|əˈpreʃən"
oppressive,"1.  przygniatający
 2.  uciskający",əˈpresɪv
opt,i.    optować,"nie udzielać się|wybierać   
ii.  opt out of   rezygnować|ɒpt"
optical,[komp]   optyczne rozpoznawianie znaków,"i.   1.  optyczny
 2.  wzrokowy
ii.  optical character recognition|ˈɒptɪkəl|ˌɒptɪkəl ˈkærəktə ˌrekəˈgnɪʃən"
optician,optyk,ɒpˈtɪʃən
optimism,optymizm,ˈɒptɪmɪzəm
optimistic,optymistyczny,ˌɒptɪˈmɪstɪk
optimum,optymalny,ˈɒptɪməm
option,możliwość,opcja|ˈɒpʃən
optional,do wyboru,opcjonalny|ˈɒpʃənəl
opulent,bogaty,ˈɒpjələnt
or,1.  lub,"albo|czy
 2.  ponieważ
 3.  inaczej|ɔ:"
oracle,wyrocznia,ˈɔ:rəkəl
oral,i.   1.  ustny,"oralny
 2.  doustny
ii.    egzamin ustny|ˈɔ:rəl"
orange,"i.    pomarańcza
ii.    pomarańczowy
iii.    sok pomarańczowy",ˈɒrɪnʤ
orangutan,orangutang,ɔ:ˌræŋu:ˈtæn
orangutang,orangutan,ɔ:ˌræŋu:ˈtæn
oration,oracja,przemówienie|ɔ:ˈreɪʃən
orbit,"i.    orbita
ii.    krążyć wokół czegoś",krążyć|ˈɔ:bɪt
orch,"orch.
  orkiestra",
orchard,sad,ˈɔ:ʧəd
orchestra,"a. orkiestra
 b.
      ""symphony orchestra""  - orkiestra symfoniczna",ˈɔ:kɪstrə
orchestrate,1.  aranżować,"organizować
 2.  zorkiestrować|orkiestrować|ˈɔ:kɪstreɪt"
orchid,orchidea,ˈɔ:kɪd
ordain,"1.  wyświęcać
 2.  [form]  postanawiać",ɔ:ˈdeɪn
ordeal,ciężkie przeżycie,ɔ:ˈdi:l
orderly,"i.    porządny
ii.   1.  sanitariusz
 2.  ordynans",ˈɔ:dəlɪ
ordinarily,zwykle,ˈɔ:dənərɪlɪ
ordinary,"1.  zwykły
 2.  out of the ordinary 
 - niezwykły",ˈɔ:dɪnərɪ
ordination,wyświęcenie,ˌɔ:dɪˈneɪʃən
ore,ruda,ɔ:
oregon,ˈɒrɪgən,
organ,"1.  organ
 2.  narząd
 3.  [muz]  organy",ˈɔ:gən
organic,"1.  organiczny
 2.  naturalny",ɔ:ˈgænɪk
organisation,"1.  organizacja
 2.  uorganizowanie",organization|ˌɔ:gənaɪˈzeɪʃən
organisational,organizacyjny,organizational|ˌɔ:gənaɪˈzeɪʃənəl
organise,"1.  organizować
 2.  porządkować
 3.  organizować się",organize|zrzeszać się|ˈɔ:gənaɪz
organism,organizm,ˈɔ:gənɪzəm
organist,organista,ˈɔ:gənɪst
organization,"1.  organizacja
 2.  uorganizowanie",organisation|ˌɔ:gənaɪˈzeɪʃən
organizational,organisational,organizacyjny|ˌɔ:gənaɪˈzeɪʃənəl
organize,"1.  organizować
 2.  porządkować
 3.  organizować się",organise|zrzeszać się|ˈɔ:gənaɪz
orgasm,orgazm,szczytowanie|ˈɔ:gəzəm
orgy,"1.  orgia
 2.  rozpasanie",ˈɔ:ʤɪ
oriental,orientalny,wschodni|ˌɔ:rɪˈentəl
orientate,"orientate oneself 
 - orientować się",ˈɔ:rɪenteɪt
origin,origins,pochodzenie|ˈɒrɪʤɪn
original,"i.   1.  oryginalny
 2.  początkowy
ii.    oryginał",əˈrɪʤɪnəl
originate,brać początek,əˈrɪʤɪneɪt
originator,autor,twórca|əˈrɪʤɪneɪtə
origins,origin,pochodzenie|ˈɒrɪʤɪn
ornament,"i.   1.  ozdoba
 2.  ornament
 3.  ornamentacja
ii.    ornamentować",ˈɔ:nəmənt
ornamental,ornamentalny,ozdobny|ˌɔ:nəˈmentəl
ornate,ozdobny,ɔ:ˈneɪt
ornithology,ornitologia,ˌɔ:nɪˈθɒləʤɪ
orphan,"1.  sierota
 2.  be orphaned 
 - być osieroconym",ˈɔ:fən
orphanage,sierociniec,ˈɔ:fənɪʤ
orthodox,"1.  konwencjonalny
 2.  ortodoksyjny
 3.  [relig]  prawosławny",ˈɔ:θədɒks
orthodoxy,"1.  konwencjonalny pogląd
 2.  ortodoksja
 3.  [relig]  prawosławie",ˈɔ:θədɒksɪ
orthopaedic,"i.    ortopedyczny
ii.   orthopaedics  ortopedia",ˌɔ:θəˈpi:dɪk
os,"i.
   see also: {ordinary seaman}
  majtek
ii.
   see also: {operating system}
  system operacyjny",ˌ$⋅$ˈ$⋅$
oscillate,oscylować,ˈɒsɪleɪt
ostensible,rzekomy,ɒsˈtensɪbəl
ostentation,ostentacja,ˌɒstənˈteɪʃən
ostentatious,1.  wystawny na pokaz,"bogaty
 3.  ostentacyjny|wystawny
 2.  bogaty na pokaz|ˌɒstənˈteɪʃəs"
ostracise,"[form]  be ostracized 
 - być ostracyzowanym",ostracize|ˈɒstrəsaɪz
ostracize,"[form]  be ostracized 
 - być ostracyzowanym",ostracise|ˈɒstrəsaɪz
ostrich,struś,ˈɒstrɪʧ
ot,stary testament,ˌ$⋅$ˈ$⋅$
other,1.  drugi,"innego jak
 5.  every other 
 - co drugi
 6.  one after the other 
 - jeden po drugim|pozostały
 2.  inny
 3.  the other day|week 
 - niedawno
 4.   other than  :other :than)
 - nic innego jak|ˈʌðə"
otherwise,"1.  inaczej
 2.  w innym razie
 3.  poza tym","całkiem
 4.  or otherwise 
 - czy też nie|ˈʌðəwaɪz"
otter,wydra,ˈɒtə
ouch,au,aʊʧ
ought,"1.  ought to  
 - powinien coś zrobić","powinien|powinien
 2.  ought to  
 - powinien był coś zrobić|ɔ:t"
ounce,1.  uncja  [28,"35 g]
 2.  [nieform]  odrobina|aʊns"
our,a:,nasz|ˈaʊə
ours,nasz,ˈaʊəz
ourselves,1.  się,"aʊəˈselvz|siebie|sobie
 2.  sami"
oust,aʊst,usuwać|wypierać
outandout,kompletny,out-and-out|zupełny|ˌaʊtənˈaʊt
outback,pustkowie,the outback  [w australii]  głusza|ˈaʊtbæk
outbreak,wybuch,ˈaʊtbreɪk
outbuilding,budynek gospodarczy,dobudówka|ˈaʊtbɪldɪŋ
outburst,"1.  wybuch
 2.  eksplozja",przypływ|ˈaʊtbɜ:st
outcast,wyrzutek,ˈaʊtkɑ:st
outclass,deklasować,przewyższać|ˈaʊtklɑ:s
outcome,wynik,ˈaʊtkʌm
outcry,wrzawa,wybuch oburzenia|ˈaʊtkraɪ
outdated,przestarzały,ˌaʊtˈdeɪtɪd
outdo,pokonywać,przewyższać|ˌaʊtˈdu:
outdoor,"1.  wyjściowy
 2.  zewnętrzny",na wolnym powietrzu|ˌaʊtˈdɔ:
outdoors,"1.  na dworze
 2.  na dwór",ˌaʊtˈdɔ:z
outer,"i.    zewnętrzny
ii.  outer space",przestrzeń kosmiczna|ˈaʊtə|ˌaʊtə ˈspeɪs
outermost,najbardziej zewnętrzny,ˈaʊtəməʊst
outfit,"1.  strój
 2.  [nieform]  agencja",placówka|ˈaʊtfɪt
outgoing,"i.   1.  ustępujący
 2.  wychodzący
 3.  przyjazny
ii.   outgoings  wydatki",ˌaʊtˈgəʊɪŋ
outgrow,wyrastać,ˌaʊtˈgrəʊ
outing,wycieczka,wyprawa|ˈaʊtɪŋ
outlandish,aʊtˈlændɪʃ,dziwaczny
outlast,przetrwać,przeżyć|ˌaʊtˈlɑ:st
outlaw,"i.   1.  zakazywać
 2.  wyjmować spod prawa
ii.    wyjęty spod prawa",ˈaʊtlɔ:
outlay,inwestycja,ˈaʊtleɪ
outlet,"1.  ujście
 2.  odpływ",ˈaʊtlɪt
outline,"i.   1.  przedstawiać w zarysie
 2.  zarysowywać się
ii.    zarys",szkic|ˈaʊtlaɪn
outlive,przetrwać,przeżyć|ˌaʊtˈlɪv
outlook,1.  poglądy,"światopogląd
 2.  prospekt|ˈaʊtlʊk"
outlying,odległy,prowincjonalny|ˈaʊtlaɪɪŋ
outmoded,przestarzały,ˌaʊtˈməʊdɪd
outnumber,przewyższać liczebnie,ˌaʊtˈnʌmbə
outoftheway,odludny,out-of-the-way|ˌaʊtəvðəˈweɪ
outpatient,out-patient,pacjent ambulatoryjny|ˈaʊtpeɪʃənt
outpost,placówka,ˈaʊtpəʊst
output,"1.  produkcja
 2.  wytwórczość
 3.  twórczość
 4.  [termin]  dane wyjściowe","dane końcowe
 5.  [komp]  wyjście|ˈaʊtpʊt"
outrage,i.    gniewać,"szok
 2.  skandal
 3.  okrucieństwo
 4.  wypadek|szokować
ii.   1.  rozgniewanie|ˈaʊtreɪʤ"
outrageous,aʊtˈreɪʤəs,szokujący|wzburzający
outright,"i.   1.  otwarty
 2.  całkowity
ii.   1.  otwarcie
 2.  całkowicie
 3.  be killed outright 
 - zginąć na miejscu",ˈaʊtraɪt
outset,"1.  at the outset 
 - na początku
 2.  from the outset 
 - od początku",od razu|ˈaʊtset
outside,i.    zewnętrze,"strona zewnętrzna
ii.    zewnętrzny
iii.   1.  na zewnątrz
 2.  poza
 3.  outside of 
 - poza|tuż za|ˌaʊtˈsaɪd"
outsider,1.  człowiek niezależny,"człowiek nie związany z grupą
 2.  ktoś poza nawiasem|ˌaʊtˈsaɪdə"
outsize,"1.  większy niż normalnie
 2.  o dużych rozmiarach",ˌaʊtˈsaɪz
outskirts,the outskirts  przedmieścia,ˈaʊtskɜ:ts
outsmart,przechytrzać,ˌaʊtˈsmɑ:t
outspoken,otwarty,szczery|ˌaʊtˈspəʊkən
outstanding,"1.  wybitny
 2.  znakomity","rzucający się w oczy
 3.  zaległy|ˌaʊtˈstændɪŋ"
outstretched,wyciągnięty,ˌaʊtˈstreʧt
outstrip,przewyższyć,prześcignąć|ˌaʊtˈstrɪp
outward,"1.  na zewnątrz
 2.  zewnętrzny
 3.  journey outward 
 - podróż poza miasto",outwards|podróż za granicę|ˈaʊtwəd
outwards,"1.  na zewnątrz
 2.  zewnętrzny
 3.  journey outward 
 - podróż poza miasto",outward|podróż za granicę|ˈaʊtwəd
outweigh,przeważać,ˌaʊtˈweɪ
outwit,przechytrzać,ˌaʊtˈwɪt
outworn,zużyty,ˌaʊtˈwɔ:n
oval,"i.    owal
ii.    owalny",ˈəʊvəl
ovary,jajnik,ˈəʊvərɪ
ovation,aplauz,oklaski|əˈveɪʃən
oven,kuchenka,piecyk|piekarnik|ˈʌvən
over,"i.   1.  nad
 2.  ponad
 3.  [leżeć","o
 4.  [okres czasu]  przez|od nowa
 10.  over and over  )
 - znowu i znowu|oknie]  przy
 2.  [często tłumaczony czasownikami z]  a. prze-
 b.
      ""tip sth over""  - przewrócić coś
 3.  [kłócić się]  co do|podczas
 5.  all over 
 - cały
 6.  over there 
 - tam
 7.  over here 
 - tutaj"
overall,"fartuch
 2. overalls  kombinezon","ogrodniczki|overall
i.    ogólny
ii.   1.  fartuch roboczy"
overawe,przerażać,ˌɒvərˈɔ:
overbalance,przeważać,ˌəʊvəˈbæləns
overbearing,apodyktyczny,ˌəʊvəˈbeərɪŋ
overboard,za burtę,ˈəʊvəbɔ:d
overcast,zaciągnięty chmurami,ˈəʊvəkɑ:st
overcharge,brać za dużo,liczyć za dużo|ˌəʊvəˈʧɑ:ʤ
overcoat,gruby płaszcz,płaszcz|ˈəʊvəkəʊt
overcome,"1.  pokonywać
 2.  be overcome by sth 
 - być owładniętym czymś",ˌəʊvəˈkʌm
overcrowded,przeludniony,zatłoczony|ˌəʊvəˈkraʊdɪd
overcrowding,przeludnienie,ˌəʊvəˈkraʊdɪŋ
overdo,przesadzać,ˌəʊvəˈdu:
overdone,za długo gotowany,za długo smażony|ˌəʊvəˈdʌn
overdose,zbyt duża dawka,ˈəʊvədəʊz
overdraft,przekroczenie salda,ˈəʊvədrɑ:ft
overdraw,przekroczyć saldo,ˈəʊvədrɔ:
overdue,"1.  opóźniony
 2.  zaległy",ˌəʊvəˈdju:
overestimate,przeceniać,ˌəʊvərˈestɪmeɪt
overflow,"nie mieścić się 
 4.  przepełniać
 5.  be overflowing with sth 
 - być zatłoczonym
ii.    przelew","overflow
i.   1.  przelewać się|przelewać
 2.  występować 
 3.  zapełniać po brzegi"
overgrown,zarosły,ˌəʊvəˈgrəʊn
overhang,"1.  zwieszać się 
 2.  obwieszać",ˌəʊvəˈhæŋ
overhaul,"i.   1.  poddawać przeglądowi
 2.  reformować","modernizacja|modernizować
ii.    reforma|ˌəʊvəˈhɔ:l"
overhead,"i.    napowietrzny
ii.   1.  nad głową
 2.  w górze
iii.   overheads  wydatki bieżące",ˌəʊvəˈhed
overhear,podsłuchiwać,ˌəʊvəˈhɪə
overheat,przegrzewać się,ˌəʊvəˈhi:t
overjoyed,zachwycony,ˌəʊvəˈʤɔɪd
overland,"i.    naziemny
ii.    lądem",ˈəʊvəlænd
overlap,część wspólna,"overlap
i.   1.  zachodzić na siebie|zachodzić
 2.  nakładać się
ii.    zachodzenie"
overload,przeciążać,ˌəʊvəˈləʊd
overlook,"1.  wychodzić 
 2.  nie dostrzegać","ignorować|przeoczać
 3.  nie zwracać uwagi|ˌəʊvəˈlʊk"
overnight,"i.   1.  na noc
 2.  przez noc
 3.  natychmiast
ii.   1.  nocny
 2.  na krótki pobyt",ˌəʊvəˈnaɪt
overpass,przejazd,wiadukt|ˈəʊvəpɑ:s
overpopulated,przeludniony,ˌəʊvəˈpɒpjəleɪtɪd
overpower,"i.    przemóc
ii.    owładnąć",ˌəʊvəˈpaʊə
overrate,przeceniać,ˌəʊvəˈreɪt
override,"1.  odsuwać na bok
 2.  przełamywać",nie stosować się do|ˌəʊvəˈraɪd
overriding,naczelny,najważniejszy|ˌəʊvəˈraɪdɪŋ
overrule,"1.  uchylać
 2.  przegłosowywać",ˌəʊvəˈru:l
overrun,"1.  przechwytywać
 2.  opanowywać
 3.  przekraczać czas",przekraczać|ˌəʊvəˈrʌn
overseas,"i.    zagraniczny
ii.    za granicę",ˌəʊvəˈsi:z
oversee,mieć pieczę,mieć pieczę nad czymś|nadzorować|ˌəʊvəˈsi:
overseer,nadzorca,ˈəʊvəsi:ə
overshadow,"1.  górować 
 2.  przyćmiewać
 3.  rzucać cień",ˌəʊvəˈʃædəʊ
overshoot,przenosić,udawać się za daleko|ˌəʊvəˈʃʊt
oversight,niedopatrzenie,ˈəʊvəsaɪt
oversimplify,upraszczać,ˌəʊvəˈsɪmplɪfaɪ
oversize,nadmiarowy,oversized|większy niż zwykle|ˈəʊvəsaɪz
oversized,nadmiarowy,oversize|większy niż zwykle|ˈəʊvəsaɪz
oversleep,przesypiać,spać za długo|ˌəʊvəˈsli:p
overstate,przesadzać,wyolbrzymiać|ˌəʊvəˈsteɪt
overt,otwarty,əʊˈvɜ:t
overtake,1.  wyprzedzać,"zostawiać w tyle
 2.  zaskakiwać|ˌəʊvəˈteɪk"
overthrow,"odrzucać
ii.    obalenie","overthrow
i.   1.  obalać|przewrót|zrzucać
 2.  porzucać"
overtime,"i.    praca nadliczbowa
ii.    nadliczbowo",ˈəʊvətaɪm
overtone,nuta,sugestia|ˈəʊvətəʊn
overture,"1.  uwertura
 2.  make overtures to sb 
 - próbować się zbliżyć do kogoś",ˈəʊvətjʊə
overturn,1.  przewracać się,"pozbawiać władzy|przewracać
 2.  unieważniać
 3.  obalać|ˌəʊvəˈtɜ:n"
overview,przegląd,ˈəʊvəvju:
overweight,nadwaga,ˈəʊvəweɪt
overwhelm,miażdżyć,przytłaczać|ˌəʊvəˈwelm
overwhelming,przygniatający,ˌəʊvəˈwelmɪŋ
overwork,i.   1.  przepracowywać się,"zapracowywać
 2.  wyeksploatować
ii.    przepracowanie|zapracowywać się|ˌəʊvəˈwɜ:k"
overwrought,napięty,spięty|ˌəʊvəˈrɔ:t
ow,au,aʊ
owe,"1.  być winnym   
 2.  zawdzięczać",əʊ
owing to,dzięki,z powodu|ˈəʊɪŋtʊ
owl,aʊl,sowa
own,i.    posiadać,"mieć
ii.    własny|ˈəʊn"
owner,właściciel,ˈəʊnɚ
ownership,własność,ˈəʊnəʃɪp
ox,wół,ɒks
oxford,oksford,ˈɒksfəd
oxide,tlenek,ˈɒksaɪd
oxygen,tlen,ˈɒksɪʤən
oyster,ostryga,ˈɔɪstə
oz,"oz.
  uncja",
p,"p.
i.
   see also: {page}
  s.","strona
ii.
   see also: {penny}
  pens
iii.
   see also: {per}
  na"
pa,"asystentka lekarza
iii.
   see also: {press association}
  związek prasowy","i.
   see also: {personal assistant}
  asystent osobisty|p.a.|per annum|rocznie"
pace,"i.   1.  tempo
 2.  krok
ii.   1.  chodzić 
 2.  keep pace with sth 
 - dotrzymywać czemuś kroku
 3.  at a  pace  :pace)
 - dobrym tempem","peɪs|przejść dwa kroki|stymulator serca|tempem
 4.  do sth at one's own pace 
 - robić coś własnym tempem
 5.  take  paces 
 - przejść kroki"
pacific,pacyfik,"pəˈsɪfɪk|the pacific  
 - ocean spokojny"
pacifism,pacyfizm,ˈpæsɪfɪzəm
pacify,uspokajać,ˈpæsɪfaɪ
pack,i.   1. pack up  pakować się,"ludzi]  paczka
 2.  [kart]  talia
 3.  [wilków]  stado
iii.  pack off  [nieform]   wysyłać|pakować
 2.  [w pojemniku]  układać
 3.  [w pomieszczeniu]  być upchanym
ii.   1.  [rzeczy|pæk"
package,"i.   1.  paczuszka
 2.  [us]  paczka
 3.  zestaw propozycji","zestaw
ii.    paczkować
iii.    a. zorganizowany
 b.
      ""package holiday""  - wczasy zorganizowane
 c.
      ""package deal""  - sprzedaż wiązana|ˈpækɪʤ"
packaging,opakowanie,ˈpækɪʤɪŋ
packed,"1.  zatłoczony
 2.  napchany",pækt
packet,opakowanie,paczka|ˈpækɪt
packing,"i.    opakowanie
ii.  packing case",skrzynia na rzeczy|ˈpækɪŋ|ˈpækɪŋkeɪs
pact,"1.  pakt
 2.  traktat",pækt
pad,"dreptać
 2.  [pojemnik]  wyściełać","i.   1.  wyściółka
 2.  [waty]  kłębek|miejsce lądowania
 7.  [do pieczątek]  poduszka
 8.  [łapy kota]  poduszeczka
 9.  [nieform]  [dom]  mieszkanko
ii.   1.  [iść]  kroczyć|pæd|tampon
 3.  [higieniczna]  podpaska
 4.  [np. na łokcie]  ochraniacz
 5.  [papierowy]  blok
 6.  [rakiety]  miejsce startu"
padding,podbicie,wyściółka|ˈpædɪŋ
paddle,i.   1.  wiosło,"pagaj
 2.  chlapanie się
ii.   1.  wiosłować
 2.  brodzić|ˈpædəl"
paddock,wybieg,wybieg dla koni|ˈpædək
paddy,pole ryżowe,ˈpædɪ
padlock,kłódka,ˈpædlɒk
pagan,"i.    pogański
ii.    poganin",ˈpeɪgən
page,"i.    strona
ii.    paź",peɪʤ
pageant,"1.  przedstawienie historyczne
 2.  [lit]  uroczystość",uroczysta scena|ˈpæʤənt
pageantry,uroczystość,ˈpæʤəntrɪ
pagoda,pəˈgəʊdə,
paid,"1.  płatny
 2.  opłacany",peɪd
paidup,paid-up,pełnopłatny|ˌpeɪdˈʌp
pail,peɪl,wiadro
pain,"by coś zrobić
 4.  [form]  be at pains to do sth 
 - bardzo się starać coś zrobić
 5.  for one's pains 
 - za czyjeś starania
 6.  [nieform]  sb is a pain in the neck 
 - ktoś denerwuje jak wrzód na tyłku","i.    ból
ii.   1.  boleć
 2.  be in pain 
 - mieć bóle|odczuwać ból
 3.  take pains to do sth 
 - zadawać sobie wiele trudu|peɪn"
pained,urażony,zbolały|ˈpeɪnd
painful,1.  obolały,"bolący
 2.  bolesny|ˈpeɪnfʊl"
painkiller,środek przeciwbólowy,ˈpeɪnkɪlə
painless,"1.  bezbolesny
 2.  łatwy",ˈpeɪnlɪs
painstaking,drobiazgowy,sumienny|ˈpeɪnzteɪkɪŋ
paint,"i.    farba
ii.    a. namalować","malować
 b.
      ""paint sth green""  - pomalować coś na zielono|peɪnt"
paintbrush,pędzel,pędzel do malowania|ˈpeɪntbrʌʃ
painter,malarz,ˈpeɪntə
painting,"1.  obraz
 2.  malarstwo",ˈpeɪntɪŋ
paintwork,farba,lakier|ˈpeɪntwɜ:k
pair,"i.    para
ii.    łączyć się w pary",peə
pajamas,piżama,pyjamas|pəˈʤɑ:məz
pakistan,ˌpɑ:kɪˈstɑ:n,
pakistani,"i.    pakistański
ii.    pakistańczyk",ˌpɑ:kɪˈstɑ:nɪ
pal,kolega,kumpel|pæl
palace,pałac,ˈpælɪs
palatable,"1.  znośny
 2.  do przełknięcia",ˈpælətəbəl
palate,"1.  podniebienie
 2.  smak",ˈpælɪt
palatial,"1.  wspaniały
 2.  pałacowy",pəˈleɪʃəl
pale,"1.  blady
 2.  jasny
 3.  [lit]  wątły",peɪl
paleness,bladość,ˈpeɪlnɪs
palestine,palestyna,ˈpæləstaɪn
palestinian,"i.    palestyński
ii.    palestyńczyk",ˌpæləˈstɪnɪən
palette,paleta,ˈpælɪt
pall,i.    wyświechtywać się,"kir|nudzić się
ii.    całun|pæl"
pallid,blady,ˈpælɪd
palm,"i.   1.  dłoń
 2.  palma
ii.    palmowy
iii.  palm tree   palma",pɑ:m
palpable,oczywisty,widoczny|ˈpælpəbəl
palpitation,dygotanie,palpitacja|ˌpælpɪˈteɪʃən
paltry,mizerny,ˈpɔ:ltrɪ
pamper,dogadzać,rozpieszczać|ˈpæmpə
pamphlet,broszura,ˈpæmflɪt
pan,patelnia,pæn
panacea,panaceum,ˌpænəˈsɪə
panache,dobra forma,pəˈnæʃ|styl
pancake,naleśnik,ˈpænkeɪk
panda,ˈpændə,
pandemonium,piekło,rozgardiasz|ˌpændəˈməʊnɪəm
pander,zaspokajać wszystkie zachcianki,ˈpændə
pane,peɪn,szyba
panel,i.   1.  tafla,"komitet
 4.  panel
ii.    panelowy|płyta
 2.  tablica  [np. rozdzielcza]
 3.  komisja|ˈpænəl"
paneled,"1.  wykładany drewnem
 2.  taflowy",panelled|ˈpænəld
paneling,boazeria,panelling|ˈpænəlɪŋ
panelled,"1.  wykładany drewnem
 2.  taflowy",paneled|ˈpænəld
panelling,boazeria,paneling|ˈpænəlɪŋ
pang,1.  ukłucie,"ból
 2.  wyrzut|pæŋ"
panic,"i.    panika
ii.    panikować",ˈpænɪk
panicstricken,ogarnięty paniką,panic-stricken|ˈpænɪk strɪkən
pannier,sakwa,torba  [na rower]|ˈpænɪə
panorama,widok,ˌpænəˈrɑ:mə
panoramic,panoramiczny,ˌpænəˈræmɪk
panpipes,fletnia pana,ˈpænpaɪps
pansy,bratek,ˈpænzɪ
pant,"i.   1. pants  [br]  majtki
 2. pants  [us]  spodnie
ii.    dyszeć",pænt
panther,pantera,ˈpænθə
panties,majtki,ˈpæntɪz
pantihose,pantyhose,rajstopy|ˈpæntɪhəʊz
pantomime,(bajkowy musikal dla dzieci,rodzaj szopki)|ˈpæntəmaɪm
pantry,spiżarnia,ˈpæntrɪ
pantyhose,pantihose,rajstopy|ˈpæntɪhəʊz
papal,papieski,ˈpeɪpəl
paper,"część pisemna
 5.  [naukowy]  artykuł","dokumenty
 4.  [w szkole]  część pisemna egzaminu|i.   1.  papier
 2.  gazeta
 3. papers  papiery|na papierze
iv.  paper clip|nominalny
iii.   1.  [ściany]  tapetować
 2.  on paper 
 - na papier"
paperback,książka w broszurowej oprawie,książka w miękkiej oprawie|ˈpeɪpəbæk
paperweight,przycisk do papierów,ˈpeɪpəweɪt
paperwork,praca papierkowa,ˈpeɪpəwɜ:k
papiermache,papier-mache,papier-mâché|papierowy|ˌpæpɪeɪˈmæʃeɪ
papiermâché,papier-mache,papier-mâché|papierowy|ˌpæpɪeɪˈmæʃeɪ
paprika,papryka,papryka sproszkowana|ˈpæprɪkə
papyrus,papirus,pəˈpaɪərəs
par,"on a par with sth 
 - na równi z czymś","par.
  akapit|paragraf|pɑ:"
parable,przypowieść,ˈpærəbəl
parachute,spadochron,ˈpærəʃu:t
parade,"i.   1.  parada
 2.  defilada
ii.   1.  defiladować
 2.  popisywać się
 3.  be on parade 
 - defiladować",pəˈreɪd
paradise,raj,ˈpærədaɪs
paradox,paradoks,ˈpærədɒks
paradoxical,paradoksalny,ˌpærəˈdɒksɪkəl
paraffin,"1.  parafina
 2.  [br]  nafta",ˈpærəfɪn
paragon,model,wzór|ˈpærəgən
paragraph,akapit,ˈpærəgrɑ:f
paraguay,paragwaj,ˈpærəgwaɪ
paraguayan,"i.    paragwajski
ii.    paragwajczyk",ˌpærəˈgwaɪən
parallel,"analogiczny
 3.  [termin]  [linia]  prosta równoległa","i.   1.  równoległy   
 2.  [podobny]  paralelny|nie mieć odpowiednika|porównanie 
 2.  [geograficzny]  równoleżnik
iii.   1.  [być odpowiednikiem]  odpowiadać
 2.  have no parallel 
 - nie mieć równego sobie|równoległa
ii.   1.  [podobieństwo]  paralela"
paralyse,paraliżować,paralyze|ˈpærəlaɪz
paralysis,paraliż,pəˈræləsɪs
paralyze,paraliżować,paralyse|ˈpærəlaɪz
parameter,czynnik,parametr|pəˈræmi:tə
paramilitary,paramilitarny,ˌpærəˈmɪlɪtərɪ
paramount,"1.  najważniejszy
 2.  of paramount importance 
 - o najwyższym znaczeniu",ˈpærəmaʊnt
paranoia,paranoja,ˌpærəˈnɔɪə
paranoid,paranoidalny,ˈpærənɔɪd
parapet,"1.  parapet
 2.  murek",ˈpærəpɪt
paraphernalia,przedmioty osobistego użytku,ˌpærəfəˈneɪlɪə
paraphrase,"i.    parafraza
ii.    parafrazować",ˈpærəfreɪz
parasite,pasożyt,ˈpærəsaɪt
parasitic,pasożytniczy,ˌpærəˈsɪtɪk
parasol,parasol przeciwsłoneczny,ˈpærəsɒl
paratroop,"i.    powietrznodesantowy
ii.   paratroops  wojska powietrznodesantowe",ˈpærətru:p
paratrooper,spadochroniarz,ˈpærətru:pə
parcel,paczka,pakunek|ˈpɑ:səl
parched,1.  wysuszony,"wyschły
 2.  spierzchnięty
 3.  [nieform]  spragniony|ˈpɑ:ʧt"
parchment,pergamin,ˈpɑ:ʧmənt
pardon,"co proszę?''
 3.  `` pardon''  :pardon)
 -","i.    wybaczać
ii.   1.  wybaczenie
 2.  `` pardon?''  :pardon :%?)
 -|przepraszam''|słucham?''|ˈpɑ:dən"
pardonable,do wybaczenia,wybaczalny|ˈpɑ:dənəbəl
pare,obierać,peə
parent,"i.   1.  rodzic
 2. parents  rodzice
ii.    macierzysty",ˈpeərənt
parenthesis,"1.  nawias
 2.  uwaga nawiasowa",pəˈrenθɪsɪs
parenthood,rodzicielstwo,ˈpeərənthʊd
paris,paryż,ˈpærɪs
parish,"i.    parafia
ii.    parafialny",ˈpærɪʃ
parishioner,parafianin,pəˈrɪʃənə
parisian,"i.    paryski
ii.    paryżanin",pəˈrɪzɪən
parity,równowaga,równość|ˈpærɪtɪ
park,"i.    park
ii.    parkować",pɑ:k
parka,skafander,ˈpɑ:kə
parking,"[us]   parking
iii.  parking meter","i.    parkowanie
ii.  parking lot|licznik czasu parkowania|ˈpɑ:kɪŋ|ˈpɑ:kɪŋ lɒt"
parkland,park,ˈpɑ:klənd
parlance,mowa,ˈpɑ:ləns
parliament,parlament,ˈpɑ:ləmənt
parliamentary,parlamentarny,ˌpɑ:ləˈmentərɪ
parlor,parlour,salon|ˈpɑ:lə
parlour,parlor,salon|ˈpɑ:lə
parochial,parafiański,pəˈrəʊkɪəl
parody,"i.    parodia
ii.    parodiować",ˈpærədɪ
parole,pəˈrəʊl,zwolnienie warunkowe
paroxysm,1.  paroksyzm,"wybuch
 2.  napad|ˈpærəksɪzəm"
parquet,"i.    parkiet
ii.    parkietowy",ˈpɑ:keɪ
parrot,"i.    papuga
ii.    powtarzać jak papuga",ˈpærət
parry,odparowywać,ˈpærɪ
parsimonious,oszczędny,ˌpɑ:sɪˈməʊnɪəs
parsley,pietruszka,ˈpɑ:slɪ
parsnip,pasternak,ˈpɑ:snɪp
parson,proboszcz,ˈpɑ:sən
parsonage,probostwo,ˈpɑ:sənɪʤ
partial,"1.  częściowy
 2.  stronniczy
 3.  [form]  be partial to sth 
 - mieć słabość do czegoś",lubić coś|ˈpɑ:ʃəl
partially,częściowo,ˈpɑ:ʃəlɪ
participant,pɑ:ˈtɪsɪpənt,uczestnik
participate,pɑ:ˈtɪsɪpeɪt,uczestniczyć
participation,pɑ:ˌtɪsɪˈpeɪʃən,uczestnictwo
participial,imiesłowowy,ˌpɑ:tɪˈsɪpɪəl
participle,imiesłów,ˈpɑ:tɪsɪpəl
particle,"1.  cząstka
 2.  partykuła",ˈpɑ:tɪkəl
particularly,pəˈtɪkjələlɪ,szczególnie
parting,i.   1.  rozstanie się,"rozstanie
 2.  przedziałek
ii.    pożegnalny|ˈpɑ:tɪŋ"
partisan,"i.    stronniczy
ii.   1.  stronnik
 2.  partyzant",ˌpɑ:tɪˈzæn
partition,dzielić,"i.   1.  przepierzenie
 2.  rozbiór|podział
ii.   1.  przedzielać przepierzeniem|przedzielać
 2.  przeprowadzać rozbiór|pɑ:ˈtɪʃən"
partly,częściowo,ˈpɑ:tlɪ
partner,"i.   1.  partner
 2.  wspólnik
ii.    być wspólnikiem",partnerem|ˈpɑ:tnə
partnership,"1.  partnerstwo
 2.  współudział","uczestnictwo
 3.  spółka|ˈpɑ:tnəʃɪp"
partridge,kuropatwa,ˈpɑ:trɪʤ
parttime,"1.  niepełnoetatowy
 2.  na niepełnym etacie",part-time|ˌpɑ:tˈtaɪm
party,brać udział w czymś,"i.   1.  partia
 2.  przyjęcie
 3.  grupa
 4.  [praw]  strona
ii.   1.  partyjny
 2.  be a party to sth 
 - skłaniać się ku czemuś|ˈpɑ:tɪ"
pass,"być dopuszczonym
iii.  pass around   puszczać w obieg
iv.  pass away  [przest]   umrzeć
v.  pass by   przechodzić","doznawać
xii.  pass up   przepuszczać|i.   1.  mijać
 2.  przechodzić|mijać
vi.  pass for   uchodzić 
vii.  pass on   przekazywać 
viii.  pass out   mdleć
ix.  pass over   pomijać
x.  pass round   puszczać w obieg
xi.  pass through   przechodzić|piłkę]  podawać 
 5.  [np. linę przez uchwyt]  przeprowadzać
 6.  [okres czasu]  spędzać"
passable,1.  do przyjęcia,"możliwy
 2.  przejezdny|ˈpɑ:səbəl"
passage,"1.  przejście
 2.  [np. oddechowe]  drogi
 3.  [w książce]  ustęp","miejsce
 4.  [muz]  pasaż
 5.  [pociągu]  przejazd
 6.  [do wyższych sfer]  przejście|rejs
 8.  [czasu]  upłynięcie|wejście
 7.  [po morzu]  przejazd|ˈpæsɪʤ"
passenger,pasażer,ˈpæsɪnʤə
passerby,passer-by,przechodzień|ˌpɑ:səˈbaɪ
passing,1.  przelotny,"chwilowy
 2.  in passing 
 - mimochodem|ˈpɑ:sɪŋ"
passion,"1.  namiętność
 2.  pasja","uczucie
 3.  zamiłowanie|ˈpæʃən"
passionate,"1.  zapamiętały
 2.  namiętny",ˈpæʃənət
passive,"1.  bierny
 2. the passive  [gram]  strona bierna",ˈpæsɪv
passport,"1.  paszport
 2.  gwarancja",ˈpɑ:spɔ:t
password,hasło,ˈpɑ:swɜ:d
past,"[gram]   imiesłów przeszły
vi.  past tense","czas przeszly|i.   1.  uprzedni|przeszły
 2.  zeszły
ii.   the past  przeszłość
iii.    a. po
 b.
      ""ten past seven""  - dziesięć minut po siódmej
 c.
      ""ten past seven""  - dziesięć po siódmej
iv.   1.  obok
 2.  be past 
 - przeminąć
 3.  [nieform]  he is past it 
 - on to już przeszłość
v.  past participle|pɑ:st"
pasta,makaron,ˈpæstə
paste,i.   1.  papka,"klej
 2.  pasta
 3.  sztuczne kamienie
ii.    przyklejać|peɪst"
pastel,"i.    pastelowy
ii.   1. pastels  kolory pastelowe
 2. pastels  pastele",ˈpæstəl
pasteurized,pasteryzowany,ˈpɑ:stəraɪzd
pastille,pastylka,pæˈsti:l
pastime,rozrywka,ˈpɑ:staɪm
pastor,duszpasterz,ˈpɑ:stə
pastoral,"1.  duszpasterski
 2.  pasterski",ˈpɑ:stərəl
pastry,"1.  płat tortowy
 2.  ciastko",ˈpeɪstrɪ
pasture,pastwisko,ˈpɑ:sʧə
pasty,"niezdrowy
ii.    pasztecik","pasty
i.   1.  papkowaty
 2.  ziemisty"
pat,i.    klepać,"odrobina
iii.    standardowy|poklepywać
ii.   1.  klepnięcie
 2.  kawałek|pæt|rutynowy"
patch,"i.   1.  łata
 2.  [na oko]  opaska
 3.  [w książce","na głowie]  miejsce
 4.  [w znajomości]  chwila
 5.  [mokra]  plama
 6.  [śniegu]  płat
ii.    [ubranie]  łatać
iii.  patch up  1.  załatać|naprawić
 2.  załagadzać|pæʧ"
patchwork,"i.    z łat
ii.    szachownica",ˈpæʧwɜ:k
patchy,1.  łaciaty,"plamisty
 2.  dziurawy|z lukami|ˈpæʧɪ"
pate,pasztet,pâté|ˈpæteɪ
patent,"bezsporny
iv.  patent leather","i.    patent
ii.    patentować
iii.    [form]  oczywisty|skóra lakierowana|ˈpeɪtənt|ˌpeɪtənt ˈleðə"
paternal,ojcowski,pəˈtɜ:nəl
paternity,ojcostwo,pəˈtɜ:nɪtɪ
path,"1.  ścieżka
 2.  alejka
 3.  droga
 4.  trasa
 5.  kierunek",pɑ:θ
pathetic,"1.  żałosny
 2.  wzruszający",pəˈθetɪk|smutny
pathological,"1.  patologiczny
 2.  chorobliwy",ˌpæθəˈlɒʤɪkəl
pathology,medycyna patologiczna,patologia|pəˈθɒləʤɪ
pathos,patos,ˈpeɪθɒs
patience,"1.  cierpliwość
 2.  pasjans
 3.  try sb's patience 
 - nadużywać czyjejś cierpliwości",ˈpeɪʃəns
patient,"i.    cierpliwy
ii.    pacjent",ˈpeɪʃənt
patio,taras,weranda|ˈpætɪəʊ
patriot,patriota,ˈpætrɪət
patriotic,patriotyczny,ˌpætrɪˈɒtɪk
patriotism,patriotyzm,ˈpætrɪətɪzəm
patrol,"i.    patrolować
ii.    patrol",pəˈtrəʊl
patrolman,policjant posterunkowy,pəˈtrəʊlmən
patron,"gość
ii.  patron saint","i.   1.  patron|mecenas
 2.  [form]  klient|ˈpeɪtrən|ˌpeɪtrənˈseɪnt"
patronage,patronat,ˈpætrənɪʤ
patronise,"1.  traktować protekcjonalnie
 2.  [form]  mecenasować",patronize|ˈpætrənaɪz
patronize,"1.  traktować protekcjonalnie
 2.  [form]  mecenasować",patronise|ˈpætrənaɪz
patter,"bębnienie
 2.  gadanina","i.    bębnić|stukać
ii.   1.  stukot|ˈpætə"
pattern,1.  wzór,"wzorzec
 2.  be patterned on sth 
 - być wzorowanym na czymś|ˈpætən"
paunch,brzuch,duży brzuch|pɔ:nʧ
pauper,nędzarz,ˈpɔ:pə
pause,"i.    zatrzymywać się
ii.    przerwa",pɔ:z
pave,1.  utwardzać,"peɪv|wykładać
 2.  a paves the way to b 
 - a toruje drogę b|wykładać kamieniami"
pavement,"1.  [br]  chodnik
 2.  [us]  jezdnia",ˈpeɪvmənt
pavilion,pəˈvɪljən,szatnia
paving stone,płyta chodnikowa,ˈpeɪvɪŋstəʊn
paw,bić,"drapać 
 2.  [nieform]  obmacywać|drapać łapą|i.    łapa
ii.   1.  bić kopytem|pɔ:"
pawn,"i.    zastawiać
ii.    pionek",pɔ:n
pawnbroker,właściciel lombardu,ˈpɔ:nbrəʊkə
pawnshop,lombard,ˈpɔ:nʃɒp
pay,i.   1.  płacić,"koperta z wypłatą
vii.  pay up   zwracać pieniądze|ofiarować
ii.    zarobek
iii.  pay back  1.  spłacać|opłacać
 2.  być opłacanym|peɪ"
payable,"1.  płatny
 2.  make a cheque payable to sb 
 - wystawiać czek na kogoś",ˈpeɪəbəl
payday,dzień wypłaty,ˈpeɪdeɪ
paye,ˌ$⋅⋅⋅$ˈ$⋅$,
payee,odbiorca wypłaty,peɪˈi:
payment,wypłata,zapłata|ˈpeɪmənt
payoff,1.  rezultat,"wynik
 2.  rekompensata|ˈpeɪɒf"
payroll,"1.  lista płac
 2.  be on sb's payroll 
 - być zatrudnionym przez kogoś",ˈpeɪrəʊl
pc,"i.
   see also: {postcard}
  kartka pocztowa
ii.
   see also: {per cent}
  procent",p.c.|ˌ$⋅$ˈ$⋅$
pd,"1.  dziennie
 2.  dieta dzienna","i.
   see also: {police department}
  posterunek policji
ii.
   see also: {postal district}
  okręg pocztowy|p.d.|pd.
  zapłacony|per diem"
pe,wf,wychowanie fizyczne|ˌ$⋅$ˈ$⋅$
pea,groszek,pi:
peaceable,pokojowy,ˈpi:səbəl
peaceful,1.  spokojny,"cichy
 2.  pokojowy|ˈpi:sfʊl"
peacetime,okres pokoju,ˈpi:staɪm
peach,"i.    brzoskwinia
ii.    brzoskwiniowy",pi:ʧ
peacock,paw,ˈpi:kɒk
peak,i.   1.  punkt szczytowy możliwości,"maksimum
 2.  szczyt
 3.  daszek
ii.    szczytowy
iii.    dochodzić do szczytu|pi:k|punkt szczytowy"
peal,"brzmieć
ii.   1.  bicie
 2.  huk",i.    [o dzwonach]  bić|pi:l|wybuch
peanut,"i.    orzeszek ziemny
ii.  peanut butter",masło orzechowe|ˈpi:nʌt|ˌpi:nʌt ˈbʌtə
pear,gruszka,peə
pearl,perła,pɜ:l
pearly,perłowy,ˈpɜ:lɪ
peasant,chłop,ˈpezənt
peasantry,chłopi,chłopstwo|ˈpezəntrɪ
peat,pi:t,torf
pebble,kamyk,otoczak|ˈpebəl
peck,"dziobnięcie
 2.  [nieform]  całus","i.   1.  dziobać 
 2.  [nieform]  cmokać|muskać
ii.   1.  dziobanie|muskać ustami|pek"
peculiar,1.  osobliwy,"pɪˈkju:lɪə|szczególny
 2.  dziwaczny
 3.  właściwy"
peculiarity,"1.  osobliwość
 2.  cecha szczególna
 3.  dziwaczność",pɪˌkju:lɪˈærɪtɪ
pecuniary,pieniężny,pɪˈkju:nɪərɪ
pedagogic,pedagogiczny,ˌpedəˈgɒʤɪk
pedagogy,pedagogika,ˈpedəgɒʤɪ
pedal,"i.    pedał
ii.    pedałować
iii.    [w zoologii]  nożny",ˈpedəl
pedant,ˈpedənt,
pedantic,pedantyczny,pɪˈdæntɪk
peddle,1.  handlować narkotykami,"handlować
 2.  rozpowszechniać|ˈpedəl"
peddler,handlarz,handlarz narkotykami|ˈpedlə
pedestal,piedestał,postument|ˈpedɪstəl
pedestrian,[br]   przejście dla pieszych,"i.    przechodzień
ii.    przyziemny|prozaiczny
iii.  pedestrian crossing|pɪˈdestrɪən|pɪˌdestrɪən ˈkrɒsɪŋ"
pedigree,"i.   1.  rodowód
 2.  pochodzenie
ii.    rodowodowy",ˈpedɪgri:
pee,"i.    siusiać
ii.    wysiusianie się",pi:|siusianie
peek,"i.    [nieform]  zerkać 
ii.    zerknięcie",pi:k|spojrzenie
peel,"i.    skórka
ii.   1.  obierać
 2.  [o skórze]  łuszczyć się","obłazić 
iii.  peel off  1.  ściągać
 2.  zdejmować|pi:l"
peelings,obierki,ˈpi:lɪŋz
peep,i.   1.  zerkać,"pi:p|spojrzenie
 2.  [nieform]  dźwięk|wyglądać
ii.   1.  [nieform]  zerknięcie|zaglądać 
 2.  [lit]  wychodzić"
peephole,judasz,ˈpi:phəʊl
peer,"i.    przypatrywać się uważnie 
ii.   1.  [arystokrata]  par
 2.  [form]  rówieśnik",pɪə|równy|równy komuś
peerage,"1.  stan para
 2. the peerage  parowie",ˈpɪərɪʤ
peeved,[nieform]  wnerwiony,ˈpi:vd
peevish,zirytowany,ˈpi:vɪʃ
peg,"i.   1.  wieszak
 2.  klamra do bielizny","klamra
ii.    mocować klamrami
iii.    ustalony"
pejorative,pejoratywny,pəˈʤɒrətɪv
pekinese,pekińczyk,ˌpɪ:kɪˈni:z
peking,pekin,ˌpi:ˈkɪŋ
pelican,pelikan,ˈpelɪkən
pellet,kula,kulka|ˈpelɪt
pelt,"i.   1.  obrzucać 
 2. pelt down  [nieform]  [o deszczu]  lać
 3.  [nieform]  lecieć
ii.    skóra",
pelvis,miednica,ˈpelvɪs
pen,długopis,"i.   1.  pióro|mazak
 2.  zagroda|ogrodzenie
ii.   1.  [lit]  pisać
 2. pen up  zamykać
iii.  pen name|pseudonim literacki"
penal,karny,penitencjarny|ˈpi:nəl
penalise,karać,penalize|ˈpi:nəlaɪz
penalize,karać,penalise|ˈpi:nəlaɪz
penalty,"i.    kara
ii.    [sport]  karny",punkt karny|rzut karny|ˈpenəltɪ
penance,pokuta,ˈpenəns
pencil,"i.    ołówek
ii.    kreślić ołówkiem",ˈpensɪl
pendant,wisiorek,ˈpendənt
pending,"i.    zbliżający się
ii.    aż do",ˈpendɪŋ
pendulum,"1.  wahadło
 2.  tendencja",ˈpendjələm
penetrate,docierać,przenikać (sth - do czegoś|przez coś)|ˈpenətreɪt
penetrating,przenikliwy,ˈpenətreɪtɪŋ
penetration,przenikliwość,ˌpenəˈtreɪʃən
penfriend,pen-friend,znajomy korespondencyjny|ˈpenfrend
penguin,pingwin,ˈpeŋgwɪn
penicillin,penicylina,ˌpenɪˈsɪlɪn
peninsula,półwysep,pɪˈnɪnsjʊlə
penis,członek,ˈpi:nɪs
penitent,pokutniczy,skruszony|ˈpenɪtənt
penitentiary,zakład penitencjarny,ˌpenɪˈtenʃərɪ
penknife,scyzoryk,ˈpennaɪf
pennant,bez grosza,ˈpenənt
penniless,bez grosza,ˈpenɪlɪs
pennsylvania,pensylwania,ˌpensɪlˈveɪnɪə
penny,pens,ˈpenɪ
pension,[br]   fundusz emerytalny,"i.    emerytura
ii.  pension fund|ˈpenʃən|ˈpenʃənfʌnd"
pensionable,uprawniony do emerytury,ˈpenʃənəbəl
pensioner,emeryt,ˈpenʃənə
pensive,zadumany,ˈpensɪv
pentagon,"1.  pięciokąt
 2. the pentagon  pentagon  [dowództwo armii usa]",ˈpentəgən
pentathlon,penˈtæθlən,pięciobój
pentecost,zielone świątki,ˈpentɪkɒst
penthouse,"a. mieszkanie
 b.
      ""penthouse apartment""  - apartament
 c.
      ""penthouse suite""  - apartament",ˈpenthaʊs
pentup,pent-up,spętany|ˌpentˈʌp
penultimate,przedostatni,pɪnˈʌltəmət
people,"i.   1.  ludzie
 2. the people  lud
 3.  naród
ii.    zaludniać",ˈpi:pəl
pep,[nieform]   mowa podtrzymująca na duchu,"i.    animusz|werwa
ii.  pep talk|ˈpeptɔ:k"
peppermint,"1.  mięta
 2.  cukierek miętowy",miętus|ˈpepəmɪnt
per annum,p.a.,rocznie|ˌ$⋅$ˈ$⋅$
per diem,"1.  dziennie
 2.  dieta dzienna",p.d.|ˌ$⋅$ˈ$⋅$
per procurationem,p.p.,"per procurationem
  w zastępstwie"
perceive,1.  dostrzegać,"postrzegać
 2.  widzieć|pəˈsi:v"
percentage,procent,pəˈsentɪʤ|udział procentowy
perceptible,dostrzegalny,pəˈseptɪbəl
perception,"1.  wnikliwość
 2.  widzenie","dostrzeganie
 3.  percepcja|pəˈsepʃən"
perceptive,pəˈseptɪv,wnikliwy
perch,i.   1.  przycupnąć,"pɜ:ʧ|usadawiać się
 2.  siadać na grzędzie
ii.   1.  grzęda
 2.  miejsce"
percolator,ekspres do kawy,maszynka do kawy|ˈpɜ:kəleɪtə
percussion,perkusja,pəˈkʌʃən
peremptory,natarczywy,pəˈremptərɪ|władczy
perennial,bylina,"i.    odwieczny
ii.    roślina wieloletnia|pɪˈrenɪəl"
perfect,"perfect
i.   1.  doskonały
 2.  całkowity
 3.  [gram]  a. dokonany
 b.
      ""past perfect tense""  - czas przeszły dokonany
ii.    udoskonalać",
perfection,doskonałość,pəˈfekʃən
perfectionist,perfekcjonista,pəˈfekʃənɪst
perfectly,1.  całkowicie,"zupełnie
 2.  doskonale|ˈpɜ:fəktlɪ"
perforate,perforować,ˈpɜ:fəreɪt
perforation,perforacja,ˌpɜ:fəˈreɪʃən
perform,"1.  wykonywać
 2.  spełniać
 3.  odgrywać
 4.  działać",pəˈfɔ:m
performance,1.  wykonanie,"przedstawienie
 2.  osiągnięcie
 3.  charakterystyka
 4.  wykonywanie|pəˈfɔ:məns"
performer,"1.  wykonawca
 2.  artysta",pəˈfɔ:mə
perfume,"1.  perfumy
 2.  przyjemna woń",woń|ˈpɜ:fjʊm
perfunctory,niedbały,powierzchowny|pəˈfʌŋktərɪ
perhaps,być może,może|pəˈhæps
peril,"1.  niebezpieczeństwo
 2.  at one's peril 
 - na swoje ryzyko",ˈperɪl
perilous,niebezpieczny,ˈperɪləs
perimeter,obwód,pəˈrɪmɪtə
period,historyczny,"i.   1.  okres
 2.  godzina zajęć
 3.  [form]  [miesiączka]  okres
 4.  kropka
ii.    stylowy|ˈpɪərɪəd"
periodic,okresowy,periodyczny|ˌpɪərɪˈɒdɪk
periodical,"i.    periodyk
ii.    periodyczny",okresowy|ˌpɪərɪˈɒdɪkəl
peripheral,1.  drugoplanowy (to - dla,"pəˈrɪfərəl|wobec)
 2.  peryferyjny"
periphery,1. the periphery  peryferia,"kraniec
 2. the periphery  obrzeża|pəˈrɪfərɪ"
periscope,peryskop,ˈperɪskəʊp
perish,"1.  [lit]  ginąć
 2.  zetleć",ˈperɪʃ
perishable,łatwo psujący się,ˈperɪʃəbəl
perishing,1.  silny,"okropnie zimno
 3.  i am perishing 
 - umieram z zimna|przeraźliwy
 2.  okropnie zimny|ˈperɪʃɪŋ"
perjure,perjure oneself  popełniać krzywoprzysięstwo,ˈpɜ:ʤə
perjury,krzywoprzysięstwo,ˈpɜ:ʤərɪ
perk,"dodatek
ii.  perk up   rozchmurzać się",i.    dodatek do pensji|pɜ:k
perky,ożywiony,ˈpɜ:kɪ
perm,i.    trwała ondulacja,"pɜ:m|trwała
ii.    robić sobie trwałą"
permanent,"1.  trwały
 2.  stały",ˈpɜ:mənənt
permeate,przenikać,ˈpɜ:mɪeɪt
permissible,dopuszczalny,pəˈmɪsəbəl
permission,pəˈmɪʃən,zezwolenie
permissive,przyzwalający,pəˈmɪsɪv
permit,"permit
i.   [form]   zezwalać   
ii.    zezwolenie",
pernicious,pəˈnɪʃəs,szkodliwy|zgubny
pernickety,drobiazgowy,persnickety|pəˈnɪkɪtɪ|wybredny
perpendicular,pionowy,prostopadły|ˌpɜ:pənˈdɪkjʊlə
perpetrate,popełniać,ˈpɜ:pɪtreɪt
perpetual,pəˈpetjʊəl,ustawiczny|wieczny
perpetuate,kontynuować,pəˈpetju:eɪt
perpetuity,pəpɪˈtju:ɪtɪ,wieczność
perplexed,pəˈplekst,zakłopotany|zmieszany
perplexing,kłopotliwy,pəˈpleksɪŋ
perplexity,pəˈpleksɪtɪ,zakłopotanie|zmieszanie
persecute,prześladować,ˈpɜ:sɪkju:t
persecution,prześladowanie,ˌpɜ:sɪˈkju:ʃən
perseverance,wytrwałość,ˌpɜ:sɪˈvɪərəns
persevere,nie poddawać się,trwać|ˌpɜ:sɪˈvɪə
persia,persja,ˈpɜ:ʃə
persian,"i.    perski
ii.    pers",ˈpɜ:ʃən
persist,"1.  utrzymywać się
 2.  obstawać",pəˈsɪst|upierać się
persistent,pəˈsɪstənt,uporczywy
persnickety,drobiazgowy,pernickety|pəˈnɪkɪtɪ|wybredny
person,"1.  osoba
 2.  [nieform]  miłośnik
 3.  in person 
 - osobiście",ˈpɜ:sən
personable,sympatyczny,ˈpɜ:sənəbəl
personage,osobistość,ˈpɜ:sənɪʤ
personal,"1.  osobisty
 2.  [gram]  osobowy",ˈpɜ:sənəl
personality,"1.  osobowość
 2.  osobistość",ˌpɜ:səˈnælɪtɪ
personally,osobiście,ˈpɜ:sənəlɪ
personify,personifikować,pəˈsɒnɪfaɪ|uosabiać
personnel,obsługa,personel|ˌpɜ:səˈnel
perspective,"1.  perspektywa
 2.  pogląd
 3.  in perspective 
 - z perspektywy",pəˈspektɪv
perspicacious,bystry,przenikliwy|ˌpɜ:spɪˈkeɪʃəs
perspiration,pot,ˌpɜ:spəˈreɪʃən
perspire,pocić się,pəˈspaɪə
persuade,by coś zrobił),przekonywać   (sb to do sth - kogoś|pəˈsweɪd
persuasion,"1.  perswazja
 2.  [form]  przekonanie
 3.  [form]  wyznanie",pəˈsweɪʒən
persuasive,przekonujący,pəˈsweɪsɪv
pert,impertynencki,pɜ:t|zuchwały
pertain,odnosić się,pəˈteɪn
pertinent,odnoszący się,ˈpɜ:tɪnənt
perturbed,pəˈtɜ:bd,zafrasowany
peru,pəˈru:,
peruse,czytać,czytać uważnie|pəˈru:z
peruvian,"i.    peruwiański
ii.    peruwiańczyk",pəˈru:vɪən
pervade,przenikać,pəˈveɪd|szerzyć się
pervasive,panujący,przygniatający|pəˈveɪsɪv
perverse,"1.  perwersyjny
 2.  przewrotny
 3.  uparty",pəˈvɜ:s
perversion,1.  zboczenie,"perwersja
 2.  negowanie|pəˈvɜ:ʃən"
perversity,przewrotność,pəˈvɜ:sɪtɪ
pervert,"pervert
i.    zboczeniec
ii.   1.  [form]  przeinaczać","wypaczać
 2.  demoralizować"
perverted,"1.  zboczony
 2.  wypaczony",pəˈvɜ:tɪd|zdegenerowany
pessimism,pesymizm,ˈpesɪmɪzəm
pest,"1.  szkodnik
 2.  [nieform]  zaraza",
pester,gnębić,męczyć|ˈpestə
pesticide,pestycyd,środek owadobójczy|ˈpestɪsaɪd
pestle,tłuczek,ˈpesəl
pet,"i.    zwierzę domowe
ii.   1.  domowy","ulubiony
 2.  umiłowany
iii.   1.  pieścić
 2.  [nieform]  pieścić się"
petal,płatek,ˈpetəl
peter out,dochodzić do końca,ˈpi:təraʊt
petite,drobny,pəˈti:t
petition,"i.   1.  petycja
 2.  [form]  skarga","pozew
ii.    [form]  składać pozew|pɪˈtɪʃən|składać skargę"
petrified,"1.  skamieniały
 2.  [nieform]  zastygły ze strachu",zastygły|ˈpetrɪfaɪd
petrol,[br]   stacja benzynowa,"i.    benzyna
ii.  petrol station|ˈpetrəl|ˈpetrəlsteɪʃən"
petroleum,pəˈtrəʊlɪəm,ropa naftowa
petticoat,halka,półhalka|ˈpetɪkəʊt
petty,[w marynarce]  podoficer,"drobny
 2.  małostkowy
ii.  petty cash|i.   1.  nieważny|podręczna gotówka
iii.  petty officer|ˈpetɪ"
petulant,nadąsany,ˈpetjələnt
pew,pju:,stale|ławka|ławka kościelna
pewter,"i.    cyna
ii.    cynowy",ˈpju:tə
pg,dla dzieci pod opieką rodziców,"pg
  film dla dzieci pod opieką rodziców"
phantom,"i.    zjawa
ii.    pozorny",złudny|ˈfæntəm
pharmaceutical,"i.    farmaceutyczny
ii.   pharmaceuticals  środki farmaceutyczne",ˌfɑ:məˈsju:tɪkəl
pharmacist,farmaceuta,ˈfɑ:məsɪst
pharmacy,apteka,ˈfɑ:məsɪ
phase,feɪz,"i.    faza
ii.    stopniować|stopniowo zaprzestawać|wprowadzać stopniowo
iii.  phase in   wprowadzać stopniowo
iv.  phase out   stopniowo zaprzestawać używać"
phd,doktor,doktor filozofii|doktor nauk humanistycznych|ˌ$⋅⋅$ˈ$⋅$
pheasant,bażant,ˈfezənt
phenomenal,fenomenalny,fɪˈnɒmɪnəl
phenomenon,fɪˈnɒmɪnən,zjawisko
phew,fju:,uff
philadelphia,filadelfia,ˌfɪləˈdelfɪə
philanthropist,filantrop,fɪˈlænθrəpɪst
philanthropy,filantropia,fɪˈlænθrəpɪ
philatelic,filatelistyczny,ˌfɪləˈtelɪk
philately,filatelistyka,fɪˈlætəlɪ
philharmonic,"i.    filharmoniczny
ii.  philharmonic hall   filharmonia",ˌfɪlɑ:ˈmɒnɪk
philippine,filipiński,ˈfɪlɪpi:n
philippines,"the philippines 
 - filipiny",ˈfɪlɪˈpi:nz
philistine,i.    filister,"kołtun
ii.    filisterski|kołtuński|ˈfɪlɪstaɪn"
philological,filologiczny,ˌfɪləʊˈlɒʤɪkəl
philology,filologia,fɪˈlɒləʤɪ
philosopher,filozof,fɪˈlɒsəfə
philosophic,filozoficzny,philosophical|ˌfɪləˈsɒfɪk
philosophical,filozoficzny,philosophic|ˌfɪləˈsɒfɪk
philosophise,filozofować,fɪˈlɒsəfaɪz|philosophize
philosophize,filozofować,fɪˈlɒsəfaɪz|philosophise
philosophy,"1.  filozofia
 2.  idea",fɪˈlɒsəfɪ
phlegm,flegma,flem
phlegmatic,flegmatyczny,flegˈmætɪk
phobia,fobia,ˈfəʊbɪə
phone,fəʊn,"i.    telefon
ii.    telefoniczny
iii.   1. phone up  a. dzwonić|telefonować
 b.
      ""phone me""  - zadzwoń do mnie
 c.
      ""phone me up""  - zadzwoń do mnie
 2.  by phone 
 - przez telefon
 3.  on the phone 
 - przy telefonie"
phonetic,fonetyczny,fəˈnetɪk
phonetics,fonetyka,fəˈnetɪks
phoney,"i.    fałszywy
ii.    szalbierz",phony|ˈfəʊnɪ
phony,"i.    fałszywy
ii.    szalbierz",phoney|ˈfəʊnɪ
phosphorescent,fosforyzujący,ˌfɒsfəˈresənt
phosphorus,fosforyzujący,ˈfɒsfərəs
photo,fotka,fotografia|ˈfəʊtəʊ
photocopier,fotokopiarka,ˈfəʊtəʊkɒpɪə
photocopy,i.    fotokopia,"kopiować|kserokopia
ii.    kopiować kserograficznie|ˈfəʊntəʊkɒpɪ"
photogenic,fotogeniczny,ˌfəʊtəˈʤenɪk
photograph,"i.    fotografia  [zdjęcie]
ii.    fotografować",ˈfəʊtəgrɑ:f
photographer,fotograf,fəˈtɒgrəfə
photographic,fotograficzny,ˌfəʊtəˈgræfɪk
photography,fotografia  [dziedzina],fəˈtɒgrəfɪ
photostat,fotokopia,ˈfəʊtəstæt
phrasal verb,czasownik złożony,ˌfreɪzəl ˈvɜ:b
phrase,freɪz,"i.   1.  zwrot|idiom
 2.  [w muzyce]  fraza
ii.   1.  ubierać w słowa
 2.  [w muzyce]  frazować
iii.  phrase book|rozmówki|ˈfreɪzbʊk"
phraseological,frazeologiczny,ˌfreɪzɪəˈlɒʤɪkəl
phraseology,frazeologia,ˌfreɪzɪˈɒləʤɪ
physician,fɪˈzɪʃən,internista|lekarz
physicist,fizyk,ˈfɪzɪsɪst
physics,fizyka,ˈfɪzɪks
physiological,fizjologiczny,ˌfɪzɪəˈlɒʤɪkəl
physiology,fizjologia,ˌfɪzɪˈɒləʤɪ
physiotherapeutic,fizykoterapeutyczny,ˌfɪzɪəθerəˈpju:tɪk
physiotherapist,fizykoterapeuta,ˌfɪzɪəʊˈθerəpɪst
physiotherapy,fizykoterapia,ˌfɪzɪəʊˈθerəpɪ
physique,budowa ciała,fɪˈzi:k|wygląd
pianist,pianista,ˈpɪənɪst
piano,fortepian,ˈpɪənəʊ
pick,"i.   1.  wybierać
 2.  [np. kwiaty]  zbierać
 3.  [palcami]  brać
 4.  dłubać 
 5.  [kłótnię]  zaczynać","program]  łapać
 5.  [nieform]  [np. kobietę]  podrywać
 6.  [o gospodarce]  poprawiać się
 7.  [prędkości]  nabierać|pɪk|topór
 2.  take one's pick 
 - wybierać do woli
 3.  pick one's way across sth 
 - posuwać się ostrożnie przez coś
iii.  pick at   skubać
iv.  pick on  [nieform]   czepiać się
v.  pick out  1.  rozpoznawać
 2.  wybierać
vi.  pick up  1.  podnosić
 2.  [samochodem]  zabierać
 3.  [o policji]  zgarniać|wszczynać
 6.  [zamek]  otwierać wytrychem
ii.   1.  siekiera"
picker,zbieracz,ˈpɪkə
picket,"i.    pikietować
ii.    pikieta",ˈpɪkɪt
pickle,"i.   1.  marynata
 2.  [nieform]  tarapaty
ii.    marynować",ˈpɪkəl
pickpocket,złodziej kieszonkowy,ˈpɪkpɒkɪt
pickup,"1.  wkładka gramofonowa
 2.  półciężarówka",pick-up|pikap|ˈpɪkʌp
picnic,"i.    piknik
ii.    urządzać piknik",ˈpɪknɪk
pictorial,obrazkowy,pɪkˈtɔ:rɪəl
picture,"i.   1.  obraz
 2.  [w książce]  obrazek
 3.  [fotograficzne]  zdjęcie","o co chodzi|o co chodzi
 4.  put sb in the picture 
 - powiedzieć komuś|ujęcie
 4. the picture  [w kraju]  sytuacja
 5.  [kinematograficzny]  film
 6.  a. okaz
 b.
      ""the picture of health""  - okaz zdrowia
 7. the pictures  [br]  kino
ii.   1.  [na zdjęciu]  pokazywać
 2.  [sobie mentalnie]  wyobrażać
 3.  [nieform]  get the picture 
 - wiedzieć|ˈpɪkʧə"
picturesque,malowniczy,ˌpɪkʧəˈresk
piddling,błahy,ˈpɪdlɪŋ
pidgin,język mieszany,pidżin|ˈpɪʤɪn
pie,1.  pasztet w cieście  [z mięsa,"paɪ|ryb]
 2.  owoce w cieście|warzywa w cieście"
piebald,srokaty,ˈpaɪbɔ:ld
piece,"element
 3.  a. 

 b.
      ""a piece of advice""  - rada
 c.
      ""a piece of furniture""  - mebel
 4.  [utwór]  artykuł","i.   1.  kawałek|kawał
 2.  [broni|kompletować|kompozycja
 5.  [zabytkowy]  przedmiot
 6.  moneta
 7.  [w grach]  figura"
piecemeal,kawałek po kawałku,ˈpɪ:smi:l
piecework,praca akordowa,ˈpi:swɜ:k
pier,molo,pɪə
pierce,przebijać,pɪəs
piercing,"1.  [dźwięk]  przenikliwy
 2.  [krzyk]  rozdzierający",ˈpɪəsɪŋ
piety,pobożność,ˈpaɪətɪ
pig,pɪg,świnia
pigeon,gołąb,ˈpɪʤɪn
pigeonhole,pigeon-hole,przegródka|ˈpɪʤɪnhəʊl
piggyback,"give sb a piggyback 
 - wziąć kogoś na barana",ˈpɪgɪbæk
piggybank,skarbonka-świnka,ˈpɪgɪbaŋk
pigheaded,uparty,uparty jak osioł|ˌpɪgˈhedɪd
piglet,prosiak,ˈpɪglɪt
pigment,barwnik,ˈpɪgmənt
pigsty,chlew,ˈpɪgstaɪ
pigtail,kucyk,ˈpɪgteɪl
pike,"1.  szczupak
 2.  pika",paɪk
pilchard,sardynka,ˈpɪlʧəd
pileup,karambol,pile-up|ˈpaɪlʌp
pilfer,podwędzić,rąbnąć|ˈpɪlfə
pilgrim,pielgrzym,ˈpɪlgrɪm
pilgrimage,pielgrzymka,ˈpɪlgrɪmɪʤ
pill,1.  pigułka,"pastylka
 2. the pill  pigułka antykoncepcyjna|pɪl"
pillage,"i.    grabież
ii.    grabić",ˈpɪlɪʤ
pillar,[br]   skrzynka pocztowa,"filar
 2.  podpora
ii.  pillar box|i.   1.  słup|ˈpɪlə|ˈpɪləbɒks"
pillion,miejsce z tyłu  [na motocyklu],ˈpɪljən
pillow,poduszka,ˈpɪləʊ
pillowcase,poszewka,ˈpɪləʊkeɪs
pillowslip,poszewka,ˈpɪləʊslɪp
pilot,"i.    pilot
ii.    pilotować
iii.    pilotażowy
iv.  pilot light",wieczny płomyk|ˈpaɪlət|ˈpaɪlət laɪt
pimp,alfons,pɪmp
pimple,pryszcz,ˈpɪmpəl
pimply,pryszczaty,ˈpɪmplɪ
pin,"i.    szpilka
ii.   1.  przypinać
 2.  przytrzymywać","przyszpilać
 3.  [nieform]  zwalać 
 4.  opierać 
 5.  pins and needles 
 - zdrętwienie ciała|pɪn|ustalać
 2.  zmuszać 
iv.  pin up  1.  przypinać
 2.  podwijać|zdrętwienie
iii.  pin down  1.  ustalać dokładnie"
pinafore,bezrękawnik,ˈpɪnəfɔ:
pincers,1.  szczypce,"obcęgi
 2.  kleszcze|ˈpɪnsəz"
pinch,"i.   1.  szczypać
 2.  [nieform]  zwędzić","podprowadzić
 3.  cisnąć
ii.   1.  szczypnięcie
 2.  szczypta
 3.  [nieform]  at a pinch 
 - w ostateczności|pɪnʧ"
pinched,wyczerpany,znękany|ˈpɪnʧt
pincushion,poduszeczka do igieł,ˈpɪnkʊʃən
pine,"i.    sosna
ii.    sosnowy
iii.    usychać z żalu","paɪn|usychać 
iv.  pine away   umrzeć ze smutku"
pineapple,ananas,ˈpaɪnæpəl
ping,"i.    brzęczeć
ii.    brzęk",pɪŋ
pink,"i.    różowy
ii.    goździk",pɪŋk
pinkish,różowawy,ˈpɪŋkɪʃ
pinnacle,"1.  sterczyna
 2.  szczyt",ˈpɪnəkəl
pinpoint,"1.  wskazywać
 2.  wykazywać",ˈpɪnpɔɪnt
pinstripe,pin-stripe,pin-striped|prążkowany|ˈpɪnstraɪp
pinstriped,pin-stripe,pin-striped|prążkowany|ˈpɪnstraɪp
pint,1.  pół kwarty  [br 0,"47 l]
 2.  duże piwo|57 l|paɪnt|pół litra piwa"
pinup,i.    zdjęcie idola  [aktorki,"itp.]
ii.    atrakcyjny|pin-up|ˈpɪnʌp"
pioneer,"i.    pionier
ii.    wprowadzać jako pionier",wprowadzać|ˌpaɪəˈnɪə
pious,pobożny,ˈpaɪəs
pip,"1.  pestka
 2.  sygnał czasu",pɪp|sygnał
pipe,"dudy
ii.   1.  prowadzić rurami
 2.  [form]  zapiszczeć
iii.  pipe down  [nieform]   uciszyć się
iv.  pipe dream","i.   1.  rura
 2.  fajka
 3.  piszczałka  [także w organach]
 4. pipes  kobza|mrzonka|paɪp|przemowę]  rozpocząć"
piped music,muzyka w podkładzie,muzyka w tle|ˌpaɪptˈmju:zɪk
pipeline,rurociąg,ˈpaɪplaɪn
piper,dudziarz,kobziarz|ˈpaɪpə
piping,"i.    przewód rurowy
ii.    piskliwy
iii.  piping hot",wrzący|ˈpaɪpɪŋ|ˈpaɪpɪŋhɒt
piquant,"1.  pikantny
 2.  atrakcyjny",apetyczny|ˈpi:kənt
pique,pi:k,urażona duma
piqued,urażony,ˈpi:kt
piracy,piractwo,ˈpaɪrəsɪ
piranha,pirania,pɪˈrɑ:njə
pirate,"i.    pirat
ii.    piracki","nielegalny
iii.    kopiować nielegalnie|ˈpaɪərət"
pirouette,piruet,ˌpɪrʊˈet
pisces,ryby  [znak zodiaku],ˈpaɪsi:z
piss,"i.    szczać
ii.   1.  szczyny
 2.  have a piss 
 - odlać się
iii.  piss off  [wulg]  1.  piss off! 
 - odpieprz się!
 2.  feel pissed off with sth 
 - wpieprzyć się czymś",pɪs
pissed,pɪst,zalany
pistol,pistolet,ˈpɪstəl
piston,tłok,ˈpɪstən
pit,1.  dół,"glinianka
 5.  kanał orkiestry|jama
 2.  wgłębienie
 3.  kopalnia
 4.  żwirowisko|kanał|pɪt"
pitch,"do)
 2.  zwalać się 
 3.  [poziom]  ustawiać
 4.  [namiot]  rozbijać
iii.    smoła","i.   1.  boisko
 2.  [np. dźwięku]  wysokość|poziom
ii.   1.  rzucać (at - w|pɪʧ"
pitchblack,czarny jak smoła,pitch-black|ˌpɪʧtˈblæk
pitched battle,zażarta walka,ˌpɪʧt ˈbætəl
pitcher,"1.  [us]  dzbanek
 2.  [w baseballu]  rzucający",ˈpɪʧə
pitchfork,widły,ˈpɪʧfɔ:k
piteous,żałosny,ˈpɪtɪəs
pitfall,niebezpieczeństwo,pułapka|ˈpɪtfɔ:l
pith,miękisz,pɪθ
pithy,jędrny,ˈpɪθɪ
pitiable,żałosny,ˈpɪtɪəbəl
pitiful,żałosny,ˈpɪtɪfʊl
pitiless,bezlitosny,ˈpɪtɪlɪs
pittance,żałosne wynagrodzenie,ˈpɪtəns
pitted,dziobaty,podziurkowany|ˈpɪtɪd
pity,i.   1.  żal,"litość
 2.  a. szkoda
 b.
      ""what a pity""  - jaka szkoda
ii.    żałować|ˈpɪtɪ"
pivot,"i.   1.  oś
 2.  centrum
ii.    obracać się wokół osi",kręcić się|kręcić się wokół osi|obracać się|ˈpɪvət
pixel,[komp]  piksel,element obrazu|ˈpɪksəl
pixie,chochlik,ˈpɪksɪ
pk,"pk.
  park",
pkt,"pkt.
  paczka",
pl,"pl.
  miejsce",
placard,plakat,transparent|ˈplækəd
placate,pləˈkeɪt,zadowalać
place,"i.   1.  miejsce
 2.  [nieform]  dom","mieszkanie
ii.   1.  [meble|na swoim miejscu
 8.  out of place 
 - nie na swoim miejscu
 9.  all over the place 
 - wszędzie
 10.  in the first place 
 - przede wszystkim|nacisk]  nakładać|ogłoszenie]  umieszczać
 2.  [odpowiedzialność"
placed,"be  placed 
 - być w dobrym położeniu",być w położeniu|ˈpleɪst
placement,"1.  umieszczanie
 2.  praktyka zawodowa",ˈpleɪsmənt
placid,spokojny,ˈplæsɪd
plagiarise,plagiarize,popełniać plagiat|ˈpleɪʤəraɪz
plagiarism,plagiat,ˈpleɪʤərɪsm
plagiarize,plagiarise,popełniać plagiat|ˈpleɪʤəraɪz
plague,"i.   1.  zaraza
 2.  plaga
ii.   1.  dręczyć
 2.  nękać",ˈpleɪg
plaice,flądra,pleɪs|płastuga
plain,"i.    równina
ii.   1.  [przedmiot]  nieozdobny
 2.  [ubranie]  zwykły","oczywisty
iii.    [z przymiotnikiem]  po prostu|pleɪn|prosty
 3.  [fakt|stwierdzenie]  jasny"
plainclothes,nieumundurowany,plain-clothes|w cywilnym ubraniu|ˌpleɪnˈkləʊðz
plainly,"1.  najwidoczniej
 2.  wyraźnie
 3.  otwarcie",ˈpleɪnlɪ
plaintiff,powód,ˈpleɪntɪf
plaintive,żałosny,ˈpleɪntɪv
plait,"i.    zaplatać
ii.   1.  warkocz
 2.  lina splatana",plæt
plan,i.    plan,"planować 
 2.  zamierzać podjąć|plæn|program
ii.   1.  planować|zamierzać
iii.  plan out   zaplanowywać"
plane,"i.   1.  [nieform]  samolot
 2.  [termin]  [w geometrii]  płaszczyzna
 3.  [hebel]  strug
 4.  [lit]  [wysokość]  poziom
 5.  [drzewo]  platan
ii.   1.  [drewno]  heblować
 2.  by plane 
 - samolotem",pleɪn|powietrzem
planet,planeta,ˈplænɪt
planetarium,ˌplænɪˈteərɪəm,
planetary,planetarny,ˈplænɪtərɪ
plank,"i.   1.  deska
 2.  punkt programu
ii.    pokrywać deskami",plæŋk
plankton,ˈplæŋktən,
planner,planista,ˈplænə
planning,"1.  planowanie
 2.  gospodarka planowa",ˈplænɪŋ
plant,"bombę]  umieszczać
 4.  [fałszywe dowody]  podkładać","i.   1.  roślina
 2.  [przemysłowy]  fabryka|obsadzać
 2.  [ziemię]  uprawiać
 3.  [szpiega|plɑ:nt|podstawiać"
plantation,plantacja,plɑ:nˈteɪʃən
planter,plantator,ˈplɑ:ntə
plaque,"1.  tablica
 2.  plakietka
 3.  osad",plæk
plasma,osocze,ˈplæzmə
plaster,gips,"i.   1.  gips|opatrunek gipsowy
iv.  plaster of paris|plaster
ii.   1.  tynkować
 2.  in plaster 
 - w gipsie
iii.  plaster cast|tynk
 2.  plaster opatrunkowy"
plastered,"1.  przyklejony 
 2.  nasmarowany 
 3.  obklejony
 4.  [nieform]  uchlany",ˈplɑ:stəd
plastic,"i.    plastik
ii.   1.  plastikowy
 2.  [form]  plastyczny
iii.    folia plastikowa
iv.    foliowy",ˈplæstɪk
plasticine,plastelina,ˈplæstɪsi:n
plate,"i.   1.  talerz
 2.  [metalowa]  płyta
 3.  [z nazwiskiem]  tabliczka
 4.  [w książce]  rycina
 5.  [dentystyczna]  płytka
 6.  [zastawa]  naczynia z drogiego materiału","naczynia|platery
 7.  [w kościele]  taca
ii.    [platerować]  pokrywać
iii.  plate glass|pleɪt|szkło taflowe"
plateau,"1.  płaskowyż
 2.  punkt krańcowy
 3.  pułap możliwości",ˈplætəʊ
platform,"1.  platforma
 2.  podwyższenie","estrada
 3.  peron
 4.  deklaracja programowa
 5.  [w tramwaju]  pomost|ˈplætfɔ:m"
platinum,"i.    platyna
ii.    platynowy",ˈplætɪnəm
platitude,banał,ˈplætɪtju:d
platonic,platoniczny,pləˈtɒnɪk
platoon,pluton,pləˈtu:n
platter,półmisek,ˈplætə
plausible,przekonujący,ˈplɔ:zəbəl
play,"be brought* into play 
 - wchodzić do zastosowania
 5.  play for time 
 - grać na czas
iii.  play back   odtwarzać
iv.  play down   bagatelizować","być
 5.  a. udawać
 b.
      ""he played dead""  - udawał umarłego
 6.  [taśmę|gra słów
vii.  play up  1.  [nieform]  nawalać
 2.  [nieform]  dokazywać|i.   1.  grać       
 2.  [o dzieciach]  bawić się 
 3.  [żarty]  robić|pleɪ"
playact,grać komedię,play-act|ˈpleɪækt
playback,odtworzenie,ˈpleɪbæk
player,1.  gracz,"zawodnik
 2.  a. muzyk
 b.
      ""piano player""  - pianista
 3.  [przest]  aktor|ˈpleɪə"
playful,"1.  żartobliwy
 2.  skłonny do zabawy",ˈpleɪfʊl
playground,plac zabaw,podwórko|ˈpleɪgraʊnd
playing card,boisko,"i.    karta do gry
ii.  playing field|stadion|ˈpleɪɪŋfi:ld|ˈpleɪɪŋkɑ:d"
playmate,kolega,towarzysz zabawy|ˈpleɪmeɪt
playoff,dogrywka,ˈpleɪɒf
playpen,kojec,kojec dla dziecka|ˈpleɪpen
plaything,zabawka,ˈpleɪθɪŋ
playtime,[w szkole]  duża przerwa,ˈpleɪtaɪm
playwright,dramaturg,ˈpleɪraɪt
plea,"1.  [form]  błaganie
 2.  [praw]  plea of guilty  :guilty)
 - przyznanie się do winy",nieprzyznanie się do winy|pli:
plead,"1.  błagać 
 2.  [form praw]  bronić","pli:d|przedstawiać 
 4.  plead  guilty 
 - nie przyznawać się do winy|przyznawać się do winy
 5.  plead sb's case 
 - bronić czyjejś sprawy
 6.  plead the case for sb 
 - bronić czyjejś sprawy|wstawiać się 
 3.  powoływać się"
pleading,"i.    błagalny
ii.    błaganie",ˈpli:dɪŋ
pleasant,miły,przyjemny|ˈplezənt
pleasantry,uprzejmość,ˈplezəntrɪ
please,"i.    proszę
ii.   1.  zadowalać
 2.  a. chcieć
 b.
      ""do as you please""  - rób jak chcesz
 3.  [form]  if you please 
 - jeśli pan pozwoli
 4.  [nieform]  please yourself 
 - jak sobie chcesz",pli:z
pleased,"1.  zadowolony
 2.  pleased to meet you 
 - bardzo mi miło",pli:zd
pleasing,przyjemny,zadowalający|ˈpli:zɪŋ
pleasurable,radosny,ˈpleʒərəbəl
pleasure,1.  radość,"my* pleasure'' 
 -|przyjemność
 2.  with pleasure 
 - z przyjemnością
 3.  do sb the pleasure of doing sth 
 - sprawić komuś przyjemność zrobienia czegoś
 4.  ``*it is a|to ja dziękuję''|ˈpleʒə"
pleat,pli:t,plisa
pleated,plisowany,ˈpli:tɪd
plebeian,"i.    plebejski
ii.    plebejusz",plɪ:ˈbi:ən
plebiscite,plebiscyt,ˈplebɪsɪt
pledge,i.    zobowiązanie,"pleʤ|przyrzeczenie
ii.   1.  deklarować|się do zrobienia czegoś)|składać deklaracje
 2.  zobowiązywać (oneself to sth - się do czegoś"
plenipotentiary,pełnomocnik,ˌplenɪpəˈtenʃərɪ
plentiful,obfity,ˈplentɪfʊl
plenty,dużo,ˈplentɪ
plethora,nadmiar,ˈpleθərə
pleurisy,zapalenie opłucnej,ˈplʊərɪsɪ
pliable,podatny,ˈplaɪəbəl
pliers,kombinerki,ˈplaɪəz
plight,dola,plaɪt|trudne położenie
plimsoll,adidas,tenisówka|ˈplɪmsəl
plinth,cokół,plɪnθ
plod,"1.  wlec się
 2.  męczyć się",plɒd
plodder,"1.  wytrwały pracownik
 2.  kujon",ˈplɒdə
plonk,"i.    zwalać
ii.    [nieform]  jabol",jabcok  [wino]|plɒŋk
plop,"i.    pluśnięcie
ii.    pluskać",plɒp
plot,"akcja
 3.  [ziemi]  działka
ii.   1.  spiskować","filmu]  fabuła|i.   1.  spisek
 2.  [powieści|konspirować
 2.  [położenie]  wyznaczać
 3.  [wykres]  przedstawiać graficznie
 4.  kreślić|plɒt"
plotter,pisak,ploter|ˈplɒtə
plough,"i.    pług
ii.   1.  orać
 2.  przedzierać się
 3.  wpadać 
 4.  pompować",plaʊ|plow
plow,"i.    pług
ii.   1.  orać
 2.  przedzierać się
 3.  wpadać 
 4.  pompować",plaʊ|plough
ploy,chwyt,plɔɪ
pluck,"i.   1.  [lit]  zrywać
 2.  [form]  ciągnąć","plʌk|wyciągać
 3.  skubać
 4.  grać 
ii.   1.  odwaga
 2.  pluck up the courage 
 - zbierać się na odwagę"
plum,"i.    śliwka
ii.   1.  śliwkowy
 2.  [nieform]  znakomity",plʌm|rewelacyjny
plumage,upierzenie,ˈplu:mɪʤ
plumb,i.    sondować,"plʌm|zgłębiać
ii.    pion
iii.    pionowy
iv.   1.  całkowicie
 2.  plumb the depths of sth 
 - docierać na dno czegoś|zgłębiać coś"
plumber,hydraulik,ˈplʌmə
plumbing,"1.  instalacja hydrauliczna
 2.  prace hydrauliczne",ˈplʌmɪŋ
plume,pióro,ˈplu:m
plummet,spadać w dół,ˈplʌmɪt
plump,"i.    pulchny
ii.  plump for  [nieform]   decydować się 
iii.  plump up   ubijać",plʌmp|wytrzepywać
plunder,i.    [nieform]  plądrować,"łupienie
 2.  łup|łupić
ii.   1.  plądrowanie|ˈplʌndə"
plunge,"cenie]  spadać
ii.   1.  [do wody]  wpadnięcie
 2.  [noża]  zatopienie
 3.  [ceny]  spadek
 4.  take the plunge 
 - ryzykować","do)
 5.  [o poziomie|i.   1.  wpadać
 2.  [nóż]  zatapiać
 3.  [w ciemności|plʌnʤ|pogrążać 
 4.  [do pracy]  rzucać się (into - w"
plunger,przepychacz do rur,ˈplʌnʤə
pluperfect,zaprzeszły,zaprzeszły czas|ˌplu:ˈpɜ:fɪkt
plural,"i.   1.  [form]  pluralistyczny
 2.  [form]  wieloosobowy
 3.  [gram]  mnogi
ii.   the plural  [gram]  liczba mnoga",ˈplʊərəl
plus,"i.    plus
ii.    dodać
iii.   1.  więcej niż","plʌs|ponad
 2.  dodatni
iv.  plus sign|znak dodawania|ˈplʌssaɪn"
plush,luksusowy,plʌʃ
plutonium,plu:ˈtəʊnɪəm,pluton  [pierwiastek]
ply,"i.   1.  zasypywać
 2.  kursować 
 3.  wykonywać
ii.    a. warstwa
 b.
      ""three-ply""  - trzywarstwowy",plaɪ
plywood,sklejka,ˈplaɪwʊd
pm,"a. po południu
 b.
      ""7 p.m.""  - godz 19",p.m.|post meridiem|premier|ˌ$⋅$ˈ$⋅$
pneumatic,"i.    pneumatyczny
ii.  pneumatic drill   młot pneumatyczny",nju:ˈmætɪk
pneumonia,nju:ˈməʊnɪə,zapalenie płuc
po,"i.
   see also: {petty officer}
  podoficer marynarki","podoficer
ii.
   see also: {postal order}
  przekaz pocztowy
iii.
   see also: {post office}
  poczta|upt|ˌ$⋅$ˈ$⋅$"
poach,"1.  kłusować
 2.  plagiaryzować
 3.  gotować jajka w koszulkach","gotować
 4.  dusić|pəʊʧ"
poacher,kłusownik,ˈpəʊʧə
pob,skrytka pocztowa,skrzynka pocztowa|ˌ$⋅$ˈ$⋅$
pocket,"i.   1.  kieszeń
 2.  miejsce
 3.  [np. zarazy]  ognisko
ii.    kieszonkowy
iii.   1.  wkładać do swojej kieszeni","kieszonkowe|scyzoryk
v.  pocket money|wkładać do kieszeni
 2.  out of pocket 
 - bez pieniędzy
 3.  pick sb's pocket 
 - okradać kogoś
iv.  pocket knife|ˈpɒkɪt"
pocketbook,"1.  notatnik
 2.  [us]  portfelik",ˈpɒkɪtbʊk
pocketful,kieszeń,pełna kieszeń|ˈpɒkɪtfʊl
pockmark,blizna po ospie,ˈpɒkmɑ:k
pod,pɒd,strączek
podgy,tłustawy,ˈpɒʤɪ
poem,wiersz,ˈpəʊɪm
poet,poeta,ˈpəʊɪt
poetic,"1.  poetyczny
 2.  poetycki",poetical|pəʊˈetɪk
poetical,"1.  poetyczny
 2.  poetycki",poetic|pəʊˈetɪk
poetry,poezja,ˈpəʊətrɪ
poignant,dojmujący,przejmujący|ˈpɔɪnjənt
pointblank,"1.  bez ogródek
 2.  z bliska",point-blank|ˌpɔɪntˈblæŋk
pointed,"1.  zaostrzony
 2.  znaczący",ˈpɔɪntɪd
pointer,wskazówka,ˈpɔɪntə
pointless,bezsensowny,ˈpɔɪntlɪs
poise,i.    opanowanie,"pɔɪz|równowaga
ii.    utrzymywać w równowadze"
poised,1.  przygotowany (for - do,"na)
 2.  zrównoważony|opanowany|ˈpɔɪzd"
poison,"i.    trucizna
ii.   1.  truć","otruwać
 2.  zatruwać|ˈpɔɪzən"
poisonous,"1.  trujący
 2.  [form]  jadowity",ˈpɔɪzənəs
poker,"1.  poker
 2.  pogrzebacz",ˈpəʊkə
poky,maluśki,przymały|ˈpəʊkɪ
polack,polaczek,ˈpəʊlæk
poland,polska,ˈpəʊlənd
polar,"i.   1.  biegunowy
 2.  [form]  diametralnie różny
ii.  polar bear",niedźwiedź polarny|ˈpəʊlə|ˌpəʊləˈbeə
polarise,polarize,polaryzować|polaryzować się|ˈpəʊləraɪz
polarity,przeciwieństwo,pəˈlærɪtɪ|sprzeczność
polarize,polarise,polaryzować|polaryzować się|ˈpəʊləraɪz
pole,"gwiazda polarna
iii.  pole vault",i.   1.  tyczka|polak|pəʊl|skok o tyczce
polecat,[zwierzę]  tchórz,ˈpəʊlkæt
police,"chronić
iii.  police officer","i.   the police  policja
ii.    chronić siłami policji|komisariat|policjant
iv.  police station|pəˈli:s"
policeman,policjant,pəˈli:smən
policewoman,policjantka,pəˈli:swʊmən
policy,"1.  polityka
 2.  [termin]  polisa",ˈpɒlɪsɪ
polio,paraliż dziecięcy,ˈpəʊlɪəʊ
polish,"1.  polski
 2.  the polish 
 - polacy","i.   1.  pasta|krem
 2.  polor
ii.   1.  pastować|kremować
 2.  polerować
iii.  polish off  [nieform]   załatwić się|zakończyć"
polished,"1.  nienaganny
 2.  pełen poloru",dystyngowany|ˈpɒlɪʃt
polite,"1.  uprzejmy 
 2.  wyższy",pəˈlaɪt
politic,1.  dyplomatyczny,"rozważny
 2.  rozsądny|ˈpɒlətɪk"
political,"1.  polityczny
 2.  upolityczniony",pəˈlɪtɪkəl
politician,polityk,ˌpɒlɪˈtɪʃən
politics,"1.  polityka
 2.  zasady polityczne
 3.  nauki polityczne",ˈpɒlətɪks
polka,ˌpɒlkə,
poll,"badanie
 2.  głosowanie
ii.   1.  ankietować
 2.  zdobywać",i.   1.  ankietowanie|pəʊl
pollen,pyłek,pyłek kwiatowy|ˈpɒlən
pollinate,zapylać,ˈpɒlɪneɪt
polling,głosowanie,ˈpəʊlɪŋ
pollutant,pəˈlu:tənt,substancja zanieczyszczająca środowisko
pollute,pəˈlu:t,zanieczyszczać
pollution,"1.  zanieczyszczanie środowiska
 2.  zanieczyszczenie",pəˈlu:ʃən
polo,polo  [gra],ˈpəʊləʊ
polonecked,[sweter]  z golfem,polo-necked|ˈpɒləʊnekt
poly,politechnika,ˈpɒlɪ
polyester,poliester,ˌpɒlɪˈestə
polyethylene,polietylen,ˌpɒlɪˈeθəli:n
polygamy,poligamia,pəˈlɪgəmɪ
polygon,wielokąt,ˈpɒlɪgən
polystyrene,polistyren,ˌpɒlɪˈstaɪri:n
polytechnic,politechnika,ˌpɒlɪˈteknɪk
polythene,polietylen,ˈpɒlɪθi:n
pomegranate,granat  [owoc],ˈpɒmɪgrænɪt
pomp,[uroczystość]  pompa,pɒmp
pompous,pompatyczny,ˈpɒmpəs
pond,pɒnd,staw
ponder,rozmyślać,rozpatrywać|ˈpɒndə
ponderous,"1.  ciężki
 2.  niezgrabny",ˈpɒndərəs
pong,"i.    smród
ii.    [śmierdzieć]  jechać",pɒŋ
pontiff,"1.  arcykapłan
 2.  papież",ˈpɒntɪf
pontoon,"1.  ponton
 2.  oko  [gra]",ˌpɒnˈtu:n
pony,kucyk,ˈpəʊnɪ
ponytail,koński ogon,kucyk|ˈpəʊnɪteɪl
poodle,pudel,ˈpu:dəl
pooh,fe,pu:
pool,gromadzić,"i.   1.  sadzawka
 2.  [pływacki]  basen
 3.  [wody]  kałuża
 4.  [pieniędzy]  pula
 5.  wspólny fundusz
 6.  bilard  [gra]
 7. the pools  [br]  totalizator piłkarski
ii.    [zasoby]  gromadzić razem|pu:l"
poor,"1.  biedny
 2.  niedobry
 3.  ubogi",pɔ:
pop,"i.   1.  muzyka pop
 2.  [nieform]  napój gazowany","na kawę]  wyskakiwać
 4.  [jak korek butelki]  pukać
 5.  pop! 
 - bum!|napój
 3.  tatuś
 4.  [korka butelki]  puknięcie
ii.   1.  [o oczach]  wyłazić na wierzch|pop.
i.
   see also: {popular}
  popularny
ii.
   see also: {population}
  ludność|populacja"
popcorn,prażona kukurydza,ˈpɒpkɔ:n
pope,papież,pəʊp
poplar,topola,ˈpɒplə
popper,zatrzask,ˈpɒpə
poppy,mak,ˈpɒpɪ
populace,populacja,ˈpɒpjələs
popular,"1.  popularny   
 2.  [form]  powszechny",ˈpɒpjələ
popularise,popularize,popularyzować|ˈpɒpjʊləraɪz
popularity,popularność,wzięcie|ˌpɒpjəˈlærɪtɪ
popularize,popularise,popularyzować|ˈpɒpjʊləraɪz
popularly,"1.  [zwany]  popularnie
 2.  [przyjmowany]  powszechnie",ˈpɒpjələlɪ
populate,zasiedlać,ˈpɒpjəleɪt
population,"1.  ludność
 2.  populacja",ˌpɒpjəˈleɪʃən
populous,ludny,ˈpɒpjələs
popup menu,menu rozwijane,pop-up menu|ˌpɒpˈʌp ˌmenju:
porcelain,porcelana,ˈpɔ:səlɪn
porch,"1.  [us]  weranda
 2.  ganek",pɔ:ʧ
porcupine,jeżozwierz,ˈpɔ:kjəpaɪn
pore,"i.    por
ii.  pore over   ślęczeć",pɔ:
pork,pɔ:k,wieprzowina
porn,pornografia,pɔ:n
pornography,pornografia,pɔ:ˈnɒgrəfɪ
porous,porowaty,ˈpɔ:rəs
porpoise,morświn,ˈpɔ:pəs
porridge,owsianka,ˈpɒrɪʤ
port,"bakburta
 4.  portwajn
ii.    [burta]  lewy","i.   1.  port
 2.  miasto portowe
 3.  lewa burta|pɔ:t"
portable,przenośny,ˈpɔ:təbəl
portal,ˈpɔ:təl,
portcullis,krata  [spuszczana w twierdzy],ˈpɔ:tkʌlɪs
portend,pɔ:ˈtend,wróżyć|zwiastować
portent,znak,zwiastun|ˈpɔ:tent
portentous,pɔ:ˈtentəs,wróżący
porter,"1.  portier
 2.  bagażowy",ˈpɔ:tə
porthole,[na statku]  bulaj,okienko|ˈpɔ:thəʊl
portico,portyk,ˈpɔ:tɪkəʊ
portion,"i.   1.  część
 2.  porcja
ii.    dzielić",ˈpɔ:ʃən
portly,przysadzisty,ˈpɔ:tlɪ
portrait,"i.    portret
ii.    [komp]  wertykalny  [o położeniu]",ˈpɔ:trɪt
portray,"1.  przedstawiać
 2.  portretować",pɔ:ˈtreɪ
portrayal,"1.  przedstawienie
 2.  portret",pɔ:ˈtreɪəl
portugal,portugalia,ˈpɔ:ʧʊgəl
portuguese,"i.    portugalski
ii.    portugalczyk",ˌpɔ:ʧʊˈgi:z
pose,"i.   1.  pozować
 2.  podawać się 
 3.  przedstawiać
 4.  [form]  zadawać
ii.    poza",pəʊz
posh,1.  elegancki,"modny
 2.  znakomity|pɒʃ|z wyższej klasy"
position,"i.   1.  pozycja
 2.  położenie
 3.  [form]  miejsce","lokować 
 2.  in position 
 - na właściwym miejscu|na miejscu
 3.  be in no position to do sth 
 - nie mieć możliwości zrobienia czegoś|posada
 4.  [form]  podejście
ii.   1.  ustawiać|pəˈzɪʃən"
positive,"definitywny
 4.  [próba","i.   1.  absolutnie pewny 
 2.  [postawa]  pozytywny
 3.  [dowód]  przekonujący|liczba]  dodatni
 5.  [o cesze]  zdecydowany
 6.  [gram]  stopień równy|równy
ii.   1.  [mat]  liczba dodatnia
 2.  [fot]  pozytyw|ˈpɒzɪtɪv"
positively,"1.  zdecydowanie
 2.  [nieform]  naprawdę",ˈpɒzɪtɪvlɪ
possess,"1.  [form]  posiadać
 2.  [lit]  zawładnąć",pəˈzes
possession,"1.  posiadanie
 2. possessions  [też]  mienie
 3.  take possession of sth 
 - brać coś w posiadanie",pəˈzeʃən
possessive,"1.  zaborczy 
 2.  objawiający swój instynkt posiadania 
 3.  [gram]  dzierżawczy",pəˈzesɪv
possessor,posiadacz,pəˈzesə
possibility,możliwość,ˌpɒsɪˈbɪlɪtɪ
possible,"1.  możliwy
 2.  as soon as possible 
 - jak najszybciej",ˈpɒsɪbəl
possibly,"1.  możliwie
 2.  w ogóle
 3.  oczywiście
 4.  może",ˈpɒsɪblɪ
post meridiem,"a. po południu
 b.
      ""7 p.m.""  - godz 19",p.m.|ˌ$⋅$ˈ$⋅$
postage,[form]   znaczek pocztowy,"i.    opłata pocztowa
ii.  postage stamp|znaczek|ˈpəʊstɪʤ|ˈpəʊstɪʤ stæmp"
postal,[br]   przekaz pocztowy,"i.    pocztowy
ii.  postal order|ˈpəʊstəl|ˈpəʊstəl ˌɔ:də"
postbox,post-box,skrzynka pocztowa|ˈpəʊstbɒks
postcard,kartka pocztowa,widokówka|ˈpəʊstkɑ:d
postcode,kod pocztowy,ˈpəʊstkəʊd
postdate,postdatować,ˌpəʊstˈdeɪt
poster,plakat,ˈpəʊstə
posterity,potomność,pəˈsterɪtɪ
postgraduate,"i.    podyplomowy
ii.    student podyplomowy",ˌpəʊstˈgrædju:ət
posthumous,pośmiertny,ˈpɒstjʊməs
postman,listonosz,ˈpəʊstmən
postmark,stempel pocztowy,ˈpəʊstmɑ:k
postmaster,naczelnik poczty,poczmistrz|ˈpəʊstmɑ:stə
postmortem,post-mortem,sekcja zwłok|ˌpəʊstˈmɔ:təm
postpone,odkładać,odraczać|pəstˈpəʊn
postscript,postscriptum,ˈpəʊstskrɪpt
posture,"i.    postawa
ii.    [form]  pozować",ˈpɒsʧə
postwar,post-war,powojenny|ˌpəʊstˈwɔ:
posy,bukiecik,wiązanka|ˈpəʊzɪ
pot,"dzbanek
 3.  [farby]  puszka
 4.  [na kwiaty]  doniczka
 5.  [nieform]  marihuana
ii.    [kwiaty]  sadzić w doniczce","i.   1.  garnek|kawy]  czajniczek|pɒt|rondel
 2.  [do herbaty"
potato,pəˈteɪtəʊ,ziemniak
potency,1.  siła,"potęga
 2.  potencja|ˈpəʊtənsɪ"
potent,potężny,ˈpɒtənt
potentate,potentat,ˈpəʊtənteɪt
potential,"i.    potencjalny
ii.   1.  możliwości","pəˈtenʃəl|zdolności
 2.  potencjał"
potentiality,możliwości,pəˌtenʃˈɪælɪty
pothole,dziura,dziura w jezdni|ˈpɒthəʊl
potholing,sport speleologiczny,ˈpɒthəʊlɪŋ
potion,napój,ˈpəʊʃən
potted,"1.  doniczkowy
 2.  konserwowany
 3.  skrócony",ˈpɒtɪd
pottery,"1.  ceramika
 2.  garncarstwo
 3.  zakład ceramiczny",ˈpɒtərɪ
potty,"i.    nocnik
ii.    [nieform]  stuknięty",ˈpɒtɪ
pouch,"1.  woreczek
 2.  torba",paʊʧ|worek
pouf,[stołek]  puf,pouffe|pu:f
pouffe,[stołek]  puf,pouf|pu:f
poultry,drób,ˈpəʊltrɪ
pounce,paʊns,rzucać się
pound,"45 kg]
 2.  [dla zwierząt]  schronisko
 3.  [dla samochodów]  parking  [dla odholowanych samochodów]
ii.   1.  walić","i.   1.  funt  [pieniądz brytyjski i miara -- 0|paʊnd|walić   
 2.  tłuc"
pour,i.   1.  sypać się,"lać
 3.  nalewać   
 4.  napływać   
 5.  pompować|pɔ:|sypać
 2.  lać się|wkładać 
 6.  it is pouring 
 - leje
ii.  pour out  1.  nalewać
 2.  wyrzucać z siebie"
pout,paʊt,wydymać|wydymać wargi
poverty,bieda,ubóstwo|ˈpɒvətɪ
povertystricken,cierpiący biedę,poverty-stricken|ˈpɒvətɪ strɪkən
pow,jeniec wojenny,ˌ$⋅⋅$ˈ$⋅⋅⋅$
powder,i.    proch,"proszek
ii.    pudrować 
iii.  powder room|pył|toaleta damska|ˈpaʊdə"
powdered,"1.  sproszkowany
 2.  upudrowany",ˈpaʊdəd
powdery,"1.  sproszkowany
 2.  sypki",ˈpaʊdərɪ
power,"come to* power 
 - dochodzić do władzy
 4.  be in power 
 - być u władzy
iii.  power station","elektrownia|i.   1.  władza
 2.  [mowy]  zdolność
 3.  [wybuchu|militarna]  siła
 4.  [wiatru|within sb's power 
 - w czyjejś mocy
 3.  *take"
powerful,"1.  potężny
 2.  rewelacyjny",wielki|ˈpaʊəfʊl
powerless,bezsilny,ˈpaʊəlɪs
pp,p.p.,"per procurationem
  w zastępstwie|pp.
  ss.|strony"
pr,"pr.
i.
   see also: {pair}
  para
ii.
   see also: {price}
  cena",służba informacyjna|ˌ$⋅$ˈ$⋅$
practicable,możliwy,ˈpræktɪkəbəl
practical,dowcip,"i.   1.  praktyczny
 2.  zręczny manualnie|zręczny
ii.    sprawdzian praktyczny
iii.  practical joke   kawał|ˈpræktɪkəl"
practice,"1.  stosować
 2.  praktykować
 3.  uprawiać
 4.  trenować","1.  zwyczaj
 2.  praktyka
 3.  praktykowanie
 4.  trening|practise|ćwiczenie
 5.  put sth into practice 
 - stosować coś|ćwiczyć"
practise,"1.  stosować
 2.  praktykować
 3.  uprawiać
 4.  trenować",practice|ćwiczyć|ˈpræktɪs
practised,wprawny,ˈpræktɪst
practitioner,praktyk,praktykujący|praktykujący lekarz|prækˈtɪʃənə
pragmatic,pragmatyczny,prægˈmætɪk
pragmatism,pragmatyzm,ˈprægmətɪzəm
prairie,preria,ˈpreərɪ
praise,"i.   1.  chwalić
 2.  [form]  sławić
ii.   1.  pochwała
 2.  [form]  chwała",preɪz
praiseworthy,godny pochwały,ˈpreɪzwɜ:ðɪ
pram,præm,wózek|wózek dziecięcy
prance,"1.  paradować
 2.  tańczyć",prɑ:ns
prank,præŋk,psikus
prattle,i.    gaworzyć,"paplanina|paplać
ii.    gaworzenie|ˈprætəl"
prawn,krewetka,prɔ:n
pray,modlić się,preɪ
prayer,modlitwa,ˈpreə
preach,"1.  wygłaszać kazanie
 2.  głosić",pri:ʧ
preacher,kaznodzieja,ˈpri:ʧə
preamble,pri:ˈæmbəl,wstęp
prearrange,pri:əˈreɪnʤ,przygotować z góry
precarious,"1.  niebezpieczny
 2.  niepewny",prɪˈkeərɪəs
precaution,prɪˈkɔ:ʃən,środek ostrożności|środek zapobiegawczy
precautionary,prɪˈkɔ:ʃənərɪ,zapobiegawczy
precede,poprzedzać,prɪˈsi:d
precedence,pierwszeństwo,ˈpresɪdəns
precedent,precedens,ˈpresɪdənt
precept,reguła,ˈpri:sept
precinct,"1.  [br]  strefa ruchu pieszego
 2.  [br]  dzielnica sklepowa
 3.  [us]  okręg policyjny","okręg
 4. precincts  [form]  siedziba|teren|ˈpri:sɪŋkt"
precious,"1.  drogocenny
 2.  afektowany
 3.  [nieform]  znakomity
 4.  precious little","few 
 - zupełnie niewiele|ˈpreʃəs"
precipice,przepaść,ˈpresɪpɪs
precipitate,"i.   1.  [form]  wywoływać
 2.  [chem]  osadzać
ii.    [chem]  osad
iii.    [form]  pośpieszny",pochopny|prɪˈsɪpɪteɪt
precipitous,przepastny,prɪˈsɪpɪtəs|stromy
precis,précis,skrót|streszczenie|ˈpreɪsɪ
precise,1.  dokładny,"precyzyjny
 2.  to be precise 
 - dokładnie mówiąc|prɪˈsaɪz"
precisely,1.  dokładnie,"precyzyjnie
 2.  właśnie
 3.  właśnie tak|prɪˈsaɪslɪ"
precision,dokładność,precyzja|prɪˈsɪʒən
preclude,nie dopuszczać,prɪˈklu:d
precocious,prɪˈkəʊʃəs,wcześnie rozwinięty
preconceived,z góry powzięty,ˌprɪ:kənˈsi:vd
preconception,z góry przyjęta opinia,ˌpri:kənˈsepʃən
precondition,warunek wstępny,ˌpri:kənˈdɪʃən
precursor,prekursor,pri:ˈkɜ:sə
predator,drapieżnik,ˈpredətə
predatory,drapieżny,ˈpredətərɪ
predecessor,poprzednik,ˈpri:dɪsesə
predestination,predestynacja,pri:ˌdestɪˈneɪʃən
predestined,predestynowany,ˌpri:ˈdestɪnd
predetermined,z góry ustalony,ˌpri:dɪˈtɜ:mɪnd
predicament,prɪˈdɪkəmənt,złe położenie
predicate,orzeczenie,ˈpredɪkət
predicative,predykatywny,prɪˈdɪkətɪv
predict,"1.  przewidywać
 2.  przepowiadać",prɪˈdɪkt
predictable,przepowiadalny,prɪˈdɪktəbəl
prediction,przepowiednia,prɪˈdɪkʃən
predilection,predylekcja,ˌpri:dɪˈlekʃən
predispose,usposabiać,ˌpri:dɪˈspəʊz
predisposition,predyspozycja,ˌpri:dɪspəˈzɪʃən
predominance,dominacja,przewaga|prɪˈdɒmɪnəns
predominant,dominujący,prɪˈdɒmɪnənt
predominantly,przeważnie,prɪˈdɒmɪnəntlɪ
predominate,dominować,prɪˈdɒmɪneɪt
preeminent,dominujący,pre-eminent|pri:ˈemɪnənt
preen,"1.  [pióra]  czyścić
 2.  preen oneself 
 - stroić się",pri:n
prefab,dom z prefabrykatów,ˈpri:fæb
prefabricated,prefabrykowany,prɪˈfæbrɪkeɪtɪd
preface,"i.    przedmowa
ii.    poprzedzać",ˈprefɪs
prefect,dyżurny,dyżurny klasowy|prefekt|ˈpri:fekt
prefer,1.  woleć,"preferować 
 2.  chcieć|pri:ˈfɜ:"
preferable,lepszy,ˈprefərəbəl
preference,1.  preferencja,"preferencje|upodobanie
 2.  pierwszeństwo|ˈprefərəns"
preferential,uprzywilejowany,ˌprefəˈrenʃəl
prefix,prefiks,przedrostek|ˈpri:fɪks
pregnancy,ciąża,ˈpregnənsɪ
pregnant,ciężarny,ˈpregnənt
prehistoric,prehistoryczny,prymitywny|ˌpri:hɪˈstɒrɪk
prejudge,oceniać z góry,pri:ˈʤʌʤ
prejudice,"1.  uprzedzenie
 2.  preferencja",ˈpreʤʊdɪs
prejudiced,"1.  uprzedzony 
 2.  stronniczy",ˈpreʤʊdɪst
prelate,prałat,ˈprelət
preliminary,"i.    wstępny
ii.   preliminaries  wstępne czynności",prɪˈlɪmɪnərɪ
prelude,preludium,ˈprelju:d
premarital,przedmałżeński,ˌpri:ˈmærɪtəl
premature,przedwczesny,ˈpreməʧʊə
premier,"i.    premier
ii.    [form]  główny",najważniejszy|ˈpremjə
premiere,premiera,ˈpremɪeə
premise,"1.  [form]  przesłanka
 2. premises  siedziba","teren
 3.  on the premises 
 - na miejscu|ˈpremɪs"
premonition,przeczucie,ˌpreməˈnɪʃən
preoccupation,główne zajęcie,troska|ˌpri:ɒkjˈʊpeɪʃən
preoccupied,pri:ˈɒkjəpaɪd,zajęty
preparation,"1.  przygotowanie
 2.  [form]  preparat",ˌprepəˈreɪʃən
preparatory,[br form]   prywatna szkoła podstawowa,"i.    przygotowawczy|przygotowujący
ii.  preparatory school|prɪˈpærətərɪ|prɪˈpærətərɪ sku:l"
prepare,przygotowywać,prɪˈpeə
prepared,"1.  przygotowany 
 2.  gotowy",prɪˈpeəd
prepay,opłacać z góry,ˌprɪˈpeɪ
preponderance,przewaga,prɪˈpɒndərəns
preposition,przyimek,ˌprepəˈzɪʃən
prepositional,przyimkowy,ˌprepəˈzɪʃənəl
preposterous,niedorzeczny,prɪˈpɒstərəs
prerequisite,warunek wstępny,warunek zasadniczy|ˌpri:ˈrekwɪzɪt
prerogative,prerogatywa,prɪˈrɒgətɪv
pres,"pres.
  prezydent",prezes
presbyterian,prezbiterianin,ˌprezbɪˈtɪərɪən
prescribe,"1.  zapisywać
 2.  [form]  nakładać",prɪˈskraɪb
prescription,"1.  recepta
 2.  przepisane lekarstwa",prɪˈskrɪpʃən
presence,"i.   1.  obecność
 2.  prezencja
 3.  coś niewidzialnego
ii.  presence of mind",przytomność umysłu|ˈprezəns|ˌprezəns əvˈmaɪnd
presentable,dobrze się prezentujący,prɪˈzentəbəl
presentation,"1.  przedstawianie
 2.  prezencja
 3.  ceremonia ofiarowania wręczenia","ceremonia ofiarowania
 4.  inscenizacja|ˌprezənˈteɪʃən"
presentday,obecny,present-day|ˈprezəntdeɪ
presenter,prezenter,prɪˈzentə
presently,"1.  wkrótce
 2.  obecnie",ˈprezəntlɪ
preservation,"1.  zachowanie
 2.  stan",ˌprezɜ:ˈveɪʃən
preservative,prɪˈzɜ:vətɪv,środek konserwujący
preserve,"i.   1.  zachowywać
 2.  [form]  konserwować
ii.    przetwory wekowane",przetwory|prɪˈzɜ:v
preside,prezydować,przewodniczyć|prɪˈzaɪd
presidency,prezydentura,ˈprezɪdənsɪ
president,"1.  prezydent
 2.  przewodniczący",prezes|ˈprezɪdənt
presidential,prezydencki,ˌprezɪˈdenʃəl
press,"dziennikarze
 2.  [guzika]  naciśnięcie
 3.  [prasa]  maszyna drukarska
iii.  press conference","i.   1.  przyciskać
 2.  [guzik|konferencja prasowa
iv.  press cutting|pedał]  naciskać   
 3.  [ubranie]  prasować
 4.  [domagać się]  cisnąć 
 5.  [dawać]  wciskać   
 6.  [sprawę|pres"
pressed,"sb is pressed for sth 
 - komuś brak czegoś",ˈprest
pressing,nagły,ˈpresɪŋ
pressure,"by coś zrobił)
 2.  put pressure on sb   :pressure :on)
 - wywierać nacisk na kogoś
iii.  pressure cooker","grupa nacisku|i.   1.  nacisk
 2.  ciśnienie
 3.  presja
ii.   1.  naciskać|szybkowar
iv.  pressure group|zmuszać (sb into doing sth - kogoś"
pressurise,pressurize,skłaniać naciskiem|ˈpreʃəraɪz
pressurised,ciśnieniowy,hermetyczny|pressurized|ˈpreʃəraɪzd
pressurize,pressurise,skłaniać naciskiem|ˈpreʃəraɪz
pressurized,ciśnieniowy,hermetyczny|pressurised|ˈpreʃəraɪzd
prestige,prestiż,preˈsti:ʒ
prestigious,prestiżowy,preˈstɪʤɪəs
presumably,przypuszczalnie,prɪˈzju:məblɪ
presume,1.  przypuszczać,"prɪˈzju:m|sądzić
 2.  a is presumed  
 - przypuszcza się|że a jest|że a jest chory"
presumption,mniemanie,przypuszczenie|prɪˈzʌmpʃən
presumptuous,arogancki,prɪˈzʌmpʧʊəs|zarozumiały
presuppose,zakładać z góry,ˌpri:səˈpəʊz
presupposition,założenie,ˌpri:sʌpəˈzɪʃən
pretence,1.  pretekst,"pozór
 2.  make a pretence of doing sth 
 - udawać|pretense|prɪˈtens|że się coś robi"
pretend,prɪˈtend,udawać
pretense,1.  pretekst,"pozór
 2.  make a pretence of doing sth 
 - udawać|pretence|prɪˈtens|że się coś robi"
pretension,aspiracje,pretensje|prɪˈtenʃən
pretentious,pretensjonalny,prɪˈtenʃəs
pretext,pretekst,ˈpri:tekst
pretty,"i.    ładny
ii.   1.  [nieform]  całkiem
 2.  [nieform]  pretty much","well 
 - prawie|ˈprɪtɪ"
prevail,"1.  panować
 2.  przeważać",prɪˈveɪl
prevalent,dominujący,panujący|ˈprevələnt
prevent,"1.  zapobiegać 
 2.  powstrzymywać",prɪˈvent
prevention,prɪˈvenʃən,zapobieganie
preventive,"a. zapobiegawczy
 b.
      ""preventive medicine""  - medycyna zapobiegawcza",profilaktyka|prɪˈventɪv
preview,"1.  pokaz przedpremierowy
 2.  przegląd przed wydarzeniem",przegląd|prɪˈvju:
previous,poprzedni,ˈpri:vɪəs
previously,"1.  poprzednio
 2.  wcześniej",ˈpri:vjəslɪ
prewar,pre-war,przedwojenny|ˌpri:ˈwɔ:
prey,i.   1.  żer,"preɪ|zdobycz
 2.  fall prey to 
 - padać ofiarą
ii.  prey on   żerować"
price,"i.    cena
ii.   1.  wyceniać
 2.  at any price 
 - za jakąkolwiek cenę
 3.  at a price 
 - za pewną cenę",praɪs
priceless,bezcenny,ˈpraɪslɪs
prick,i.   1.  nakłuwać,"przekłuwać
 2.  kłuć
ii.    ukłucie
iii.  prick up   prick up one's ears 
 - nastawiać uszu|prɪk"
prickle,"i.   1.  kolec
 2.  kłucie","uczucie kłucia
ii.    kłuć|ˈprɪkəl"
prickly,"1.  kłujący
 2.  drażliwy",ˈprɪklɪ
pride,"1.  duma
 2.  pycha
 3.  take pride in sth 
 - być dumnym z czegoś
 4.  have","praɪd|take pride of place 
 - mieć główne miejsce
 5.  pride oneself 
 - szczycić się"
priest,"1.  ksiądz
 2.  kapłan",duchowny|pri:st
priestess,kapłanka,ˈpri:stəs
priesthood,kapłaństwo,the priesthood  stan kapłański|ˈpri:sthʊd
prig,prɪg,zarozumialec
prim,prɪm,sztywny
primaeval,pierwotny,praɪˈmi:vəl|primeval
primarily,przede wszystkim,zasadniczo|ˈpraɪmərɪlɪ
primary,i.   1.  główny,"zasadniczy
 2.  podstawowy
ii.    [us]  wybory wstępne|ˈpraɪmərɪ"
primate,"1.  prymas
 2.  małpa naczelna",ˈpraɪmɪt
prime,i.   1.  najwyższy,"najważniejszy
 2.  [o jakości]  najlepszy
 3.  [przykład]  znakomity
ii.    [życia]  najlepszy okres
iii.   1.  [dawać instrukcje]  instruować|praɪm|premier|przygotowywać 
 2.  [przed malowaniem]  gruntować
iv.  prime minister"
primeaval,pierwotny,praɪˈmi:vəl|primeval
primer,"1.  elementarz
 2.  grunt",podkład|ˈpraɪmə
primeval,pierwotny,praɪˈmi:vəl|primaeval|primeaval
primitive,"1.  prymitywny
 2.  pierwotny",ˈprɪmɪtɪv
primrose,pierwiosnek,ˈprɪmrəʊz
prince,książę,prɪns
princely,książęcy,ˈprɪnslɪ
princess,księżna,księżniczka|prɪnˈses
principal,"główny
ii.    dyrektor",i.    zasadniczy|ˈprɪnsɪpəl
principality,księstwo,ˌprɪnsɪˈpælɪtɪ
principally,głównie,ˈprɪnsɪpəlɪ
principle,"1.  zasada
 2.  prawo
 3.  in principle 
 - w zasadzie
 4.  on principle 
 - z zasady",na gruncie zasad|ˈprɪnsɪpəl
principled,pryncypialny,ˈprɪnsɪpəld
print,"i.   1.  drukować
 2.  pisać drukowanymi literami
ii.   1.  druk
 2.  odbitka
 3.  ślad
 4.  out of print 
 - wyczerpany",prɪnt
printer,1.  drukarz,"drukarnia
 2.  [komp]  drukarka|ˈprɪntə"
printout,wydruk,ˈprɪntaʊt
prior,"i.   1.  uprzedni
 2.  pierwszy","ważniejszy
ii.    przeor
iii.  prior to  [form]   przed|ˈpraɪə"
prioress,przeorysza,ˈpraɪərɪs
priority,"1.  rzecz priorytetowa
 2.  pierwszeństwo",praɪˈɒrɪty
priory,klasztor,ˈpraɪərɪ
prise,oswobodzić,otworzyć|otworzyć wyłamując|praɪz|prize
prism,"1.  pryzmat
 2.  graniastosłup",ˈprɪzəm
prison,więzienie,ˈprɪzən
prisoner,"i.   1.  więzień
 2.  jeniec
 3.  be taken prisoner 
 - dostawać się do niewoli
ii.  prisoner of war",jeniec wojenny|ˈprɪzənə|ˌprɪzənər əv ˈwɔ:
pristine,nieskazitelny,ˈprɪsti:n
privacy,1.  odosobnienie,"osobność
 2.  życie osobiste|życie prywatne|ˈpraɪvəsɪ"
private,genitalia,"i.   1.  prywatny
 2.  osobisty
 3.  osobny|indywidualny
 4.  odosobniony|pełen rezerwy
ii.   1.  szeregowiec|szeregowy
 2.  in private 
 - na osobności
 3.  ``private'' 
 -"
privation,brak,niedostatek|praɪˈveɪʃən
privatise,privatize,prywatyzować|ˈpraɪvətaɪz
privatization,prywatyzacja,ˌpraɪvətaɪˈzeɪʃən
privatize,privatise,prywatyzować|ˈpraɪvətaɪz
privilege,"1.  przywilej
 2.  zaszczyt",honor|ˈprɪvɪlɪʤ
privileged,uprzywilejowany,ˈprɪvɪlɪʤd
privy,wtajemniczony,ˈprɪvɪ
prize,"godny nagrody
iii.   1.  cenić
 2.  otworzyć wyłamując","i.    nagroda
ii.   1.  nagrodzony
 2.  wyborowy|oswobodzić|otworzyć|otworzyć wyłamując"
pro,"1.  [nieform]  zawodowiec
 2.  the pros and cons 
 - argumenty za i przeciw",prəʊ|rzecznik prasowy|ˌ$⋅⋅$ˈ$⋅$
pro tem,pro tem.,pro tempore|tymczasowo|ˌprəʊˈtem
pro tempore,pro tem.,tymczasowo|ˌprəʊˈtem
probability,"1.  prawdopodobieństwo
 2.  możliwość
 3.  in all probability 
 - według wszelkiego prawdopodobieństwa",ˌprɒbəˈbɪlɪtɪ
probable,możliwy,prawdopodobny|ˈprɒbəbəl
probably,prawdopodobnie,ˈprɒbəblɪ
probation,i.   1.  okres próbny,"kurator sądowy|prəˈbeɪʃən|prəˈbeɪʃən ˌɒfɪsə|staż
 2.  zawieszenie wyroku  [pozostawienie skazanego pod nadzorem sądowym]
ii.  probation officer"
probationer,osoba pod nadzorem sądowym,prəˈbeɪʃənə
probe,"i.   1.  badać
 2.  sondować
ii.   1.  wybadywanie","prəʊb|sondowanie
 2.  [med]  sonda"
probity,uczciwość,ˈprəʊbɪtɪ
problem,"i.    problem
ii.   1.  trudny
 2.  no problem 
 - nie ma problemu",ˈprɒbləm
problematic,problematical,problematyczny|ˌprɒbləˈmætɪk
problematical,problematic,problematyczny|ˌprɒbləˈmætɪk
procedural,proceduralny,prəˈsi:djʊrəl
procedure,procedura,prəˈsi:ʤə
proceed,"1.  zabierać się   
 2.  [dalej]  przechodzić","iść
 3.  [o przygotowaniach]  postępować
 4.  [form]  [iść]  podążać|prəˈsi:d|udawać się
 5.  [form]  [podejmować od nowa]  kontynuować"
proceedings,"1.  [praw]  postępowanie prawne
 2.  działania
 3.  sprawozdania",prəˈsi:dɪŋz
proceeds,[pieniężny]  zysk,dochód|ˈprəʊsi:dz
procession,procesja,prəˈseʃən
processor,procesor,ˈprəʊsesə
proclaim,ogłaszać,prəˈkleɪm
proclamation,proklamacja,ˌprɒkləˈmeɪʃən
procrastinate,prəˈkræstɪneɪt,zwlekać
procreate,rodzić,rozmnażać się|ˈprəʊkrɪeɪt
procure,prəˈkjʊə,uzyskać
prod,"i.   1.  szturchać
 2.  popychać","ponaglać
ii.   1.  szturchnięcie
 2.  ponaglanie|prɒd"
prodigal,marnotrawny,ˈprɒdɪgəl
prodigious,prəˈdɪʤɪs,zadziwiająco wielki
prodigy,"1.  cud
 2.  child prodigy 
 - cudowne dziecko",ˈprɒdɪʤɪ
produce,porozumienie]  wytwarzać,"produce
i.   1.  produkować
 2.  [skutki|przedstawiać
 5.  [przedmiot]  wyciągać
 6.  [w teatrze]  inscenizować
 7.  [w filmie]  a. być producentem
 b.
      ""the film was produced by a""  - producentem filmu był a
ii.    produkt|tworzyć
 4.  [dowody]  okazywać|wywoływać
 3.  [potomstwo"
producer,producent,prəˈdju:sə
product,1.  wyrób,"produkt
 2.  wytwór|ˈprɒdʌkt"
production,"1.  produkcja
 2.  inscenizacja
 3.  przedstawienie",prəˈdʌkʃən
productive,"1.  produktywny
 2.  owocny",prəˈdʌktɪv
productivity,produktywność,ˌprɒdʌkˈtɪvɪtɪ
prof,"prof.
  profesor",
profane,"i.   1.  świecki
 2.  nie wtajemniczony
 3.  bluźnierczy
ii.    profanować",prəˈfeɪn
profess,"1.  wyznawać
 2.  twierdzić",prəˈfes
profession,1.  profesja,"prəˈfeʃən|zawód
 2.  pracownicy
 3.  by profession 
 - z zawodu"
professional,"fachowiec
 2.  zawodowiec","i.    profesjonalny|prəˈfeʃənəl|zawodowy
ii.   1.  profesjonalista"
professionalism,profejonalizm,prəˈfeʃənəlɪzəm
professor,profesor,prəˈfesə
proffer,"1.  przedstawiać
 2.  ofiarowywać",ˈprɒfə
proficiency,biegłość,prəˈfɪʃənsɪ
proficient,biegły,prəˈfɪʃənt|wprawny
profile,"1.  profil
 2.  sylwetka
 3.  in profile 
 - z profilu",ˈprəʊfaɪl
profit,"i.    zysk
ii.    [form]  korzystać",ˈprɒfɪt
profitable,"1.  dochodowy
 2.  korzystny",ˈprɒfɪtəbəl
profound,głęboki,prəˈfaʊnd
profuse,obfity,prəˈfju:s
profusion,obfitość,prəˈfju:ʒən
progeny,potomstwo,ˈprɒʤənɪ
prognosis,"1.  prognoza
 2.  [med]  rokowania",prɒˈgnəʊsɪs
program,"i.    program
ii.    programowy",programme|ˈprəʊgræm
programmable,programowalny,prəʊˈgræməbəl
programme,"i.    program
ii.    programowy",program|ˈprəʊgræm
progress,"postęp
 2.  [np. rozmów","progress
i.   1.  postępy|tok
ii.   1.  postępować naprzód
 2.  przechodzić 
 3.  in progress 
 - w toku|wojny]  przebieg"
progression,"1.  przejście
 2.  progresja",prəˈgreʃən
progressive,1.  postępowy,"progresywny
 2.  stopniowy|prəˈgresɪv"
prohibit,prəˈhɪbɪt,zabraniać
prohibition,zakaz,ˌprəʊhɪˈbɪʃən
prohibitive,prəˈhɪbɪtɪv,zbyt duży
project,pokazywać,"project
i.   1.  projekt
 2.  [naukowe]  studium
ii.   1.  projektować
 2.  [przyszłą liczbę]  oceniać
 3.  [przezrocza]  wyświetlać|rzucać
 4.  [form]  [o skale]  sterczeć|wystawać"
projection,"1.  ocena
 2.  [form]  występ","część wystająca
 3.  projekcja|prəˈʤekʃən"
projector,projektor,prəˈʤektə
proletarian,"i.    proletariacki
ii.    proletariusz",ˌprəʊləˈteərɪən
proletariat,ˌprəʊləˈteərɪət,
proliferate,mnożyć się,prəˈlɪfəreɪt|rozprzestrzeniać się
prolific,prəˈlɪfɪk,płodny
prolog,prologue,wstęp|ˈprəʊləʊg
prologue,prolog,wstęp|ˈprəʊləʊg
prolong,przedłużać,prəˈlɒŋ
prolonged,długi,przedłużający się|prəˈlɒŋd
promenade,"i.    promenada
ii.    [form]  przechadzać się",ˌprɒməˈnɑ:d
prominent,"1.  ważny
 2.  prominentny
 3.  widoczny",ˈprɒmɪnənt
promiscuity,promiskuityzm,ˌprɒmɪsˈkju:ɪtɪ
promiscuous,nie przebierający,prəˈmɪskjʊəs|swobodny
promise,"i.   1.  obiecywać
 2.  zapowiadać się","zapowiadać
ii.   1.  obietnica
 2.  zapowiedź|ˈprɒmɪs"
promising,dobrze się zapowiadający,obiecujący|ˈprɒmɪsɪŋ
promontory,cypel,ˈprɒməntərɪ
promote,"1.  propagować
 2.  promować",awansować|prəˈməʊt
promoter,"1.  sponsor
 2.  propagator",prəˈməʊtə
promotion,"1.  awans
 2.  promocja
 3.  popieranie",prəˈməʊʃən
prompt,"i.   1.  pobudzać
 2.  podpowiadać
ii.    bezzwłoczny
iii.    [nieform]  dokładnie
iv.    [komp]  znacznik systemowy",znacznik programowy|ˈprɒmt
prompter,sufler,ˈprɒmtə
prompting,podpowiadanie,wskazówka|ˈprɒmtɪŋ
promptly,"1.  natychmiast
 2.  dokładnie",ˈprɒmtlɪ
pron,"pron.
i.
   see also: {pronounced}
  wymawiany
ii.
   see also: {pronunciation}
  wymowa",
prone,1.  [form]  leżący na brzuchu,"na brzuchu
 2.  skłonny|prəʊn"
prong,prɒŋ,ząb  [widelca]
pronominal,prəʊˈnɒmɪnəl,zaimkowy
pronoun,zaimek,ˈprəʊnaʊn
pronounce,"1.  wymawiać
 2.  [form]  ogłaszać
 3.  [form]  wygłaszać",prəˈnaʊns
pronounced,prəˈnaʊnst,wyraźnie się odznaczający
pronouncement,prəˈnaʊnsmənt,wypowiedź
pronunciation,prəˌnʌnsɪˈeɪʃən,wymowa
proof,"1.  dowód
 2. proofs  [zwykle]  korekta
 3.  próba",pru:f
prop,"i.    podpierać   
ii.   1.  podpora
 2.  podpórka
 3. props  rekwizyty
iii.  prop up  1.  opierać
 2.  podtrzymywać",prɒp
propaganda,ˌprɒpəˈgændə,
propagate,"1.  [form]  szerzyć
 2.  [termin]  rozmnażać",ˈprɒpəgeɪt
propel,"1.  wyrzucać
 2.  popychać",prəˈpel
propeller,"1.  śmigło
 2.  śruba",prəˈpelə
propensity,prəˈpensɪtɪ,skłonność
proper,"i.   1.  właściwy
 2.  a. sam
 b.
      ""not in cracow proper""  - nie w samym krakowie
ii.  proper noun",rzeczownik własny|ˈprɒpə|ˌprɒpə ˈnaʊn
properly,odpowiednio,właściwie|ˈprɒpəlɪ
property,"1.  własność
 2.  [form]  posiadłość
 3.  właściwość",ˈprɒpətɪ
prophecy,proroctwo,ˈprɒfɪsɪ
prophesy,prorokować,wieszczyć|ˈprɒfɪsaɪ
prophet,prorok,ˈprɒfɪt
prophetic,proroczy,prəˈfetɪk
proportion,1.  pewna część,"część
 2.  proporcja
 3. proportions  rozmiary
 4.  in proportion to sth 
 - w stosunku do czegoś|prəˈpɔ:ʃən"
proportional,proporcjonalny,prəˈpɔ:ʃənəl
proportionate,proporcjonalny,prəˈpɔ:ʃənət
proposal,1.  propozycja,"prəˈpəʊzəl|sugestia
 2.  oświadczyny"
propose,1.  sugerować,"proponować
 2.  wysuwać|przedkładać
 3.  wznosić
 4.  oświadczać się|prəˈpəʊz"
proposition,"i.   1.  stwierdzenie
 2.  propozycja
ii.    [nieform]  wysuwać seksualne propozycje",ˌprɒpəˈzɪʃən
propound,proponować,przedkładać|prəˈpaʊnd
proprietary,prawnie zastrzeżony,prəˈpraɪətərɪ
proprietor,prəˈpraɪətə,właściciel
propriety,przyzwoitość,prəˈpraɪətɪ
propulsion,napęd,prəˈpʌlʃən
prosaic,prozaiczny,prəʊˈzæɪk
prose,proza,prəʊz
prosecute,oskarżać,ścigać sądownie|ˈprɒsɪkju:t
prosecution,1.  ściganie sądowe,"dochodzenie sądowe
 2. the prosecution  oskarżenie|ˌprɒsɪˈkju:ʃən"
prosecutor,oskarżyciel,ˈprɒsɪkju:tə
prospective,potencjalny,prəˈspektɪv
prospectus,prospekt,prəˈspektəs
prosper,prosperować,ˈprɒspə
prosperity,koniunktura,powodzenie|prɒˈsperɪtɪ
prosperous,dobrze prosperujący,ˈprɒspərəs
prostitute,"i.    prostytutka
ii.    prostytuować",ˈprɒstɪtju:t
prostitution,prostytucja,ˌprɒstɪˈtju:ʃən
prostrate,"prostrate
i.    leżący na twarzy
ii.   prostrate oneself 
 - padać na twarz",
prot,"prot.
  protestancki",
protagonist,"1.  propagator
 2.  bohater",protagonista|prəˈtægənɪst
protect,chronić,prəˈtekt
protection,ochrona,osłona|prəˈtekʃən
protective,"1.  ochronny
 2.  opiekuńczy",prəˈtektɪv
protege,protegowany,protégé|ˈprɒtɪʒeɪ
protegee,protegowana,protégée|ˈprɒtɪʒeɪ
protein,białko,ˈprəʊti:n
protest,"protest
i.   1.  protestować     
 2.  [us]  oprotestowywać
 3.  zapewniać 
ii.    protest",
protestant,"i.    protestant
ii.    protestancki",ˈprɒtɪstənt
protestation,zapewnienie,ˌprɒtəˈsteɪʃən
protocol,konwencje protokolarne,ˈprəʊtəkɒl
prototype,prototyp,ˈprəʊtətaɪp
protracted,przeciągający się,prəˈtræktɪd
protrude,prəˈtru:d,wystawać
protuberance,prəˈtju:bərəns,wypukłość
protégé,protege,protegowany|ˈprɒtɪʒeɪ
protégée,protegee,protegowana|ˈprɒtɪʒeɪ
proud,dumny,praʊd
prov,"prov.
  prowincja",województwo
prove,1.  udowadniać,"pru:v|wykazywać
 2.  okazywać się"
proverb,przysłowie,ˈprɒvɜ:b
proverbial,przysłowiowy,prəˈvɜ:bɪəl
provide,"dbać 
 2.  [form]  przewidywać","dostarczać   
ii.  provide for  1.  troszczyć się|i.    zaopatrywać|prəˈvaɪd"
provided,pod warunkiem,"provided  )
 - pod warunkiem|prəˈvaɪdɪd|że"
providence,opatrzność,ˈprɒvɪdəns
providential,opatrznościowy,ˌprɒvɪˈdenʃəl
providing,pod warunkiem,"providing  )
 - pod warunkiem|prəˈvaɪdɪŋ|że"
province,1.  prowincja,"region
 2.  in the provinces 
 - na prowincji|ˈprɒvɪns"
provincial,"i.    prowincjonalny
ii.    prowincjusz",prəˈvɪnʃəl
provision,1.  dostarczanie,"klauzula
 3. provisions  prowiant
 4.  make provision for sth 
 - zabezpieczyć się na wypadek czegoś
 5.  make provision for sb 
 - zabezpieczać kogoś|prəˈvɪʒən|udzielanie
 2.  postanowienie"
provisional,prowizoryczny,prəˈvɪʒənəl|tymczasowy
proviso,"1.  warunek
 2.  with the proviso 
 - pod warunkiem",prəˈvaɪzəʊ
provocation,prowokacja,zaczepka|ˌprɒvəˈkeɪʃən
provocative,1.  prowokujący,"drażniący|prəˈvɒkətɪv|wyzywający
 2.  prowokacyjny"
provoke,1.  prowokować (sb into doing sth - kogoś,"by coś zrobił)
 2.  wywoływać|prəˈvəʊk"
prow,[statku]  dziób,praʊ
prowess,możliwości,zdolności|ˈpraʊɪs
prowl,praʊl,skradać się
proximity,bliskość,prɒkˈsɪmɪtɪ
proxy,"by proxy 
 - przez pełnomocnika",ˈprɒksɪ
prude,osoba pruderyjna,pru:d|świętoszek
prudent,rozsądny,roztropny|ˈpru:dənt
prudish,pruderyjny,ˈpru:dɪʃ
prune,"i.    śliwka suszona
ii.    obcinać gałęzie",obcinać|pru:n
prussia,"a. prusy
 b.
      ""east prussia""  - prusy wschodnie",ˈprʌʃə
prussian,"i.    pruski
ii.   1.  prus
 2.  prusak",ˈprʌʃən
pry,praɪ,wtrącać się
précis,precis,skrót|streszczenie|ˈpreɪsɪ
ps,postscriptum,"ps.|ps.
  psalm|ˌ$⋅$ˈ$⋅$"
psalm,sɑ:m,
pseudonym,pseudonim,ˈsju:dənɪm
pst,strefowy czas pacyfiku,ˌ$⋅⋅$ˈ$⋅$
psyche,psychika,ˈsaɪkɪ
psychiatric,psychiatryczny,ˌsaɪkɪˈætrɪk
psychiatrist,psychiatra,saɪˈkaɪətrɪst
psychiatry,psychiatria,saɪˈkaɪətrɪ
psychic,"1.  [form]  psychiczny
 2.  metapsychiczny",nadnaturalny|psychical|ˈsaɪkɪk
psychical,"1.  [form]  psychiczny
 2.  metapsychiczny",nadnaturalny|psychic|ˈsaɪkɪk
psycho,psychiczny,wariat|ˈsaɪkəʊ
psychoanalyse,psychoanalyze,stosować psychoanalizę|ˌsaɪkəʊˈænəlaɪz
psychoanalyze,psychoanalyse,stosować psychoanalizę|ˌsaɪkəʊˈænəlaɪz
psychological,psychologiczny,ˌsaɪkəˈlɒʤɪkəl
psychology,"1.  psychologia
 2.  [nieform]  psychika",saɪˈkɒləʤɪ
psychopath,psychopata,ˈsaɪkəpæθ
psychosis,psychoza,saɪˈkəʊsɪs
psychotherapy,psychoterapia,ˌsaɪkəʊˈθerəpɪ
pt,"pt.
i.
   see also: {part}
  część
ii.
   see also: {payment}
  zapłata
iii.
   see also: {pint}
  pół kwarty
iv.
   see also: {point}
  punkt",wf|wychowanie fizyczne|ˌ$⋅$ˈ$⋅$
pte,"pte.
 1.  prywatny
 2.  szeregowy",
pto,verte,ˌ$⋅⋅$ˈ$⋅$
pty,"pty.
  prawnie zastrzeżony",
pub,bar,pab|pʌb
puberty,dojrzewanie,ˈpju:bətɪ
pubes,1.  łono,"okolica łonowa
 2.  owłosienie łonowe|ˈpju:bi:z"
pubic,łonowy,ˈpju:bɪk
public,1.  [br]  szkoła prywatna  [ekskluzywna,"1.  służba informacyjna
 2.  odbiór społeczny
ix.  public relations officer|[br form]   bar|[br]   toaleta publiczna
v.  public domain software|[komp]   oprogramowanie dostępne bezpłatnie
vi.  public holiday"
publican,barman,właściciel pabu|ˈpʌblɪkən
publication,publikacja,ˌpʌblɪˈkeɪʃən
publicise,publicize,rozreklamowywać|ˈpʌblɪsaɪz
publicist,publicysta,ˈpʌblɪsɪst
publicity,"1.  reklama
 2.  rozgłos",pʌbˈlɪsɪtɪ
publicize,publicise,rozreklamowywać|ˈpʌblɪsaɪz
publicspirited,public-spirited,społecznikowski|ˌpʌblɪkˈspɪrɪtɪd
publish,"1.  publikować
 2.  wydawać",ˈpʌblɪʃ
publisher,wydawca,ˈpʌblɪʃə
puce,pju:s,purpurowoczerwony
pucker,marszczyć się,wzdymać się|ˈpʌkə
pudding,1.  pudding,"budyń
 2.  [br nieform]  deser|ˈpʊdɪŋ"
puddle,kałuża,ˈpʌdəl
puerile,dziecięcy,ˈpjʊəraɪl
puerto rico,portoryko,ˌpwɜ:təʊˈri:kəʊ
puff,ciasto francuskie,"i.   1.  pociągać|pykać
 2.  sapać
ii.   1.  pociągnięcie|pyknięcie
 2.  sapnięcie
 3.  kłębek
iii.  puff out   wydymać
iv.  puff pastry|pʌf"
puffin,maskonur  [ptak],ˈpʌfɪn
puffy,obrzmiały,ˈpʌfɪ
pull,"i.   1.  ciągnąć 
 2.  [ramię]  wyszarpnąć","odjeżdżać
 2.  wychodzić|pociągać
 6.  [mięśnie]  naciągać
ii.   1.  ciągnięcie
 2.  pull sth *apart|pʊl|rozwalać coś
iii.  pull apart   rozdzielać 
iv.  pull away   ruszać
v.  pull down   burzyć
vi.  pull in   podjeżdżać"
pulley,blok,krążek|ˈpʊlɪ
pullover,pulower,ˈpʊləʊvə
pulp,"i.   1.  miazga
 2.  miąższ
 3.  pulpa
 4.  literatura brukowa
ii.    miażdżyć",pʌlp
pulpit,ambona,ˈpʊlpɪt
pulsate,pulsować,pʌlˈseɪt
pulse,i.   1.  puls,"pʌls|tętno
 2.  pulsowanie
 3.  ziarno warzyw strączkowych
 4.  [komp]  impuls
ii.    pulsować"
pulverize,"1.  rozbijać na proszek
 2.  rozbijać w pył",ˈpʌlvəraɪz
puma,ˈpju:mə,
pumice,pumeks,ˈpʌmɪs
pummel,bić pięściami,ˈpʌməl
pump,"i.   1.  pompa
 2.  [rowerowa]  pompka
 3.  [benzyny]  dystrybutor
 4. pumps  [obuwie]  tenisówki
ii.   1.  [wodę","pieniądze]  pompować
 2.  [nieform]  [zasięgać informacji]  naciskać|pʌmp"
pumpkin,dynia,ˈpʌmpkɪn
pun,gra słów,kalambur|pʌn
punch,"dziurkarka
 3.  poncz","i.   1.  uderzać
 2.  wybijać
ii.   1.  uderzenie
 2.  przebijak|pʌnʧ"
punchline,pointa,punch-line|ˈpʌnʧlaɪn
punchup,bijatyka,punch-up|ˈpʌnʧʌp
punchy,dobitny,ˈpʌnʧɪ
punctual,punktualny,ˈpʌŋkʧʊəl
punctuate,"1.  przerywać   
 2.  stosować interpunkcję",ˈpʌŋkʧʊeɪt
punctuation,"i.    interpunkcja
ii.  punctuation mark",znak interpunkcyjny|ˌpʌŋkʧʊˈeɪʃən|ˌpʌŋkʧʊˈeɪʃən mɑ:k
puncture,i.    dziura,"przebicie dętki
ii.    dziurawić|ˈpʌŋkʧə"
pundit,mędrzec,znawca|ˈpʌndɪt
pungent,ostry,ˈpʌnʤənt
punish,karać,ˈpʌnɪʃ
punishable,karalny,ˈpʌnɪʃəbəl
punishment,kara,ˈpʌnɪʃmənt
punitive,karny,karzący|ˈpju:nɪtɪv
punk,"i.    punk
ii.    punkowy",pʌŋk
punt,"i.    płaskodenna łódź
ii.    płynąć na pych",pʌnt
punter,"1.  gracz  [na wyścigach konnych]
 2.  gość",klient|ˈpʌntə
puny,maleńki,ˈpju:nɪ
pup,"1.  szczeniak
 2.  młode",pʌp
pupil,"1.  uczeń
 2.  źrenica",ˈpju:pəl
puppet,"i.    marionetka
ii.    marionetkowy",ˈpʌpɪt
puppy,szczenię,ˈpʌpɪ
purchase,"i.    nabywać
ii.   1.  nabycie
 2.  nabytek",ˈpɜ:ʧəs
purchaser,nabywca,ˈpɜ:ʧəsə
pure,"1.  czysty
 2.  [nieform]  całkowity",pjʊə|zupełny
puree,"i.    purée
ii.    robić purée",purée|ˈpjʊəreɪ
purely,całkowicie,ˈpjʊəlɪ
purgatory,czyściec,ˈpɜ:gətərɪ
purge,"i.   1.  oczyszczać   
 2.  przeprowadzać czystkę
 3.  oswobadzać   (of sth - z czegoś","od czegoś)
ii.    czystka|pɜ:ʤ"
purify,oczyszczać,ˈpjʊərɪfaɪ
purist,purysta,ˈpjʊərɪst
puritan,"i.    purytanin
ii.    purytański",ˈpjʊərɪtən
puritanical,purytański,ˌpjʊərɪˈtænɪkəl
purity,czystość,ˈpjʊərɪtɪ
purple,"i.   1.  fioletowy
 2.  purpurowy
ii.   1.  fiolet
 2.  purpura",ˈpɜ:pəl
purport,i.    twierdzić,"pəˈpɔ:t|zapewniać
ii.    istota|znaczenie"
purpose,"1.  cel
 2.  celowość
 3.  on purpose 
 - specjalnie",rozmyślnie|ˈpɜ:pəs
purposebuilt,purpose-built,specjalnie zbudowany|ˌpɜ:pəsˈbɪlt
purposeful,celowy,ˈpɜ:pəsfʊl
purposeless,bezcelowy,ˈpɜ:pəslɪs
purposely,celowo,rozmyślnie|ˈpɜ:pəslɪ
purr,"i.   1.  mruczeć
 2.  pomrukiwać
 3.  warczeć
ii.    pomruk",pɜ:
purse,"i.   1.  [br]  portmonetka
 2.  [us]  torebka
ii.    ściągać",pɜ:s
purser,[na statku]  oficer finansowy,płatnik|ˈpɜ:sə
pursue,"1.  ścigać
 2.  oddawać się
 3.  prowadzić
 4.  zmierzać 
 5.  wnikać",pəˈsju:
pursuit,"1.  pogoń 
 2.  oddawanie się 
 3.  zajęcie",hobby|pəˈsju:t
purvey,dostarczać,pɜ:ˈveɪ
purée,"i.    purée
ii.    robić purée",puree|ˈpjʊəreɪ
pus,pʌs,ropa
pushchair,wózek spacerowy,ˈpʊʃʧeə
pushed,"[nieform]  be pushed for sth 
 - nie mieć czegoś",ˈpʊʃt
pusher,handlarz narkotykami,ˈpʊʃə
pushover,igraszka,zabawka|ˈpʊʃəʊvə
pushy,idący po trupach,ˈpʊʃɪ
puss,kicia,pʊs
putrid,zgniły,ˈpju:trɪd
putty,kit,ˈpʌtɪ
puzzle,"i.   1.  zadziwiać
 2.  łamać sobie głowę 
ii.   1.  układanka","łamigłówka
 2.  zagadka|ˈpʌzəl"
pvc,pcw,polichlorek winylu|ˌ$⋅⋅$ˈ$⋅$
pvt,"pvt.
 1.  prywatny
 2.  szeregowy",
pygmy,"1.  pigmej
 2.  liliput",ˈpɪgmɪ
pyjamas,pajamas,piżama|pəˈʤɑ:məz
pylon,maszt,słup|słup wysokiego napięcia|ˈpaɪlən
pyramid,"1.  piramida
 2.  ostrosłup",ˈpɪrəmɪd
pyrenees,"the pyrenees 
 - pireneje",ˌpɪrəˈni:z
pyrex,szkło żaroodporne,ˈpaɪreks
python,pyton,ˈpaɪθən
pâté,pasztet,pate|ˈpæteɪ
qr,"qr.
 1.  kwatera
 2.  ćwiartka",
qt,cicho,"q.t.|qt.
  kwarta|ˌkju:ˈti:"
qu,"qu
i.
   see also: {queen}
  królowa
ii.
   see also: {question}
  pytanie",
quack,"i.    kwakać
ii.   1.  kwakanie
 2.  znachor",kwæk
quadrangle,kwadratowy plac,kwadratowy podwórze|plac|podwórze|ˈkwɒdræŋgəl
quadruped,zwierzę czworonożne,ˈkwɒdrʊpəd
quadruple,i.    zwiększać się czterokrotnie,"zwiększać czterokrotnie
ii.    [form]  czterokrotnie|ˈkwɒdrʊpəl"
quadruplets,czworaczki,ˈkwɒdrʊplɪts
quagmire,trzęsawisko,ˈkwɒgmaɪə
quail,kweɪl,przepiórka
quaint,kweɪnt,przedziwny
quake,"i.    trząść się
ii.    [nieform]  trzęsienie",kweɪk
quaker,kwakier,ˈkweɪkə
qualification,"1.  wykształcenie
 2. qualifications  kwalifikacje
 3.  zastrzeżenie",ˌkwɒlɪfɪˈkeɪʃən
qualified,1.  wykwalifikowany,"by coś robić|dyplomowany
 2.  z zastrzeżeniami
 3.  be qualified to do sth 
 - mieć kwalifikacje|ˈkwɒlɪfaɪd"
qualify,1.  otrzymywać dyplom,"otrzymywać kwalifikacje
 2.  modyfikować
 3.  zdobywać uprawnienia 
 4.  zakwalifikowywać się|ˈkwɒlɪfaɪ"
qualitative,jakościowy,ˈkwɒlɪtətɪv
quality,"1.  jakość
 2.  wysoka jakość
 3.  zaleta
 4.  cecha",ˈkwɒlɪtɪ
qualm,kwɑ:m,skrupuły|wątpliwość
quandary,"in a quandary  :quandary)
 - w trudnej sytuacji",ˈkwɒndərɪ
quantitative,ilościowy,ˈkwɒntɪtətɪv
quantity,"1.  ilość
 2.  in quantity 
 - w dużych ilościach",ˈkwɒntɪtɪ
quarantine,"i.    kwarantanna
ii.    odbywać kwarantannę",ˈkwɒrənti:n
quarrel,"i.   1.  sprzeczka
 2.  obiekcje 
ii.   1.  sprzeczać się
 2.  [form]  kwestionować",ˈkwɒrəl
quarrelsome,kłótliwy,ˈkwɒrəlsəm
quarry,"i.   1.  kamieniołom
 2.  zdobycz
ii.    wydobywać",ˈkwɒrɪ
quart,kwarta  [ok. 1 l],kwɔ:t
quarterfinal,quarter-final,ćwierćfinał|ˌkwɔ:təˈfaɪnəl
quarterly,"i.    kwartalnie
ii.    kwartalnik",ˈkwɔ:təlɪ
quartermaster,kwatermistrz,ˈkwɔ:təmɑ:stə
quartet,kwartet,kwɔ:ˈtet
quartz,"i.    kwarc
ii.    kwarcowy",kwɔ:ts
quash,anulować,kwɒʃ|unieważniać
quaver,"1.  drgać
 2.  mówić drżącym głosem",ˈkweɪvə
quay,ki:,nabrzeże
queasy,czujący się niedobrze,odczuwający mdłości|ˈkwi:zɪ
queen,"1.  królowa
 2.  [w szachach]  królowa",hetman|ˈkwi:n
queer,"i.    dziwaczny
ii.    [pejor]  homoseksualista",kwɪə|pedał
quell,"1.  tłumić
 2.  zduszać",kwel
quench,gasić,kwenʧ
querulous,swarliwy,ˈkwerjʊləs
query,i.    zapytanie,"kwestionować|zakwestionowanie
ii.   1.  zapytać
 2.  sprawdzać|ˈkwerɪ"
quest,kwest,poszukiwanie
question,"i.   1.  pytanie
 2.  wątpliwość
 3.  problem","pytanie obcięte|zagadnienie
ii.   1.  pytać 
 2.  kwestionować
 3.  beyond question 
 - bez żadnej wątpliwości
 4.  out of the question 
 - wykluczone
 5.  in question 
 - wspomniany
iii.  question mark|znak zapytania
iv.  question tag|ˈkwesʧən"
questionable,kwestionowalny,wątpliwy|ˈkwesʧənəbəl
questionnaire,kwestionariusz,ˌkwesʧənˈeə
quibble,"i.    spierać się
ii.    obiekcja",ˈkwɪbəl
quick,1.  szybki,"do głębi|głęboko|kwɪk|prędki
 2.  krótki
 3.  be quick to do sth 
 - od razu zabrać się do zrobienia czegoś
 4.   to the quick  :to :the :quick)
 - urazić głęboko"
quicken,przyspieszać,ˈkwɪkən
quicksand,ruchome piaski,ˈkwɪksænd
quickwitted,bystry,pojętny|quick-witted|ˌkwɪkˈwɪtɪd
quid,funt,kwɪd
quiet,"i.   1.  cichy
 2.  spokojny
 3.  dyskretny
ii.   1.  cisza","spokój
 2.  keep quiet 
 - być cicho
iii.  quiet down  [us]   uspokajać się|uspokajać|ˈkwaɪət"
quieten,uspokajać,ˈkwaɪətən
quill,"1.  pióro  [ptasie]
 2.  kolec",kwɪl
quilt,kołdra,kwɪlt
quilted,ocieplany,watowany|ˈkwɪltɪd
quince,kwɪns,pigwa
quinine,chinina,kwɪˈni:n
quintet,kwintet,kwɪnˈtet
quip,dowcipne powiedzenie,kwɪp
quirk,"1.  dziwactwo
 2.  zrządzenie losu",kwɜ:k|zrządzenie
quit,kwɪt,przestawać|rzucać
quite,1.  całkiem,"dość
 2.  zupełnie
 3.  a. quite a 
 - duży|kwaɪt|nielichy
 b.
      ""quite a problem""  - duży problem
 4.  [form]  quite  )
 - właśnie tak"
quits,"1.  kwita 
 2.  call it quits 
 - kończyć spór",godzić się|kończyć|kwɪts
quiver,i.    dygotać,"trząść się
ii.    dygotanie|ˈkwɪvə"
quiz,"i.    kwiz
ii.    wypytywać",kwɪz
quizzical,kpiący,porozumiewawczy|ˈkwɪzɪkəl
quota,limit,ˈkwəʊtə
quotation,cudzysłów,"i.   1.  cytat
 2.  [nieform]  oferta|kwəʊˈteɪʃən|kwəʊˈteɪʃən  mɑ:k|stawka
ii.  quotation mark"
quote,"fakty]  przytaczać
 3.  [wyceniać]  podawać stawkę 
ii.   1.  [autora]  przytoczenie
 2.  [za pracę]  stawka
 3. quotes  [nieform]  cudzysłów","i.   1.  cytować
 2.  [prawo|kwəʊt"
quotient,iloraz,ˈkwəʊʃənt
r,"r.
i.
   see also: {right}
  prawy
ii.
   see also: {river}
  rzeka
iii.
   see also: {road}
  droga",
ra,"i.
   see also: {royal academy}
  akademia królewska
ii.
   see also: {royal academician}
  członek akademii królewskiej",ˌ$⋅$ˈ$⋅$
rabbi,rabin,ˈræbaɪ
rabbit,królik,ˈræbɪt
rabble,ciżba,tłum|ˈræbəl
rabid,1.  zażarty,"zaciekły
 2.  wściekły|ˈræbɪd"
rabies,wścieklizna,ˈreɪbi:z
rac,królewski automobilklub,ˌ$⋅⋅$ˈ$⋅$
race,"bieg
ii.   1.  ścigać się   
 2.  [przy wyścigach]  przygotowywać do wyścigów","i.   1.  rasa
 2.  wyścig|mknąć
 4.  [o sercu]  walić|przygotowywać
 3.  pędzić|reɪs"
racecourse,tor wyścigowy,ˈreɪskɔ:s
racehorse,koń wyścigowy,ˈreɪshɔ:s
racetrack,tor wyścigowy,ˈreɪstræk
racial,rasowy,ˈreɪʃəl
racialism,rasizm,ˈreɪʃəlɪzəm
racing,wyścigi,ˈreɪsɪŋ
racism,rasizm,ˈreɪsɪzəm
racist,rasista,ˈreɪsɪst
rack,"bagażnik
 3.  suszarka na naczynia","i.   1.  półka na bagaże|półka
 2.  bagażnik dachowy|ræk|suszarka
ii.   1.  [lit]  udręczyć
 2.  rack one's brains 
 - łamać sobie głowę
 3.  go rack and ruin 
 - popadać w ruinę"
racket,"1. racquet  rakieta
 2.  [nieform]  wielki hałas","hałas
 3.  [nieform]  oszustwo|szwindel|ˈrækɪt"
racy,pikantny,z werwą|ˈreɪsɪ
radar,ˈreɪdɑ:,
radiance,blask,promieniowanie|ˈreɪdɪəns
radiant,"1.  rozpromieniony
 2.  rozjarzony",ˈreɪdɪənt
radiate,"1.  rozchodzić się promieniście
 2.  promieniować",ˈreɪdɪeɪt
radiation,promieniowanie,radiacja|ˌreɪdɪˈeɪʃən
radiator,1.  grzejnik,"kaloryfer
 2.  chłodnica|ˈreɪdɪeɪtə"
radical,fundamentalny,"i.    radykał
ii.   1.  radykalny
 2.  zasadniczy|ˈrædɪkəl"
radio,"i.    radio
ii.    radiowy
iii.   1.  łączyć się drogą radiową","łączyć się
 2.  on the radio 
 - w radiu|ˈreɪdɪəʊ"
radioactive,radioaktywny,ˌreɪdɪəʊˈæktɪv
radioactivity,radioaktywność,ˌreɪdɪəʊækˈtɪvɪtɪ
radiography,prześwietlenie,radiografia|ˌreɪdɪˈɒgrəfɪ
radiology,radiologia,rentgenologia|ˌreɪdɪˈɒləʤɪ
radiotherapy,naświetlanie,radioterapia|ˌreɪdɪəʊˈθerəpɪ
radish,rzodkiewka,ˈrædɪʃ
radius,promień,ˈreɪdɪəs
raf,królewskie siły powietrzne,ˌ$⋅⋅$ˈ$⋅$
raffle,loteria,ˈræfəl
raft,"1.  tratwa
 2.  gumowa tratwa ratunkowa","rɑ:ft|tratwa ratunkowa
 3.  materac nadmuchiwany"
rafter,krokiew,ˈrɑ:ftə
rag,"brukowiec
ii.    [nieform]  nabijać się
iii.    [br]  festyn studencki  [na cele dobroczynne]","i.   1.  szmata
 2. rags  łachmany
 3.  [nieform]  szmata|ræg"
ragbag,śmietnik,ˈrægbæg
rage,"i.   1.  wściekłość
 2.  [nieform]  [w modzie]  szaleństwo
ii.   1.  wściekać się
 2.  szaleć",reɪʤ
ragged,"1.  [ubranie]  podarty
 2.  [człowiek]  w łachmanach","nierówny
 4.  [np. praca]  niestaranny|obdarty
 3.  [np. brzeg]  nieporządny|ˈrægɪd"
raging,oszalały,wściekły|ˈreɪʤɪŋ
raid,"i.   1.  napadać 
 2.  plądrować","nalot
 2.  obława|reɪd|włamywać się
ii.   1.  napad"
rail,"1.  poręcz
 2.  wieszak
 3.  szyna
 4.  by rail 
 - pociągiem",reɪl
railcard,karta,karta miesięczna na pociąg|ˈreɪlkɑ:d
railing,balustrada,ogrodzenie|ˈreɪlɪŋ
railroad,"i.    kolej
ii.    kolejowy",ˈreɪlrəʊd
railway,"i.    kolej
ii.    kolejowy",ˈreɪlweɪ
rain,"i.    deszcz
ii.   1.  a. padać
 b.
      ""it is raining""  - pada
 2.  [nieform]  as right as rain  :right :as :rain)
 - w znakomitym stanie",reɪn
rainbow,tęcza,ˈreɪnbəʊ
raincoat,płaszcz przeciwdeszczowy,ˈreɪnkəʊt
raindrop,kropla deszczu,ˈreɪndrɒp
rainfall,opady,poziom opadów|ˈreɪnfɔ:l
rainstorm,oberwanie chmury,ˈreɪnstɔ:m
rainy,"1.  deszczowy
 2.  for a rainy day 
 - na czarny dzień",ˈreɪnɪ
raise,i.   1.  podnosić,"reɪz|unosić
 2.  [pieniądze]  zbierać
 3.  [wspomnienie]  przywoływać
 4.  [dziecko]  wychowywać
 5.  [zwierzęta]  hodować
 6.  [sprawę]  podnosić
ii.    [us]  [pieniężna]  podwyżka"
raised,wyniesiony,wypukły|ˈreɪzd
raisin,rodzynka,ˈreɪzɪn
rajah,radża,ˈrɑ:ʤə
rake,"i.   1.  grabie
 2.  [lit przest]  rozpustnik
ii.    grabić
iii.  rake in  [nieform]   zgarniać
iv.  rake up  [nieform]  1.  zbierać
 2.  [przen]  odgrzebywać",reɪk
rakish,chwacki,zadzierzysty|ˈreɪkɪʃ
rally,"i.   1.  wiec
 2.  rajd","przyjść do siebie
iii.  rally round   zbierać się wokół kogoś do pomocy|wymiana
ii.   1.  zbierać się na pomoc|wyścig
 3.  wymiana piłek|zbierać na pomoc
 2.  wydobrzeć"
ram,"baran
 2.  ram home sth 
 - wykazywać dobitnie coś","i.   1.  walić jak taranem|ræm|walić
 2.  wbijać|walić
ii.   1.  tryk"
ramble,i.    wędrówka,"wałęsanie się
ii.   1.  wałęsać się
 2. ramble on  ględzić|ˈræmbəl"
rambler,wędrowiec,ˈræmblə
rambling,1.  rozrzucony,"nieregularny
 2.  niedorzeczny|ˈræmblɪŋ"
ramification,rozgałęzienie,ˌræmɪfɪˈkeɪʃən
ramp,podjazd,rampa|ræmp
rampage,1.  panikować,"szaleć
 2.  go on the rampage 
 - rozszaleć się|ˈræmpɪʤ"
rampant,szerzący się,ˈræmpənt
rampart,szaniec,wał|ˈræmpɑ:t
ramshackle,walący się,ˈræmʃækəl
ranch,ranczo,rɑ:nʧ
rancid,zjełczały,ˈrænsɪd
rancor,rancour,uraza|zajadłość|ˈræŋkə
rancour,rancor,uraza|zajadłość|ˈræŋkə
random,1.  przypadkowy,"losowy
 2.  at random 
 - na chybił trafił|ˈrændəm"
randy,podniecony,ˈrændɪ
range,i.   1.  obszar,"reɪnʤ|teren
 2.  [np. działa]  zasięg
 3.  [zainteresowań]  dziedzina
 4.  [obiektów]  wybór
 5.  [cen]  rozpiętość
 6.  [górski]  łańcuch
 7.  [strzelecka]  strzelnica
 8.  [kuchenny]  piec
ii.   1.  [o rozpiętości]  sięgać 
 2.  [o treści]  mieć zasięg
 3.  [form]  [przedmioty]  ustawiać w szeregu|ustawiać"
ranger,strażnik leśny,ˈreɪnʤə
rank,"czysty
 2.  [form]  [woń]  smrodliwy
 3.  the rank and file 
 - szeregowi członkowie","i.   1.  stopień|ranga
 2. the ranks  szeregowi członkowie|ræŋk|szeregowcy
 3.  [obiektów]  szereg
ii.    zaliczać się"
rankle,gryźć,leżeć na sercu|ˈræŋkəl
ransack,przetrząsać,przewracać do góry nogami|ˈrænsæk
rant,perorować,rænt
rap,"i.    stukać
ii.    stuknięcie",ræp
rapacious,chciwy,rəˈpeɪʃəs
rape,"i.    gwałcić
ii.   1.  gwałt
 2.  [form]  zniewolenie
 3.  rzepak",reɪp
rapid,"i.    prędki
ii.   rapids  porohy",ˈræpɪd
rapier,ˈreɪpɪə,
rapist,gwałciciel,ˈreɪpɪst
rapport,harmonia,ræˈpɔ:|zrozumienie
rapprochement,ræˈprɒʃmɒŋ,zbliżenie
rapt,olśniony,ræpt|zauroczony
rapture,ekstaza,uniesienie|ˈræpʧə
rapturous,entuzjastyczny,ˈræpʧərəs
rare,"1.  rzadki
 2.  krwisty",reə
rarefied,rozrzedzony,ˈreərɪfaɪd
rarely,rzadko,ˈreəlɪ
rarity,rzadkość,ˈreərɪtɪ
rascal,hultaj,łobuz|ˈrɑ:skəl
rash,i.    zapalczywy,"pochopny
ii.   1.  wysypka
 2.  seria|ræʃ"
rasher,plasterek  [bekonu],ˈræʃə
rasp,chrypienie,"i.    chrypieć|rɑ:sp|zgrzytać
ii.    zgrzytanie"
raspberry,malina,ˈrɑ:zbərɪ
rat,"1.  szczur
 2.  [nieform]  podlec
 3.  the rat race 
 - wściekłe współzawodnictwo",ræt
rate,"i.   1.  tempo
 2.  stopa","kurs wymiany|oceniać 
 2.  zasługiwać 
 3.  at any rate 
 - w każdym bądź razie
 4.  first rate 
 - pierwszej klasy
iii.  rate of exchange|reɪt|wysokość
 3. rates  [br]  podatek lokalowy
ii.   1.  mieć opinię"
ratepayer,płatnik podatku lokalowego,ˈreɪtpeɪə
rather,"1.  raczej
 2.  dość","całkiem
 3.  sb would rather  )
 - ktoś wolałby zrobić coś innego|ktoś wolałby
 4.  rather than 
 - a nie|raczej niż|ˈrɑ:ðə"
ratification,ratyfikacja,ˌrætɪfɪˈkeɪʃən
ratify,ratyfikować,ˈrætɪfaɪ
rating,1.  ocena,"marynarz|np. programów tv]
 4.  [br]  szeregowy marynarz|zaszeregowanie
 2.  klasa
 3. ratings  klasyfikacja  [ocen|ˈreɪtɪŋ"
ratio,proporcja,stosunek|ˈreɪʃɪəʊ
ration,i.    przydział,"racja
ii.    racjonować
iii.  ration out   wydzielać|ˈræʃən"
rational,"1.  racjonalny
 2.  rozsądny",ˈræʃənəl
rationale,powody,racje|ˌræʃəˈnɑ:l
rationalise,"1.  racjonalizować
 2.  [br]  usprawniać",rationalize|ˈræʃənəlaɪz
rationalism,racjonalizm,ˈræʃənəlɪzəm
rationalize,"1.  racjonalizować
 2.  [br]  usprawniać",rationalise|ˈræʃənəlaɪz
rattle,i.   1.  postukiwać,"kołatać
 2.  [nieform]  zirytować
ii.   1.  stukot|stukanie
 2.  grzechotka|ˈrætəl"
rattlesnake,grzechotnik,ˈrætəlsneɪk
ratty,1.  szczurzy,"szczurowaty
 2.  [br nieform]  rozsierdzony|ˈrætɪ"
raucous,szorstki,ˈrɔ:kəs
ravage,i.    druzgotać,"niweczyć
ii.   ravages  spustoszenia|ˈrævɪʤ"
rave,i.   1.  wywnętrzać się,"reɪv|szaleć 
ii.    [nieform]  szalony entuzjazm
iii.    [nieform]  rozentuzjazmowany|wygadywać
 2.  [nieform]  szaleć z entuzjazmu"
raven,"i.    kruk
ii.    kruczoczarny",ˈreɪvən
ravenous,wygłodniały,żarłoczny|ˈrævənəs
ravine,parów,rəˈvi:n
raving,i.    wariacki,"oszalały
ii.   ravings  [nieform]  brednie|ˈreɪvɪŋ"
ravishing,przepiękny,ˈrævɪʃɪŋ
raw,"1.  surowiec
 2.  tworzywo","i.   1.  surowy
 2.  nieprzetworzony
 3.  [rana]  otwarty|rɔ:|żywy
ii.  raw material|ˌrɔ: məˈtɪərɪəl"
ray,promień,reɪ
rayon,sztuczny jedwab,wiskoza|ˈreɪɒn
raze,"[form]  raze to the ground 
 - zrównać z ziemią",reɪz
razor,"i.   1.  brzytwa
 2.  maszynka do golenia
ii.  razor blade",żyletka|ˈreɪzə|ˈreɪzə bleɪd
rc,$⋅$ˈ$⋅$,"i.
   see also: {red cross}
  czerwony krzyż
ii.
   see also: {roman catholic}
  rzymskokatolicki|katolicki|katolik"
rd,"rd.
  droga",
re,odnośnie,ri:|w sprawie
react,"1.  reagować 
 2.  postępować 
 3.  źle znosić 
 4.  oddziaływać",rɪˈækt
reaction,"1.  reakcja   
 2.  odruch",rɪˈækʃən
reactionary,"i.    reakcyjny
ii.    reakcjonista",rɪˈækʃənərɪ
reactor,reaktor,rɪˈæktə
read,1.  czytać,"coś się czyta|czytać się
 3.  odczytywać
 4.  wskazywać
 5.  studiować
 6.  sth is a  read 
 - coś się dobrze czyta|przeczytać 
 2.  być napisanym|ri:d"
readable,wart przeczytania,ˈri:dəbəl
reader,"1.  czytelnik
 2.  czytnik
 3.  lektor",asystent|ˈri:də
readership,liczba czytelników,ˈri:dəʃɪp
readily,1.  ochoczo,"skwapliwie
 2.  łatwo|ˈredɪlɪ"
readiness,gotowość,ˈredɪnɪs
reading,"1.  czytanie
 2.  recytacja
 3.  odczyt",ˈri:dɪŋ
readjust,"1.  dostosowywać się 
 2.  poprawiać",ˌri:əˈʤʌst
readout,odczyt,odczyt informacji|ˈri:daʊt
ready,"i.   1.  gotowy 
 2.  przygotowany 
 3.  natychmiastowy
ii.    [form]  przygotowywać",ˈredɪ
readymade,gotowy,przygotowany|ready-made|ˌredɪˈmeɪd
real,[us]   nieruchomość,"i.    prawdziwy
ii.   1.  [us]  naprawdę
 2.  in real terms 
 - efektywny|majątek nieruchomy|rzeczywisty
iii.  real estate|rɪəl"
realism,realizm,ˈrɪəlɪzəm
realist,realista,ˈrɪəlɪst
realistic,realistyczny,rɪəˈlɪstɪk
reality,"1.  rzeczywistość
 2. realities  realia
 3.  in reality 
 - w rzeczywistości",rɪˈælɪtɪ
realm,1.  dziedzina,"królestwo|relm|sfera
 2.  panowanie"
ream,"1.  ryza
 2.  [nieform]  [papieru]  stosy",ri:m|zwały
reap,"1.  żąć
 2.  zbierać",ri:p
reaper,żniwiarka,żniwiarz|ˈri:pə
reappear,pojawiać się,pojawiać się powtórnie|ˌrɪəˈpɪə
reappraisal,ocena,ˌri:əˈpreɪzəl
rearm,przezbroić,ri:ˈɑ:m
rearrange,przestawiać,reorganizować|ˌri:əˈreɪnʤ
rearrangement,reorganizacja,ˌri:əˈreɪnʤmənt
reason,i.   1.  powód,"przemyśliwać
 2.  sth stands to reason 
 - coś wydaje się rozsądne
iii.  reason with   przekonywać|przyczyna
 3.  rozum
 4.  rozsądek
ii.   1.  rozważać|racja
 2.  uzasadnienie|ˈri:zən"
reasonable,"1.  rozsądny
 2.  racjonalny
 3.  spory",ˈri:zənəbəl
reasonably,1.  dość,"całkiem
 2.  rozsądnie|ˈri:zənəblɪ"
reasoned,racjonalny,wyważony|ˈri:zənd
reasoning,rozumowanie,ˈri:zənɪŋ
reassemble,składać,składać z powrotem|ˌri:əˈsembəl
reassert,1.  umacniać,"wzmacniać
 2.  potwierdzać się|ˌri:əˈsɜ:t"
reassurance,"1.  otucha
 2.  zapewnienie",ˌri:əˈʃʊərəns
reassure,dodawać otuchy,pocieszać|ˌri:əˈʃʊə
rebate,"1.  rabat
 2.  zwrot kwoty nadpłaconej",zwrot|ˈri:beɪt
rebel,"rebel
i.   1.  rebeliant
 2.  buntownik
ii.    buntować się",
rebellion,"1.  rebelia
 2.  bunt",rɪˈbeljən
rebellious,buntowniczy,rɪˈbeljəs
rebirth,odrodzenie,ri:ˈbɜ:θ
rebuff,i.    odmówić,"odrzucenie|odrzucić
ii.    odmowa|rɪˈbʌf"
rebuild,odbudowywać,ˌri:ˈbɪld
rebuke,"i.    ganić   
ii.    nagana",rɪˈbju:k
rebut,obalić zarzuty,rɪˈbʌt
recalcitrant,krnąbrny,oporny|rɪˈkælsɪtrənt
recall,"i.   1.  przypominać sobie
 2.  odwoływać
ii.    przypominanie sobie",rɪˈkɔ:l
recant,przekonań],rɪˈkænt|wyrzec się  [wiary
recap,"i.    podsumowywać
ii.    podsumowanie",ˈri:kæp
recapitulate,podsumowywać,ˌri:kəˈpɪʧʊleɪt
recapitulation,podsumowanie,ˌri:kəpɪʧʊˈleɪʃən
recapture,"i.   1.  ponownie łapać
 2.  odzyskiwać
 3.  [lit]  przywoływać
ii.    odzyskanie",ˌri:ˈkæpʧə
recede,"1.  uchodzić w dal
 2.  gasnąć
 3.  rzednąć",rɪˈsi:d
receipt,1.  rachunek,"po otrzymaniu|pokwitowanie
 2. receipts  wpływy
 3.  [form]  on receipt  
 - po otrzymaniu czegoś|przy otrzymaniu|przy otrzymaniu czegoś"
receive,"1.  otrzymywać
 2.  przyjmować
 3.  podejmować",rɪˈsi:v
receiver,"1.  słuchawka
 2.  odbiornik
 3.  odbiorca",rɪˈsi:və
recent,niedawny,ˈri:sənt
recently,niedawno,ˈri:səntlɪ
receptacle,pojemnik,rɪˈseptəkəl
reception,"1.  recepcja
 2.  przyjęcie
 3.  [form]  przyjmowanie","rɪˈsepʃən|witanie
 4.  odbiór"
receptionist,recepcjonista,rɪˈsepʃənɪst
receptive,otwarty,rɪˈseptɪv
recess,"1.  przerwa
 2.  nisza","rɪˈses|wnęka
 3. recesses  zakamarki"
recession,recesja,rɪˈseʃən
recipe,1.  przepis kulinarny,"przepis
 2.  recepta|ˈresɪpɪ"
recipient,odbiorca,rɪˈsɪpɪənt
reciprocal,obopólny,rɪˈsɪprəkəl|wzajemny
reciprocate,odwzajemniać,rɪˈsɪprəkeɪt
recital,rɪˈsaɪtəl,
recitation,recytacja,ˌresɪˈteɪʃən
recite,recytować,rɪˈsaɪt
reckless,lekkomyślny,ˈreklɪs
reckon,"i.   1.  a. sądzić
 b.
      ""sth is reckoned good""  - sądzi się","że
ii.  reckon on   liczyć 
iii.  reckon with   liczyć się|że coś jest dobre
 2.  mieć nadzieję
 3.  obliczać
 4.  [nieform]  sb reckons that 
 - komuś się zdaje|ˈrekən"
reckoning,"1.  wyliczenie
 2.  day of reckoning 
 - dzień obrachunku",ˈrekənɪŋ
reclaim,"1.  odzyskiwać
 2.  rekultywować",meliorować|osuszać|rɪˈkleɪm
recline,rozłożyć się,rɪˈklaɪn|wyciągnąć się
reclining,rozkładany,rɪˈklaɪnɪŋ
recluse,odludek,rɪˈklu:s|samotnik
recognise,"1.  rozpoznawać
 2.  doceniać","dostrzegać
 3.  uznawać
 4.  nagradzać|recognize|ˈrekəgnaɪz"
recognition,"1.  rozpoznanie
 2.  docenianie
 3.  beyond recognition 
 - nie do rozpoznania
 4.  in recognition of sth 
 - w uznaniu czegoś",ˌrekəgˈnɪʃən
recognizable,rozpoznawalny,ˈrekəgnaɪzəbəl
recognize,"1.  rozpoznawać
 2.  doceniać","dostrzegać
 3.  uznawać
 4.  nagradzać|recognise|ˈrekəgnaɪz"
recoil,"1.  wzdragać się 
 2.  odskakiwać",rɪˈkɔɪl|szarpać|szarpać w tył
recollect,przypominać sobie,ˌrekəˈlekt
recollection,"1.  wspomnienie
 2.  przypomnienie sobie",ˌrekəˈlekʃən
recommend,1.  polecać,"rekomendować 
 2.  zalecać|ˌrekəˈmend"
recommendation,"1.  rekomendacja
 2.  zalecenie",ˌrekəmenˈdeɪʃən
recompense,"i.    wynagradzać
ii.    [form]  odszkodowanie",ˈrekəmpens
reconcile,1.  godzić,"pogodzić   
 2.  pogodzić się   
 3.  reconcile oneself 
 - pogodzić się|ˈrekənsaɪl"
recondition,remontować,ˌri:kənˈdɪʃən
reconnaissance,rekonesans,rɪˈkɒnɪsəns
reconsider,przemyśleć,zastanowić się|ˌri:kənˈsɪdə
reconstitute,"1.  przywracać
 2.  odświeżać",ri:ˈkɒnstɪtju:t
reconstruct,"1.  odbudowywać
 2.  rekonstruować",ˌri:kənˈstrʌkt
reconstruction,"1.  odbudowa
 2.  rekonstrukcja",ˌri:kənˈstrʌkʃən
recorded delivery,[br]  [przesyłka]  za poświadczeniem odbioru,rɪˌkɔ:dɪd dɪˈlɪvərɪ
recorder,"1.  urządzenie nagrywające
 2.  flet prosty",rɪˈkɔ:də
recording,"1.  nagranie
 2.  nagrywanie",dźwięk|rɪˈkɔ:dɪŋ
recount,"recount
i.   1.  [form]  relacjonować
 2.  [form]  opowiadać
 3.  powtórnie przeliczyć  [głosy]
ii.    powtórne przeliczenie  [głosów]",
recourse,"[form]  have recourse to sth 
 - uciekać się do pomocy czegoś",rɪˈkɔ:s
recover,1.  wyzdrowieć,"odzyskiwać siły 
 2.  otrząsnąć się 
 3.  odzyskiwać|pokryć na nowo|re-cover|rɪˈkʌvə"
recovery,"1.  wyzdrowienie
 2.  poprawa
 3.  [form]  odzyskanie",rɪˈkʌvərɪ
recreate,odtwarzać,ˌri:krɪˈeɪt
recreation,rekreacja,ˌrekrɪˈeɪʃən
recruit,"i.   1.  rekrutować
 2.  werbować 
ii.   1.  rekrut
 2.  nowicjusz",rɪˈkru:t
recruitment,rekrutacja,rɪˈkru:tmənt
rectangle,prostokąt,ˈrektæŋgəl
rectangular,prostokątny,rekˈtæŋgjʊlə
rectify,naprawiać,ˈrektɪfaɪ
rector,pastor,proboszcz|proboszcz protestancki|ˈrektə
rectory,probostwo,ˈrektərɪ
recuperate,dochodzić do sił,rɪˈkju:pəreɪt
recur,powracać,powtarzać się|rɪˈkɜ:
recurrence,nawrót,powtarzanie się|rɪˈkʌrəns
recurrent,nawracający,powtarzający się|rɪˈkʌrənt
recycle,przetwarzać,ˌri:ˈsaɪkəl
red,biurokracja,"fałszywy ślad
iv.  red tape|i.   1.  czerwony  [też o człowieku]
 2.  rudy
ii.   1.  czerwień
 2.  be in the red 
 - mieć deficyt
 3.  sb sees red 
 - kogoś wściekłość rozsadza
iii.  red herring|przynęta|wabik"
redden,czerwienić,czerwienić się|ˈredən
reddish,czerwonawy,ˈredɪʃ
redeem,1.  ratować,"okupywać
 2.  dotrzymywać|rɪˈdi:m|spełniać
 3.  [termin]  wykupywać"
redemption,odkupienie,rɪˈdempʃən
redeploy,przemieszczać,przeorganizować|ˌri:dɪˈplɔɪ
redhead,red-head,rudzielec|ˈredhed
redhot,"1.  rozgrzany do czerwoności
 2.  [nieform]  zażarty",red-hot|ˌredˈhɒt
redirect,przeadresowywać,ˌri:dəˈrekt
redletter,red-letter,"red-letter day 
 - święto|ˌredˈletə"
redness,czerwoność,ˈrednɪs
redo,przerabiać,ˌri:ˈdu:
redouble,podwajać,zwiększać|ˌri:ˈdʌbəl
redress,i.    naprawiać,"rekompensować
ii.    rekompensata|rɪˈdres"
reduce,1.  redukować,"obniżać 
 3.  zmuszać|rɪˈdju:s|zmniejszać
 2.  doprowadzać"
reduction,"1.  redukcja
 2.  ograniczenie",rɪˈdʌkʃən
redundancy,i.    zbyteczne miejsce pracy,"redukcja|redukcja pracy|rɪˈdʌndənsɪ|zbędne miejsce pracy
ii.    bezrobocie"
redundant,rɪˈdʌndənt,zbyteczny|zbędny
reed,ri:d,trzcina
reef,rafa,ri:f
reek,"i.    śmierdzieć 
ii.    woń",odór|ri:k
reel,"chwiać się
 3.  wirować","i.   1.  szpula|kręcić się|ri:l|rolka
 2.  kołowrotek
ii.   1.  nawijać
 2.  zataczać się"
reelect,powtórnie wybierać,re-elect|ˌri:ɪˈlekt
ref,nasz znak,"nr|ref.
i.  
   see also: {reference}
  odnośnik|referencja
ii.  
   see also: {referred}
  przywoływany"
refectory,refektarz,rɪˈfektərɪ
refer,"1.  wspominać 
 2.  [wyrażeniem]  nazywać 
 3.  [o wyrazie]  odnosić się 
 4.  [do notatek]  zaglądać 
 5.  [do literatury]  odsyłać 
 6.  [do rozsądzenia]  kierować",rɪˈfɜ:
referee,sędzia,ˌrefəˈri:
reference,"aluzja
 2.  odniesienie się","encyklopedyczny
 2.  [form]  in|i.   1.  [form]  odniesienie|książka podręczna|odniesienie"
referendum,ˌrefəˈrendəm,
refill,"napełniać
ii.   1.  [nieform]  dolewka
 2.  wkład","refill
i.    napełniać znów"
refine,1.  oczyszczać,"rafinować
 2.  krystalizować|rɪˈfaɪn"
refined,1.  rafinowany,"oczyszczony
 2.  wyrafinowany
 3.  dopracowany|rɪˈfaɪnd"
refinement,"1.  udoskonalenie
 2.  wyrafinowanie",rɪˈfaɪnmənt
refinery,rafineria,rɪˈfaɪnərɪ
reflect,1.  odbijać się,"odbijać
 2.  odzwierciedlać
 3.  rozmyślać|rɪˈflekt|snuć refleksje   
 4.  reflektować się"
reflection,"1.  odbicie
 2.  odzwierciedlenie
 3.  spostrzeżenie   
 4.  refleksja",rɪˈflekʃən|zaduma
reflective,pełen zadumy,refleksyjny|rɪˈflektɪv
reflector,"1.  odbłyśnik
 2.  światło odblaskowe",rɪˈflektə
reflex,"1.  odruch
 2. reflexes  refleks",ˈri:fleks
reflexive,rɪˈfleksɪv,zwrotny
reform,i.    reforma,"poprawić|reedukować|reformowanie
ii.   1.  reformować
 2.  poprawić się|rɪˈfɔ:m"
reformation,1.  przekształcenie,"zreformowanie
 2. the reformation  reformacja|ˌrefəˈmeɪʃən"
reformer,reformator,rɪˈfɔ:mə
refrain,"i.    [form]  powstrzymywać się 
ii.    refren",rɪˈfreɪn
refresh,"1.  odświeżać
 2.  orzeźwiać się",rɪˈfreʃ
refreshment,"1.  [form]  orzeźwienie się
 2. refreshments  napoje orzeźwiające i przekąski",bufet|rɪˈfreʃmənt
refrigerator,chłodziarka,lodówka|rɪˈfrɪʤəreɪtə
refuel,tankować,uzupełniać paliwo|ˌri:ˈfju:əl
refuge,schronienie,ˈrefju:ʤ
refugee,uchodźca,uciekinier|ˌrefju:ˈʤi:
refund,"refund
i.    zwrot pieniędzy","zwracać|zwrot
ii.    zwracać pieniądze"
refusal,odmowa,rɪˈfju:zəl
refuse,"nie przyjmować
ii.   [form]   odpadki","refuse
i.   1.  odmawiać     
 2.  odrzucać"
refute,[teorię]  obalać,rɪˈfju:t
regain,odzyskiwać,rɪˈgeɪn
regal,królewski,ˈri:gəl
regalia,"1.  regalia
 2.  insygnia",rɪˈgeɪlɪə
regarding,"1.  dotyczący
 2.  [form]  odnośnie",co do|rɪˈgɑ:dɪŋ
regardless,"1.  niezależnie 
 2.  pomimo tego",pomimo|rɪˈgɑ:dlɪs
regatta,regaty,rɪˈgætə
regency,regencja,ˈri:ʤənsɪ
regenerate,odradzać się,rɪˈʤenəreɪt
regent,ˈri:ʤənt,
regime,reżym,reɪˈʒi:m
regiment,"regiment
i.    pułk
ii.    reglamentować",
regimental,pułkowy,ˌreʤɪˈmentəl
regimentation,reglamentacja,ścisła władza|ˌreʤɪmenˈteɪʃən
region,"1.  region
 2.  rejon",ˈri:ʤən
regional,regionalny,rejonowy|ˈri:ʤənəl
register,i.    lista,"rejestr
ii.   1.  rejestrować się
 2.  pokazywać
 3.  okazywać|ˈreʤɪstə"
registered,polecony,ˈreʤɪstəd
registrar,"1.  urzędnik stanu cywilnego
 2.  sekretarz",ˌreʤɪstˈrɑ:
registration,rejestracja,ˌreʤɪˈstreɪʃən
registry,"i.    archiwum
ii.  registry office",urząd stanu cywilnego|ˈreʤɪstrɪ|ˈreʤɪstrɪ ɒfɪs
regress,przechodzić regres,przechodzić w gorszy stan|rɪˈgres
regret,"i.   1.  żałować 
 2.  [form]  przepraszać","rɪˈgret|ubolewanie
 2.  wątpliwości|wyrażać żal
ii.   1.  żal|wyrażać żal z powodu"
regretful,przepraszający,rɪˈgretfʊl
regrettable,pożałowania godny,rɪˈgretəbəl
regroup,przegrupowywać,przegrupowywać się|ˌri:ˈgru:p
regular,"bywalec
 2.  żołnierz zawodowy","i.   1.  regularny
 2.  [np. wydarzenie]  stały
 3.  [np. gość]  częsty
 4.  [np. cena|pora]  normalny|zwykły
ii.   1.  stały klient|ˈregjʊlə"
regularity,regularność,ˌregjʊˈlærɪtɪ
regulate,regulować,ˈregjʊleɪt
regulation,i.   1.  przepis,"regulamin
 2.  kontrola
ii.    przepisowy|regulaminowy|ˌregjʊˈleɪʃən"
rehabilitate,"1.  rehabilitować
 2.  odnawiać",ˌri:həˈbɪlɪteɪt
rehearsal,próba,rɪˈhɜ:səl
rehearse,mieć próbę,rɪˈhɜ:s|ćwiczyć
reign,"i.    panować
ii.    panowanie",reɪn
reimburse,rekompensować,wynagradzać|ˌri:ɪmˈbɜ:s
rein,1.  cugiel,"reɪn|wodza
 2. reins  lejce"
reincarnate,przechodzić reinkarnację,wcielać się|ˌri:ɪnˈkɑ:neɪt
reincarnation,reinkarnacja,ˌri:ɪnkɑ:ˈneɪʃən
reindeer,renifer,ˈreɪndɪə
reinforce,"1.  wzmacniać
 2.  potwierdzać",ˌri:ɪnˈfɔ:s
reinforced,i.    wzmocniony,"utwardzony
ii.  reinforced concrete|żelazobeton|żelbet|ˌri:ɪnˈfɔ:st"
reinforcement,"1.  wzmocnienie
 2.  umocnienie
 3. reinforcements  posiłki",ˌri:ɪnˈfɔ:smənt
reinstate,"1.  przywracać
 2.  przywracać do pracy",ˌri:ɪnˈsteɪt
reiterate,powtarzać,ri:ˈɪtəreɪt
reject,brak,"reject
i.   1.  odrzucać
 2.  nie przyjmować
ii.    odrzut"
rejoice,radować się,rɪˈʤɔɪs
rejuvenate,odmładzać,rɪˈʤu:vəneɪt
relapse,i.    powracać,"ponowne wpadnięcie 
 2.  pogorszenie|ponownie zapadać 
ii.   1.  nawrót|rɪˈlæps"
relate,i.    odnosić się,"kojarzyć
 2.  [lit]  relacjonować|rɪˈleɪt|łączyć się 
ii.   1.  wiązać"
related,rɪˈleɪtɪd,spokrewniony
relation,1.  odniesienie,"rɪˈleɪʃən|stosunek
 4.  in relation to 
 - w relacji do|w odniesieniu do|więź   
 2.  krewny
 3.  relacja"
relationship,"1.  stosunek   
 2.  związek",rɪˈleɪʃənʃɪp
relative,i.   1.  stosunkowy,"relatywny
 2.  odpowiedni
 3.  [gram]  względny
ii.    [form]  odnośnie 
iii.    krewny|ˈrelətɪv"
relatively,stosunkowo,ˈrelətɪvlɪ
relax,1.  odprężać się,"relaksować się
 2.  rozluźniać się
 3.  zwalniać
 4.  osłabiać|rozluźniać|rɪˈlæks"
relaxation,1.  relaks,"odprężenie się
 2.  osłabienie|rozluźnienie|ˌri:lækˈseɪʃən"
relaxed,rozluźniony,rɪˈlækst
release,być dostępnym,"film
 5.  be on release 
 - być dostępnym w kinach|i.   1.  wypuszczać 
 2.  [form]  [z kłopotu]  uwalniać 
 3.  [oświadczenie]  wydawać
 4.  [form]  [czyjąś rękę]  oswobadzać
 5.  [mechanizm]  zwalniać
ii.   1.  [zwierzęcia]  oswobodzenie
 2.  [prasowe]  oświadczenie
 3.  [wody]  spuszczanie|nowa płyta|nowy film"
relegate,odsuwać,relegować|ˈrelɪgeɪt
relent,rɪˈlent,łagodnieć
relentless,bezlitosny,nieugięty|rɪˈlentlɪs
relevant,"1.  tyczący się 
 2.  mający znaczenie 
 3.  odpowiedni",ˈreləvənt
reliability,niezawodność,rɪˌlaɪəˈbɪlətɪ
reliable,1.  pewny,"niezawodny
 2.  odpowiedzialny|rɪˈlaɪəbəl"
reliance,rɪˈlaɪəns,zaufanie
reliant,rɪˈlaɪənt,zależny
relic,"1.  relikt
 2.  [relig]  relikwia",ˈrelɪk
relief,"1.  ulga
 2.  pomoc",rɪˈli:f
relieve,1.  zmniejszyć,"rɪˈli:v|ulżyć
 2.  uwalniać"
relieved,pełen ulgi,rɪˈli:vd|uszczęśliwiony
religion,religia,rɪˈlɪʤən
religious,religijny,rɪˈlɪʤəs
religiously,rɪˈlɪʤəslɪ,sumiennie|z czcią
relinquish,rezygnować,rɪˈlɪŋkwɪʃ
relish,"i.   1.  rozkoszować się
 2.  a. cieszyć się (sth - czymś","na myśl o czymś)
 b.
      ""sb does not relish sth""  - coś się komuś nie uśmiecha
ii.   1.  upodobanie|radość
 2.  przyprawa  [sos lub marynata]|ˈrelɪʃ"
relive,odżyć,ˌri:ˈlɪv
relocate,przenosić,ˌri:ləʊˈkeɪt
reluctant,"be reluctant to do sth 
 - niechętnie coś robić",rɪˈlʌktənt
rely,"1.  polegać   
 2.  a can rely on b to do sth 
 - a może się spodziewać",rɪˈlaɪ|że b coś zrobi
remain,"i.    pozostawać
ii.   1. remains  resztki
 2. remains  szczątki
 3. remains  pozostałości",rɪˈmeɪn
remainder,rɪˈmeɪndə,the remainder  reszta
remand,"1.  a. odraczać rozprawę
 b.
      ""he was remanded in custody""  - odesłano go z powrotem do aresztu
 2.  in remand 
 - w dyspozycji sądu",rɪˈmɑ:nd|w areszcie śledczym
remark,i.   1.  zauważać,"napomykać
 2.  komentować 
ii.    uwaga|rɪˈmɑ:k"
remarkable,godny uwagi,rɪˈmɑ:kəbəl|zadziwiający
remedial,1.  leczniczy,"rehabilitacyjny
 2.  dokształcający|rɪˈmi:dɪəl"
remedy,i.    środek,"lekarstwo 
ii.    zaradzić|ˈremədɪ"
remember,1.  pamiętać,"przypominać
 2.  przekazywać pozdrowienia|przypominać sobie|rɪˈmembə"
remembrance,"1.  pamięć
 2.  in remembrance of 
 - ku pamięci",ku czci|rɪˈmembrəns
remind,przypominać,rɪˈmaɪnd
reminder,"1.  przypomnienie
 2.  upomnienie",rɪˈmaɪndə
reminisce,reminiscencje,wieść|ˌremɪˈnɪs
reminiscence,reminiscencja,ˌremɪˈnɪsəns
reminiscent,przypominający,ˌremɪˈnɪsənt
remission,rɪˈmɪʃən,wcześniejsze zwolnienie
remit,"1.  odpuszczać
 2.  odraczać",rɪˈmɪt
remnant,pozostałość,resztka|ˈremnənt
remorse,rɪˈmɔ:s,wyrzuty sumienia
remote,"1.  zdalne sterowanie
 2.  [do telewizora]  pilot","i.   1.  odległy|oddalony 
 2.  odseparowany|oderwany
 3.  mało prawdopodobny
ii.  remote control|rɪˈməʊt"
remotely,"1.  [z przeczeniem]  w najmniejszym stopniu
 2.  w oddaleniu",rɪˈməʊtlɪ
removable,rɪˈmu:vəbəl,usuwalny
removal,"i.    usunięcie
ii.    transportowy",przewoźny|rɪˈmu:vəl
remove,"1.  zabierać 
 2.  ściągać
 3.  usuwać",rɪˈmu:v
removed,odległy,rɪˈmu:vd
remover,rɪˈmu:və,wywabiacz|zmywacz
remunerate,rɪˈmju:nəreɪt,wynagradzać
renaissance,renaissance  renesans,rəˈneɪsəns
rename,przemianowywać,ˌri:ˈneɪm
rend,rozdzierać,
render,1.  a. czynić,"sprawiać
 b.
      ""render sb helpless""  - sprawiać|uczynić kogoś bezradnym
 2.  oddawać
 3.  interpretować|wykonywać|że ktoś jest bezradnym"
rendering,wykonanie,ˈrendərɪŋ
rendezvous,spotkanie,ˈrɒndɪvu:
renegade,renegat,ˈrenɪgeɪd
renew,"1.  wznawiać
 2.  odnawiać
 3.  przedłużać",rɪˈnju:
renewal,"1.  wznowienie
 2.  przedłużenie",rɪˈnju:əl
renounce,"1.  wyrzekać się
 2.  zrzekać się",rɪˈnaʊns
renovate,odnawiać,ˈrenəveɪt
renown,rɪˈnaʊn,sława
renowned,rɪˈnaʊnd,sławny|znany
rent,"i.    wynajmować
ii.    czynsz",opłata wynajmu
rental,"czynsz
ii.    a. dzierżawny
 b.
      ""rental service""  - usługi wynajmu",i.    opłata za wynajęcie|ˈrentəl
renunciation,rɪˌnʌnsɪˈeɪʃən,wyrzeczenie się
reorganise,reorganize,reorganizować|rɪˈɔ:gənaɪz
reorganize,reorganise,reorganizować|rɪˈɔ:gənaɪz
rep,"i.
   see also: {representative}
  przedstawiciel
ii.
   see also: {repertoire}
  repertuar","przedstawiciel|rep.
  reprezentant|rep.
  republikański|republikanin"
repair,"bad repair 
 - w dobrym stanie","i.    naprawa
ii.   1.  naprawiać
 2.  wynagradzać
 3.  [nieform]  in good|rɪˈpeə|w złym stanie"
repartee,cięta wymiana zdań,ˌrepɑ:ˈti:
repay,"1.  zwracać
 2.  odpłacać",rewanżować się|rɪˈpeɪ
repayment,1.  zwrot pieniędzy,"rɪˈpeɪmənt|zwrot
 2.  spłata"
repeal,i.    odwoływać,"rɪˈpi:l|uchylać
ii.    odwołanie|uchylenie"
repeat,"i.    powtarzać
ii.    powtórka
iii.    powtórny",rɪˈpi:t
repeatedly,powtórnie,rɪˈpi:tɪdlɪ
repel,odpychać,odrzucać|rɪˈpel
repellent,i.    [form]  odrażający,"rɪˈpelənt|wstrętny 
ii.    środek odstraszający"
repent,rɪˈpent,żałować
repentance,rɪˈpentəns,żal
repentant,rɪˈpentənt,skruszony|żałujący
repercussions,reperkusje,ˌri:pəˈkʌʃənz
repertoire,repertuar,ˈrepətwɑ:
repertory,repertuar,ˈrepətərɪ
repetition,powtórzenie,ˌrepɪˈtɪʃən
repetitious,powtarzający się,ˌrepɪˈtɪʃəs
repetitive,powtarzający się,rɪˈpetɪtɪv
rephrase,przeformułowywać,ˌri:ˈfreɪz
replace,"1.  zastępować 
 2.  odkładać",rɪˈpleɪs|umieszczać z powrotem
replacement,"1.  zastąpienie
 2.  zastępstwo",rɪˈpleɪsmənt
replay,"puszczać
ii.    powtórny mecz","puszczać znów|replay
i.   1.  rozgrywać powtórnie
 2.  przegrywać"
replenish,napełniać,powtórnie napełniać|rɪˈplenɪʃ|uzupełniać
replete,przepełniony,rɪˈpli:t
replica,kopia,replika|ˈreplɪkə
reply,"i.    odpowiadać 
ii.    odpowiedź",rɪˈplaɪ
report,"do)
 4.  [do pracy]  zgłaszać się   
ii.   1.  [pisemny]  raport","huk
 4.  [form]  [plotki]  pogłoski|i.   1.  donosić|rɪˈpɔ:t|składać doniesienie (to - na"
reportedly,[form]  rzekomo,rɪˈpɔ:tɪdlɪ
reporter,rɪˈpɔ:tə,sprawozdawca
repose,odpoczynek,rɪˈpəʊz|spoczynek
repository,rɪˈpɒzɪtərɪ,skarbnica|składnica
reprehensible,naganny,ˌreprɪˈhensəbəl
represent,"1.  reprezentować
 2.  przedstawiać",ˌreprɪˈzent
representation,1.  przedstawicielstwo,"reprezentacja
 2.  [form]  przedstawienie
 3. representations  [form]  sprostowanie|zażalenie|ˌreprɪzenˈteɪʃən"
representative,i.    przedstawiciel,"reprezentant
ii.   1.  reprezentatywny
 2.  reprezentacyjny
 3.  przedstawicielski|ˌreprɪˈzentətɪv"
repress,1.  tłumić,"rɪˈpres|utrzymywać w posłuchu|zduszać
 2.  represjonować"
repression,"1.  represja
 2.  tłumienie odruchów",rɪˈpreʃən|tłumienie
repressive,represyjny,rɪˈpresɪv
reprieve,"i.    ułaskawiać
ii.   1.  ułaskawienie
 2.  zawieszenie  [czegoś nieprzyjemnego]",rɪˈpri:v
reprimand,"i.    upominać
ii.    reprymenda",ˈreprɪmɑ:nd
reprint,"dodrukowywać
ii.    dodruk","reprint
i.    przedrukowywać|wydanie|wydanie niezmienione"
reprisal,akcja odwetowa,odwet|rɪˈpraɪzəl
reproach,"i.    wyrzut
ii.    robić wyrzuty",rɪˈprəʊʧ
reproachful,pełen wyrzutu,rɪˈprəʊʧfʊl
reproduce,1.  reprodukować,"naśladować
 2.  mnożyć się|ˌri:prəˈdju:s"
reproduction,"1.  reprodukcja
 2.  kopiowanie
 3.  rozmnażanie się",rozmnażanie|ˌri:prəˈdʌkʃən
reproductive,rozrodczy,ˌri:prəˈdʌktɪv
reproof,nagana,rɪˈpru:f|zarzut
reprove,ganić,rɪˈpru:v|strofować
reptile,gad,ˈreptaɪl
republic,republika,rɪˈpʌblɪk
republican,"i.    republikański
ii.    republikanin",rɪˈpʌblɪkən
repudiate,odrzucać,rɪˈpju:dɪeɪt
repugnance,rɪˈpʌgnəns,wstręt
repugnant,rɪˈpʌgnənt,wstrętny
repulse,odrzucać,rɪˈpʌls
repulsion,odraza,rɪˈpʌlʃən|wstręt
repulsive,odrażający,rɪˈpʌlsɪv
reputable,renomowany,ˈrepjʊtəbəl
reputation,opinia,reputacja|ˌrepjʊˈteɪʃən
repute,reputacja,rɪˈpju:t
reputed,rɪˈpju:tɪd,uznawany
reputedly,podobno,rzekomo|rɪˈpju:tɪdlɪ
request,i.    [form]  a. składać prośbę,"rɪˈkwest|upraszać
 b.
      ""an answer is requested""  - uprasza się o odpowiedź
ii.   1.  prośba 
 2.  on request 
 - na życzenie
 3.  at sb's request 
 - na czyjąś prośbę"
require,"1.  potrzebować 
 2.  wymagać
 3.  [form]  sb is required to do sth 
 - od kogoś się wymaga zrobienia czegoś",rɪˈkwaɪə
requirement,"1.  wymaganie
 2.  [form]  potrzeba",rɪˈkwaɪəmənt
requisite,i.    niezbędny,"wymagany
ii.    rzecz niezbędna|ˈrekwɪzɪt"
requisition,"i.    rekwizycja
ii.    rekwirować",ˌrekwɪˈzɪʃən
reroute,kierować,kierować inną trasą|re-route|ˌri:ˈru:t
rescue,"come to sb's rescue 
 - przychodzić komuś na ratunek","i.    ratować
ii.   1.  pomoc|ratunek
 2.  akcja ratownicza
 3.  go|ˈreskju:"
rescuer,ratownik,ˈreskjʊə
research,i.    badania,"praca naukowa
ii.    badać|prowadzić badania|prowadzić badania naukowe|rɪˈsɜ:ʧ"
researcher,badacz,rɪˈsɜ:ʧə
resemblance,podobieństwo,rɪˈzembləns
resemble,być podobnym,przypominać|rɪˈzembəl
resent,czuć urazę,mieć za złe|rɪˈzent
resentful,rɪˈzentfʊl,urażony
resentment,resentyment,rɪˈzentmənt|uraza
reservation,"1.  zastrzeżenie
 2.  rezerwacja",ˌrezəˈveɪʃən
reserve,"i.    rezerwować
ii.   1.  rezerwa","rɪˈzɜ:v|zapas
 2.  rezerwat
 3.  reserve the right to do sth 
 - zastrzegać sobie prawo do zrobienia czegoś"
reserved,pełen rezerwy,powściągliwy|rɪˈzɜ:vd
reservoir,"1.  rezerwuar
 2.  zbiornik",ˈrezəvwɑ:
reside,rɪˈzaɪd,znajdować się
residence,"1.  rezydencja
 2.  miejsce zamieszkania
 3.  take up residence 
 - zatrzymywać się
 4.  be in residence 
 - przebywać",ˈrezɪdəns
resident,i.    stały mieszkaniec,"mieszkaniec
ii.   1.  [form]  zamieszkały 
 2.  miejscowy|zamieszkały na miejscu
 3.  [komp]  rezydentny|ˈrezɪdənt"
residential,1.  mieszkalny,"mieszkaniowy
 2.  z internatem
 3.  wymagający mieszkania na miejscu|ˌrezɪˈdenʃəl"
residual,rɪˈzɪdjʊəl,szczątkowy
residue,pozostałości,resztki|ˈrezɪdju:
resign,"1.  rezygnować 
 2.  resign oneself 
 - godzić się",rɪˈzaɪn
resignation,"1.  wypowiedzenie
 2.  rezygnacja",ˌrezɪˈgneɪʃən
resigned,pogodzony,rɪˈzaɪnd
resilient,elastyczny,prężny|rɪˈzɪlɪənt
resin,żywica,ˈrezɪn
resist,1.  stawiać opór,"odpierać
 3.  powstrzymywać się|opierać
 2.  dawać odpór|opierać się|rɪˈzɪst"
resistance,"1.  opór 
 2.  odporność",rɪˈzɪstəns
resistant,"1.  [form]  oporny 
 2.  odporny",rɪˈzɪstənt
resolute,zdecydowany,ˈrezəljʊt
resolution,"1.  rezolucja
 2.  postanowienie
 3.  zdeterminowanie
 4.  [form]  rozwiązanie",ˌrezəˈlu:ʃən
resolve,"i.   1.  postanawiać
 2.  rozwiązywać
ii.    postanowienie",rɪˈzɒlv
resonant,głęboki,ˈrezənənt
resonate,rozbrzmiewać,ˈrezəneɪt
resort,"i.    uciekać się 
ii.   1.  miejscowość wypoczynkowa
 2.  as a last resort 
 - na końcu","rɪˈzɔ:t|wreszcie
 3.  in the last resort 
 - w ostateczności"
resound,"1.  rozbrzmiewać
 2.  napełniać się",rɪˈzaʊnd
resounding,rozgłośny,rɪˈzaʊndɪŋ
resource,resources  zasoby,rɪˈzɔ:s
resourceful,pomysłowy,rɪˈzɔ:sfʊl|zmyślny
resp,"resp.
  odpowiednio",
respectable,"1.  szacowny
 2.  przyzwoity",rɪˈspektəbəl
respectful,pełen szacunku,rɪˈspektfʊl
respective,odpowiedni,rɪˈspektɪv|właściwy
respectively,odpowiednio,rɪˈspektɪvlɪ
respiration,oddychanie,ˌrespəˈreɪʃən
respiratory,oddechowy,płucny|rɪˈspɪrətərɪ
respite,wytchnienie,ˈrespaɪt
resplendent,olśniewający,pełen splendoru|rɪˈsplendənt
respond,odpowiadać,rɪˈspɒnd
response,"1.  odpowiedź 
 2.  in response to 
 - w odpowiedzi na",rɪˈspɒns
responsibility,"1.  odpowiedzialność 
 2.  obowiązek",rɪˌspɒnsəˈbɪlɪtɪ
responsible,odpowiedzialny,rɪˈspɒnsɪbəl
responsive,"1.  wrażliwy 
 2.  żywo reagujący",rɪsˈpɒnsɪv
restaurant,restauracja,ˈrestərɒnt
restful,dający odpoczynek,ˈrestfʊl
restitution,przywrócenie,restytucja|ˌrestɪˈtju:ʃən
restive,niespokojny,ˈrestɪv
restless,"1.  niespokojny
 2.  nie mogący sobie znaleźć miejsca",ˈrestlɪs
restoration,1.  przywrócenie,"restauracja|restauracja
 2.  odnowienie|ˌrestɜ:ˈreɪʃən"
restore,"1.  przywracać 
 2.  restaurować",rɪˈstɔ:
restrain,od),powstrzymywać   (from - przed|rɪˈstreɪn
restrained,powściągliwy,rɪˈstreɪnd
restraint,"1.  ograniczenie
 2.  powściągliwość",rɪˈstreɪnt
restrict,ograniczać,rɪˈstrɪkt
restricted,"1.  ograniczony
 2.  poufny
 3.  o ograniczonym dostępie",rɪˈstrɪktɪd
restriction,"1.  ograniczenie   
 2.  restrykcje",rɪˈstrɪkʃən
restrictive,ograniczający,restrykcyjny|rɪˈstrɪktɪv
result,"być rezultatem 
 3.  as a result 
 - na skutek
 4.  in the result 
 - ostatecznie","i.   1.  rezultat|kończyć się 
 2.  wynikać|rɪˈzʌlt|wynik
 2.  ocena
ii.   1.  dawać w wyniku (in - to"
resultant,rɪˈzʌltənt,wynikający|wynikły
resume,1.  podsumowanie,"1.  wznawiać|kontynuować
 2.  przyjmować|kontynuować się|résumé"
resumption,podjęcie,ponowne podjęcie|rɪˈzʌmpʃən|wznowienie
resurgence,odrodzenie się,rɪˈsɜ:ʤəns
resurrect,wskrzeszać,ˌrezəˈrekt
resurrection,wskrzeszenie,ˌrezəˈrekʃən
resuscitate,reanimować,rɪˈsʌsɪteɪt
resuscitation,reanimacja,rɪˌsʌsɪˈteɪʃən
retail,"detaliczna sprzedaż
ii.    detaliczny",i.    detal|ˈri:teɪl
retailer,detalista,ˈri:teɪlə
retain,rɪˈteɪn,zachowywać|zatrzymywać
retaliate,brać odwet,rɪˈtælɪeɪt
retaliation,odwet,rɪˌtælɪˈeɪʃən
retarded,opóźniony,rɪˈtɑ:dɪd
retch,"he retches 
 - zbiera mu się na wymioty",reʧ
retd,"retd.
  emerytowany",
retention,pozostawienie,rɪˈtenʃən|zatrzymanie
rethink,przemyśleć,ˌri:ˈθɪŋk
reticent,powściągliwy,ˈretɪsənt
retina,[w oku]  siatkówka,ˈrətɪnə
retinue,orszak,świta|ˈrətɪnju:
retire,"1.  iść na emeryturę
 2.  [form]  wycofywać się
 3.  [form]  iść kłaść się spać",kłaść się spać|rɪˈtaɪə
retired,emerytowany,rɪˈtaɪəd
retirement,emerytura,rɪˈtaɪəmənt
retiring,1.  ustępujący,"idący na emeryturę
 2.  mało towarzyski
 3.  emerytalny|rɪˈtaɪərɪŋ"
retort,"i.    [form]  replikować
ii.    replika",rɪˈtɔ:t
retrace,cofać się,cofać się tą samą drogą|rɪˈtreɪs
retract,"1.  wycofywać
 2.  cofać się",rɪˈtrækt
retreat,"azyl
 3.  beat a hasty retreat 
 - uciekać","i.   1.  odsuwać się
 2.  wycofywać się
ii.   1.  odwrót
 2.  schronienie|rɪˈtri:t"
retrial,rewizja  [procesu],ˌrɪˈtraɪəl
retribution,kara,ˌretrɪˈbju:ʃən
retrieval,odzyskiwanie,odzyskiwanie danych|rɪˈtri:vəl
retrieve,"1.  odzyskiwać
 2.  naprawiać",rɪˈtri:v
retrograde,regresywny,wsteczny|ˈretrəgreɪd
retrospect,"in retrospect 
 - w retrospekcji",po zastanowieniu się|ˈretrəspekt
retrospective,"1.  retrospektywny
 2.  [praw]  działający wstecz",ˌretrəˈspektɪv
return,i.   1.  powracać,"oddawać
 3.  [uczucia]  odwzajemniać
 4.  [praw]  [wyrok]  ogłaszać|powrotny
iii.   1.  zysk
 2.  many happy returns  )
 - wszystkiego najlepszego
 3.  in return 
 - w zamian|rɪˈtɜ:n|wracać
 2.  [przedmioty]  zwracać"
returnable,podlegający zwróceniu,rɪˈtɜ:nəbəl|zwrotny
reunion,1.  spotkanie,"ri:ˈju:nɪən|zjazd
 2.  połączenie"
reunite,1.  połączyć,"złączyć
 2.  scalać|ˌri:ju:ˈnaɪt"
rev,"i.   rev up  zwiększać obroty
ii.    liczba obrotów","rev.
  obrót|rev.
  wielebny"
revd,"revd.
  wielebny",
reveal,odkrywać,odsłaniać|rɪˈvi:l
revealing,"1.  odkrywczy
 2.  odsłaniający",odkrywający|rɪˈvi:lɪŋ
revel,bardzo się cieszyć,hulać|ˈrevəl
revelation,"1.  rewelacja
 2.  odkrycie",ˌrevəˈleɪʃən
revelry,hulanka,ˈrevəlrɪ
revenge,"1.  zemsta
 2.  revenge oneself 
 - mścić się",rɪˈvenʤ
revenue,dochód,ˈrevɪnju:
reverberate,odbijać się echem,rɪˈvɜ:bəreɪt
revere,czcić,rɪˈvɪə
reverence,czczenie,cześć|ˈrevərəns
reverend,"the reverend 
 - wielebny",ˈrevərənd
reverent,pełen czci,ˈrevərənt
reversal,1.  zwrot,"diametralna zmiana|rɪˈvɜ:səl|zmiana
 2.  odwrócenie"
reverse,"cofać
ii.    bieg wsteczny
iii.   1.  odwrotny
 2.  in reverse 
 - odwrotnie","i.   1.  odwracać
 2.  cofać się|na odwrót
 3.  go into reverse 
 - dać wsteczny bieg|rɪˈvɜ:s|zawracać
 4.  [br]  reverse the charges 
 - dzwonić na koszt odbiorcy"
reversion,nawrót,rɪˈvɜ:ʃən
revert,cofać się,powracać|rɪˈvɜ:t
review,"i.   1.  dokonywać przeglądu
 2.  przemyśliwać
 3.  recenzować
 4.  [us]  powtarzać przed egzaminem
ii.   1.  [us]  egzamin
 2.  recenzja
 3.  przegląd","recenzowany|rɪˈvju:|sprawdzenie
 4.  under review 
 - w recenzji"
reviewer,recenzent,rɪˈvju:ə
revise,1.  poprawiać,"rewidować
 2.  [br]  powtarzać|rɪˈvaɪz"
revision,1.  poprawa,"poprawienie|rewizja
 2.  [br]  powtórka|rɪˈvɪʒən"
revitalise,ożywiać na nowo,revitalize|ˌri:ˈvaɪtəlaɪz
revitalize,ożywiać na nowo,revitalise|ˌri:ˈvaɪtəlaɪz
revival,ożywienie,rɪˈvaɪvəl
revive,1.  ożywiać się,"ożywiać
 2.  ocucić|rɪˈvaɪv"
revoke,odwoływać,rɪˈvəʊk
revolt,i.    bunt,"rewolta
ii.    buntować się|rɪˈvəʊlt"
revolting,odrażający,odstręczający|rɪˈvəʊltɪŋ
revolution,"1.  rewolucja
 2.  obrót",ˌrevəˈlu:ʃən
revolutionary,"i.    rewolucyjny
ii.    rewolucjonista",ˌrevəˈlu:ʃənərɪ
revolutionise,revolutionize,rewolucjonizować|ˌrevəˈlu:ʃənaɪz
revolutionize,revolutionise,rewolucjonizować|ˌrevəˈlu:ʃənaɪz
revolve,kręcić się,obracać się|rɪˈvɒlv
revolver,rewolwer,rɪˈvɒlvə
revue,rewia,rɪˈvju:
revulsion,odraza,rɪˈvʌlʃən
reward,"i.    nagroda
ii.    nagradzać",rɪˈwɔ:d
rewarding,opłacalny,rɪˈwɔ:dɪŋ
rewind,przewijać,ˌri:ˈwaɪnd
rewrite,przepisywać,ulepszać|ˌri:ˈraɪt
rhetoric,retoryka,ˈretərɪk
rhetorical,retoryczny,rɪˈtɒrɪkəl
rheumatic,"1.  reumatyczny
 2.  chory na reumatyzm",ru:ˈmætɪk
rheumatism,reumatyzm,ˈru:mətɪzəm
rhine,raɪn,"the rhine 
 - ren"
rhino,nosorożec,ˈraɪnəʊ
rhinoceros,nosorożec,raɪˈnɒsərəs
rhodesia,rodezja,rəʊˈdi:ʃə
rhodesian,rodezyjski,rəʊˈdi:ʃən
rhododendron,rododendron,różanecznik|ˌrəʊdəˈdendrən
rhubarb,rabarbar,ˈru:bɑ:b
rhyme,i.    rymować się,"raɪm|rymować 
ii.   1.  rym
 2.  rymowanka"
rhythm,rytm,ˈrɪðəm
rhythmic,rytmiczny,ˈrɪðmɪk
rib,"i.    żebro
ii.    [nieform]  żartować",rɪb
ribald,sprośny,ˈrɪbəld
ribbon,"1.  wstążka
 2.  taśma",ˈrɪbən
rice,raɪs,ryż
rich,"głęboki
ii.   richs  [lit]  bogactwa","i.   1.  bogaty 
 2.  tłusty
 3.  nasycony|rɪʧ"
richly,"1.  bogato
 2.  obficie
 3.  wielce",bardzo|ˈrɪʧlɪ
rick,kopa,rɪk|stóg
rickety,rozklekotany,rozpadający się|ˈrɪkɪtɪ
rickshaw,riksza,ˈrɪkʃɔ:
ricochet,"i.    rykoszetować 
ii.    rykoszet",ˈrɪkəʃeɪ
rid,i.    [form]  uwalniać,"oczyszczać (of sth - z czegoś|od czegoś)
ii.   1.  uwolniony 
 2.  [form]  rid oneself 
 - pozbawiać się|rɪd|uwalniać się
 3.  get rid of sth 
 - uwalniać się od czegoś"
riddle,"i.   1.  podziurawić 
 2.  przeżerać 
ii.    zagadka",ˈrɪdəl
ride,"i.    jeździć   
ii.   1.  przejażdżka","jazda
 2.  [nieform]  take sb for a ride 
 - wykołować kogoś
iii.  ride up  1.  podjeżdżać
 2.  podsuwać się|podjeżdżać|podjeżdżać do góry|raɪd"
rider,"1.  jeździec
 2.  rowerzysta
 3.  motocyklista
 4.  aneks",ˈraɪdə
ridge,1.  grzbiet,"krawędź
 2.  karb|rɪʤ|wypukłość"
ridicule,drwina,"i.    drwić|szydzić 
ii.    szyderstwo|ˈrɪdɪkju:l"
ridiculous,groteskowy,rɪˈdɪkjələs|śmieszny
rife,powszechny,raɪf|rozpowszechniony
rifle,i.    karabin,"strzelba
ii.   1.  ograbiać
 2.  przeszukiwać|ˈraɪfəl"
rift,"1.  szczelina
 2.  niezgoda",rɪft
rig,"i.   1.  takielować
 2.  fałszować","klecić|oszukiwać (sth - w czymś|przy czymś)
ii.   1.  takielunek
 2.  instalacja
iii.  rig up   składać|rɪg"
rigging,otaklowanie,ˈrɪgɪŋ
right,"1.  kąt prosty
 2.  at right angles 
 - pod kątem prostym","1.  pierwszeństwo przejazdu|i.   1.  [nie lewy]  prawy
 2.  właściwy
 3.  [oczekiwany]  poprawny
ii.   1.  [nie lewa strona]  prawa strona
 2.  [do czegoś]  prawo
 3.  [stan dobra]  dobro
 4. the right  [polit]  prawica
iii.   1.  [iść]  w prawo|możliwość przejazdu|na prawo
 2.  [dokładnie]  właśnie
 3.  [właściwie]  poprawnie
iv.    [nieform]  [np. o bałaganie]  niezły
v.    [za chwilę]  zaraz"
righteous,prawy,ˈraɪʧəs
rightful,prawowity,ˈraɪtfʊl
righthand,"1.  prawostronny
 2.  on the right-hand side 
 - z prawej strony
 3.  right-hand man 
 - prawa ręka",right-hand|ˌraɪtˈhænd
rightwing,"i.    prawicowy
ii.    skrzydło prawicowe",right-wing|ˌraɪtˈwɪŋ
rigid,nieelastyczny,sztywny|ˈrɪʤɪd
rigorous,rygorystyczny,ˈrɪgərəs
rigors,ciężary,rigours|the rigours  [form]  trudności|ˈrɪgəz
rigours,ciężary,rigors|the rigours  [form]  trudności|ˈrɪgəz
rile,drażnić,irytować|ˈraɪl
rim,1.  brzeg,"krawędź
 2.  obręcz
 3.  oprawka|rɪm"
rind,raɪnd,skórka
ringleader,prowodyr,ˈrɪŋli:də
rink,"1.  lodowisko
 2.  tor wrotkowy",rɪŋk
rinse,"1.  płukać
 2.  opłukanie",płukanie|rɪnz
riot,i.    zamieszki,"rozruchy
ii.   1.  burzyć się|wzniecać zamieszki
 2.  run riot 
 - szaleć|ˈraɪət"
rioter,chuligan,uczestnik zamieszek|ˈraɪətə
riotous,"1.  [form]  chuligański
 2.  burzliwy",żywiołowy|ˈraɪətəs
rip,i.   1.  rozdzierać,"oddzierać
 2.  wydzierać
ii.    rozdarcie
iii.  rip off  [nieform]   obdzierać|rɪp|zdzierać"
ripe,dojrzały,raɪp
ripen,"1.  dojrzewać
 2.  czynić dojrzałym",ˈraɪpən
ripoff,rip-off,zdzierstwo|złodziejstwo|ˈrɪpɒf
ripple,"i.   1.  falowanie
 2.  szmer
ii.    marszczyć się",ˈrɪpəl
risk,"i.   1.  ryzyko
 2.  ryzykowanie
 3.  zagrożenie
ii.   1.  ryzykować
 2.  podejmować ryzyko
 3.  put sth at risk 
 - stanowić zagrożenie czegoś
 4.  run the risk 
 - narażać się  
 5.  take a risk 
 - podejmować ryzyko",rɪsk
risky,ryzykowny,ˈrɪskɪ
rite,ceremoniał,obrzęd|raɪt
ritual,"i.    rytuał
ii.    rytualny",ˈrɪtjʊəl
rival,czemuś),"i.    rywal|konkurencyjny
iii.    równać się (sth - z czymś|konkurent
ii.    rywalizujący|ˈraɪvəl"
rivalry,rywalizacja,ˈraɪvəlrɪ
river,"i.    rzeka
ii.  river bed",łożysko rzeki|ˈrɪvə|ˈrɪvəbed
riverside,pobrzeże,ˈrɪvəsaɪd
rivet,"i.    nit
ii.    przykuwać uwagę",ˈrɪvɪt
rm,pokój,"pomieszczenie|rm.
  sala"
rn,królewska marynarka,ˌ$⋅$ˈ$⋅$
roadblock,"1.  blokada drogi
 2.  [przen]  szlaban",ˈrəʊdblɒk
roadside,"i.    bok drogi
ii.    przydrożny",ˈrəʊdsaɪd
roadway,jezdnia,ˈrəʊdweɪ
roadworthy,przejezdny,ˈrəʊdwɜ:ðɪ
roam,rəʊm,wędrować|włóczyć się
roar,"i.   1.  ryczeć
 2.  [o pociągu]  łoskotać
ii.   1.  ryk
 2.  [np. pociągu]  łoskot",rɔ:
roaring,"1.  ogłuszający
 2.  [nieform]  olbrzymi","straszny
 3.  [nieform]  do a roaring trade in sth 
 - mieć rewelacyjny zbyt czegoś|ˈrɔ:rɪŋ"
roast,"i.    piec
ii.    prażyć","palić
iii.    pieczony
iv.    pieczeń|rəʊst"
rob,"1.  ograbiać
 2.  rabować",rɒb
robber,napastnik,rabuś|ˈrɒbə
robbery,grabież,rabunek|ˈrɒbərɪ
robe,"i.   1.  szaty
 2.  toga
 3.  peniuar","rəʊb|szlafrok
 4.  płaszcz kąpielowy
ii.    [form]  oblekać"
robin,drozd,rudzik|ˈrɒbɪn
robot,ˈrəʊbət,
robust,kwitnący,rəˈbʌst
rocker,"1.  [us]  fotel bujany
 2.  [nieform]  be off one's rocker 
 - mieć źle w głowie",ˈrɒkə
rockery,ogródek skalny,ˈrɒkərɪ
rocket,"i.    rakieta
ii.    [nieform]  iść ostro w górę",ˈrɒkɪt
rocking,"i.    kołyszący się
ii.    kołysanie się",ˈrɒkɪŋ
rockingchair,fotel bujany,rocking-chair|ˈrɒkɪŋʧeə
rockinghorse,koń na biegunach,rocking-horse|ˈrɒkɪŋhɔ:s
rocky,kamienisty,ˈrɒkɪ
rod,"1.  pręt
 2.  sworzeń",rɒd|trzpień
rodent,gryzoń,ˈrəʊdənt
roe,ikra,rəʊ
rogue,"1.  łajdak
 2.  nicpoń",rəʊg|szelma
roguish,szelmowski,ˈrəʊgɪʃ
role,rola,rəʊl
roll,i.   1.  toczyć się,"rolować
ii.   1.  [np. filmu]  rolka
 2.  [pieczywo]  bułka
 3.  [spis]  lista
 4.  [bębna]  werbel
iii.  roll by   przetoczyć się
iv.  roll in  [nieform]   napływać
v.  roll over   przewracać się
vi.  roll up  1.  zwijać się|rulon]  zwijać|rəʊl|toczyć
 2.  [na falach]  kołysać się
 3.  [pisane]  [oczyma]  przewracać
 4.  [w kulkę"
rollcall,odczytywanie listy,roll-call|ˈrəʊlkɔ:l
roller,1.  wałek,"walec
 2.  lokówka|ˈrəʊlə"
rollerskate,"i.    wrotka
ii.    jeździć na wrotkach",roller-skate|ˈrəʊləskeɪt
rolling,"i.   1.  pofałdowany
 2.  chwiejny
ii.  rolling pin",wałek|wałek do ciasta|ˈrəʊlɪŋ|ˈrəʊlɪŋpɪn
rom,[komp]  pamięć stała,rɒm
roman,"i.    rzymski
ii.    rzymianin",ˈrəʊmən
romance,"1.  romans
 2.  romantyka",przygoda|ˈrəʊmæns
romania,rumunia,rʊˈmeɪnɪə
romanian,"i.    rumuński
ii.    rumun",rʊˈmeɪnɪən
romantic,"i.    romantyczny
ii.    romantyk",rəˈmæntɪk
romanticise,romanticize,rəˈmæntɪsaɪz|sentymentalizować|uromantyczniać
romanticism,romantyzm,rəˈmæntɪsɪzəm
romanticize,romanticise,rəˈmæntɪsaɪz|sentymentalizować|uromantyczniać
rome,rzym,rəʊm
romp,hasanie,"i.    hasać|rɒmp|szaleć
ii.    szaleństwo"
rompers,[dla dziecka]  śpiochy,pajacyki|ˈrɒmpəz
roof,"i.   1.  dach
 2.  sklepienie
ii.    pokrywać dachem",ru:f
roofing,pokrycie dachu,ˈru:fɪŋ
roofrack,bagażnik dachowy,roof-rack|ˈru:fræk
rook,"1.  gawron
 2.  [szach]  wieża",ru:k
room,1.  pomieszczenie,"pokój
 2.  sala
 3.  miejsce|ru:m"
roommate,współlokator,ˈru:mmeɪt
roomy,przestronny,ˈru:mɪ
roost,"i.   1.  grzęda
 2.  miejsce gnieżdżenia się
ii.    gnieździć się",ru:st
rooster,kogut,ˈru:stə
root,"i.   1.  korzeń
 2.  podstawa","przegrzebywać   
 3.  take root 
 - zakorzeniać się
iv.  root out   wykorzeniać|ru:t|wypłaszać|zakorzeniać
 2.  [szukać]  grzebać"
rooted,"1.  zakorzeniony
 2.  rooted to the spot 
 - przyrosły do miejsca",ˈru:tɪd
rope,i.    lina,"obwiązywać
 2.  [nieform]  know the ropes 
 - być dobrze zorientowanym
iii.  rope in  [nieform]   wciągać|przywiązywać|rəʊp|sznur
ii.   1.  przywiązywać liną"
rosary,różaniec,ˈrəʊzərɪ
rose,"i.    róża
ii.    różowy",rosé|rəʊz|wino różowe|ˈrəʊzeɪ
rosette,rozeta,rəʊˈzet
roster,"1.  lista
 2.  rozkład dyżurów",ˈrɒstə
rostrum,mównica,podium|ˈrɒstrəm
rosy,"1.  różowy
 2.  rumiany",ˈrəʊzɪ
rosé,rose,wino różowe|ˈrəʊzeɪ
rot,"i.   1.  psuć się
 2.  gnić
 3.  powodować psucie
ii.   1.  gnicie","rɒt|zepsuta część
 2.  [przest nieform]  bzdury"
rota,kolejność,rotacja|ˈrəʊtə
rotary,obrotowy,rotacyjny|ˈrəʊtərɪ
rotate,1.  obracać się,"obracać
 2.  zmieniać się kolejno|prowadzić rotację|rəʊˈteɪt|zmieniać kolejno"
rotation,"1.  obrót
 2.  rotacja",rəʊˈteɪʃən
rotor,"i.   1.  wirnik
 2.  płat wirnika
ii.    wirnikowy",ˈrəʊtə
rotten,1.  zepsuty,"zgniły
 2.  [nieform]  beznadziejny
 3.  [nieform]  paskudny
 4.  [nieform]  cholerny|ˈrɒtən"
rotund,okrągły,pękaty|rəʊˈtʌnd
rouge,ru:ʒ,róż
rough,"człowiek]  szorstki
 3.  [traktowanie]  brutalny
 4.  [okres]  ciężki
 5.  [obliczenie","i.   1.  nierówny
 2.  [powierzchnia|rysunek]  przybliżony
 6.  [szkic]  surowy
 7.  [budowla]  prymitywny
 8.  [morze]  wzburzony
 9.  [pogoda]  burzliwy
 10.  [miasto]  niebezpieczny
 11.  sleep rough 
 - spać pod gołym niebem
 12.  rough it 
 - żyć w prymitywnych warunkach
 13.  rough and ready 
 - prowizoryczny
ii.  rough out   szkicować|rʌf|zarysowywać"
roulette,ru:ˈlet,ruletka
roundabout,"i.   1.  [br]  karuzela
 2.  [br]  skrzyżowanie okrężne","rondo
ii.    okrężny|ˈraʊndəbaʊt"
rounded,zaokrąglony,ˈraʊndɪd
roundly,bezceremonialnie,ˈraʊndlɪ
roundtheclock,"całodzienny
ii.    całą dobę",dwadzieścia cztery godziny|i.    całodobowy|round-the-clock|ˌraʊndðəˈklɒk
roundup,"1.  przegląd
 2.  obława",ˈraʊndʌp
rouse,1.  [form]  budzić się,"budzić
 2.  pobudzać
 3.  wzbudzać
 4.  rouse oneself 
 - podnosić się|raʊz"
rout,"i.    rozgromić
ii.    rozsypka",raʊt
route,"i.   1.  trasa
 2.  linia
 3.  droga","ru:t|sposób
ii.    kierować"
routine,"i.    rutynowy
ii.   1.  rutyna
 2.  normalny porządek zajęć","normalny porządek
 3.  numer|punkt|ru:ˈti:n"
rove,rəʊv,wędrować
rover,rəʊvə,wędrowiec
row,"harmider
ii.    [nieform]  kłócić się
iii.   1.  rząd","row
i.   1.  [nieform]  kłótnia|sprzeczka
 2.  [nieform]  hałas|szereg
 2.  przejażdżka łodzią
iv.   1.  wiosłować
 2.  przewozić łodzią
 3.  in a row 
 - pod rząd"
rowboat,łódź wiosłowa,ˈrəʊbəʊt
rowdy,awanturniczy,hałaśliwy|ˈraʊdɪ
rowing,"i.    wioślarstwo
ii.  rowing boat",łódż wiosłowa|ˈrəʊɪŋ|ˈrəʊɪŋbəʊt
royal,"i.    królewski
ii.    [nieform]  członek rodziny królewskiej
iii.  royal highness",królewska mość|ˈrɔɪəl|ˌrɔɪəlˈhaɪnɪs
royalist,rojalista,ˈrɔɪəlɪst
royalty,"1.  rodzina królewska
 2.  tantiema",ˈrɔɪəltɪ
rp,ˌ$⋅$ˈ$⋅$,
rpm,min.,obr.|obroty na minutę|ˌ$⋅⋅$ˈ$⋅$
rps,obr.,obroty na sekundę|sek.|ˌ$⋅⋅$ˈ$⋅$
rt,"rt.
  prawy",
rt hon,"rt. hon.
  czcigodny  [tytuł wysokich urzędników]",
rub,i.   1.  trzeć,"ocierać 
 3.  wcierać
 4.  [wymazywać]  ścierać
ii.   1.  tarcie
 2.  [nieform]  rub it in 
 - czepiać się czegoś
 3.  [nieform]  rub sb up the wrong way 
 - nadepnąć komuś na odcisk|pocierać
 2.  ocierać się|rʌb"
rubber,"gumka
iv.  rubber stamp","gumka aptekarska|i.   1.  guma|kauczuk
 2.  gumka
ii.    gumowy
iii.  rubber band|stempel"
rubbery,gumowaty,ˈrʌbərɪ
rubbish,1.  odpadki,"chała
 3.  [nieform]  bzdura|śmiecie
 2.  tandeta|ˈrʌbɪʃ"
rubble,"1.  gruz
 2.  kamień łamany",ˈrʌbəl
ruby,rubin,ˈru:bɪ
rucksack,plecak,ˈrʌksæk
rudder,"1.  ster
 2.  płat sterowy",ˈrʌdə
ruddy,"1.  [lit]  czerstwy
 2.  [przest]  piekielny",ˈrʌdɪ
rude,1.  niegrzeczny,"nagły
 4.  [lit]  prymitywny|opryskliwy
 2.  wulgarny
 3.  nieprzyjemny|ru:d"
rudimentary,1.  rudymentarny,"podstawowy
 2.  elementarny|ˌru:dɪˈmentərɪ"
rudiments,the rudiments  podstawy,zaczątki|ˈru:dɪmənts
rueful,smutny,ˈru:fʊl
ruff,kryza,rʌf
ruffian,opryszek,ˈrʌfɪən
ruffle,"i.    wzburzać
ii.    kryza",kreza|ˈrʌfəl
rug,"1.  dywanik
 2.  pled",koc|rʌg
rugby,ˈrʌgbɪ,
rugged,1.  dziki,"mocny|poszarpany
 2.  surowy|ˈrʌgɪd"
rugger,rugby,ˈrʌgə
ruin,"i.    rujnować
ii.   1.  ruina
 2.  rujnacja",zrujnowanie się|ˈru:ɪn
ruinous,rujnujący,ˈru:ɪnəs
rule,"i.   1.  reguła
 2.  przepis","norma
ii.   1.  panować|postanawiać
 3.  as a rule 
 - w zasadzie|ru:l|rządzić   
 2.  [form]  orzekać"
ruler,"1.  władca
 2.  linijka",ˈru:lə
ruling,i.    panujący,"najsilniejszy
ii.    werdykt|orzeczenie|ˈru:lɪŋ"
rum,"i.    rum
ii.    [br przest nieform]  dziwaczny",rʌm
rumble,"i.   1.  turkot
 2.  burczenie
 3.  turkotać
ii.   1.  burczeć
 2.  [nieform]  przejrzeć",ˈrʌmbəl
rummage,przeszukiwać,szperać|ˈrʌmɪʤ
rumor,1.  pogłoska,"plotka
 2.  he is rumoured  )
 - wieść głosi|rumour|wieść głosi|że on coś robi"
rumour,1.  pogłoska,"plotka
 2.  he is rumoured  )
 - wieść głosi|rumor|wieść głosi|że on coś robi"
rump,i.   1.  zad,"kadłub
ii.  rump steak|rumsztyk|rʌmp|zadek
 2.  resztka"
rumple,"1.  [ubranie]  miąć
 2.  [włosy]  mierzwić",ˈrʌmpəl
rumpus,burda,wrzawa|ˈrʌmpəs
runaway,i.    uciekinier,"uciekający spod kontroli|zbieg
ii.   1.  samoistnie odjeżdżający
 2.  niekontrolowany|ˈrʌnəweɪ"
rundown,fakty,"i.   1.  [nieform]  zmęczony|ograniczony
ii.   1.  redukcja
 2.  [nieform]  najważniejsze fakty|paskudny
 3.  zredukowany|run-down"
rung,rʌŋ,szczebel
runner,"1.  biegacz
 2.  przemytnik
 3.  prowadnica
 4.  płoza",ˈrʌnə
runnerup,runner-up,zdobywca drugiego miejsca|ˌrʌnəˈrʌp
running,"i.   1.  bieganie
 2.  zarządzanie","kierowanie
ii.   1.  biegnący
 2.  [woda]  bieżący
 3.   running 
 - dwa dni pod rząd|nie być poważnym kandydatem do czegoś|out of* running for sth 
 - być poważnym kandydatem do czegoś|pod rząd
 4.  be *in"
runny,cieknący,lejący się|ˈrʌnɪ
runofthemill,najzwyczajniejszy,run-of-the-mill|ˌrʌnəvðəˈmɪl
runup,run-up,the run-up  okres poprzedzający|ˈrʌnʌp
runway,pas startowy,ˈrʌnweɪ
rupee,ru:ˈpi:,rupia
rupture,i.   1.  [med]  pęknięcie,"nadrywać|przepuklina
 2.  [form]  zerwanie
ii.   1.  [form]  nadrywać|zrywać
 2.  nabawiać się przepukliny|ˈrʌpʧə"
rural,wiejski,ˈrʊərəl
ruse,podstęp,ru:z
rusk,rʌsk,sucharek
russia,rosja,ˈrʌʃə
russian,"i.    [język]  rosyjski
ii.    rosjanin",ˈrʌʃən
rust,"i.    rdza
ii.    rdzewieć",rʌst
rustic,rustykalny,wieśniaczy|ˈrʌstɪk
rustle,"i.    szeleścić
ii.    szelest",ˈrʌsəl
rusty,zardzewiały,ˈrʌstɪ
rut,"1.  koleina
 2.  ruja",rʌt
ruthless,bezlitosny,ˈru:θlɪs
rye,raɪ,żyto
résumé,1.  podsumowanie,"resume|streszczenie
 2.  [us]  życiorys|ˈrezjʊmeɪ"
s,południowy,"s
  południe|s.
  sekunda"
sa,"sa.
  sobota",
sabbath,"the sabbath 
 - szabas",ˈsæbəθ
saber,sabre,szabla|ˈseɪbə
sabotage,"i.    sabotaż
ii.   1.  niszczyć przez sabotaż
 2.  sabotować",ˈsæbətɑ:ʒ
sabre,saber,szabla|ˈseɪbə
saccharin,saccharine,sacharyna|ˈsækəraɪn
saccharine,saccharin,sacharyna|ˈsækəraɪn
sachet,saszetka,torebeczka|ˈsæʃeɪ
sack,i.    worek,"sæk|wyrzucać
 2.  get the sack 
 - zostać wyrzuconym z pracy|wór
ii.   1.  [br nieform]  wyrzucać z pracy"
sacking,tkanina workowa,ˈsækɪŋ
sacrament,sakrament,ˈsækrəmənt
sacred,"1.  święty
 2.  sakralny
 3.  uświęcony",ˈseɪkrɪd
sacrifice,"i.   1.  składać w ofierze
 2.  poświęcać
ii.   1.  ofiara
 2.  poświęcenie",ˈsækrɪfaɪs
sacrificial,ofiarny,ˌsækrɪˈfɪʃəl
sacrilege,świętokradztwo,ˈsækrɪlɪʤ
sacrosanct,święty,ˈsækrəsæŋkt
sad,smutny,sæd
sadden,zasmucać,ˈsædən
saddle,"i.   1.  siodło
 2.  siodełko","siedzenie
ii.   1.  osiodłać
 2.  brać kłopot na barki|ˈsædəl"
saddlebag,juki,ˈsædəlbæg
sadism,sadyzm,ˈsædɪzəm
sadness,smutek,ˈsædnɪs
sae,zaadresowana koperta ze znaczkiem,ˌ$⋅⋅$ˈ$⋅$
safari,səˈfɑ:rɪ,
safe,dla pewności,"i.    bezpieczny 
ii.   1.  sejf
 2.  it is safe to say  :safe :to :say)
 - można spokojnie powiedzieć
 3.  [nieform]  play safe 
 - zachowywać się bezpiecznie
 4.  to be on the safe side 
 - by się czuć bezpiecznie|seɪf"
safeguard,"i.    ochraniać
ii.    zabezpieczenie",ˈseɪfgɑ:d
safekeeping,opieka,ˌseɪfˈki:pɪŋ
safety,"agrafka
vi.  safety valve","bezpiecznik
v.  safety pin|i.   1.  bezpieczeństwo
 2.  osłona
ii.    zabezpieczający
iii.  safety belt|klapa bezpieczeństwa|pas bezpieczeństwa
iv.  safety catch"
sag,obwisać,sæg|zwisać
sage,"i.    [lit]  mądry
ii.   1.  [lit]  mędrzec
 2.  szałwia",seɪʤ
sagittarius,strzelec  [znak zodiaku],ˌsæʤɪˈteərɪəs
sago,ˈseɪgəʊ,
sahara,səˈhɑ:rə,"the sahara 
 - sahara"
sail,"i.    żagiel
ii.   1.  płynąć
 2.  żeglować 
 3.  set sail 
 - wypływać
iii.  sail through   łatwo się prześliznąć",seɪl
sailing,"1.  kurs
 2.  żegluga",ˈseɪlɪŋ
sailor,marynarz,ˈseɪlə
saint,seɪnt,święty
saintly,święty,ˈseɪntlɪ
sake,"1.  for the sake of sth 
 - ze względu na coś
 2.  [nieform]  for *god's","heaven's* sake 
 - na litość boską|seɪk"
salad,sałatka,ˈsæləd
salaried,pobierający pensję,ˈsælərɪd
salary,pensja,pobory|ˈsælərɪ
sale,"i.   1.  sprzedaż
 2.  wyprzedaż
ii.   1.  aukcja
 2.  obroty","seɪl|zbyt
iii.   1.  handlowy
 2.  for sale 
 - na sprzedaż
 3.  on sale 
 - do kupienia"
salesclerk,sprzedawca,ˈseɪlzklɑ:k
salesman,pośrednik handlowy,sprzedawca|ˈseɪlzmən
saleswoman,pośredniczka handlowa,sprzedawczyni|ˈseɪlzwʊmən
salient,główny,najważniejszy|ˈseɪlɪənt
saliva,səˈlaɪvə,ślina
sallow,pożólkły,ˈsæləʊ
salmon,łosoś,ˈsæmən
saloon,"1.  limuzyna
 2.  [br]  salon
 3.  [us]  bar",səˈlu:n
salt,"[br]   solniczka
iv.  salt shaker","[us]   solniczka|i.    sól
ii.    solić
iii.  salt cellar|rozmowy w sprawie ograniczenia zbrojeń strategicznych|sɒlt"
salty,słony,ˈsɒltɪ
salubrious,səˈlu:brɪəs,zdrowotny
salutary,zbawczy,ˈsæljʊtərɪ
salute,"czcić
ii.   1.  salutowanie","honory
 2.  pozdrowienie|i.   1.  salutować|oddawać honory
 2.  pozdrawiać
 3.  świętować|səˈlu:t"
salvage,"akcja ratunkowa
ii.    ratunkowy","i.   1.  ratować 
 2.  ratunek|ˈsælvɪʤ"
salvation,1.  [też relig]  zbawienie,"odkupienie
 2.  wybawienie|sælˈveɪʃən"
salvo,salwa,ˈsælvəʊ
same,i.   the same  taki sam,"just the same 
 - mimo wszystko
 3.  it is all the same to sb 
 - komuś jest wszystko jedno
 4.  ``the same to you!'' 
 -|nawzajem!''|seɪm|ten sam
ii.   1. the same  tak samo
 2.  all"
sameness,jednakowość,ˈseɪmnɪs
sample,"i.   1.  próba
 2.  próbka
ii.    próbować",ˈsæmpəl
sanatorium,ˌsænəˈtɔ:rɪəm,
sanctify,poświęcać,uświęcać|ˈsæŋktɪfaɪ
sanctimonious,świętoszkowaty,ˌsæŋktɪˈməʊnɪəs
sanction,"i.    sankcjonować
ii.    [form]  sankcja",ˈsæŋkʃən
sanctity,świętość,ˈsæŋktɪtɪ
sanctuary,"1.  sanktuarium
 2.  azyl
 3.  rezerwat",ˈsæŋkʧʊərɪ
sand,"i.    piasek
ii.    szlifować papierem ściernym","szlifować
iii.    piaszczysty|sænd"
sandal,sandał,ˈsændəl
sandpaper,papier ścierny,ˈsændpeɪpə
sandpit,piaskownica,ˈsændpɪt
sandstone,piaskowiec,ˈsændstəʊn
sandstorm,burza piaskowa,ˈsændstɔ:m
sandwich,"i.    kanapka
ii.    wciskać",ˈsændwɪʤ
sandy,piaskowy,ˈsændɪ
sane,"1.  zdrowy na umyśle
 2.  rozsądny",seɪn
sanguine,optymistyczny,ˈsæŋgwɪn
sanitarium,sanatorium,ˌsænɪˈteərɪəm
sanitary,[br]   podpaska higieniczna,"[us]   podpaska higieniczna|i.   1.  czysty
 2.  sanitarny
ii.  sanitary napkin|podpaska|podpaska
iii.  sanitary towel"
sanitation,"1.  instalacja sanitarna
 2.  system sanitarny
 3.  warunki sanitarne",ˌsænɪˈteɪʃən
sanity,1.  zdrowe zmysły,"zdrowy rozsądek
 2.  celowość|ˈsænɪtɪ"
santa clause,święty mikołaj,ˈsæntə klɔ:z
sap,"i.    sok
ii.    wyczerpywać",sæp
sapling,sadzonka,sadzonka drzew|ˈsæplɪŋ
sapphire,szafir,ˈsæfaɪə
sarcasm,sarkazm,ˈsɑ:kæzəm
sarcastic,sarkastyczny,sɑ:ˈkæstɪk
sardine,sardynka,ˌsɑ:ˈdi:n
sardonic,sardoniczny,sɑ:ˈdɒnɪk
sash,szarfa,sæʃ
sat,"sat.
  sobota",
satan,szatan,ˈseɪtən
satchel,teczka szkolna,ˈsæʧəl
satellite,"1.  satelita
 2.  sputnik",ˈsætəlaɪt
satin,satyna,ˈsætɪn
satire,satyra,ˈsætaɪə
satirical,satyryczny,səˈtɪrɪkəl
satirise,satirize,wykpiwać|ˈsætɪraɪz
satirize,satirise,wykpiwać|ˈsætɪraɪz
satisfaction,"1.  satysfakcja
 2.  spełnienie
 3.  zadowolenie",ˌsætɪsˈfækʃən
satisfactory,zadowalający,ˌsætɪsˈfæktərɪ
satisfied,"1.  zadowolony 
 2.  usatysfakcjonowany",ˈsætɪsfaɪd
satisfy,"1.  zadowalać
 2.  spełniać","zaspokajać
 3.  przekonywać|ˈsætɪsfaɪ"
satisfying,zadowalający,ˈsætɪsfaɪɪŋ
saturate,1.  zarzucać,"nasycać 
 2.  [chem]  wysycać
 3.  przemaczać|ˈsæʧəreɪt"
saturday,sobota,ˈsætədɪ
sauce,sos,sɔ:s
saucepan,sosjerka,ˈsɔ:spæn
saucer,spodek,ˈsɔ:sə
saucy,impertynencki,ˈsɔ:sɪ
saudi arabia,arabia saudyjska,ˌsaʊdɪ əˈreɪbɪə
saunter,przechadzać się,ˈsɔ:ntə
sausage,"i.    kiełbasa
ii.  sausage roll",zapiekana kiełbasa|ˈsɒsɪʤ|ˌsɒsɪʤ ˈrəʊl
saute,sauté,smażyć na sposób sauté|ˈsəʊteɪ
sauté,saute,smażyć na sposób sauté|ˈsəʊteɪ
savage,i.    dziki,"skrytykować|wściekły
ii.    dzikus
iii.   1.  atakować
 2.  skrytykować napastliwie|ˈsævɪʤ"
save,"czas]  oszczędzać 
 3.  [na później]  odkładać
 4.  [sport]  bronić
 5.  [komp]  [dane]  zapisywać
ii.   1.  [sport]  obrona
 2.  [form]  save  
 - z wyjątkiem","i.   1.  ratować (from - przed|od)
 2.  [pieniądze|oprócz|seɪv"
savings,i.    oszczędnośći,"oszczędność
ii.  savings account|rachunek oszczędnościowy|ˈseɪvɪŋz|ˈseɪvɪŋzəkaʊnt"
saviour,wybawca,zbawca|ˈseɪvɪə
savor,"i.   1.  smakować
 2.  zasmakowywać
ii.    smak",savour|ˈseɪvə
savory,"1.  pikantny
 2.  przypadający do smaku",savoury|ˈseɪvərɪ
savour,"i.   1.  smakować
 2.  zasmakowywać
ii.    smak",savor|ˈseɪvə
savoury,"1.  pikantny
 2.  przypadający do smaku",savory|ˈseɪvərɪ
sawdust,trociny,ˈsɔ:dʌst
saxon,i.    saski,"saksoński
ii.   1.  sakson
 2.  sas|ˈsæksən"
saxony,saksonia,ˈsæksənɪ
saxophone,saksofon,ˈsæksəfəʊn
say,"coś do powiedzenia
iii.   1.  na przykład","i.   1.  mówić|nie mów!''|powiedzieć
 2.  głosić
 3.  a. pokazywać
 b.
      ""the clock says it's 2 o'clock""  - zegar pokazuje|powiedzmy
 2.  sb has his say 
 - ktoś wygłasza swoją opinię
 3.  sth goes without saying 
 - coś się rozumie samo przez się
 4.  that is to say 
 - to znaczy
 5.  to say the least 
 - ujmując to delikatnie
 6.  [nieform]  ``you don't say!'' 
 -"
saying,powiedzenie,ˈseɪɪŋ
sc,sc.,"scilicet
  tj.|to jest"
scab,"1.  strup
 2.  [nieform]  łamistrajk",skæb
scabby,"1.  zastrupiały
 2.  [nieform]  parszywy",ˈskæbɪ
scaffold,szafot,ˈskæfəld
scaffolding,rusztowanie,ˈskæfəldɪŋ
scald,"i.    parzyć 
ii.    oparzenie",skɔ:ld
scale,"i.   1.  skala
 2.  [muz]  gama
 3.  łuska
 4.  szala","przesadzać
 2.  to scale 
 - według skali
iii.  scale down   redukować|skeɪl|waga szalowa
 5. scales  waga
ii.   1.  przechodzić"
scalp,i.   1.  skóra na głowie,"skælp|skóra
 2.  skalp
ii.    skalpować"
scalpel,skalpel,ˈskælpəl
scaly,łuskowaty,ˈskeɪlɪ
scamp,"hultaj
ii.    fuszerować",i.    nicpoń|partolić|skæmp
scamper,odbiegać,ˈskæmpə
scan,"1.  przeglądać
 2.  przepatrywać
 3.  szukać wzrokiem (a for sb - kogoś w a","kogoś na a)
 4.  [termin]  skanować|skæn"
scandal,"1.  skandal
 2.  plotki",ˈskændəl
scandalise,gorszyć,scandalize|ˈskændəlaɪz
scandalize,gorszyć,scandalise|ˈskændəlaɪz
scandalous,skandaliczny,ˈskændələs
scandinavia,skandynawia,ˌskændɪˈneɪvɪə
scandinavian,"i.    skandynawski
ii.    skandynaw",ˌskændɪˈneɪvɪən
scant,nikły,skænt|wątły
scanty,nikły,skąpy|ˈskæntɪ
scapegoat,kozioł ofiarny,ˈskeɪpgəʊt
scar,i.    blizna,"pokrywać szramami|skɑ:|szrama
ii.    pokrywać bliznami"
scarce,niewystarczający,rzadki|skeəs
scarcely,1.  ledwie,"nieomalże|z ledwością
 2.  prawie nie|ˈskeəslɪ"
scarcity,brak,ˈskeəsɪtɪ
scare,"histeria
 2.  give sb a scare 
 - wystraszyć kogoś
iii.  scare away   odstraszać","i.    wystraszać
ii.   1.  panika|skeə"
scarecrow,strach na wróble,ˈskeəkrəʊ
scared,1.  wystraszony,"bać się czegoś
 3.  [nieform]  scared *stiff|bojący się 
 2.  be scared *that|of sth* 
 - bać się że|skeəd"
scarf,skɑ:f,szalik
scarlet,"i.    szkarłatny
ii.    szkarłat
iii.  scarlet fever",płonica|szkarlatyna|ˈskɑ:lɪt|ˌskɑ:lɪt ˈfi:və
scathing,zgryźliwy,ˈskeɪðɪŋ
scatter,"1.  rozrzucać
 2.  rozbiegać się",rozpraszać się|ˈskætə
scattered,"1.  rozrzucony
 2.  posypany",ˈskætəd
scavenge,wygrzebywać,wygrzebywać ze śmieci|ˈskævɪnʤ
scenario,scenariusz,sɪˈnɑ:rɪəʊ
scene,"1.  scena
 2.  sceneria","na miejscu|si:n|widok
 3.  miejsce
 4.  behind the scenes 
 - za kulisami
 5.  on the scene 
 - na miejsce"
scenery,1.  sceneria,"pejzaż
 2.  dekoracja|scenografia|ˈsi:nərɪ"
scenic,[o pięknych widokach]  sceniczny,widowiskowy|ˈsi:nɪk
scent,"aromat
 2.  perfumy
 3.  trop
ii.   1.  wyczuwać","i.   1.  zapach|sent|wywęszać
 2.  perfumować"
scented,perfumowany,ˈsentɪd
sceptic,sceptyk,skeptik|ˈskeptɪk
sceptical,sceptyczny,skeptikal|ˈskeptɪkəl
schedule,"behind* schedule 
 - przed czasem","i.   1.  plan|opóźniony|program
 2.  [us]  rozkład  [jazdy]
 3.  [form]  lista
ii.   1.  planować|przeznaczać 
 2.  on schedule 
 - zgodnie z rozkładem
 3.  *ahead of"
scheme,"i.   1.  projekt
 2.  przedsięwzięcie","knuć|program
 3.  intryga
ii.   1.  planować
 2.  intrygować|ski:m"
schism,"1.  rozłam
 2.  schizma",ˈskɪzəm|ˈsɪzəm
schizophrenia,schizofrenia,ˌskɪtsəʊˈfri:nɪə
scholar,"1.  uczony
 2.  uczeń",stypendysta|ˈskɒlə
scholarly,uczony,ˈskɒləlɪ
scholarship,"1.  stypendium
 2.  nauka",ˈskɒləʃɪp
school,"i.   1.  szkoła
 2.  wydział","instytut
 3.  [us nieform]  uniwersytet|sku:l|wyższa szkoła
 4.  ławica
ii.    szkolić"
schoolboy,uczeń,ˈsku:lbɔɪ
schoolchild,uczeń,ˈsku:lʧaɪld
schoolgirl,uczennica,ˈsku:lgɜ:l
schooling,nauka,wykształcenie|ˈsku:lɪŋ
schoolmaster,nauczyciel,ˈsku:lmɑ:stə
schoolmistress,nauczycielka,ˈsku:lmɪstrɪs
schooner,"1.  skuner
 2.  kielich",ˈsku:nə
science,"1.  nauka
 2.  nauka przyrodnicza",ˈsaɪəns
scientific,naukowy,ˌsaɪənˈtɪfɪk
scientist,naukowiec,ˈsaɪəntɪst
scilicet,sc.,"scilicet
  tj.|to jest"
scissors,nożyczki,ˈsɪzəz
scoff,"1.  szydzić 
 2.  [br nieform]  jeść",skɒf|wcinać
scold,besztać,skəʊld|łajać
scone,bułka  [drożdżowa na ciepło],skəʊn
scooter,"1.  skuter
 2.  hulajnoga",ˈsku:tə
scope,"1.  możliwość
 2.  zakres",skəʊp
scorch,przypalić,skɔ:ʧ|spalić
scorching,upalny,ˈskɔ:ʧɪŋ
score,"duża ilość
 3.  [muz]  partytura
 4.  [form]  on *this","górować 
 4.  [przedmiot]  nacinać|i.   1.  [sport]  zdobywać punkty|karbować
 5.  [sport]  liczyć punkty
ii.   1.  [sport]  wynik|rezultat
 2. scores  masa"
scorn,"i.    pogarda
ii.   1.  pogardzać
 2.  [form]  gardzić
 3.  heap","pour scorn on sth 
 - traktować coś pogardliwie|skɔ:n"
scornful,pogardliwy,ˈskɔ:nfʊl
scorpio,niedźwiadek  [znak zodiaku],skorpion|ˈskɔ:pɪəʊ
scorpion,skorpion,ˈskɔ:pɪən
scot,skɒt,szkot
scotch,i.    szkocka whisky,"i.    szkocki
ii.  scotch tape|klejąca taśma przezroczysta|skɒʧ|taśma przezroczysta"
scotland,szkocja,ˈskɒtlənd
scots,skɒts,szkocki  [język lub dialekt angielski]
scotsman,szkot,ˈskɒtsmən
scotswoman,szkotka,ˈskɒtswʊmən
scottish,szkocki,ˈskɒtɪʃ
scoundrel,łajdak,ˈskaʊndrəl
scour,"1.  przeszukiwać
 2.  szorować",czyścić|ˈskaʊə
scourge,bicz boży,plaga|skɜ:ʤ
scout,badać,"harcerz
 2.  zwiadowca
ii.    szukać|i.   1.  skaut|skaʊt"
scowl,i.    krzywić się,"skaʊl|wyrażać niezadowolenie 
ii.    skrzywienie się"
scram,skræm,znikać
scramble,"gramolenie
 2.  gonitwa","gramolić się
 2.  [szybko]  wyrywać|i.   1.  leźć|walka|zmagania"
scrambled eggs,jajecznica,ˌskræmbəld ˈegz
scrap,"i.   1.  skrawek
 2. scraps  resztki
 3. scrap metal  złom
 4.  [nieform]  bójka
ii.   1.  odrzucać","skræp|wyrzucać
 2.  not a scrap of sth 
 - nawet odrobina czegoś|wyrzucać na złom"
scrapbook,album,ˈskræpbʊk
scrape,drasnąć,"i.   1.  skrobać|otrzeć   
 4.  ledwo wiązać koniec z końcem
ii.   1.  skrobanie
 2.  [przest]  get into a scrape 
 - wpaść w tarapaty
iii.  scrape through   prześliznąć się|otrzeć się|skreɪp"
scratch,"come* up to scratch 
 - spełniać wymagania","i.   1.  drapać 
 2.  zadrapywać|skræʧ|spełniać oczekiwania|zarysowywać
ii.   1.  zadrapanie
 2.  rysa
 3.  [nieform]  from scratch 
 - od zera
 4.  [nieform]  *be"
scrawl,bazgranina,"i.    bazgrać
ii.    bazgroły|skrɔ:l"
scrawny,kościsty,ˈskrɔ:nɪ
scream,"hałas
 3.  [nieform]  sb is a scream 
 - z kimś można pękać ze śmiechu","hałasować
ii.   1.  krzyk|i.   1.  krzyczeć przenikliwie|krzyczeć|przy kimś można pękać ze śmiechu"
scree,piarg,skri:
screech,"i.   1.  skrzeczeć
 2.  piszczeć
ii.   1.  skrzek
 2.  pisk",skri:ʧ
screen,chorego]  badać,"i.   1.  ekran
 2.  [w pokoju]  przepierzenie|parawan
 3. the screen  kino
ii.   1.  [film]  wyświetlać|pokazywać
 2.  [przed niebezpieczeństwem]  osłaniać
 3.  [kandydata|przebadywać"
screenplay,scenariusz,ˈskri:npleɪ
screw,i.   1.  śruba,"skru:|wkręt
 2.  śmigło
ii.   1.  przykręcać
 2.  [wulg]  pieprzyć
iii.  screw up  1.  wykręcać
 2.  [nieform]  spieprzyć"
screwdriver,wkrętak,śrubokręt|ˈskru:draɪvə
screwy,dziwaczny,ˈskru:ɪ
scribble,i.    gryzmolić,"skrobać
ii.   1.  bazgroły
 2.  gryzmoły|ˈskrɪbəl"
scribe,skraɪb,skryba
script,"1.  pismo
 2.  rękopis
 3.  scenariusz",skrɪpt|tekst
scripture,pismo,pismo święte|ˈskrɪpʧə
scriptwriter,scenarzysta,ˈskrɪptraɪtə
scroll,skrəʊl,zwój
scrounge,ciągnąć,skraʊnʤ|wypraszać
scrounger,naciągacz,ˈskraʊnʤə
scrub,busz australijski,"i.    szorować
ii.   1.  szorowanie
 2.  skrub|skrʌb"
scruff,"by the scruff of the neck 
 - za kark",skrʌf
scruffy,brudny,niechlujny|ˈskrʌfɪ
scruples,skrupuł,ˈskru:pəlz
scrupulous,"1.  skrupulatny
 2.  dokładny",ˈskru:pjʊləs
scrutinise,analizować,badać|badać dokładnie|scrutinize|ˈskru:tɪnaɪz
scrutinize,analizować,badać|badać dokładnie|scrutinise|ˈskru:tɪnaɪz
scrutiny,analiza,badanie|dokładne badanie|ˈskru:tɪnɪ
scuff,ciągnąć,ciągnąć nogami|skʌf|szurać
scuffle,"i.    bijatyka
ii.    bić się",ˈskʌfəl
scullery,pomieszczenie do mycia naczyń,ˈskʌlərɪ
sculptor,rzeźbiarz,ˈskʌlptə
sculpture,"1.  rzeźba
 2.  rzeźbiarstwo",ˈskʌlpʧə
scum,"1.  powłoka brudu
 2. scums  [pejor]  szumowiny",skʌm
scurrilous,oszczerczy,zniesławiający|ˈskʌrɪləs
scurry,przebiegać,ˈskʌrɪ
scuttle,"i.   1.  zmykać
 2.  [samemu swój statek]  zatapiać
ii.    wiadro na węgiel",wiadro|ˈskʌtəl
scythe,"i.    kosa
ii.    kosić",saɪð
se,południowo-wschodni,"se
  płd.-wsch."
sea,"1.  morze
 2.  at sea 
 - na morzu","co robić
 4.  by sea 
 - morzem
 5.  by the sea 
 - nad morzem
 6.  out to sea 
 - na morze|nie wiedzieć|si:|w morzu
 3.  [nieform]  be  at sea 
 - być w lesie"
seabed,dno morskie,ˈsi:bed
seaboard,obszar nadmorski,ˈsi:bɔ:d
seafaring,żeglarski,ˈsi:feərɪŋ
seafood,frutti di mare,ˈsi:fu:d
seafront,nabrzeże,ˈsi:frʌnt
seagull,mewa,ˈsi:gʌl
seal,i.   1.  pieczęć,"odcinać|odcinać wejście|si:l|uszczelniać
iii.  seal off   zablokowywać"
seam,"1.  szew
 2.  pokład",si:m|złoże
seaman,żeglarz,ˈsi:mən
seamless,bez szwu,ˈsi:mlɪs
seamy,nieprzyjemny,ˈsi:mɪ
seance,seans,seans spirytystyczny|séance|ˈseɪɑ:ns
seaport,miasto portowe,ˈsi:pɔ:t
search,"i.   1.  szukać 
 2.  przeszukiwać
 3.  poszukiwać 
ii.   1.  szukanie
 2.  przeszukanie
 3.  in search of sth 
 - w poszukiwaniu czegoś",sɜ:ʧ
searching,badawczy,ˈsɜ:ʧɪŋ
searing,"1.  dojmujący
 2.  przenikliwy",ˈsɪərɪŋ
seashell,muszla,ˈsi:ʃel
seashore,brzeg,wybrzeże|ˈsi:ʃɔ:
seasick,"be seasick 
 - mieć chorobę morską",ˈsi:sɪk
seaside,"i.   the seaside  brzeg morza
ii.   1.  nadmorski
 2.  at the seaside 
 - nad morzem",ˈsi:saɪd
season,bilet okresowy,"i.   1.  pora roku
 2.  okres
 3.  sezon
 4.  festiwal|nie w sezonie
iii.  season ticket|pokaz
ii.   1.  przyprawiać
 2.  in season 
 - w okresie sezonu|w sezonie
 3.  out of season 
 - poza sezonem"
seasonal,sezonowy,ˈsi:zənəl
seasoned,doświadczony,zaprawiony|ˈsi:zənd
seasoning,przyprawy,ˈsi:zənɪŋ
seat,"i.   1.  siedzenie
 2.  miejsce  [też w parlamencie]
ii.   1.  mieścić
 2.  seat oneself 
 - usadawiać się",si:t
seatbelt,pas bezpieczenstwa,seat-belt|ˈsi:tbelt
seating,"1.  siedzenia
 2.  miejsce",ˈsi:tɪŋ
seato,pakt azji południowo-wschodniej,ˈsi:təʊ
seaweed,wodorost,ˈsɪ:wi:d
seaworthy,zdatny do żeglugi,ˈsi:wɜ:ðɪ
sec,"drugorzędny
iii.
   see also: {secretary}
  sekretarz","sec.
i.
   see also: {second}
  sekunda
ii.
   see also: {secondary}
  średni"
secede,odłączać się,sɪˈsi:d
secluded,odosobniony,sɪˈklu:dɪd
seclusion,odosobnienie,sɪˈklu:ʒən
second,1.  zastanowienie się,"i.   1.  drugi
 2.  po drugie
ii.   1.  [czasu]  sekunda
 2.  [w sklepie]  towar drugiej jakości|namysł
 2.  on second thoughts 
 - po zastanowieniu się|towar niepełnowartościowy
 3.  [w pojedynku]  sekundant
iii.   1.  [wniosek]  popierać
 2.  (in|w kilka chwil
 3.  at second hand 
 - z drugiej ręki
iv.  second thoughts"
secondary,"1.  drugorzędny
 2.  średni",ˈsekəndərɪ
secondbest,drugiej jakości,second-best|ˌsekəndˈbest
secondclass,"1.  drugorzędny
 2.  drugiej klasy",second-class|ˌsekəndˈklɑ:s
secondhand,"1.  używany
 2.  antykwaryczny
 3.  z drugiej ręki",second-hand|ˌsekəndˈhænd
secondly,po drugie,ˈsekəndlɪ
secondrate,niskiej jakości,second-rate|ˌsekəndˈreɪt
secrecy,dyskrecja,sekret|ˈsi:krɪsɪ
secret,"i.   1.  tajemny
 2.  tajny
 3.  ukryty
ii.   1.  tajemnica","sekret
 2.  in secret 
 - w tajemnicy
iii.  secret service|służby specjalne|wywiad|ˈsi:krɪt"
secretarial,sekretarski,ˌsekrəˈteərɪəl
secretariat,sekretariat,ˌsekrəˈteərɪət
secretary,1.  sekretarz,"sekretarka
 2.  minister|ˈsekrətərɪ"
secrete,sɪˈkri:t,wydzielać
secretive,skryty,ˈsi:krɪtɪv
sect,sekt,sekta
sectarian,sekciarski,sekˈteərɪən
section,część,sekcja|ˈsekʃən
sector,"1.  sektor
 2.  odłam",ugrupowanie|ˈsektə
secular,świecki,ˈsekjələ
secure,głosy]  zapewniać sobie,"i.   1.  [form]  zabezpieczać   
 2.  [poparcie|przymocowany
 4.  [pozycja]  niezagrożony
 5.  [podstawa]  mocny|stan]  pewny
 3.  [przedmiot]  dobrze przymocowany|sɪˈkjʊə"
security,"1.  bezpieczeństwo
 2.  siły bezpieczeństwa
 3.  zabezpieczenie
 4.  [termin]  papier wartościowy",sɪˈkjʊərɪtɪ
secy,"secy.
  sekretarz",
sedate,"dystyngowany
ii.    [med]  podawać środki uspokajające",i.    spokojny|sɪˈdeɪt
sedative,"i.    środek uspokajający
ii.    uspokajający",ˈsedətɪv
sedentary,siedzący,ˈsedəntərɪ
sediment,osad,ˈsedɪmənt
seduce,"1.  uwodzić
 2.  nęcić",sɪˈdju:s
seductive,"1.  uwodzicielski
 2.  ponętny",sɪˈdʌktɪv
see,"as 
 - jako że
ii.  see about   zająć się
iii.  see off   odprowadzać
iv.  see through   rozszyfrowywać","dopilnować
 6.  [przyszłość]  wyobrażać sobie
 7.  i'll see 
 - zobaczę|dopilnowywać|i.   1.  widzieć|let me see* 
 - chwileczkę"
seed,"1.  nasienie
 2. the seeds  [lit]  zaczątki",si:d|zarzewie
seedling,kiełek,sadzonka|ˈsi:dlɪŋ
seedy,obdarty,zeszmacony|ˈsi:dɪ
seeing,zważywszy,że|ˈsi:ɪŋ
seek,"1.  poszukiwać
 2.  dążyć (sth - do czegoś","do osiągnięcia czegoś)
 3.  prosić 
 4.  usiłować|si:k|starać się"
seem,1.  a. wydawać się być,"si:m|wydawać się|zdawać się
 b.
      ""it seems important""  - wydaje się to być ważne
 c.
      ""it seems to be important""  - wydaje się to być ważne
 d.
      ""i seem to remember that""  - zdaje mi się|że to pamiętam
 2.  [z przeczeniem]  w ogóle nie"
seeming,pozorny,ˈsi:mɪŋ
seep,przeciekać,przesączać się|si:p
seesaw,"i.    huśtawka
ii.    huśtać się",ˈsi:sɔ:
seethe,"1.  kipieć   
 2.  roić się (with sth - czymś",od czegoś)|si:ð
seethrough,przezroczysty,see-through|ˈsi:θru:
segment,"1.  część
 2.  cząstka
 3.  [mat]  odcinek",ˈsegmənt
segregate,oddzielać,ˈsegrɪgeɪt
segregation,segregacja,ˌsegrɪˈgeɪʃən
seismic,sejsmiczny,ˈsaɪzmɪk
seize,i.   1.  chwytać,"si:z|zawładnąć
 3.  zatrzymywać
ii.  seize up   odmawiać posłuszeństwa|łapać
 2.  przejmować"
seizure,"1.  atak
 2.  przejęcie",zawładnięcie|ˈsi:ʒə
seldom,rzadko,ˈseldəm
select,"1.  wybierać
 2.  elitarny",sɪˈlekt|wyselekcjonowany
selection,"1.  wybór
 2.  selekcja",sɪˈlekʃən
selective,1.  selekcyjny,"sɪˈlektɪv|wybiórczy
 2.  krytyczny|wybredny"
self,"one's self 
 - swoje prawdziwe ja",samo-|self-
selfassured,pewny siebie,self-assured|ˌselfəˈʃʊəd
selfcentered,egoistyczny,egotystyczny|self-centered|self-centred|ˌselfˈsentəd
selfcentred,egoistyczny,egotystyczny|self-centered|self-centred|ˌselfˈsentəd
selfconfident,pewny siebie,self-confident|ˌselfˈkɒnfɪdənt
selfconscious,niepewny siebie,nieśmiały|self-conscious|ˌselfˈkɒnʃəs
selfcontained,1.  oddzielny,"izolowany
 2.  osobny|self-contained|ˌself kənˈteɪnd"
selfcontrol,opanowanie,self-control|ˌselfkənˈtrəʊl
selfdefence,obrona własna,samoobrona|self-defence|self-defense|ˌselfdɪˈfens
selfdefense,obrona własna,samoobrona|self-defence|self-defense|ˌselfdɪˈfens
selfemployed,na własnym rozrachunku,self-employed|ˌselfɪmˈplɔɪd
selfevident,bardzo oczywisty,oczywisty|self-evident|ˌselfˈevɪdənt
selfgovernment,samorząd,self-government|ˌselfˈgʌvənmənt
selfindulgent,folgujący sobie,self-indulgent|ˌselfɪnˈdʌlʤənt
selfinterest,self-interest,własny interes|własny korzyść|ˌselfˈɪntrəst
selfish,samolubny,ˈselfɪʃ
selfless,bezinteresowny,ˈselflɪs
selfmade,self-made,zawdzięczający wszystko samemu sobie|ˌselfˈmeɪd
selfreliant,liczący na siebie,niezależny|self-reliant|ˌselfrɪˈlaɪənt
selfrespect,ambicja,poczucie własnej wartości|self-respect|ˌselfrɪˈspekt
selfrighteous,self-righteous,zadufany w swoje racje|ˌselfˈraɪʧəs
selfsacrifice,poświęcenie się,samopoświęcenie się|self-sacrifice|ˌselfˈsækrɪfaɪs
selfsatisfied,self-satisfied,zadowolony z siebie|ˌselfˈsætɪsfaɪd
selfservice,"i.    samoobsługowy
ii.    samoobsługa",self-service|ˌselfˈsɜ:vɪs
selfsufficient,samowystarczalny,self-sufficient|ˌselfsəˈfɪʃənt
sell,"i.   1.  sprzedawać   
 2.  sprzedawać się","rozchodzić się
 3.  kosztować   
 4.  wpływać na sprzedaż
ii.  sell off   rozprzedawać|sel|się z czegoś)|wyprzedawać
iii.  sell out   wyprzedawać (of sth - coś"
seller,sprzedawca,ˈselə
selling price,cena sprzedażna,ˈselɪŋ ˌpraɪs
sellotape,klejąca taśma przezroczysta,taśma przezroczysta|ˈseləʊteɪp
semblance,podobieństwo,wrażenie|ˈsembləns
semen,nasienie,sperma|ˈsi:men
semester,semestr,sɪˈmestə
semicircle,półkole,półokrąg|ˈsemɪsɜ:kəl
semicolon,semi-colon,średnik|ˌsemɪˈkəʊlən
semidetached,[br]  [dom]  bliźniak,semi-detached|ˌsemɪdɪˈtæʧt
semifinal,półfinał,semi-final|ˌsemɪˈfaɪnəl
seminar,[uniwersyteckie]  seminarium,ˈsemɪnɑ:
seminary,seminarium,seminarium duchowne|ˈsemɪnərɪ
semiprecious,półszlachetny,semi-precious|ˌsemɪˈpreʃəs
semolina,kasza manna,ˌseməˈli:nə
sen,"sen.
i.  
   see also: {senator}
  senator
ii.  
   see also: {senior}
  starszy",senior
senate,senat,ˈsenɪt
senator,ˈsenətə,
send,i.    wysyłać,"posyłać
ii.  send back   odsyłać
iii.  send for  1.  posyłać 
 2.  zamawiać|prosić o przysłanie
iv.  send in   przesyłać|prosić o przysłanie
vi.  send up  1.  [nieform]  parodiować
 2.  zwiększać|przedstawiać
v.  send off  1.  wysyłać
 2.  zamawiać"
sender,nadawca,ˈsendə
sendoff,pożegnanie,send-off|ˈsendɒf
senile,starczy,ˈsi:naɪl
senior,i.   1.  wyższy,"stary człowiek|wiekiem]  a. starszy
 b.
      ""he is ten years her senior""  - on jest 10 lat od niej starszy
ii.    [us]  senior
iii.  senior citizen|wysoki
 2.  [stażem|ˈsi:nɪə"
seniority,starszeństwo,ˌsi:nɪˈɒrɪtɪ
sensation,"1.  odczucie
 2.  sensacja",senˈseɪʃən
sensational,"1.  sensacyjny
 2.  [nieform]  niezwykły",senˈseɪʃənəl
senseless,"1.  bezsensowny
 2.  bez zmysłów",ˈsenslɪs
sensibility,wrażliwość,ˌsensɪˈbɪlɪtɪ
sensible,rozsądny,ˈsensɪbəl
sensitive,"1.  wrażliwy   
 2.  drażliwy
 3.  czuły",ˈsensɪtɪv
sensual,zmysłowy,ˈsensjʊəl
sensuous,oddziałujący na zmysły,ˈsensjʊəs
sentence,"i.   1.  zdanie
 2.  [praw]  wyrok
ii.    skazywać",ˈsentəns
sentiment,1.  odczucie,"uczucie
 2.  sentyment|ˈsentɪmənt"
sentimental,"1.  sentymentalny
 2.  uczuciowy",ˌsentɪˈmentəl
sentry,wartownik,ˈsentrɪ
separate,"oddzielać 
 2. separate sth out  dzielić
 3.  rozchodzić się","oddzielać się|rozdzielać|separate
i.    oddzielny 
ii.   1.  rozdzielać się"
separated,w separacji,ˈsepəreɪtɪd
separation,"1.  odseparowanie
 2.  oddzielenie
 3.  separacja",ˌsepəˈreɪʃən
sept,"sept.
  wrzesień",
september,sepˈtembə,wrzesień
septic,zainfekowany,ˈseptɪk
sequel,dalszy ciąg,kontynuacja|ˈsi:kwel
sequence,"1.  ciąg
 2.  sekwencja",ˈsi:kwəns
sequin,cekin,ˈsi:kwɪn
serb,sɜ:b,
serbia,ˈsɜ:bɪə,
serbian,serbski,ˈsɜ:bɪən
serene,pogodny,sɪˈri:n
serf,poddany,sɜ:f
sergeant,"1.  sierżant
 2.  [br]  starszy posterunkowy",ˈsɑ:ʤənt
serial,"i.    serial
ii.    seryjny",ˈsɪərɪəl
series,seria,ˈsɪəri:z
serious,poważny,ˈsɪərɪəs
seriously,poważnie,ˈsɪərɪəslɪ
sermon,kazanie,ˈsɜ:mən
serpent,wąż,ˈsɜ:pənt
serrated,sɪˈreɪtɪd,ząbkowany
serum,surowica,ˈsɪərəm
servant,"i.   1.  służący
 2.  sługa
ii.    [urządzenie]  podrzędny",ˈsɜ:vənt
server,serwer,usługodawca|ˈsɜ:və
service,[us]   stacja obsługi,"dodatek za obsługę
iii.  service station|i.   1.  służba
 2.  [pocztowa]  usługa
 3. the services  siły zbrojne
 4.  [w kawiarni]  obsługa
 5.  [relig]  nabożeństwo
 6.  serwis  [naczynia]
 7.  [sport]  [piłki]  serw
 8.  [maszynę]  obsługiwać|konserwować
 9.  in service 
 - w użyciu
 10.  of service 
 - użyteczny
ii.  service charge|stacja benzynowa"
serviceable,praktyczny,ˈsɜ:vɪsəbəl
serviceman,żołnierz,ˈsɜ:vɪsmən
serviette,serwetka,ˌsɜ:vɪˈet
servile,służalczy,ˈsɜ:vaɪl
session,"1.  sesja
 2.  be in session 
 - zasiadać",ˈseʃən
set,"cenę]  ustalać
 9.  [precedens","gotowy 
 4.  [budynek]  umiejscowiony
 5.  [oczy]  osadzony
iv.  set about   zabierać się 
v.  set against  1.  kontrastować|hamować
 2.  [nieform]  kosztować
viii.  set down   opisywać|i.   1.  stawiać
 2.  [z różnymi rzeczownikami tłumaczy się w różny sposób|komplet
 2.  [sport]  set
 3. set design  scenografia
 4.  [np. radiowy]  odbiornik
iii.   1.  [niezmienny]  ustalony"
setback,niepowodzenie,ˈsetbæk
settee,kanapa,seˈti:|sofa
setting,"1.  oprawa
 2.  otoczenie
 3.  nastawienie",ˈsetɪŋ
settle,i.   1.  załatwiać,"regulować
 2.  płacić
 3.  osiedlać|siadać
ii.  settle down  1.  rozsiadać się|ustatkowywać się
 3.  uspokajać się
iii.  settle for   zadowalać się
iv.  settle on   decydować się 
v.  settle up   wyrównywać|zabierać się   
 2.  osiedlać się"
settled,"1.  osiadły
 2.  stały
 3.  zadomowiony",ˈsetəld
settlement,1.  rekompensata,"pogodzenie się
 3.  kolonia
 4.  osiedle|wyrównanie
 2.  załatwienie sprawy|załatwienie|ˈsetəlmənt"
settler,kolonista,osiedleniec|ˈsetlə
setup,set-up,sytuacja|ustawienie|ˈsetʌp
seven,siedem,ˈsevən
seventeen,siedemnaście,ˌsevənˈti:n
seventeenth,siedemnasty,ˌsevənˈti:nθ
seventh,siódmy,ˈsevənθ
seventieth,siedemdziesiąty,ˈsevəntɪθ
seventy,siedemdziesiąt,ˈsevəntɪ
sever,"1.  odcinać
 2.  rozcinać",ˈsevə
several,"i.    kilka
ii.    [form]  różny",ˈsevərəl
severance,odłączenie,ˈsevərəns
severe,1.  poważny,"niebezpieczny
 2.  surowy|sɪˈvɪə"
sew,i.    szyć,"przyszywać
ii.  sew up   zszywać|səʊ"
sewage,"i.    ścieki
ii.    kanalizacyjny",ˈsu:ɪʤ
sewer,kanał,ściek|ˈsu:ə
sewing,"i.    szycie
ii.  sewing machine",maszyna do szycia|ˈsu:ɪŋ|ˈsu:ɪŋməʃi:n
sex,"1.  płeć
 2.  seks
 3.  have sex 
 - mieć stosunek płciowy",seks
sexless,bezpłciowy,ˈsekslɪs
sexual,"1.  seksualny
 2.  płciowy",ˈseksjʊəl
sexuality,płciowość,seksualność|ˌseksjʊˈælɪtɪ
sexy,seksowny,ˈseksɪ
sf,science fiction,ˌ$⋅$ˈ$⋅$
sgd,"sgd.
  podpisany",
sh,cii,sza|ʃ
shabby,1.  obdarty,"zaniedbany
 2.  zgniły|ˈʃæbɪ"
shack,budka,chatka|ʃæk
shackle,i.    pętać,"krępować
ii.   shackles  kajdany|pęta|ˈʃækəl"
shade,"i.   1.  cień
 2.  abażur","klosz
 3.  odcień
ii.   1.  zacieniać|ocieniać
 2.  przechodzić|ʃeɪd"
shadow,"1.  cień
 2.  śledzić",ˈʃædəʊ
shadowy,1.  zacieniony,"zaciemniony
 2.  ledwo zarysowany
 3.  mroczny|ˈʃædəʊɪ"
shady,"1.  cienisty
 2.  [nieform]  ciemny",ˈʃeɪdɪ
shaft,"1.  szyb
 2.  wał
 3.  promień
 4.  dyszel",ʃɑ:ft
shaggy,zmierzwiony,ˈʃægɪ
shake,i.   1.  trząść się,"podawać komuś rękę
 3.  shake one's head 
 - kręcić głową
iii.  shake off   gubić|potrząsać
 2.  wstrząsać
ii.   1.  potrząśnięcie
 2.  *shake hands with sb|pozbywać się
iv.  shake up   wstrząsać|reorganizować"
shakeup,czystka,reorganizacja|shake-up|ˈʃeɪkʌp
shaky,"1.  roztrzęsiony
 2.  chwiejny",niepewny|ˈʃeɪkɪ
shall,"1.  a. będzie
 b.
      ""i shall do it""  - zrobię to
 c.
      ""i shall not stay long""  - nie będę długo siedział
 2.  [form]  a. ma być","ma
 b.
      ""what shall i do?""  - co mam robić?
 4.  [w pytaniach: sugestia]  a. może
 b.
      ""shall we go there?""  - może byśmy tam poszli?|na pewno będzie
 b.
      ""it shall be so""  - tak ma być
 3.  [w pytaniach: prośba]  a. ma być|əl|ʃæl"
shallow,"1.  płytki
 2. the shallows  płycizna",mielizna|ˈʃæləʊ
sham,"fikcja
ii.    udawany",fikcyjny|i.    pozór|ʃæm
shamble,"1.  człapać
 2. shambles  chaos",bałagan|ˈʃæmbəl
shame,"i.    wstyd
ii.    zawstydzać
iii.   1.  szkoda
 2.  in shame 
 - ze wstydu",ʃeɪm
shamefaced,zawstydzony,ˈʃeɪmfeɪst
shameful,haniebny,zawstydzający|ˈʃeɪmfʊl
shameless,bezwstydny,ˈʃeɪmlɪs
shampoo,"i.    szampon
ii.    myć szamponem",ʃæmˈpu:
shandy,piwo z oranżadą,ˈʃændɪ
shanty,"barak
ii.  shanty town",dzielnica slumsów|i.    chałupa|ˈʃæntɪ|ˈʃæntɪtaʊn
shape,i.    kształt,"postać
ii.   1.  kształtować 
 2.  in the shape of 
 - w postaci
 3.  take shape 
 - przybierać formę
iii.  shape up   rozwijać się|przybierać kształt|ʃeɪp"
shaped,ukształtowany,ˈʃeɪpt
shapeless,bezkształtny,ˈʃeɪplɪs
shapely,kształtny,ˈʃeɪplɪ
share,"dzielić 
 2.  podzielić się","i.   1.  dzielić się|podzielić
 3.  podzielać
ii.   1.  część|udział
 2.  akcja
iii.  share out   podzielić|ʃeə"
shareholder,akcjonariusz,udziałowiec|ˈʃeəhəʊldə
shareware,tanie oprogramowanie,tanie oprogramowanie udostępniane bezpłatnie do wypróbowania|ˈʃɛəweə
shark,rekin,ʃɑ:k
sharp,"i.   1.  ostry
 2.  [oczy","umysł]  bystry
 3.  [zmiana]  nagły
ii.   1.  [punktualnie]  a. dokładnie
 b.
      ""at 10 sharp""  - dokładnie o 10
 2.  [muz]  [dźwięk]  za wysoko|za wysoki
iii.    [muz]  a. podwyższony o pół tonu
 b.
      ""c sharp""  - cis
iv.    [muz]  krzyżyk|ʃɑ:p"
sharpen,"1.  ostrzyć
 2.  wyostrzać się","wyostrzać
 3.  zaostrzać się|zaostrzać|ˈʃɑ:pən"
sharpener,temperówka,ˈʃɑ:pənə
shatter,1.  roztrzaskiwać się,"roztrzaskiwać
 2.  rozbijać
 3.  [nieform]  be shattered 
 - być wstrząśniętym|ˈʃætə"
shave,golenie,"golenie się|golić
ii.    ogolenie się|i.    golić się|ogolenie"
shaven,ogolony,ˈʃeɪvən
shaver,maszynka do golenia,ˈʃeɪvə
shaving,"1.  golenie
 2. shavings  ścinki",strużyny|ˈʃeɪvɪŋ
shawl,szal,ʃɔ:l
she,i.    ona  [czasami o krajach,"pojazdach|zwierzętach]
ii.    a. samica
 b.
      ""she-dog""  - suka|ʃi:|ʃɪ"
sheaf,"1.  sterta
 2.  snop",ʃi:f
shear,"i.    strzyc
ii.   shears  nożyce","sekator
iii.  shear off   pękać|ʃɪə"
sheath,"1.  [np. na nóż]  pochwa
 2.  prezerwatywa",ʃi:θ
sheathe,wkładać do pochwy,ʃi:ð
shed,"budka
ii.   1.  [skórę]  zrzucać
 2.  [ładunek]  gubić
 3.  [łzy","i.    szopa|krew]  przelewać
 4.  [form]  pozbywać się
 5.  shed light on sth 
 - rzucać światło na coś|ʃed"
sheen,połysk,ʃi:n
sheep,owca,ʃi:p
sheepdog,owczarek  [nie alzacki],ˈʃi:pdɒg
sheepish,ogłupiały,zbaraniały|ˈʃi:pɪʃ
sheepskin,kożuch,skóra barania|ˈʃi:pskɪn
sheer,1.  czysty,"niezachwiany
 2.  pionowy
 3.  przejrzysty|przeświecający|ʃɪə"
sheet,[komp]   podajnik arkuszy,"blacha
ii.  sheet feeder|i.   1.  prześcieradło
 2.  arkusz|kartka
 3.  tafla
 4.  płyta|ʃi:t"
sheik,sheikh,szejk|ʃeɪk
sheikh,sheik,szejk|ʃeɪk
shelf,półka,ʃelf
shell,i.   1.  skorupka,"interfejs
ii.   1.  [np. miasto]  ostrzeliwać
 2.  [np. groch]  łuskać|konstrukcja
 4.  [artyleryjski]  pocisk
 5.  [komp]  interfejs między użytkownikiem a systemem operacyjnym|skorupa
 2.  [mięczaka]  muszla
 3.  [budynku]  szkielet|ʃel"
shellfish,skorupiak,ˈʃelfɪʃ
shelter,"chronić
 2.  osłaniać","i.   1.  schronienie|osłona
 2.  schron|wiata
ii.   1.  chronić się|ˈʃeltə"
sheltered,"1.  osłonięty
 2.  spokojny",ˈʃeltəd
shelve,1.  odkładać ad acta,"odkładać
 2.  stopniowo opadać|ʃelv"
shepherd,"1.  pasterz
 2.  prowadzić",doprowadzać|ˈʃepəd
sheriff,szeryf,ˈʃerɪf
shield,"i.   1.  tarcza
 2.  osłona 
ii.    osłaniać",ʃi:ld
shift,i.   1.  przesuwać się,"przesuwać
 2.  przerzucać
 3.  zmieniać się|zmieniać
ii.    zmiana|ʃɪft"
shifty,chytry,przebiegły|ˈʃɪftɪ
shilling,szyling,ˈʃɪlɪŋ
shimmer,migotać,ˈʃɪmə
shin,goleń,ʃɪn
shine,"i.   1.  świecić
 2.  poświecić
 3.  błyszczeć 
ii.    błysk",połysk|ʃaɪn
shingle,żwir,ˈʃɪŋgəl
shiny,błyszczący,ˈʃaɪnɪ
ship,i.    statek,"okręt
ii.    przesyłać  [statkiem]|ʃɪp"
shipping,"1.  transport morski
 2.  przesyłka",ˈʃɪpɪŋ
shipwreck,i.   1.  katastrofa  [okrętowa,"morska]|rozbicie się statku
 2.  wrak
ii.    rozbijać się|ˈʃɪprek"
shipyard,stocznia,ˈʃɪpjɑ:d
shirk,wykręcać się,ʃɜ:k
shirt,koszula,ʃɜ:t
shirtsleeves,"in  shirtsleeves 
 - w samej koszuli",ˈʃɜ:tsli:vz
shirty,wściekły,ˈʃɜ:tɪ
shit,"i.    gówno
ii.    srać",ʃɪt
shiver,"i.    trząść się
ii.    dreszcz",ˈʃɪvə
shoal,"1.  mielizna
 2.  ławica",ʃəʊl
shock,amortyzator,"chmara
ii.   1.  wstrząsać
 2.  szokować
iii.  shock absorber|i.   1.  szok
 2.  wstrząs
 3.  [form]  [włosów]  kopa|ʃɒk|ˈʃɒkəbsɔ:bə"
shocking,"1.  szokujący
 2.  wstrząsający",ˈʃɒkɪŋ
shoddy,lichy,ˈʃɒdɪ
shoe,"i.    but
ii.    podkuwać",ʃu:
shoehorn,łyżka do butów,ˈʃu:hɔ:n
shoelace,sznurowadło,ˈʃu:leɪs
shoestring,"1.  [us]  sznurowadło
 2.  on a shoestring 
 - przy małych pieniądzach",ˈʃu:strɪŋ
shoo,1.  odganiać,"a kysz!''|a sio!''|huzia!''|zaganiać
 2.  ``shoo!'' 
 -"
shoot,i.   1.  strzelać,"kręcić
ii.    [na roślinie]  pęd|odrośl
iii.  shoot down  1.  zestrzelić
 2.  ścinać
 3.  [nieform]  [projekt]  utrącać
iv.  shoot up   wystrzelać|pędzić
 4.  [np. rękę]  wyrzucać
 5.  [spojrzenie]  rzucać 
 6.  [film]  fotografować|wystrzelić
 2.  [kogoś]  zastrzelić 
 3.  [pobiec]  popędzić"
shooting,"i.    strzelanina
ii.  shooting star",spadająca gwiazda|ˈʃu:tɪŋ|ˈʃu:tɪŋstɑ:
shop,"i.   1.  sklep
 2.  warsztat
ii.    kupować","iść na zakupy
iii.  shop assistant|przedstawiciel załogi
vi.  shop window|sprzedawca
iv.  shop floor|the shop floor  załoga
v.  shop steward"
shopkeeper,sklepikarz,ˈʃɒpki:pə
shoplift,kraść,kraść ze sklepu|ˈʃɒplɪft
shoplifter,złodziej sklepowy,ˈʃɒplɪftə
shoplifting,kradzież w sklepie,ˈʃɒplɪftɪŋ
shopper,klient,kupujący|ˈʃɒpə
shopsoiled,o obniżonej wartości,shop-soiled|ˈʃɒpsɔɪld
shore,"i.    brzeg
ii.  shore up   umacniać",utwierdzać|ʃɔ:
shorn,obcięty,ʃɔ:n
shortage,brak,ˈʃɔ:tɪʤ
shortbread,herbatnik,ˈʃɔ:tbred
shortcircuit,short-circuit,spięcie|zwarcie|ˌʃɔ:tˈsɜ:kɪt
shortcoming,brak,wada|ˈʃɔ:tkʌmɪŋ
shortcut,"1.  skrót
 2.  dobre rozwiązanie",short-cut|ˌʃɔ:tˈkʌt
shorten,skracać,skracać się|ˈʃɔ:tən
shortfall,niedostatek,ˈʃɔ:tfɔ:l
shorthand,stenografia,ˈʃɔ:thænd
shortlist,"finałowa lista
ii.    dostawać się do części finałowej",i.    ostateczna lista|short-list|ˈʃɔ:tlɪst
shortlived,krótkotrwały,short-lived|ˌʃɔ:tˈlɪvd
shortly,1.  wkrótce,"niebawem
 2.  krótko|ˈʃɔ:tlɪ"
shortsighted,krótkowzroczny,short-sighted|ˌʃɔ:tˈsaɪtɪd
shortterm,bliski,krótkoterminowy|short-term|ˌʃɔ:tˈtɜ:m
shotgun,strzelba,śrutówka|ˈʃɒtgʌn
should,1.  a. powinien,"chciałbym|powinna  [w różnych rodzajach i liczbach]
 b.
      ""they should have it""  - powinni to mieć
 2.  a. mieć
 b.
      ""should i switch it on?""  - czy mam to włączyć?
 3.  [tłumaczy się przez tryb warunkowy]  a. -by
 b.
      ""i shouldn't worry about that""  - nie martwiłbym się tym
 4.  i should like to  
 - chciałbym coś zrobić|ʃəd|ʃʊd"
shoulder,"i.   1.  ramię
 2.  [mięso]  łopatka
ii.   1.  brać na ramię
 2.  przyjmować
iii.  shoulder blade",łopatka|ˈʃəʊldə|ˈʃəʊldəbleɪd
shout,"i.    krzyczeć
ii.    okrzyk
iii.  shout down   zakrzyczeć
iv.  shout out   wykrzykiwać",ʃaʊt
shove,i.    pchać,"popchnięcie
iii.  shove off   [nieform]  ``shove off!'' 
 -|popychać
ii.    pchnięcie|zabieraj się!''|ʃʌv"
shovel,i.    szufla,"zgarniać
 2.  wpychać|łopata
ii.   1.  odgarniać|ˈʃʌvəl"
show,i.   1.  pokazywać,"kompromitować|odcinać się
 3.  zawstydzać|psów]  pokaz
 2.  [rozrywkowy]  show
 3.  [w kinie]  seans
 4.  [w teatrze]  spektakl
 5.  on show 
 - wystawiony
iii.  show around   oprowadzać
iv.  show in   wprowadzać 
v.  show off   popisywać się
vi.  show round   oprowadzać
vii.  show up  1.  [nieform]  zjawiać się
 2.  wyróżniać się|ukazywać
 4.  [być oznaką]  wskazywać 
 5.  [litość]  okazywać
ii.   1.  [siły"
showbiz,showbiznes,ˈʃəʊbɪz
showdown,ostateczna rozgrywka,ˈʃəʊdaʊn
shower,"i.   1.  ulewa
 2.  prysznic
 3.  [rzeczy]  deszcz
ii.   1.  wziąć prysznic
 2.  obsypywać",zasypywać|ˈʃaʊə
showery,ulewny,ˈʃaʊərɪ
showman,ˈʃəʊmən,
showoff,popisujący się,popisywacz|show-off|ˈʃəʊɒf
showroom,salon wystawowy,ˈʃəʊru:m
showy,ostentacyjny,ˈʃəʊɪ
shrapnel,szrapnel,ˈʃræpnəl
shred,"ciąć
ii.    strzęp",ciąć na kawałeczki|i.    drzeć|ʃred
shrew,"1.  ryjówka
 2.  megiera",sekutnica|ʃru:
shrewd,domyślny,przenikliwy|ʃru:d
shriek,i.    wrzeszczeć,"zanosić się 
ii.    wrzask|ʃri:k"
shrill,ostry,przenikliwy|ʃrɪl
shrimp,krewetka,ʃrɪmp
shrine,święte miejsce,ʃraɪn
shrink,"1.  kurczyć się
 2.  cofać się
 3.  shrink  doing sth  vbg)
 - nie móc się zdecydować na zrobienie czegoś",ʃrɪŋk
shrinkage,kurczenie się,ˈʃrɪŋkɪʤ
shrivel,kurczyć się,wysychać|ˈʃrɪvəl
shroud,"i.    całun
ii.    spowijać całunem",spowijać|ʃraʊd
shrub,krzew,ʃrʌb
shrubbery,krzaki,ˈʃrʌbərɪ
shrug,"i.   shrug one's shoulders  wzruszać ramionami
ii.    wzruszenie ramionami","wzruszenie
iii.  shrug off   zbywać|ʃrʌg"
shrunken,skurczony,ˈʃrʌŋkən
shudder,i.    drżeć,"wzdrygać się
ii.    drżenie|wzdrygnięcie się|ˈʃʌdə"
shuffle,i.   1.  powłóczyć nogami,"kręcić
 3.  tasować
ii.   1.  szuranie
 2.  tasowanie|powłóczyć
 2.  kręcić się|ˈʃʌfəl"
shun,unikać,ʃʌn
shunt,"1.  przetaczać
 2.  [nieform]  przemieszczać",przesuwać|ʃʌnt
shush,ciiii,ʃʊʃ|ʃʌʃ
shut,"face 
 - zamknij gębę
iii.  shut down   zamykać się","i.    zamykać się|milczeć!''|wyłączać
vi.  shut up  1.  zamilknąć|zamykać
ii.   1.  zamknięty
 2.  shut your mouth"
shutdown,zamknięcie,ˈʃʌtdaʊn
shutter,1.  żaluzja,"okiennica
 2.  migawka|roleta|ˈʃʌtə"
shuttle,"i.    wahadłowy
ii.   1.  samolot wahadłowy
 2.  [kosmiczny]  wahadłowiec",prom|ˈʃʌtəl
shy,"i.    nieśmiały
ii.   1.  ponosić
 2.  be shy of doing sth 
 - wstydzić się zrobienia czegoś",ʃaɪ
sibling,"1.  brat lub siostra
 2. siblings  [form]  rodzeństwo",ˈsɪblɪŋ
sick,"chorobliwy
 3.  feel sick 
 - czuć się niedobrze","i.   1.  chory
 2.  przeraźliwy|izba chorych|mieć nudności
 4.  be sick 
 - zwracać|sɪk"
sickbed,łoże boleści,łóżko chorego|ˈsɪkbed
sicken,czuć się niedobrze,ˈsɪkən
sickle,sierp,ˈsɪkəl
sickly,"1.  chorowity
 2.  odstręczający",ˈsɪklɪ
sickness,"1.  choroba
 2.  mdłości",ˈsɪknɪs
side,"dodatkowy
 3.  by sb's side 
 - u czyjegoś boku
 4.  on all sides 
 - ze wszystkich stron
 5.  side by side 
 - ramię w ramię","droga]  boczny
 2.  [zajęcie]  uboczny|i.   1.  strona
 2.  bok
 3.  [góry]  zbocze
 4.  [sytuacji]  aspekt
ii.   1.  [tor|jeden obok drugiego
 6.  take sb's side 
 - brać czyjąś stronę
iii.  side with   trzymać stronę|saɪd"
sideboard,1.  komoda,"pomocnik
 2. sideboards  [br]  bokobrody|ˈsaɪdbɔ:d"
sideburns,bokobrody,ˈsaɪdbɜ:nz
sideeffect,side-effect,skutek uboczny|ˈsaɪdɪˌfekt
sidelight,"1.  światło postojowe
 2.  [przen]  dodatkowe światło",ˈsaɪdlaɪt
sideline,"1.  zajęcie uboczne
 2.  linia boczna",ˈsaɪdlaɪn
sidelong,1.  boczny,"ukosem|ukośny
 2.  z boku|ˈsaɪdlɒŋ"
sideshow,atrakcja uboczna,ˈsaɪdʃəʊ
sidestep,omijać,ˈsaɪdstep
sidetrack,sprowadzać na bok,zbaczać|ˈsaɪdtræk
sidewalk,chodnik,ˈsaɪdwɔ:k
sideways,i.    z boku,"na bok
ii.    boczny|ˈsaɪdweɪz"
siding,bocznica,ˈsaɪdɪŋ
sidle,zmierzać,zmierzać niepewnie|ˈsaɪdəl
siege,oblężenie,ˈsi:ʤ
siesta,sjesta,sɪˈestə
sieve,"i.    sito
ii.    przesiewać",przecedzać|si:v
sift,przesiewać,sɪft
sigh,"i.    wzdychać
ii.    westchnięcie",saɪ
sight,"i.   1.  wzrok
 2.  widok
 3. sights  atrakcje
 4.  [karabinu]  celownik
ii.   1.  zaobserwować","out of* sight 
 - w zasięgu wzroku|poza zasięgiem wzroku
 3.  catch sight of sb 
 - dostrzegać kogoś
 4.  at first sight 
 - na pierwszy rzut oka
 5.  do the sights 
 - zwiedzać|saɪt|zauważać
 2.  *in"
sightseeing,zwiedzanie,ˈsaɪtsi:ɪŋ
sign,"i.    znak
ii.    podpisywać się
iii.  sign away   zrzekać się
iv.  sign for  1.  potwierdzać przyjęcie
 2.  [nieform]  podpisywać kontrakt
v.  sign in   wpisywać się
vi.  sign language   język migowy
vii.  sign on  1.  zatrudniać się","saɪn|wpisywać się
 2.  [br]  wpisywać się na listę bezrobotnych
viii.  sign out   wypisywać się
ix.  sign up   wstępować|zatrudniać|zatrudniać się"
signatory,sygnatariusz,ˈsɪgnətərɪ
signature,[np. w radiu]  sygnał dźwiękowy,"i.    podpis
ii.  signature tune|ˈsɪgnəʧə|ˈsɪgnəʧətju:n"
significance,sɪgˈnɪfɪkəns,znaczenie
significant,sɪgˈnɪfɪkənt,znaczący
signify,oznaczać,ˈsɪgnɪfaɪ
signpost,drogowskaz,ˈsaɪnpəʊst
silence,"i.   1.  cisza
 2.  spokój
ii.    uciszać",ˈsaɪləns
silencer,tłumik,ˈsaɪlənsə
silent,"1.  cichy
 2.  spokojny","małomówny
 3.  [np. film]  niemy|ˈsaɪlənt"
silesia,saɪˈli:ʒɪə,śląsk
silesian,"i.    śląski
ii.    ślązak",saɪˈli:ʒɪən
silhouette,sylwetka,ˌsɪlu:ˈet
silicon,"i.    krzem
ii.    krzemowy",ˈsɪlɪkən
silk,"i.    jedwab
ii.    jedwabny",sɪlk
silky,jedwabisty,ˈsɪlkɪ
sill,parapet,sɪl
silly,głupi,głupiutki|ˈsɪlɪ
silo,"1.  silos
 2.  [wyrzutni rakiet]  komora",szyb|ˈsaɪləʊ
silt,ił,muł|sɪlt
silver,"i.   1.  srebro
 2.  wyroby ze srebra","srebra
 3.  [sport]  srebrny medal
ii.   1.  srebrny
 2.  srebrzysty|ˈsɪlvə"
silverplated,posrebrzany,silver-plated|ˌsɪlvəˈpleɪtɪd
silversmith,jubiler,ˈsɪlvəsmɪθ
silverware,srebro stołowe,ˈsɪlvəweə
silvery,srebrzysty,ˈsɪlvərɪ
similar,podobny,ˈsɪmɪlə
similarity,podobieństwo,ˌsɪmɪˈlærɪtɪ
similarly,podobnie,ˈsɪmɪləlɪ
simile,porównanie,ˈsɪmɪlɪ
simmer,gotować na wolnym ogniu,ˈsɪmə
simper,"i.    uśmiechać się afektowanie
ii.    afektowany uśmiech",ˈsɪmpə
simple,"1.  prosty
 2.  zwykły","zwyczajny
 3.  niedorozwinięty|ˈsɪmpəl"
simpleminded,prostoduszny,simple-minded|ˌsɪmpəlˈmaɪndɪd
simplicity,prostota,sɪmˈplɪsɪtɪ
simplification,uproszczenie,ˌsɪmplɪfɪˈkeɪʃən
simplify,upraszczać,ˈsɪmplɪfaɪ
simply,"1.  po prostu
 2.  z prostotą",ˈsɪmplɪ
simulate,"1.  symulować
 2.  imitować",ˈsɪmjʊleɪt
simulation,"1.  symulacja
 2.  imitacja",ˌsɪmjʊˈleɪʃən
simultaneous,jednoczesny,ˌsɪməlˈteɪnɪəs
sin,"i.    grzech
ii.    grzeszyć",sɪn
since,i.    odtąd,"jako że
 2.  since then 
 - od tego czasu
 3.  ever since 
 - od tego czasu|od|od czasu|od tego czasu
ii.   1.  ponieważ"
sincere,szczery,sɪnˈsɪə
sincerely,"1.  szczerze
 2.  yours sincerely 
 - z poważaniem",sɪnˈsɪəlɪ
sincerity,szczerość,sɪnˈserɪtɪ
sinew,ścięgno,ˈsɪnju:
sinful,"1.  grzeszny
 2.  [form]  naganny",ˈsɪnfʊl
sing,"1.  śpiewać
 2.  [arię",rolę]  wykonywać|sɪŋ
singapore,singapur,sɪŋgəˈpɔ:
singe,i.    przypalać się,"przypalać
ii.    przypalenizna|sɪnʤ"
singer,piosenkarz,śpiewak|ˈsɪŋə
singing,i.    śpiewanie,"śpiew
ii.    śpiewny|ˈsɪŋɪŋ"
single,"i.   1.  pojedynczy
 2.  niezamężny","nieżonaty
 3.  [br]  bilet w jedną stronę|syngiel
 2.  in single file 
 - jeden za drugim
iii.  single out   wybierać|w jedną stronę
ii.   1.  singel|ˈsɪŋgəl"
singlehanded,pojedynczo,single-handed|w pojedynkę|ˌsɪŋgəlˈhændɪd
singleminded,single-minded,zdecydowany|ˌsɪŋgəlˈmaɪndɪd
singlet,podkoszulek,ˈsɪŋglɪt
singly,pojedynczo,w pojedynkę|ˈsɪŋglɪ
singular,"1.  [gram]  pojedynczy
 2.  [form]  niespotykany",niezwykły|ˈsɪŋgjʊlə
sinister,złowieszczy,ˈsɪnɪstə
sink,i.   1.  zlew,"kogoś opuszcza pogoda ducha
iii.  sink in  1.  docierać
 2.  wsiąkać|liczbie]  opadać
 5.  [w długi|milczenie]  pogrążać się
 6.  one's heart|spirit sinks 
 - kogoś opuszcza odwaga"
sinner,grzesznik,ˈsɪnə
sinuous,kręty,ˈsɪnjʊəs
sinus,zatoka,ˈsaɪnəs
sip,"i.    pociągać
ii.    odrobina",sɪp|łyczek
siphon,"i.    syfon
ii.   1.  odciągać","przetaczać
 2.  wyciągać|syphon|ˈsaɪfən"
sir,(:dear :sir :%,"(:dear :sirs :%|)
 - szanowni państwo|)
 - szanowny panie|1.  [bardzo uprzejmie]  a. pan
 b.
      ""good morning"
siren,syrena,ˈsaɪərən
sissy,cissy,maminsynek|ˈsɪsɪ
sister,"i.   1.  siostra
 2.  [br]  starsza pielęgniarka","pielęgniarka
ii.   1.  siostrzany
 2.  [miasto|statek]  bliźniaczy|ˈsɪstə"
sisterinlaw,bratowa,sister-in-law|szwagierka|ˈsɪstərɪnlɔ:
sit,"asystować
iv.  sit up  1.  siadać","być
ii.  sit down   siadać
iii.  sit in on   przysłuchiwać się|i.   1.  siedzieć
 2.  siadać
 3.  [br]  [egzamin]  zdawać
 4.  [brać udział]  zasiadać 
 5.  [form]  [o parlamencie]  obradować
 6.  [form]  znajdować się|nie kłaść się|podnosić się
 2.  nie kłaść się spać"
site,i.   1.  teren,"lokować|miejsce
 2.  parcela
ii.    umiejscawiać|saɪt"
sitting,"i.   1.  tura
 2.  sesja","lokator]  aktualny|obrady
ii.    [urzędnik|ˈsɪtɪŋ"
sittingroom,pokój dzienny,salon|sitting-room|ˈsɪtɪŋru:m
situated,umieszczony,usytuowany|ˈsɪtjʊeɪtɪd
situation,"1.  sytuacja
 2.  [form]  otoczenie
 3.  [przest]  praca
 4.  [form]  ``situations vacant'' 
 -",oferty pracy''  [dział ogłoszeń]|ˌsɪtjʊˈeɪʃən
six,sześć,sɪks
sixteen,szesnaście,ˌsɪksˈti:n
sixteenth,szesnasty,ˌsɪksˈti:nθ
sixth,szósty,sɪksθ
sixtieth,sześćdziesiąty,ˈsɪkstɪəθ
sixty,sześćdziesiąt,ˈsɪkstɪ
sizable,sizeable,znaczny|ˈsaɪzəbəl
size,"i.   1.  rozmiar
 2.  wielkość
 3.  duża wielkość
 4.  klej
ii.  size up  [nieform]   oceniać",saɪz
sizeable,sizable,znaczny|ˈsaɪzəbəl
sizzle,skwierczeć,ˈsɪzəl
skate,"i.   1.  łyżwa
 2.  wrotka
 3.  płaszczka","jeździć
 2.  prześlizgiwać się|raja
ii.   1.  jeździć na łyżwach|skeɪt"
skater,łyżwiarz,ˈskeɪtə
skating,"i.    łyżwiarstwo
ii.  skating rink",lodowisko|ˈskeɪtɪŋ|ˈskeɪtɪŋrɪŋk
skeleton,"i.    szkielet
ii.   1.  prowizoryczny
 2.  a skeleton in one's cupboard 
 - mroczna karta w dziejach rodziny","mroczna karta
iii.  skeleton key|wytrych|ˈskelɪtən|ˈskelɪtənki:"
skeptik,sceptic,sceptyk|ˈskeptɪk
skeptikal,sceptical,sceptyczny|ˈskeptɪkəl
sketch,"i.   1.  szkic
 2.  zarys
 3.  skecz
ii.   1.  szkicować
 2.  zarysowywać",skeʧ
sketchy,szkicowy,ˈskeʧɪ
skewer,szpikulec,szpilka|ˈskju:ə
ski,"i.    narta
ii.    narciarski
iii.    jeździć na nartach
iv.  ski lift",ski:|wyciąg|wyciąg narciarski|ˈski:lɪft
skid,"i.    wpadać w poślizg
ii.    poślizg",skɪd
skier,narciarz,ˈskaɪə
skilful,skillful,wprawny|ˈskɪlfʊl
skill,1.  umiejętność,"biegłość
 2.  wprawa|skɪl"
skilled,1.  wykwalifikowany,"skɪld|wyszkolony
 2.  wprawny"
skillful,skilful,wprawny|ˈskɪlfʊl
skim,"1.  zbierać
 2.  prześlizgiwać się 
 3.  przebiegać wzrokiem",skɪm
skimp,"1.  robić po łebkach
 2.  oszczędzać",skąpić|skɪmp
skimpy,nie wystarczający,skąpy|ˈskɪmpɪ
skin,"i.   1.  skóra
 2.  łupina","osłonka
 3.  warstwa|powłoka
ii.   1.  zdzierać skórę 
 2.  obierać|skɪn"
skindeep,powierzchowny,pozorny|skin-deep|ˌskɪnˈdi:p
skinny,chudy,ˈskɪnɪ
skint,goły,skɪnt|spłukany
skintight,dopasowany,obcisły|skin-tight|ˌskɪnˈtaɪt
skip,"hasać
 2.  skakać na skakance","i.   1.  podskakiwać tanecznie|opuszczać
ii.    podskakiwanie|podskakiwać|skakać
 3.  [nieform]  pomijać"
skipper,"1.  szyper
 2.  kapitan",ˈskɪpə
skipping rope,skakanka,ˈskɪpɪŋrəʊp
skirmish,"i.    potyczka
ii.    wdawać się w potyczki",ˈskɜ:mɪʃ
skirt,"i.    spódnica
ii.    obchodzić",skɜ:t
skit,parodia,skɪt
skittle,"1.  kręgiel
 2. skittles  gra w kręgle",ˈskɪtəl
skive,skaɪv,skive off  [br nieform]  migać się od roboty
skulk,kryć się,skʌlk|ukrywać się
skull,"1.  czaszka
 2.  skull and crossbones 
 - trupia główka i piszczele",skʌl
skunk,skunks,skʌŋk
sky,niebo,skaɪ
skyblue,"i.    szafir
ii.    szafirowy",sky-blue|ˌskaɪˈblu:
skyhigh,"i.    niebotycznie w górę
ii.    niebotyczny",sky-high|ˌskaɪˈhaɪ
skylight,świetlik,ˈskaɪlaɪt
skyscraper,drapacz chmur,ˈskaɪskreɪpə
slab,"1.  płyta
 2.  kawał",slæb
slack,"i.   1.  luźny
 2.  pusty
 3.  niedbały","luźna część|powierzchowny
ii.   1. slacks  [przest]  portki
 2.  luźna część liny|slæk"
slacken,"i.   1.  zwalniać
 2.  popuszczać
 3.  rozluźniać się","lżeć|rozluźniać
ii.  slacken off   zelżeć|ˈslækən"
slag,hałda,"i.    żużel
ii.  slag heap|slæg|ˈslæghi:p"
slam,"1.  trzaskać
 2.  zatrzaskiwać się
 3.  kłaść z hukiem",slæm
slander,i.    oszczerstwo,"potwarz
ii.    spotwarzać|rzucać oszczerstwa|ˈslændə"
slang,i.    slang,"slæŋ|żargon
ii.    slangowy|żargonowy"
slant,"być pochylonym
 2.  nastawiać tendencyjnie
ii.   1.  tendencyjny punkt widzenia","i.   1.  iść skosem|punkt widzenia|slɑ:nt|tendencyjność
 2.  on a"
slap,i.   1.  trzepnąć,"klepnięcie
iii.    [nieform]  wprost|klepnąć 
 2.  przywalić
 3.  walnąć z siłą
ii.    trzepnięcie|slæp"
slapup,[br nieform]  [o jedzeniu]  palce lizać,slap-up|ˈslæpʌp
slash,i.   1.  pociąć,"kreska|rozciąć
 2.  walić się|slæʃ|w coś)
 3.  [nieform]  obcinać
ii.    [nieform]  kreska ukośna"
slat,listwa,listwa żaluzji|slæt
slate,sleɪt,łupek
slaughter,i.   1.  wybijać,"mordować
 2.  bić
ii.    rzeź|ˈslɔ:tə"
slaughterhouse,rzeźnia,ˈslɔ:təhaʊs
slav,słowianin,ˈslɑ:v
slave,"i.    niewolnik
ii.    tyrać jak niewolnik",sleɪv|tyrać
slavery,"1.  niewolnictwo
 2.  mordęga",ˈsleɪvərɪ
slavic,słowiański,ˈslɑ:vɪk
slavish,niewolniczy,ˈsleɪvɪʃ
slavonic,sləˈvɒnɪk,słowiański
slay,mordować,sleɪ
sleazy,brudny,plugawy|ˈsli:zɪ
sledge,sanie,sleʤ
sledgehammer,młot kowalski,ˈsleʤhæmə
sleek,"1.  gładki
 2.  zadbany
 3.  o eleganckich liniach",sli:k
sleep,"i.    sen
ii.   1.  spać","sli:p|spać 
 2.  móc pomieścić
 3.  go to sleep 
 - zasypiać
iii.  sleep in   zaspać"
sleeper,"1.  miejsce sypialne
 2.  pociąg z miejscami sypialnymi
 3.  [br]  podkład kolejowy","podkład
 4.  be a  sleeper  :sleeper)
 - lekko spać|spać|ˈsli:pə"
sleeping,"i.    noclegowy
ii.  sleeping bag","pigułka nasenna|śpiwór
iii.  sleeping pill|ˈsli:pɪŋ|ˈsli:pɪŋ bæg"
sleepless,bezsenny,ˈsli:plɪs
sleepwalker,lunatyk,ˈsli:pwɔ:kə
sleepy,"1.  śpiący
 2.  senny",ˈsli:pɪ
sleet,1.  śnieg z deszczem,"grad z deszczem
 2.  it is sleeting 
 - pada śnieg z deszczem|sli:t"
sleeve,"1.  rękaw
 2.  [płyty gramofonowej]  okładka",sli:v
sleeveless,bez rękawów,ˈsli:vlɪs
sleigh,sanie,sleɪ
sleight of hand,żonglerka,ˌslaɪt əv ˈhænd
slender,szczupły,ˈslendə
slice,i.   1.  plasterek,"kromka|kromki]  krajać|porcja
 2.  [np. dochodów]  część
ii.   1.  przecinać|rozcinać
 2.  [na plasterki"
slick,1.  zbyt gładki,"gładki
 2.  zręczny|slɪk"
slide,i.   1.  ślizgać się,"slajd
 2.  zjeżdżalnia
 3.  [nieform]  let sth slide 
 - nie zwracać na coś uwagi|slaɪd|sunąć
 3.  wchodzić 
ii.   1.  przezrocze|suwać
 2.  wsuwać się"
slight,"afront
 2.  not in the slightest 
 - w ogóle nie","i.   1.  niewielki|mały
 2.  drobny
ii.    lekceważyć
iii.   1.  zlekceważenie|slaɪt|wcale nie"
slim,i.   1.  smukły,"slɪm|szczupły
 2.  cienki
 3.  niewielki
ii.    odchudzać się"
slime,slaɪm,śluz
slimy,"1.  pokryty śluzem
 2.  [nieform]  oślizły",ˈslaɪmɪ
sling,"i.   1.  rzucać
 2.  zarzucać
 3.  rozwieszać
ii.   1.  temblak
 2.  proca",slɪŋ
slip,[br]   zjazd,"dojazd|i.   1.  pośliznąć się
 2.  [o rzeczach|slɪp|wyślizgiwać się   
 5.  [o standardzie]  obniżać się
 6.  [coś do kieszeni]  wsuwać
ii.   1.  pośliźnięcie się
 2.  pomyłka
 3.  [papieru]  skrawek
 4.  [kobieca]  halka
 5.  sb let slip sth 
 - coś się komuś wymknęło
 6.  [nieform]  give sb the slip 
 - pozbywać się kogoś
iii.  slip road"
slipped disc,slɪpt ˈdɪsk,wypadnięcie dysku
slipper,kapeć,pantofel|ˈslɪpə
slippery,śliski,ˈslɪpərɪ
slipshod,niedbały,ˈslɪpʃɒd
slipway,pochylnia,ˈslɪpweɪ
slit,"i.    rozcinać
ii.   1.  rozcięcie","nacięcie
 2.  szpara|slɪt|szczelina"
slither,ześlizgiwać się,ˈslɪðə
sliver,1.  odprysk,"drzazga
 2.  kawałek|ˈslɪvə"
slob,niechluj,slɒb
slog,"i.   1.  tyrać
 2.  iść z wysiłkiem
ii.   1.  harówka
 2.  męcząca podróż",slɒg
slogan,ˈsləʊgən,
slop,rozchlapywać,rozchlapywać się|rozlewać|slɒp
slope,i.   1.  zbocze,"opadać
iv.  slope up   wznosić się|sləʊp|stok
 2.  nachylenie
ii.    przechylać się
iii.  slope down   nachylać się"
sloppy,"1.  [nieform]  niechlujny
 2.  ckliwy",ˈslɒpɪ
slot,1.  [br]  automat do sprzedaży,"automat|automat
 2.  automat do gier|i.   1.  szpara|otwór
 2.  miejsce
ii.   1.  pasować"
sloth,lenistwo,sləʊθ
slouch,"i.    garbić się
ii.    przygarbienie",slaʊʧ
slovak,"i.    słowacki
ii.    słowak",ˈsləʊvæk
slovakia,sləʊˈvækɪə,słowacja
slovenia,sləʊˈvi:nɪə,słowenia
slovenian,"i.    słoweński
ii.    słoweniec",sləʊˈvi:nɪən
slovenly,niechlujny,zaniedbany|ˈslʌvənlɪ
slow,"1.  zwolniony
 2.  in slow motion 
 - w zwolnieniu
vi.  slow up   zwalniać","i.   1.  wolny|powoli
iii.   1.  zwalniać
 2.  be  slow 
 - późnić się 20 minut|powolny
 2.  ociężały umysłowo
 3.  niemrawy
ii.    wolno|późnić się
iv.  slow down   zwalniać
v.  slow motion"
sludge,slʌʤ,szlam
slug,"i.    ślimak nagi
ii.    [nieform]  przywalić",slʌg
sluggish,ociężały,ˈslʌgɪʃ
sluice,slu:s,śluza
slum,slumsy,slʌm
slumber,"i.    sen
ii.    spać",ˈslʌmbə
slump,i.   1.  nagły spadek,"opadać|slʌmp|spadać
 2.  opadać ciężko|spadek
 2.  kryzys
ii.   1.  spadać nagle"
slur,"i.    obraźliwa uwaga
ii.   1.  niewyraźnie mówić
 2.  bełkotać",slɜ:
slurp,siorbać,slɜ:p
slush,"chlapa
ii.    ckliwość",i.    rozmokły śnieg|slʌʃ
slushy,"1.  pokryty rozmokłym śniegiem
 2.  ckliwy",ˈslʌʃɪ
slut,"1.  flejtuch
 2.  dziwka",slʌt
sly,"1.  chytry
 2.  wiele mówiący",slaɪ|znaczący
smack,i.   1.  trzepnąć,"klaps
iii.   1.  [nieform]  prosto
 2.  smack one's lips 
 - cmokać|smæk|uderzyć
 2.  [form]  mieć posmak 
ii.    trzepnięcie"
small,"drobne
iii.  small talk","i.    mały
ii.  small change|pogaduszki|rozmowy towarzyskie|smɔ:l"
smallish,przymały,ˈsmɔ:lɪʃ
smallpox,ospa,ˈsmɔ:lpɒks
smart,boleć,"i.   1.  elegancki
 2.  [us]  zdolny
 3.  energiczny
ii.   1.  boleć (from sth - z czegoś|od czegoś)
 2.  cierpieć|smɑ:t"
smarten up,smɑ:tənˈʌp,upiększać|upiększać się
smash,i.   1.  rozbijać się,"przebój|rozbijać
 2.  wdzierać się
 3.  uderzać
ii.   1.  [nieform]  kraksa
 2. smash hit  przebój sezonu|smæʃ"
smashing,fajny,rewelacyjny|ˈsmæʃɪŋ
smattering,odrobina,ˈsmætərɪŋ
smear,"i.   1.  plama
 2.  fałszywa pogłoska","pogłoska
ii.   1.  zasmarowywać
 2.  smarować|smɪə"
smell,"i.   1.  zapach
 2.  smród
 3.  [zmysł]  węch
ii.   1.  [o zapachu]  pachnieć
 2.  [zapach]  czuć
 3.  [nosem]  wąchać
 4.  [np. niebezpieczeństwo]  wyczuwać
iii.  smell out   wywęszać",smel
smelly,śmierdzący,ˈsmelɪ
smile,"i.    uśmiech
ii.   1.  uśmiechać się 
 2.  a. wyrażać z uśmiechem
 b.
      ""he smiled his thanks""  - uśmiechem podziękował",smaɪl
smirk,"i.    uśmieszek
ii.    robić uśmieszek",smɜ:k
smith,kowal,smɪθ
smithy,kuźnia,ˈsmɪðɪ
smock,"1.  bluzka
 2.  kitel",smɒk
smoke,"i.    dym
ii.   1.  dymić się
 2.  palić  [papierosy]
 3.  wędzić
iii.    palenie  [papierosów]",sməʊk
smoked,sməʊkt,wędzony
smokeless,bezdymny,ˈsməʊklɪs
smoker,"1.  palacz
 2.  wagon dla palących",ˈsməʊkə
smokescreen,zasłona dymna,ˈsməʊkskri:n
smoking,"i.    palenie
ii.   1.  dla palących
 2.  no smoking 
 - palenie wzbronione",ˈsməʊkɪŋ
smoky,"1.  zadymiony
 2.  przydymiony",ˈsməʊkɪ
smolder,smoulder,tlić się|ˈsməʊldə
smooth,"i.   1.  gładki
 2.  jednolity
 3.  spokojny
ii.   smooth out  wygładzać",smu:ð
smother,1.  dusić,"dusić
 3.  przytłaczać|przygniatać|tłumić
 2.  zadusić|ˈsmʌðə"
smoulder,smolder,tlić się|ˈsməʊldə
smudge,i.    smuga,"plama
ii.    rozmazywać|smʌʤ|zasmarowywać"
smug,smʌg,zadowolony z siebie
smuggle,przemycać,szmuglować|ˈsmʌgəl
smuggler,przemytnik,szmugler|ˈsmʌglə
smutty,1.  zabrudzony,"zasmarowany
 2.  [nieform pejor]  sprośny|ˈsmʌtɪ"
snack,"i.    przekąska
ii.    a. przekąskowy
 b.
      ""snack bar""  - bar przekąskowy",snæk
snafu,jak zwykle,ogólny burdel|snæˈfu:
snag,"1.  trudność
 2.  rozdzierać",snæg
snail,sneɪl,ślimak
snake,sneɪk,wąż
snap,i.   1.  przerywać się z trzaskiem,"kłapać 
 4.  [zatrzasku]  trzask|open 
 - zamykać się z trzaskiem|otwierać się z trzaskiem
iv.  snap up   łapać|przerywać z trzaskiem
 2.  [np. zatrzask]  zatrzaskiwać się"
snappy,"1.  żwawy
 2.  stylowy",ˈsnæpɪ
snapshot,zdjęcie,ˈsnæpʃɒt
snare,i.    sidła,"sneə|łapka
ii.    łapać w sidła"
snarl,"i.    warczeć 
ii.    warczenie",snɑ:l
snatch,"i.   1.  wyrywać 
 2.  łapać 
ii.    urywek",snæʧ
sneak,i.   1.  podkradać się,"podkradać
ii.   1.  [nieform]  donosiciel
 2.  sneak a look at sb 
 - ukradkiem patrzeć na kogoś|przekradać się
 2.  wykradać|sni:k"
sneaker,adidas,tenisówka|ˈsni:kə
sneaky,ukradkowy,ˈsni:kɪ
sneer,"i.    drwić 
ii.    drwiący uśmiech",snɪə
sneeze,"i.    kichać
ii.    kichnięcie",sni:z
sniff,"i.   1.  pociągać nosem
 2.  wąchać 
ii.    pociągnięcie nosem",snɪf
snigger,"i.    chichotać
ii.    chichot",ˈsnɪgə
snip,"i.    odcinać
ii.    [br]  okazja",snɪp
sniper,snajper,ˈsnaɪpə
snippet,fragment,urywek|ˈsnɪpɪt
snivel,biadolić,zawodzić|ˈsnɪvəl
snob,snɒb,
snobbery,snobizm,ˈsnɒbərɪ
snobbish,snobistyczny,ˈsnɒbɪʃ
snoop,"1. snoop around  myszkować
 2.  szpiegować",snu:p
snooty,zadzierający nosa,ˈsnu:tɪ
snooze,"i.    drzemać
ii.   a snooze  drzemka",snu:z
snore,"i.    chrapać
ii.    chrapanie",snɔ:
snorkel,rura oddechowa,ˈsnɔ:kəl
snort,i.    parskać,"prychać
ii.    parsknięcie|prychnięcie|snɔ:t"
snout,ryj,snaʊt
snow,"1.  śnieg
 2.  it is snowing 
 - pada śnieg",snəʊ
snowball,śnieżka,ˈsnəʊbɔ:l
snowbound,zasypany śniegiem,ˈsnəʊbaʊnd
snowdrift,zaspa,zaspa śnieżna|ˈsnəʊdrɪft
snowdrop,przebiśnieg,śnieżyczka|ˈsnəʊdrɒp
snowed under,przysypany,przywalony|snəʊdˈʌndə
snowflake,płatek śniegu,ˈsnəʊfleɪk
snowman,bałwan,bałwan śniegowy|ˈsnəʊmən
snowplough,pług śnieżny,snowplow|ˈsnəʊplaʊ
snowplow,pług śnieżny,snowplough|ˈsnəʊplaʊ
snowy,zaśnieżony,ˈsnəʊɪ
snp,szkocka partia narodowa,ˌ$⋅⋅$ˈ$⋅$
snub,"afront
iii.    [nos]  zadarty","i.    traktować lekceważąco
ii.    lekceważące traktowanie|snʌb"
snubnosed,o zadartym nosie,snub-nosed|ˌsnʌbˈnəʊzd
snuff,snʌf,tabaka
snug,"1.  wygodny
 2.  przytulny
 3.  dopasowany",snʌg
snuggle,przytulać się,ˈsnʌgəl
so,"aby
 4.  so ? 
 - no to co?","as* 
 - tak|forth 
 - i tak dalej
 8.  not so much ... as ... 
 - nie tyle ... co ...|i.   1.  tak|ja tak samo
ii.   1.  tak więc"
soak,i.   1.  moczyć się,"moczyć|namakać
 2.  przemakać|przemoczyć
ii.  soak up   wchłaniać|səʊk"
soandso,"1.  taki a taki
 2.  taki owaki",so-and-so|ˈsəʊəndsəʊ
soap,"i.    mydło
ii.    a. mydlić
 b.
      ""soap oneself""  - namydlać się
iii.  soap opera",serial telewizyjny|səʊp|ˈsəʊp ɒpərə
soapy,namydlony,ˈsəʊpɪ
soar,"1.  lecieć w górę 
 2.  wzlatywać
 3.  wznosić się",sɔ:
sob,i.    łkać,"szlochanie|szlochać
ii.    łkanie|sɒb"
sober,"i.   1.  trzeźwy
 2.  poważny
ii.  sober up   trzeźwieć",ˈsəʊbə
sobering,otrzeźwiający,ˈsəʊbərɪŋ
soc,"soc.
  towarzystwo",
socalled,so-called,tak zwany|ˌsəʊˈkɔ:ld
soccer,piłka nożna,piłka nożna europejska|ˈsɒkə
sociable,towarzyski,ˈsəʊʃəbəl
social,"i.  1.  społeczny
 2.  towarzyski
ii.  social life","nauka społeczna
iv.  social security|pomoc społeczna|pomoc społeczna
vi.  social work|ubezpieczenia socjalne
v.  social service"
socialise,socialize,spotykać się towarzysko|ˈsəʊʃəlaɪz
socialism,socjalizm,ˈsəʊʃəlɪzəm
socialist,"i.    socjalista
ii.    socjalistyczny",ˈsəʊʃəlɪst
socialize,socialise,spotykać się towarzysko|ˈsəʊʃəlaɪz
society,"1.  społeczeństwo
 2.  towarzystwo",stowarzyszenie|səˈsaɪətɪ
sociology,socjologia,ˌsəʊsɪˈɒləʤɪ
sock,skarpetka,sɒk
socket,"1.  gniazdko
 2.  panewka","łożysko
 3.  oczodół|ˈsɒkɪt"
sod,darń,sɒd
soda,"i.   1.  soda
 2.  woda sodowa
ii.  soda water",woda sodowa|ˈsəʊdə|ˈsəʊdə wɔ:tə
sodden,przemoczony,ˈsɒdən
sofa,ˈsəʊfə,
soft,"1.  miękki
 2.  [osoba","słaby
 6.  [narkotyk]  mało szkodliwy
 7.  [napój]  bezalkoholowy|sɒft|wietrzyk]  delikatny|łagodny
 3.  [kolor]  ciepły
 4.  [głos]  cichy
 5.  [przełożony]  pobłażliwy"
soften,"1.  zmiękczać
 2.  łagodzić
 3.  mięknąć",łagodnieć|ˈsɒfən
software,oprogramowanie,ˈsɒftweə
soggy,namoknięty,przemokły|ˈsɒgɪ
soil,brudzić,"i.    gleba|sɔɪl|ziemia
ii.    uwalać"
sol,"sol.
  adwokat",
solace,pociecha,ˈsɒləs
solar,słoneczny,ˈsəʊlə
solder,"i.    cyna
ii.    lutować
iii.    lut",ˈsɒldə
soldier,żołnierz,ˈsəʊlʤə
sole,"i.   1.  jedyny
 2.  całkowity
ii.   1.  podeszwa
 2.  sola  [ryba]",səʊl
solely,całkowicie,jedynie|ˈsəʊləlɪ
solemn,"1.  poważny
 2.  uroczysty",ˈsɒləm
solicit,1.  [form]  ubiegać się,"nagabywać|starać się 
 2.  [o prostytutce]  nagabywać mężczyzn|səˈlɪsɪt|zaczepiać"
solicitor,"1.  [br]  adwokat  [mogący występować tylko w sądach niższej instancji]
 2.  [br]  notariusz",səˈlɪsɪtə
solid,"budynki]  solidny
 5.  [okres czasu]  cały","ciało stałe
 2.  [mat]  bryła|i.   1.  stały
 2.  lity
 3.  pełny  [bez przerw]
 4.  [ludzie|nie przerywany
ii.   1.  substancja stała|ˈsɒlɪd"
solidarity,solidarność,ˌsɒlɪˈdærɪtɪ
solidify,səˈlɪdɪfaɪ,zastygać
soliloquy,monolog,səˈlɪləkwɪ
solitary,"1.  samotny
 2.  samotniczy",ˈsɒlɪtərɪ
solitude,samotność,ˈsɒlɪtju:d
soloist,solista,ˈsəʊləʊɪst
soluble,rozpuszczalny,ˈsɒljəbəl
solution,"1.  rozwiązanie 
 2.  [termin]  roztwór",səˈlu:ʃən
solve,rozwiązywać,sɒlv
solvent,"i.    wypłacalny
ii.    rozpuszczalnik",ˈsɒlvənt
somber,ponury,sombre|ˈsɒmbə
sombre,ponury,somber|ˈsɒmbə
some,"i.   a. 

 b.
      ""take some sugar","jakieś
 b.
      ""some 5 cm long""  - długi na jakieś 5 cm
 3.  [nieform]  [ironicznie]  niezły|jakiś|któryś
 2.  [form]  a. około|nieco
iii.    [z rzeczownikiem w lm]  niektórzy"
somebody,ktoś,ˈsʌmbɒdɪ
someday,kiedyś  [w przyszłości],któregoś dnia|ˈsʌmdeɪ
somehow,jakoś,w jakiś sposób|ˈsʌmhaʊ
someone,ktoś,ˈsʌmwʌn
someplace,gdzieś,ˈsʌmpleɪs
somersault,koziołek,przewrót|ˈsʌməsɔ:lt
something,"1.  coś
 2.  something of 
 - coś w rodzaju",ˈsʌmθɪŋ
sometime,1.  kiedyś,"pewnego razu
 2.  [form]  ongiś
 3. sometimes  czasami|ˈsʌmtaɪm"
somewhat,dość,nieco|ˈsʌmwɒt
somewhere,gdzieś,ˈsʌmweə
son,syn,sʌn
song,pieśń,piosenka|sɒŋ
soninlaw,son-in-law,zięć|ˈsʌnɪnlɔ:
sonnet,sonet,ˈsɒnɪt
sonny,synuś,ˈsʌnɪ
soon,1.  wkrótce,"su:n|szybko
 2.  as soon as possible 
 - możliwie najszybciej
 3.  no sooner ... than ... 
 - zaledwie ... gdy ...
 4.  [form]  he would sooner do a  
 - wolałby zrobić a niż b|wolałby zrobić a"
soot,sadza,su:t
soothe,"1.  uspokajać
 2.  łagodzić",koić|su:ð
sophisticated,səˈfɪstɪkeɪtɪd,wyrafinowany
sophistication,səˌfɪstɪˈkeɪʃən,wyrafinowanie
sophomore,student drugiego roku,ˈsɒfəmɔ:
soporific,nasenny,sɒpəˈrɪfɪk
soppy,ckliwy,ˈsɒpɪ
soprano,sopran,səˈprɑ:nəʊ
sordid,brudny,nieczysty|ˈsɔ:dɪd
sore,"bolesny
 2.  [us]  kwaśny","drażliwy 
ii.    rana|i.   1.  bolący|sɔ:"
sorrow,"1.  smutek
 2.  przykre wydarzenie",ˈsɒrəʊ
sort,i.   1.  rodzaj,"sɔ:t|typ
 2.  typ
ii.   1.  sortować
 2.  sort of 
 - coś w rodzaju
iii.  sort out  1.  rozdzielać
 2.  rozwiązywać|załatwiać"
sos,ˌes əʊ ˈes,
soso,so-so,taki sobie|ˈsəʊsəʊ
souffle,soufflé,suflet|ˈsu:fleɪ
soufflé,souffle,suflet|ˈsu:fleɪ
soul,"1.  dusza
 2.  duch
 3.  muzyka soul
 4.  not a soul 
 - nikt",səʊl
souldestroying,soul-destroying,śmiertelnie nudny|ˈsəʊldɪstrɔɪɪŋ
soulful,uduchowiony,ˈsəʊlfʊl
soulless,bezduszny,ˈsəʊllɪs
sound,badać,"cieśnina
ii.   1.  [na klaksonie]  trąbić
 2.  [o głosie]  brzmieć
iii.   1.  [np. umysł]  zdrowy
 2.  [argument|dobry
iv.   1.  [badać opinię]  sondować
 2.  sound asleep 
 - twardo śpiący
v.  sound out   sondować|i.   1.  dźwięk|odgłos
 2.  [głosu]  brzmienie
 3.  [geograficzny]  przesmyk"
soundly,"1.  zdrowo
 2.  twardo",ˈsaʊndlɪ
soundproof,dźwiękoszczelny,ˈsaʊndpru:f
soundtrack,ścieżka dźwiękowa,ˈsaʊndtræk
soup,su:p,zupa
sour,"i.   1.  kwaśny
 2.  skwaśniały
ii.   1.  oziębiać się","oziębiać
 2.  go|turn sour 
 - kwaśnieć|ˈsaʊə"
source,sɔ:s,źródło
south,"i.   the south  południe
ii.    na południe
iii.    południowy",saʊθ
southbound,na południe,ˈsaʊθbaʊnd
southeast,"i.    południowo-wschodni
ii.   1.  na południowy wschód
 2.  to the south-east 
 - na południowym wschodzie",south-east|ˌsaʊθˈi:st
southeastern,południowo-wschodni,south-eastern|ˌsaʊθˈi:stən
southerly,południowy,ˈsʌðəlɪ
southern,południowy,ˈsʌðən
southward,"i.    na południe
ii.    południowy",southwards|ˈsaʊθwəd
southwards,"i.    na południe
ii.    południowy",southward|ˈsaʊθwəd
southwest,"i.    południowo-zachodni
ii.   1.  na południowy zachód
 2.  to the south-west 
 - na południowym zachodzie",south-west|ˌsaʊθˈwest
southwestern,południowo-zachodni,south-western|ˌsaʊθˈwestən
souvenir,pamiątka,ˈsu:vənɪə
sovereign,"i.    władca
ii.   1.  suwerenny
 2.  najwyższy",najwyższa władza|ˈsɒvrɪn
soviet,i.   1.  sowiecki,"radziecki
 2.  obywatel zsrr
ii.  soviet union|związek radziecki|ˈsəʊvɪət|ˌsəʊvɪət ˈju:nɪən"
sow,mlecz  [właściwy],"saʊ ˈθɪsəl|sow
i.    siać|zasiewać 
ii.    maciora
iii.  sow thistle"
soya,"i.    soja
ii.    sojowy
iii.  soya bean",soja|ˈsɔɪə|ˈsɔɪəbi:n
sp,"sp.
i.
   see also: {special}
  specjalny
ii.
   see also: {spelling}
  ortografia",
spa,spɑ:,uzdrowisko
space,"i.   1.  przestrzeń
 2.  [kosmos]  przestrzeń kosmiczna
 3.  [np. na półce]  miejsce
 4.  [przerwa]  puste miejsce","prom kosmiczny|speɪs|wolne miejsce
 5.  [czasu]  okres
ii.   space out  [przedmioty|wyrazy]  rozstawiać
iii.  space shuttle"
spacecraft,okręt kosmiczny,ˈspeɪskrɑ:ft
spaceship,statek kosmiczny,ˈspeɪsʃɪp
spacious,rozległy,wielki|ˈspeɪʃəs
spade,"1.  szpadel
 2.  [w kartach]  pik",speɪd
spaghetti,spagetti,spəˈgetɪ
spain,hiszpania,speɪn
span,i.   1.  okres czasu,"okres
 2.  zakres
 3.  rozpiętość
ii.   1.  obejmować
 2.  rozciągać się|spæn"
spaniard,hiszpan,ˈspænɪəd
spanish,hiszpański,ˈspænɪʃ
spank,"i.    dawać klapsa
ii.    klaps",spæŋk
spanner,klucz,ˈspænə
spare,"i.   1.  [część]  zapasowy
 2.  a. wolny
 b.
      ""spare time""  - wolny czas
ii.    część zapasowa
iii.   1.  przeznaczać 
 2.  oszczędzać
 3.  to spare 
 - do zbycia",speə
sparing,oszczędny,ˈspeərɪŋ
spark,"dawać początek
iii.  spark plug","i.    iskra|iskierka
ii.    wszczynać|spɑ:k|świeca"
sparkle,"i.   1.  skrzyć się
 2.  błyszczeć
ii.    połysk",ˈspɑ:kəl
sparrow,wróbel,ˈspærəʊ
sparse,nieliczny,rzadki|spɑ:s
spartan,spartański,ˈspɑ:tən
spasm,1.  skurcz,"spazm
 2.  atak|ˈspæzəm"
spasmodic,spazmatyczny,spæzˈmɒdɪk
spastic,kurczowy,ˈspæstɪk
spate,napływ,przypływ|speɪt
spatial,przestrzenny,ˈspeɪʃəl
spatter,opryskiwać,rozpryskiwać|ˈspætə
spawn,i.    skrzek,"ikra
ii.   1.  składać ikrę|produkować|składać skrzek
 2.  [lit]  płodzić|spɔ:n"
speak,i.   1.  mówić,"mów głośniej!''|mówić|mówić 
 2.  przemawiać
 3.  so to speak 
 - że tak powiem
ii.  speak for   przemawiać za 
iii.  speak up  1.  wypowiadać się
 2.  ``speak up!'' 
 -|spi:k"
speaker,"1.  mówca
 2.  głośnik
 3.  speaker of  
 - mówiący po angielsku","mówiący
 4.  [br]  the speaker 
 - przewodniczący parlamentu|ˈspi:kə"
spear,i.    oszczep,"spɪə|włócznia
ii.    przeszywać"
spearhead,"i.    stać na czele
ii.    przywódca",ˈspɪəhed
special,"i.   1.  szczególny
 2.  specjalny
 3.  nadzwyczajny
ii.    dodatek specjalny",program specjalny|wyrób specjalny|ˈspeʃəl
specialise,specialize,specjalizować się|ˈspeʃəlaɪz
specialist,"i.    specjalista
ii.    specjalistyczny",wyspecjalizowany|ˈspeʃəlɪst
speciality,specjalność,speʃɪˈælɪtɪ
specialize,specialise,specjalizować się|ˈspeʃəlaɪz
specially,"1.  specjalnie
 2.  [nieform]  szczególnie",ˈspeʃəlɪ
specialty,specjalność,ˈspeʃəltɪ
species,gatunek,ˈspɪ:ʃi:z
specific,"dokładny
ii.   specifics  specyficzne cechy","i.   1.  szczególny|specjalny
 2.  szczegółowy|spɪˈsɪfɪk"
specifically,1.  szczególnie,"specjalnie
 2.  specyficznie|spɪˈsɪfɪkəlɪ"
specification,specyfikacja,ˌspesɪfɪˈkeɪʃən
specify,"1.  wyszczególniać
 2.  precyzować",ˈspesɪfaɪ
specimen,"1.  okaz
 2.  przykład",ˈspesɪmən
speck,1.  plamka,"spek|ślad
 2.  szczypta"
speckled,plamisty,poplamiony|ˈspekəld
specs,okulary,speks
spectacle,"1.  przedstawienie
 2.  spektakl
 3. spectacles  [nieform]  okulary",ˈspektəkəl
spectacular,i.    widowiskowy,"spektakularny
ii.    spektakularne widowisko|spekˈtækjʊlə"
spectator,spekˈteɪtə,widz
specter,"1.  zjawa
 2. the spectre  [lit]  upiór",spectre|ˈspektə
spectre,"1.  zjawa
 2. the spectre  [lit]  upiór",specter|ˈspektə
spectrum,1.  widmo,"spektrum
 2.  gama|ˈspektrəm"
speculate,"1.  spekulować
 2.  snuć rozważania",ˈspekjʊleɪt
speculative,"1.  spekulatywny
 2.  niepewny","kalkulujący
 3.  spekulacyjny|ˈspekjʊlətɪv"
speech,"dialekt
ii.  speech sound   głoska","i.   1.  mowa
 2.  przemówienie
 3.  język|spi:ʧ"
speechless,oniemiały,ˈspi:ʧlɪs
speed,i.   1.  szybkość,"ograniczenie prędkości
iv.  speed up   przyśpieszać|prędkość
 2.  duża szybkość
ii.   1.  śpieszyć się
 2.  przekraczać szybkość
iii.  speed limit|spi:d|ˈspi:dlɪmɪt"
speedboat,ślizgacz,ˈspi:dbəʊt
speedometer,prędkościomierz,spɪˈdɒmɪtə
speedway,tor wyścigowy,ˈspi:dweɪ
speedy,prędki,ˈspi:dɪ
spell,"być tożsamym 
ii.   1.  krótki okres
 2.  czar","i.   1.  przeliterowywać
 2.  pisać się|pisać  [ortograficznie]
 3.  oznaczać|spel|zaklęcie
iii.  spell out  1.  przeliterowywać
 2.  objaśniać"
spellbound,oczarowany,ˈspelbaʊnd
spelling,ortografia,pisownia|ˈspelɪŋ
spend,"1.  wydawać  [pieniądze]
 2.  spędzać",
spending,wydatki,ˈspendɪŋ
spent,zużyty,
sperm,"1.  nasienie
 2.  plemnik",spɜ:m
spew,spju:,wypluwać|wyrzucać|wyrzucać z siebie
sphere,"1.  kula
 2.  sfera",sfɪə
spherical,kulisty,ˈsferɪkəl
spice,"i.   1.  przyprawa
 2.  element pikantny
ii.    przyprawiać",spaɪs
spickandspan,nowiutki,prosto spod igły|spick-and-span|ˌspɪkənˈspæn
spicy,dobrze przyprawiony,ˈspaɪsɪ
spider,pająk,ˈspaɪdə
spike,spaɪk,szpikulec
spill,1.  rozlewać się,"rozlewać
 2.  wylewać się|spɪl"
spin,i.   1.  wirować,"kręcić
 2.  obracać się|kręcić się|obracać
 3.  odwirowywać
 4.  prząść
ii.  spin dryer|spɪn"
spinach,szpinak,ˈspɪnɪʤ
spinal,[form]   stos pacierzowy,"i.    kręgowy
ii.  spinal column|kręgosłup
iii.  spinal cord|rdzeń kręgowy|ˈspaɪnəl"
spindry,odwirowywać,spin-dry|ˌspɪnˈdraɪ
spine,"1.  kręgosłup
 2.  grzbiet
 3.  kolec",spaɪn
spineless,"1.  bezkręgowy
 2.  bez kręgosłupa",ˈspaɪnlɪs
spinoff,produkt uboczny,spin-off|ˈspɪnɒf
spinster,panna,stara panna|ˈspɪnstə
spiral,"i.    spirala
ii.    spiralny
iii.   1.  kręcić się po spirali
 2.  wzrastać po spirali",opadać po spirali|ˈspaɪərəl
spire,iglica,ˈspaɪə
spirit,"i.   1.  duch
 2.  [człowieka]  dusza
 3.  [np. w przedstawieniu]  ogień","stan ducha
 5. spirits  [spirytualia]  napoje alkoholowe
ii.    [np. przez granicę]  przemycać|żywiołowość
 4. spirits  [usposobienie]  humor|ˈspɪrɪt"
spirited,energiczny,żywy|ˈspɪrɪtɪd
spiritual,"1.  duchowy
 2.  duchowny
 3.  [muz]  spiritual",ˈspɪrɪʧʊəl
spit,i.   1.  pluć,"spluwać
 2.  wypluwać
ii.   1.  ślina
 2.  rożen
 3.  it is spitting 
 - kropi|spɪt"
spite,"i.    złość
ii.   1.  zrobić na złość
 2.  in spite of 
 - pomimo",spaɪt
spiteful,złośliwy,ˈspaɪtfʊl
splash,i.   1.  chlapać,"rozchlapywać
 2.  ochlapywać|splæʃ|zachlapywać
ii.   1.  chlapnięcie
 2.  plusk
 3.  plama"
spleen,"1.  śledziona
 2.  chandra",spli:n|splin
splendid,wspaniały,znakomity|ˈsplendɪd
splendor,splendour,wspaniałość|znakomitość|ˈsplendə
splendour,splendor,wspaniałość|znakomitość|ˈsplendə
splice,splatać,splaɪs
splint,splɪnt,szyna
splinter,i.    drzazga,"odłamek
ii.    rozpadać się na kawałki|ˈsplɪntə"
split,"dzielić
ii.   1.  [np. w partii]  podział 
 2.  [jaźni]  rozszczepienie 
 3.  [drewna]  pęknięcie
iii.    [np. warga]  rozszczepiony
iv.  split second","i.   1.  rozpadać się|rozdzielać
 2.  [o drewnie]  pękać
 3.  [zyskiem]  dzielić się|rozdzielać się|splɪt"
splutter,"i.   1.  prychać
 2.  strzelać
ii.    prychnięcie",ˈsplʌtə
spoil,1.  psuć,"spɔɪl|zepsuć
 2.  rozpieszczać
 3.  spoil oneself 
 - folgować sobie
 4.  [lit]  the spoils 
 - łupy"
spoke,spəʊk,szprycha
spokesman,przedstawiciel,rzecznik|ˈspəʊksmən
spokesperson,przedstawiciel,rzecznik|ˈspəʊkspɜ:sən
spokeswoman,przedstawicielka,rzecznik  [kobieta]|ˈspəʊkswʊmən
spongebag,kosmetyczka,ˈspʌnʤbæg
spongy,gąbczasty,ˈspʌnʤɪ
sponsor,i.   1.  sponsorować,"patron|patronować
 2.  podtrzymywać|zgłaszać
ii.    sponsor|ˈspɒnsə"
sponsorship,patronat,ˈspɒnsəʃɪp
spontaneous,"1.  spontaniczny
 2.  samoistny",spɒnˈteɪnɪəs
spooky,makabryczny,przerażający|ˈspu:kɪ
spool,rolka,spu:l|szpulka
spoon,i.    łyżka,"nakładać|spu:n|łyżeczka
ii.    nakładać łyżką"
spoonful,łyżeczka,łyżka|ˈspu:nfʊl
sporadic,sporadyczny,spəˈrædɪk
spore,spɔ:,zarodnik
sport,"i.    sport
ii.   1.  nosić","obnosić się 
 2.  [przest]  be a sport! 
 - nie psuj zabawy!
 3.  he is a good sport 
 - z nim można konie kraść|spɔ:t"
sporting,sportowy,ˈspɔ:tɪŋ
sports car,samochód sportowy,ˈspɔ:ts kɑ:
sportsman,sportowiec,ˈspɔ:tsmən
sportswoman,sportowiec  [kobieta],ˈspɔ:tswʊmən
spotless,nieskazitelny,ˈspɒtlɪs
spotlight,"1.  reflektor punktowy
 2.  [w samochodzie]  szperacz
 3.  be in the spotlight 
 - zwracać powszechną uwagę",ˈspɒtlaɪt
spotted,kropkowany,nakrapiany|ˈspɒtɪd
spotty,krostowaty,ˈspɒtɪ
spouse,małżonek,małżonka|spaʊz
spout,i.   1.  wyrzucać z siebie,"spaʊt|sprzedawać
ii.    dzióbek|tryskać
 2.  karmić|wylot"
sprain,i.    wykręcać,"spreɪn|wykręcenie|zwichnąć
ii.    zwichnięcie"
sprat,spræt,szprot
sprawl,i.   1.  rozwalać się,"rozkładać się
 2.  rozciągać się
ii.    rozrost|sprɔ:l"
spray,"aerozol
 2.  [na morzu]  pył wodny
 3.  [ogrodowy]  spryskiwacz
 4.  [rośliny]  gałązka
ii.   1.  [aerozolem]  opryskiwać","i.   1.  spray|rozpryskiwać|spreɪ|spryskiwać 
 2.  [np. o trocinach]  rozpryskiwać się"
spread,i.   1.  rozpościerać się,"nakładać
 5.  [obowiązki]  rozkładać równo|okresie czasu]  rozciągać się|rozciągać|rozciągać 
 3.  [palce]  rozprostowywać
 4.  [np. masłem]  smarować"
spreadeagled,spread-eagled,z rozrzuconymi rękoma i nogami|ˌspred ˈi:gəld
spreadsheet,arkusz elektroniczny,arkusz kalkulacyjny|ˈspredˌʃi:t
spree,impreza,spri:|wyprawa
sprig,gałązka,sprɪg
sprightly,żwawy,żywy|ˈspraɪtlɪ
spring,"i.   1.  wiosna
 2.  sprężyna
 3.  [wody]  źródło
ii.   1.  [robić skok]  skakać","into action* 
 - zaskakiwać|ludziach]  odskakiwać|podskakiwać
 3.  [wynikać]  pochodzić   
 4.  [informacje]  wyjawiać nieoczekiwanie|pojawiać się"
springboard,"1.  trampolina
 2.  odskocznia",ˈsprɪŋbɔ:d
springclean,porządkować na wiosnę,spring-clean|ˌsprɪŋˈkli:n
springtime,okres wiosny,wiosna|ˈsprɪŋtaɪm
springy,elastyczny,sprężysty|ˈsprɪŋɪ
sprinkle,"1.  posypywać
 2.  polewać",ˈsprɪŋkəl
sprinkler,"1.  zraszacz
 2.  dysza samoczynnego systemu przeciwpożarowego",dysza|ˈsprɪŋklə
sprinkling,nieco,odrobina|ˈsprɪŋklɪŋ
sprint,"i.   1.  sprint
 2.  bieg krótkodystansowy
ii.    biec sprintem",sprɪnt
sprite,elf,spraɪt
sprout,i.   1.  kiełkować,"pęd|spraʊt|wschodzić
 2.  porastać
 3.  nosić
 4.  wyrastać|wyłaniać się
ii.    kiełek"
spruce,"i.    świerk
ii.    elegancki",spru:s
spry,ruchliwy,spraɪ|żywotny
spud,pyra,spʌd|ziemniak
spur,"cisnąć 
 2.  on the spur of the moment 
 - bez wahania","i.   1.  ostroga
 2.  bodziec 
ii.   1.  ponaglać|spɜ:"
spurious,fałszywy,pozorny|ˈspjʊərɪəs
spurn,odtrącać,spɜ:n
spurt,"i.   1.  a. tryskać
 b.
      ""the bag spurts water""  - woda tryska z worka
 2.  przyspieszać zrywami","przyspieszać
ii.   1.  wytrysk
 2.  zryw|spɜ:t"
spy,"i.    szpieg
ii.   1.  szpiegować 
 2.  [form]  zoczyć",spaɪ
squabble,"i.    użerać się
ii.    utarczka",ˈskwɒbəl
squad,"i.   1.  oddział
 2.  by firing squad 
 - przez rozstrzelanie
ii.  squad car",policyjny wóz patrolowy|skwɒd|wóz patrolowy|ˈskwɒdkɑ:
squadron,"1.  eskadra
 2.  szwadron",ˈskwɒdrən
squalid,brudny,ˈskwɒlɪd
squall,nawałnica,skwɔ:l|szkwał
squalor,brud,nędza|ˈskwɒlə
squander,roztrwaniać,trwonić|ˈskwɒndə
squarely,"1.  prosto
 2.  bezpośrednio",ˈskweəlɪ
squash,i.    rozgniatać,"skwɒʃ|zgniatać
ii.   1.  [gra]  squash
 2.  [br]  lemoniada
 3.  [us]  kabaczek"
squat,"i.   1. squat down  kucać
 2.  mieszkać na dziko
ii.    przysadzisty",skwɒt
squawk,"i.    krzyczeć
ii.    krzyk",skwɔ:k
squeak,i.    piszczeć,"skrzyp|skrzypieć
ii.    pisk|skwi:k"
squeaky,piszczący,skrzypiący|ˈskwi:kɪ
squeal,"i.   1.  piszczeć
 2.  kwiczeć
ii.   1.  pisk
 2.  kwik",skwi:l
squeamish,nerwowy,wrażliwy|ˈskwi:mɪʃ
squeeze,"i.   1.  ściskać
 2.  wyciskać","skwi:z|uścisk|wciskać|wtłaczać
ii.    uściśnięcie"
squid,kalmar,kałamarnica|mątwa|skwɪd
squiggle,zakrętas,zygzak|ˈskwɪgəl
squint,"i.    patrzeć spode łba 
ii.    zez",skwɪnt
squire,dziedzic,pan|ˈskwaɪə
squirm,1.  wiercić się,"kręcić się
 2.  wić się|skwɜ:m"
squirrel,wiewiórka,ˈskwɪrəl
squirt,i.   1.  strzykać,"skwɜ:t|strumień|tryskać
 2.  natryskiwać
ii.    struga"
sr,"sr.
i.
   see also: {senior}
  senior
ii.
   see also: {sister}
  siostra",
sri lanka,sri:ˈlæŋkə,
ss,parowiec,ˌ$⋅$ˈ$⋅$
st,"st.
  św.",święty
sta,"sta.
  stacja",
stab,i.   1.  pchnąć,"kłuć
 2.  dźgać
ii.   1.  dźgnięcie|stæb|ukłucie
 2.  [nieform]  have a stab at  sth  np)
 - popróbować sobie"
stabilise,stabilize,stabilizować|stabilizować się|ˈsteɪbɪlaɪz
stability,stabilność,stəˈbɪlɪtɪ
stabilize,stabilise,stabilizować|stabilizować się|ˈsteɪbɪlaɪz
stabilizer,stabilizator,ˈsteɪbɪlaɪzə
stable,"i.    stabilny
ii.    stajnia",ˈsteɪbəl
stadium,stadion,ˈsteɪdɪəm
staff,"i.   1.  personel
 2.  kadra pedagogiczna
 3.  służba
 4.  [wojsk]  sztab
ii.    obsadzać",stɑ:f
stag,"1.  jeleń
 2.  stag night","party 
 - wieczór kawalerski|stæg"
stage,"etap
 2.  scena
ii.    sceniczny
iii.   1.  wystawiać
 2.  organizować
 3.  on stage 
 - na scenie",i.   1.  stadium|na scenę|steɪʤ
stagecoach,dyliżans,ˈsteɪʤkəʊʧ
stagemanage,reżyserować,stage-manage|ˌsteɪʤˈmænɪʤ
stagger,"1.  zataczać się
 2.  bulwersować","oszałamiać
 3.  planować|układać|ˈstægə"
stagnant,"1.  stojący
 2.  w zastoju",ˈstægnənt
stagnate,stægˈneɪt,wchodzić w zastój
staid,stateczny,steɪd
stain,"i.    plama
ii.    plamić
iii.  stained glass window",steɪn|witraż|ˌsteɪnd glɑ:s ˈwɪndəʊ
stainless,nierdzewny,ˈsteɪnlɪs
stair,"1.  stopień
 2. stairs  schody",steə
staircase,schody,ˈsteəkeɪs
stairway,schody,ˈsteəweɪ
stake,i.   1. stakes  stawka,"pula
 2.  pal|steɪk|słup
 3. stakes  wyścig o coś|wyścig
ii.   1.  stawiać   
 2.  have a stake in sth 
 - być materialnie zainteresowanym w czymś
 3.  be at stake 
 - być zagrożonym
 4.  have sth at stake 
 - mieć coś do stracenia"
stale,"1.  czerstwy
 2.  nieświeży
 3.  zardzewiały",steɪl
stalemate,pat,ˈsteɪlmeɪt
stalk,"i.   1.  łodyga
 2.  ogonek
ii.   1.  tropić
 2.  kroczyć dumnie",stɔ:k
stall,i.   1.  stoisko,"miejsce
 2. the stalls  miejsca parterowe
ii.   1.  gasnąć|stɔ:l|zgasić
 2.  zwlekać 
 3.  powstrzymywać"
stallion,ogier,ˈstæljən
stalwart,"dzielny
ii.    wierny zwolennik",i.    wierny|ˈstɔ:lwət
stamina,wytrwałość,wytrzymałość|ˈstæmɪnə
stammer,i.    jąkać się,"wyjąkać
ii.    jąkanie się|ˈstæmə"
stammerer,jąkała,ˈstæmərə
stamp,"cecha
ii.   1.  pieczętować","i.   1. postage stamp  znaczek pocztowy|określać|stemplować
 2.  [nogą]  tupać
 3.  [na coś]  nadeptywać
 4.  [np. twórczości]  nadawać cechę|stæmp"
stampede,"i.    wpadać w popłoch
ii.    popłoch",panika|stæmˈpi:d
stance,"1.  postawa 
 2.  [form]  pozycja",stæns
stand,"bronić 
 5.  przyjmować
 6.  be stood up 
 - być wystawionym do wiatru","budka
 3.  [np. na parasole]  stojak
 4.  [sport]  podium
 5.  take|być w pogotowiu
 2.  stać z boku
 3.  stać 
 4.  trwać 
iv.  stand down   ustępować
v.  stand for  1.  oznaczać
 2.  reprezentować
 3.  zgadzać się|i.   1.  stać
 2.  [form]  [podnosić się]  wstawać
 3.  [wazon|kolację]  stawiać
 4.  [w wyborach]  stawać   
 5.  [np. o krok]  odstępować
 6.  [o decyzji"
standalone,autonomiczny,niezależny|stand-alone|ˌstændəˈləʊn
standard,"[br]   lampa stojąca
iv.  standard of living","i.   1.  poziom
 2.  kryterium|miara
 3.  standard
 4.  zasada
ii.    standardowy
iii.  standard lamp|poziom życia|stopa życiowa"
standardise,standardize,standaryzować|ˈstændədaɪz
standardize,standardise,standaryzować|ˈstændədaɪz
standby,"bilet
ii.   1.  rezerwowy","i.   1.  niezawodny środek|na którym zawsze można polegać
 2.  wejściówka
 3.  bilet kupowany tuż przed odlotem|pomocniczy
 2.  on standby 
 - w gotowości|środek"
standin,"1.  zastępca
 2.  dubler",stand-in|ˈstændɪn
standing,i.    reputacja,"miejsca stojące|ranga
ii.   1.  stały
 2.  [form]  of five years' standing 
 - istniejący 5 lat
 3.  of long standing 
 - długotrwały
iii.  standing room|ˈstændɪŋ|ˈstændɪŋru:m"
standoffish,oficjalny,stand-offish|stændˈɒfɪʃ
standpoint,punkt widzenia,ˈstændpɔɪnt
standstill,"1.  be at a standstill 
 - znajdować się w punkcie zerowym
 2.  come to a standstill 
 - zatrzymywać się",ˈstændstɪl
staple,"i.    zszywka
ii.    zszywać
iii.    podstawa
iv.    stały",podstawowy|ˈsteɪpəl
stapler,zszywacz,ˈsteɪplə
star,"i.   1.  gwiazda
 2.  gwiazdka
ii.   1.  grać główną rolę
 2.  oznaczać gwiazdką
 3.  a film starring x 
 - film z x w roli głównej",stɑ:
starboard,"i.    sterburta
ii.    [o burcie]  prawy",ˈstɑ:bɔ:d
starch,"i.   1.  krochmal
 2.  skrobia
ii.    krochmalić",stɑ:ʧ
stare,"i.    spoglądać 
ii.    spojrzenie",steə
starfish,rozgwiazda,ˈstɑ:fɪʃ
stark,"1.  surowy
 2.  nieupiększony
 3.  stark naked 
 - całkiem goły",stɑ:k
starlet,gwiazdka  [aktorka],ˈstɑ:lɪt
starling,szpak,ˈstɑ:lɪŋ
starry,rozgwieżdżony,ˈstɑ:rɪ
starryeyed,idealistyczny,romantyczny|starry-eyed|ˌstɑ:rɪˈaɪd
start,i.   1.  zaczynać się,"naprowadzać na coś
iv.  start on   zabierać się 
v.  start up  1.  zakładać|podskakiwać
ii.   1.  [zaczęcie]  początek
 2.  [w zawodach]  start
 3.  [poruszenie się]  wzdrygnięcie się
 4.  to start with 
 - przede wszystkim
iii.  start off  1.  zaczynać
 2.  start  off on sth 
 - naprowadzać kogoś na coś|rozpoczynać 
 3.  [w zawodach]  startować
 4.  [interes]  zakładać
 5.  [silnik]  zapuszczać|stɑ:t"
starter,"1.  przystawka
 2.  rozrusznik",ˈstɑ:tə
starting point,"1.  punkt wyjścia   
 2.  początek",ˈstɑ:tɪŋpɔɪnt
startle,zaskakiwać,ˈstɑ:təl
starvation,głód,stɑ:ˈveɪʃən
starve,"1.  głodować
 2.  głodzić","stɑ:v|zagłodzić
 3.  pozbawiać"
state,"i.   1.  stan
 2.  państwo
ii.    państwowy
iii.   1.  określać","stany|steɪt|stwierdzać
 2.  [nieform]  be in a state 
 - strasznie się przejmować
 3.  [nieform]  the states 
 - stany zjednoczone"
stated,określony,ˈsteɪtɪd
stately,majestatyczny,ˈsteɪtlɪ
statement,"1.  stwierdzenie
 2.  wyciąg bankowy",wyciąg|ˈsteɪtmənt
statesman,mąż stanu,ˈsteɪtsmən
static,"i.    statyczny
ii.   1.  elektryczność statyczna
 2.  zakłócenia atmosferyczne",zakłócenia|ˈstætɪk
station,"i.   1.  stacja
 2.  [przest]  pozycja społeczna","kombi|pozycja
ii.   1.  rozmieszczać
 2.  stacjonować
iii.  station wagon|ˈsteɪʃən|ˈsteɪʃən ˌwægən"
stationary,nieruchomy,stacjonarny|ˈsteɪʃənərɪ
stationer,sprzedawca materiałów piśmiennych,ˈsteɪʃənə
stationery,materiały piśmienne,ˈsteɪʃənərɪ
stationmaster,zawiadowca stacji,ˈsteɪʃənmɑ:stə
statistic,statistical,statystyczny|stəˈtɪstɪk
statistical,statistic,statystyczny|stəˈtɪstɪk
statistics,statystyka,stəˈtɪstɪks
statue,posąg,ˈstætju:
statuesque,posągowy,ˌstætjʊˈesk
statuette,figurka,ˌstætjʊˈet
stature,"1.  postawa
 2.  a. ranga
 b.
      ""of international stature""  - rangi międzynarodowej",ˈstæʧə
status,ˈsteɪtəs,
statute,ustawa,ˈstætju:t
statutory,ustawowy,ˈstætjətərɪ
staunch,"i.    wierny
ii.    [form]  tamować",stɔ:nʧ
stave off,odkładać,zapobiegać|ˌsteɪvˈɒf
stay,"i.   1.  pozostawać
 2.  przebywać","nie kłaść się|nie wracać do domu
 2.  strajkować
vi.  stay up   zasiedzieć się|nie wychodzić
iv.  stay on   pozostawać
v.  stay out  1.  przebywać poza domem|steɪ"
std,międzymiastowe połączenie automatyczne,ˌ$⋅⋅$ˈ$⋅$
steadfast,niezachwiany,niezłomny|ˈstedfəst
steady,"i.   1.  stały
 2.  równy
 3.  rzetelny
ii.   1.  wyrównywać się","wyrównywać
 2.  uspokajać|ˈstedɪ"
steak,"1.  stek
 2.  duży kawałek",steɪk
steal,"1.  kraść
 2.  [lit]  zakradać się",sti:l
stealth,1.  skradanie się,"ciche poruszanie się
 2.  by stealth 
 - ukradkiem|stelθ"
stealthy,potajemny,ˈstelθɪ
steam,"i.    para
ii.    parowy
iii.   1.  parować
 2.  gotować na parze
 3.  wpływać",sti:m|wjeżdżać|wjeżdżać pod napędem parowym|wpływać pod napędem parowym
steamer,parowiec,ˈsti:mə
steamroller,walec drogowy,ˈsti:mrəʊlə
steamy,zaparowany,ˈsti:mɪ
steel,"i.    stal
ii.   1.  stalowy
 2.  steel oneself 
 - przygotowywać się",sti:l
steelworks,stalownia,ˈsti:lwɜ:ks
steely,stalowy,ˈsti:lɪ
steep,1.  stromy,"spadzisty
 2.  ostry
 3.  [nieform]  za wysoki|sti:p"
steeped,osadzony,ˈsti:pt
steeple,iglica,wieża|ˈsti:pəl
steer,"i.   1.  prowadzić
 2.  sterować
ii.    wół",stɪə
steering wheel,kierownica,ˈstɪərɪŋwi:l
stellar,gwiezdny,ˈstelə
stem,i.   1.  pień,"wynikać|łodyga
 2.  nóżka
 3.  cybuch
ii.   1.  tamować
 2.  pochodzić"
stench,odór,smród|stenʧ
stencil,i.    szablon,"matryca
ii.    matrycować|ˈstensəl"
stepbrother,syn czyjegoś ojczyma lub macochy,ˈstepbrʌðə
stepchild,pasierb,pasierbica|ˈstepʧaɪld
stepdaughter,pasierbica,ˈstepdɔ:tə
stepfather,ojczym,ˈstepfɑ:ðə
stepladder,drabina składana,ˈsteplædə
stepmother,macocha,ˈstepmʌðə
steppe,step,
steppingstone,"1.  kamień  [do przejścia przez strumyk]
 2.  odskocznia",stepping-stone|ˈstepɪŋ stəʊn
stepsister,córka czyjegoś ojczyma lub macochy,ˈstepsɪstə
stepson,pasierb,ˈstepsʌn
stereo,i.    sprzęt stereo,"stereo
ii.    stereofoniczny|ˈsterɪəʊ"
stereotype,"i.    stereotyp
ii.    traktować szablonowo",ˈsterɪətaɪp
sterile,"1.  sterylny
 2.  bezpłodny",ˈsteraɪl
sterilise,sterilize,sterylizować|ˈsterɪlaɪz
sterilize,sterilise,sterylizować|ˈsterɪlaɪz
sterling,funt szterling,szterling|ˈstɜ:lɪŋ
stern,"i.    surowy
ii.    rufa",stɜ:n
stew,"i.    dusić
ii.    potrawka",stju:
steward,"1.  steward
 2.  zarządca",intendent|ˈstju:əd
stewardess,stewardessa,ˌstju:əˈdes
stick,bronić,"i.   1.  patyk|kij
 2.  [dynamitu]  laska
ii.   1.  [do czegoś]  wtykać
 2.  [np. do słupa]  przyklejać
 3.  [o piasku]  przywierać
 4.  [o zamku błysk.]  zablokowywać się
 5.  [o zdarzeniu]  utkwić 
iii.  stick out  1.  wystawiać
 2.  wystawać
 3.  wyróżniać się|stɪk|wyróżniać
iv.  stick to  1.  trzymać się
 2.  dotrzymywać
v.  stick up  1.  przyczepiać
 2.  wystawać
vi.  stick up for   stawać"
sticker,naklejka,ˈstɪkə
stickingplaster,plaster,przylepiec|sticking-plaster|ˈstɪkɪŋplɑ:stə
stickler,pedant,ˈstɪklə
sticky,1.  lepki,"kleisty
 2.  samoprzylepny
 3.  duszny|parny
 4.  [nieform]  paskudny|ˈstɪkɪ"
stiff,"1.  sztywny
 2.  [drzwi]  ciężko chodzący
 3.  [ciało]  zesztywniały","na śmierć|odrętwiały
 4.  [rywalizacja]  ostry
 5.  [wódka]  porządny
 6.  [wiatr]  silny
 7.  [nieform]   stiff 
 - znudzony na śmierć|stɪf"
stiffen,"1.  sztywnieć
 2.  usztywniać
 3.  utwardzać",ˈstɪfən
stifle,"1.  zduszać
 2.  dławić",gnieść|ˈstaɪfəl
stigma,piętno,stygmat|ˈstɪgmə
stile,przejście,przełaz|staɪl
still,i.   1.  dalej,"nadal
 2.  wciąż
 3.  jednak
 4.  jeszcze   
ii.    [bez ruchu]  spokojny|nieruchomy|stɪl"
stillborn,martwo urodzony,poroniony|ˈstɪlbɔ:n
stilt,"1.  pal
 2.  szczudło",stɪlt
stilted,wysilony,ˈstɪltɪd
stimulant,stymulant,ˈstɪmjələnt
stimulate,"1.  stymulować
 2.  pobudzać",ˈstɪmjəleɪt
stimulus,"1.  bodziec
 2.  podnieta",ˈstɪmjələs
sting,"i.   1.  żądło
 2.  kłucie","pieczenie
ii.   1.  użądlić|stɪŋ|uciąć
 2.  piec
 3.  ukłuć|zaboleć"
stingy,skąpy,stɪnʤɪ
stink,"cuchnąć
ii.    smród",i.    śmierdzieć|stɪŋk
stinking,cholerny,ˈstɪŋkɪŋ
stint,okres,stɪnt
stipulate,wymagać,żądać|ˈstɪpjəleɪt
stir,"i.   1.  mieszać
 2.  poruszać","poruszać się|ruszać|ruszać się
 3.  dojrzewać
ii.    poruszenie|stɜ:"
stirring,wzburzający,ˈstɜ:rɪŋ
stirrup,strzemię,ˈstɪrʌp
stitch,"i.    zszywać
ii.   1.  ścieg","stɪʧ|szew
 2.  kolka"
stoat,gronostaj,stəʊt
stockade,palisada,stɒˈkeɪd
stockbroker,makler,ˈstɒkbrəʊkə
stocking,pończocha,ˈstɒkɪŋ
stocktaking,inwentaryzacja,ˈstɒkteɪkɪŋ
stocky,krępy,ˈstɒkɪ
stodgy,"1.  ciężki
 2.  nudny",ˈstɒʤɪ
stoic,stoical,stoicki|ˈstəʊɪk
stoical,stoic,stoicki|ˈstəʊɪk
stoke,"1.  podrzucać 
 2.  podsycać",stəʊk
stolid,flegmatyczny,stɒlɪd
stomach,1.  żołądek,"brzuch
 2.  [przen]  [z przeczeniem]  przełknąć|ˈstʌmək"
stomachache,ból brzucha,stomach-ache|ˈstʌməkeɪk
stomp,stąpać ciężko,stɒmp
stonecold,lodowato zimny,stone-cold|ˌstəʊnˈkəʊld
stonedeaf,głuchy jak pień,stone-deaf|ˌstəʊnˈdef
stonework,ozdoby kamienne,ˈstəʊnwɜ:k
stony,"1.  kamienisty
 2.  kamienny",ˈstəʊnɪ
stool,stołek,stu:l
stoop,garbienie,"i.   1.  przygarbiać się 
 2. stoop down  pochylać się|schylać się
 3.  zniżać się 
ii.    przygarbienie|stu:p"
stop,"[br]   wiadomości z ostatniej chwili
v.  stop up   zatykać","i.   1.  przestawać 
 2.  kończyć się
 3.  zapobiegać
 4.  [też o zegarze]  zatrzymywać się|stɒp|zatrzymywać 
ii.   1.  przystanek
 2.  bring to a stop 
 - zatrzymywać
 3.  come to a stop 
 - zatrzymywać się
iii.  stop off   zatrzymywać się
iv.  stop press|ˌstɒpˈpres"
stopgap,prowizorium,tymczasowe rozwiązanie|ˈstɒpgæp
stopover,przerwa,ˈstɒpəʊvə
stoppage,przerwanie pracy,strajk|ˈstɒpɪʤ
stopper,korek,ˈstɒpə
stopwatch,stoper,ˈstɒpwɒʧ
storage,1.  magazynowanie,"przechowywanie
 2.  [komp]  pamięć|ˈstɒrɪʤ"
store,"i.   1.  sklep
 2.  magazyn","przechowywać|przechowywać
iii.  store up   magazynować|skład
 3.  zapasy
 4.  [komp]  pamięć
ii.    magazynować|stɔ:"
storehouse,"1.  [us]  magazyn
 2.  kopalnia",ˈstɔ:haʊs
storeroom,magazyn,skład|ˈstɔ:ru:m
storey,piętro,story|ˈstɔ:rɪ
stork,bocian,stɔ:k
storm,"i.    burza
ii.   1.  wpadać jak burza
 2.  [lit]  piorunować","stɔ:m|wzburzać się
 3.  szturmować"
stormy,burzliwy,ˈstɔ:mɪ
story,piętro,storey|ˈstɔ:rɪ
stout,1.  pulchny,"dzielny|gruby
 3.  zdecydowany|staʊt|tęgi
 2.  solidny"
stove,kuchenka,piec|stəʊv
stow,odkładać,stow away  chować|stəʊ
stowaway,pasażer na gapę,ˈstəʊəweɪ
str,przesmyk,"str.
i.
   see also: {steamer}
  parowiec
ii.
   see also: {strait}
  cieśnina"
straddle,1.  stawać okrakiem,"siadać okrakiem
 2.  przekraczać|ˈstrædəl"
straggle,"1.  rozciągać się
 2.  być rozwleczonym",ˈstrægəl
straight,"bez niczego
 4.  keep a straight face 
 - utrzymywać powagę
 5.  put","get sth straight 
 - porządkować
 6.  straight away 
 - od razu
iii.  straight fight   walka między dwoma przeciwnikami|i.    prosto
ii.   1.  prosty
 2.  szczery
 3.  czysty|streɪt"
straightaway,od razu,ˌstreɪtəˈweɪ
straighten,i.   1.  wyprostowywać się,"wyprostowywać
 2.  wyrównywać
ii.  straighten out   porządkowywać|ˈstreɪtən"
straightforward,"1.  prosty
 2.  bezpośredni",ˌstreɪtˈfɔ:wəd
strain,"i.   1.  obciążenie
 2.  [umysłowy]  stres","napięcie
 3.  [mięśni]  nadwerężenie
 4.  a. skłonność
 b.
      ""romantic strain""  - skłonność do romantyzmu
 5. strains  [lit]  tony
 6.  [zboża]  odmiana
ii.   1.  [zasoby]  nadwerężać
 2.  [oczy]  wysilać
 3.  [mięsień|prawdę]  naciągać
 4.  [jedzenie]  odcedzać|streɪn"
strained,"1.  wysilony
 2.  wyczerpany
 3.  napięty",ˈstreɪnd
strait,"i.   1.  cieśnina
 2. straits  sytuacja","kaftan bezpieczenstwa|streɪt|tarapaty
ii.  strait jacket|ˈstreɪtˌʤækɪt"
straitlaced,pruderyjny,strait-laced|ˌstreɪtˈleɪst
strand,"1.  pasmo
 2.  wątek
 3.  be stranded 
 - być opuszczonym",być zagubionym|strænd
strange,"1.  dziwny
 2.  obcy",streɪnʤ
strangely,"1.  dziwnie
 2.  strangely  
 - choć to dziwne",dziwne|ˈstreɪnʤlɪ
stranger,"1.  obcy
 2.  nowoprzybyły
 3.  sb is a stranger to sth 
 - coś jest obce komuś",ˈstreɪnʤə
strangle,"1.  udusić
 2.  zduszać",ˈstræŋgəl
strangled,zduszony,ˈstræŋgəld
stranglehold,"have a stranglehold on sth 
 - trzymać coś w garści",ˈstræŋgəlhəʊld
strap,"i.   1.  pasek
 2.  ramiączko
ii.    przymocowywać",stræp
stratagem,fortel,ˈstrætəʤəm
strategic,strategiczny,strəˈti:ʤɪk
strategist,strateg,ˈstrætəʤɪst
strategy,strategia,ˈstrætəʤɪ
stratum,warstwa,ˈstreɪtəm
straw,"1.  słoma
 2.  słomka
 3.  rurka",strɔ:
strawberry,truskawka,ˈstrɔ:bərɪ
stray,"błąkać się
ii.    zabłąkany",i.    błądzić|streɪ
streak,"gnać
 3.  a streak of  
 - tendencja do czegoś","i.   1.  smuga|pasemko
 2.  pasmo
ii.   1.  znaczyć smugami|stri:k|tendencja do
 4.  lucky"
stream,dzielić,"i.   1.  nurt|ociekać
 2.  [o ludziach|pocie]  spływać strumieniami|pojazdach]  napływać
 3.  [o świetle]  wpływać
 4.  [w szkole]  dzielić na grupy według zdolności"
streamer,[papierowa]  serpentyna,ˈstri:mə
streamline,"1.  nadawać opływowy kształt
 2.  racjonalizować",robić bardziej efektywnym|ˈstri:mlaɪn
street,"i.    ulica
ii.   1.  uliczny
 2.  the man in the street 
 - przeciętny człowiek",stri:t|szary człowiek
streetcar,tramwaj,ˈstri:tkɑ:
strength,"1.  siła
 2.  potęga
 3.  moc
 4.  silny punkt
 5.  wytrzymałość",streŋθ
strengthen,1.  wzmacniać,"umacniać
 2.  dawać siłę|umacniać się|ˈstreŋθən"
strenuous,wyczerpujący,ˈstrenju:əs
stress,i.   1.  stres,"napięcie
 2.  akcent 
 3.  naprężenie
ii.   1.  podkreślać
 2.  akcentować|stres"
stretch,"elastyczny
 2.  at a stretch 
 - bez przerwy
iv.  stretch out   wyciągać","i.   1.  rozciągać się|rozciągać
 2.  przeciągać się
 3.  [fundusze]  wykorzystywać
 4.  wykorzystywać wszystkie możliwości
ii.   1.  [wodny]  obszar
 2.  [czasu]  przeciąg
iii.   1.  [materiał]  rozciągliwy|streʧ"
stretcher,nosze,ˈstreʧə
strew,"1.  zarzucać
 2.  pokrywać",stru:
stricken,dotknięty,rażony|ˈstrɪkən
strict,"1.  surowy
 2.  ścisły",strɪkt
strictly,"1.  wyłącznie 
 2.  ściśle",ˈstrɪktlɪ
stride,i.    kroczyć,"iść
ii.   1.  długi krok|iść długimi krokami|krok
 2.  krok naprzód
 3.  take sth in one's stride 
 - brać coś z marszu|straɪd"
strident,1.  wrzaskliwy,"przenikliwy
 2.  ostry|ˈstraɪdənt"
strife,konflikty,straɪf
striker,"1.  strajkujący
 2.  [sport]  napastnik",ˈstraɪkə
striking,"1.  uderzający
 2.  rzucający się w oczy",ˈstraɪkɪŋ
string,"fasolka szparagowa
iv.  string out   rozciągać się
v.  string together   zestawiać","i.   1.  sznurek|instrumenty smyczkowe
iii.  string bean|linka
 2.  sznur|manipulować
 3.  [muz]  the strings 
 - smyczki"
stringent,ostry,ˈstrɪnʤənt
stringy,włóknisty,żylasty|ˈstrɪŋɪ
strip,"demontować
v.  strip lighting","i.   1.  pasek
 2.  pas
 3.  komiks
ii.   1.  rozbierać się|lokal ze striptisem
iv.  strip down   rozbierać|oświetlenie jarzeniowe
vi.  strip off   ściągać|pozbawiać 
iii.  strip club"
stripe,pasek,prążek|straɪp
stripper,striptiser,striptiserka|ˈstrɪpə
striptease,striptis,ˈstrɪpti:z
strive,"1.  usiłować
 2.  walczyć",straɪv
stroke,"gładzić
ii.   1.  porażenie  [wylew]
 2.  [pędzla","i.    głaskać|in one* stroke 
 - za jednym zamachem|pióra]  linia|pociągnięcie
 3.  [zegara"
stroll,"i.    przechadzać się
ii.    spacer",przechadzka|strəʊl
stroller,wózek  [dla dziecka],ˈstrəʊlə
strong,1.  silny,"mocny
 2.  przekonujący
 3.  dobitny
 4.  a. w liczbie
 b.
      ""20 strong""  - w liczbie 20|strɒŋ"
stronghold,forteca,ˈstrɒŋhəʊld
strongroom,skarbiec,ˈstrɒŋru:m
structural,strukturalny,ˈstrʌkʧərəl
structure,"i.   1.  struktura
 2.  budowla
ii.    przekształcać",kształtować|ˈstrʌkʧə
struggle,i.   1.  borykać się,"szamotać się
 3.  [z kimś]  walczyć
ii.   1.  [o coś]  walka
 2.  szamotanina
 3.  struggle to do sth 
 - z wysiłkiem coś robić|usiłować
 2.  [w uścisku]  wyrywać się|ˈstrʌgəl"
strum,brzdąkać,strʌm
strut,"i.    rozpora
ii.    kroczyć dumnie",kroczyć|strʌt
stub,"i.   1.  niedopałek
 2.  odcinek kontrolny","odcinek
ii.    uderzać się 
iii.  stub out   zduszać|stʌb"
stubble,"1.  ściernisko
 2.  szczecina",ˈstʌbəl
stubborn,"1.  uparty
 2.  oporny",ˈstʌbən
stuck,"be stuck 
 - utknąć",stʌk
stuckup,stuck-up,zarozumiały|ˌstʌkˈʌp
stud,1.  guzek,"nit
 2.  kolczyk
 3.  konie rozpłodowe
 4. horse stud  stadnina|stʌd"
studded,nabijany,ˈstʌdɪd
student,"1.  student
 2.  [us]  uczeń
 3.  badacz",ˈstju:dənt
studied,wystudiowany,ˈstʌdɪd
studio,1.  pracownia,"atelier
 2.  studio|ˈstju:dɪəʊ"
studious,pilny,sumienny|ˈstju:dɪəs
study,"i.   1.  studiować
 2.  [mapę","pracownia|rozprawa
 3. studies  [uniwersyteckie]  studia
 4.  pokój do pracy|twarz]  badać
ii.   1.  nauka|uczenie się
 2.  studium"
stuffing,farsz,nadzienie|stʌfɪŋ
stuffy,duszny,stʌfɪ
stumbling block,przeszkoda,ˈstʌmblɪŋblɒk
stump,i.    odłamek,"kikut
ii.   1.  człapać
 2.  be stumped by sth 
 - nie umieć odpowiedzieć na coś|stʌmp"
stun,ogłuszać,oszołamiać|stʌn
stunt,"i.   1.  wyczyn
 2.  popis kaskaderski
ii.    zahamować
iii.  stunt man",kaskader|stʌnt|ˈstʌntmən
stupefy,oszałamiać,ˈstju:pɪfaɪ
stupendous,stju:ˈpendəs,zdumiewający
stupid,"1.  głupi
 2.  [nieform]  durny",ˈstju:pɪd
stupidity,"1.  głupota
 2.  głupstwo",stju:ˈpɪdɪtɪ
stupor,odurzenie,otępienie|ˈstju:pə
sturdy,silny,wytrzymały|ˈstɜ:dɪ
stutter,"i.    jąkać się
ii.    jąkanie się",ˈstʌtə
stutterer,jąkała,ˈstʌtərə
sty,chlew,staɪ
style,"i.   1.  styl
 2.  dobry styl
 3.  rodzaj
ii.    kształtować",projektować|staɪl
stylise,stylize,stylizować|ˈstaɪlaɪz
stylish,modny,ˈstaɪlɪʃ
stylize,stylise,stylizować|ˈstaɪlaɪz
stylus,igła  [gramofonowa],ˈstaɪləs
su,"su.
  niedziela",
suave,gładki,swɑ:v|uprzejmy
sub,"i.  
   see also: {submarine}
  okręt podwodny
ii.  
   see also: {subscription}
  subskrypcja
iii.  
   see also: {substitute}
  zastępstwo",ˌsʌb
subconscious,"i.    podświadomy
ii.    podświadomość",sʌbˈkɒnʃəs
subcontract,"podnajmować
ii.    subkontrakt","subcontract
i.    zlecać"
subdivide,dzielić,ˌsʌbdɪˈvaɪd
subdue,1.  przyprowadzić do porządku,"poskromić
 2.  opanować|səbˈdju:"
subdued,"1.  [o dźwiękach]  przytłumiony
 2.  [o świetle",kolorach]  przygaszony|səbˈdju:d
subject,"subject
i.   1.  temat
 2.  [np. w szkole]  przedmiot
 3.  [gram]  podmiot
 4.  [form]  poddany  [władcy]
ii.   1.  [kraj]  podległy
 2.  be subject to sth 
 - podlegać czemuś
 3.  subject to 
 - stosownie do
iii.   1.  [kraj]  uciskać
 2.  [przesłuchaniu]  poddawać",
subjective,subiektywny,səbˈʤektɪv
subjunctive,səbˈʤʌŋktɪv,tryb łączący
sublet,podnajmować,sʌbˈlet
sublime,səbˈlaɪm,wysublimowany
submarine,okręt podwodny,ˈsʌbməri:n
submerge,1.  zanurzać się,"səbˈmɜ:ʤ|zanurzać
 2.  zatapiać"
submission,"1.  uległość
 2.  [form]  przedłożenie",səbˈmɪʃən
submissive,səbˈmɪsɪv,uległy
submit,"1.  ulegać 
 2.  przedkładać",səbˈmɪt
subnormal,opóźniony,opóźniony w rozwoju|ˌsʌbˈnɔ:məl
subordinate,[gram]   zdanie podrzędne,"subordinate
i.    [form]  podporządkowywać 
ii.   1.  podwładny
 2.  [form]  podporządkowany 
iii.  subordinate clause|səˌbɔ:dɪnət ˈklɔ:z"
subscribe,"1.  przychylać się 
 2.  prenumerować","subskrybować 
 3.  wspomagać|səbˈskraɪb|wykładać"
subscriber,"1.  prenumerator
 2.  abonent
 3.  ofiarodawca",səbˈskraɪbə
subscription,"1.  prenumerata
 2.  abonament
 3.  składka",səbˈskrɪpʃən
subsequent,następujący,późniejszy|ˈsʌbsɪkwənt
subside,"1.  opadać
 2.  zmniejszać się",səbˈsaɪd
subsidence,osiadanie,osiadanie gruntu|səbˈsaɪdəns
subsidiary,i.    dodatkowy,"nieobowiązkowy
ii.   subsidiary company  przedsiębiorstwo zależne|səbˈsɪdɪərɪ"
subsidise,dotować,subsidize|subsydiować|ˈsʌbsɪdaɪz
subsidize,dotować,subsidise|subsydiować|ˈsʌbsɪdaɪz
subsidy,dotacja,subwencja|ˈsʌbsɪdɪ
subsist,przetrwać,səbˈsɪst
substance,"1.  substancja
 2.  realność","istota
 4.  znaczenie|konkretność
 3. the substance  esencja|prawdziwa wartość|ˈsʌbstəns"
substandard,niedopuszczalny,poniżej normy|ˌsʌbˈstændəd
substantial,1.  znaczny,"poważny
 2.  istotny|səbˈstænʃəl|ważny"
substantiate,səbˈstænʃɪeɪt,udowadniać|uzasadniać
substitute,"i.    zastępować 
ii.   1.  substytut","namiastka
 2.  zastępstwo|ˈsʌbstɪtju:t"
subterfuge,podstęp,ˈsʌbtəfju:ʤ
subterranean,podziemny,ˌsʌbtəˈreɪnɪən
subtitle,[na filmie]  podpis,napis|ˈsʌbtaɪtəl
subtle,subtelny,ˈsʌtəl
subtlety,subtelność,ˈsʌtəltɪ
subtract,odejmować,səbˈtrækt
subtraction,odejmowanie,səbˈtrækʃən
suburb,"1.  przedmieście
 2.  in the suburbs 
 - na przedmieściu",ˈsʌbɜ:b
suburban,"1.  podmiejski
 2.  prowincjonalny",səˈbɜ:bən
suburbia,səˈbɜ:bɪə,tereny podmiejskie
subversive,"i.    wywrotowy
ii.    wywrotowiec",səbˈvɜ:sɪv
subway,"1.  [br]  przejście podziemne
 2.  [us]  metro",ˈsʌbweɪ
succeed,"1.  zdołać
 2.  mieć powodzenie","səkˈsi:d|wieść się
 3.  robić karierę
 4.  zastępować
 5.  następować 
 6.  sb succeeds in doing sth 
 - komuś udaje się zrobienie czegoś"
success,"1.  powodzenie
 2.  sukces",səkˈses
successful,"1.  zakończony powodzeniem
 2.  cieszący się powodzeniem
 3.  świetny","odnosić sukcesy|przodujący
 4.  be successful  
 - odnosić sukcesy w robieniu czegoś|səkˈsesfʊl"
succession,1.  ciąg,"seria
 2.  sukcesja
 3.  in succession 
 - pod rząd|səkˈseʃən"
successive,kolejny,następujący|səkˈsesɪv
successor,następca,səkˈsesə
succinct,səkˈsɪŋkt,zwięzły
succulent,soczysty,ˈsʌkjʊlənt
succumb,səˈkʌm,ulegać
such,"1.  taki
 2.  as such 
 - jako taki
 3.  such and such 
 - taki to a taki",sʌʧ|taki a taki
suchlike,i temu podobne,ˈsʌʧlaɪk
suck,"1.  ssać
 2.  wysysać","sʌk|zasysać
 3.  wciągać"
sucker,"1.  ssawka
 2.  [nieform]  naiwniak
 3.  [us nieform]  lizak",ˈsʌkə
suckle,1.  dawać pierś do ssania,"dawać pierś
 2.  ssać pierś|ˈsʌkəl"
suction,przyssanie,ssanie|ˈsʌkʃən
sudan,su:ˈdɑ:n,"the sudan 
 - sudan"
sudanese,"i.    sudański
ii.    sudańczyk",ˌsu:dəˈni:z
sudden,"1.  nagły
 2.  all of a sudden 
 - nagle",znienacka|ˈsʌdən
suddenly,nagle,ˈsʌdənlɪ
sudeten,su:ˈdeɪtən,"the sudeten 
 - sudety"
sudetes,su:ˈdɪ:ti:z,"the sudetes 
 - sudety"
suds,mydliny,sʌdz
sue,dochodzić sądownie,sju:|skarżyć do sądu
suede,suéde,sweɪd|zamsz
suet,su:ɪt,tłuszcz|łój
suffer,"1.  cierpieć   
 2.  ponosić
 3.  ucierpieć",ˈsʌfə
sufferer,cierpiący,ˈsʌfərə
suffering,cierpienie,ˈsʌfərɪŋ
suffice,səˈfaɪs,wystarczać
sufficient,do czegoś),səˈfɪʃənt|wystarczający (for sth - na coś
suffix,przyrostek,sufiks|ˈsʌfɪks
suffocate,dusić,dusić się|ˈsʌfəkeɪt
sugar,cukiernica,"i.    cukier
ii.    cukrowy
iii.    słodzić cukrem|słodzić
iv.  sugar bowl|ˈʃʊgə|ˈʃʊgə bəʊl"
suggest,"1.  sugerować
 2.  proponować",səˈʤest
suggestion,1.  propozycja,"sugestia
 2.  napomknięcie|səˈʤesʧən|ślad"
suggestive,"1.  prowokujący
 2.  przywodzący na myśl",səˈʤestɪv
suicidal,samobójczy,ˌsu:ɪˈsaɪdəl
suicide,samobójstwo,ˈsu:ɪsaɪd
suitable,odpowiedni,ˈsu:təbəl
suitcase,walizka,ˈsu:tkeɪs
suite,"1.  apartament
 2.  komplet","swi:t|zestaw
 3.  [muz]  suita"
suited,"1.  odpowiedni   
 2.  dopasowany",odpowiadający sobie|ˈsu:tɪd
suitor,konkurent,starający się  [o pannę]|ˈsu:tə
sulfur,siarka,sulphur|ˈsʌlfə
sulk,"i.    dąsać się
ii.    zły humor",sʌlk
sulky,nadąsany,zasępiony|ˈsʌlkɪ
sullen,ponury,posępny|ˈsʌlən
sulphur,siarka,sulfur|ˈsʌlfə
sultan,sułtan,ˈsʌltən
sultana,rodzynka,sʌlˈtɑ:nə
sultry,1.  parny,"duszny
 2.  gorący|namiętny|ˈsʌltrɪ"
sum,"i.   1.  suma
 2.  sumowanie","krótko określać|rachunek
 3. the sum total  ogółem  [na rachunkach]
ii.  sum up   podsumowywać|sʌm"
summarise,streszczać,summarize|ˈsʌməraɪz
summarize,streszczać,summarise|ˈsʌməraɪz
summary,"i.    streszczenie
ii.    doraźny",ˈsʌmərɪ
summer,"i.    lato
ii.    letni",ˈsʌmə
summerhouse,altana,ˈsʌməhaʊs
summertime,lato,pora letnia|ˈsʌmətaɪm
summingup,podsumowanie,summing-up|ˌsʌmɪŋˈʌp
summon,"i.    wzywać
ii.  summon up   zbierać",ˈsʌmən
summons,"i.    wezwanie  [też do sądu]
ii.    wzywać do stawiennictwa w sądzie",ˈsʌmənz
sumptuous,wystawny,świadczący o przepychu|ˈsʌmpʧʊəs
sun,"i.   1.  słońce
 2.  sun oneself 
 - wystawiać się na słońce
ii.  sun cream","krem do opalania|sun.
  niedziela|sʌn|ˈsʌnkri:m"
sunbathe,leżeć na słońcu,opalać się|ˈsʌnbeɪð
sunblock,krem przeciwsłoneczny,ˈsʌnblɒk
sunburn,oparzenie słoneczne,ˈsʌnbɜ:n
sunburnt,1.  mocno opalony,"opalony
 2.  oparzony słońcem|ˈsʌnbɜ:nt"
sundae,deser lodowy,puchar lodowy|ˈsʌndeɪ
sunday,"i.    niedziela
ii.  sunday school",szkółka niedzielna  [religii]|ˈsʌndɪ|ˈsʌndɪsku:l
sundial,zegar słoneczny,ˈsʌndaɪəl
sundown,zachód,zachód słońca|ˈsʌndaʊn
sundry,"1.  [form]  różny
 2.  [nieform]  all and sundry 
 - wszyscy",ˈsʌndrɪ
sunflower,słonecznik,ˈsʌnflaʊə
sunglasses,okulary słoneczne,ˈsʌnglɑ:sɪz
sunken,"1.  zatopiony
 2.  obniżony
 3.  zapadnięty",ˈsʌnkən
sunlamp,lampa kwarcowa,ˈsʌnlæmp
sunlight,słońce,światło słońca|ˈsʌnlaɪt
sunny,słoneczny,ˈsʌnɪ
sunrise,wschód,wschód słońca|ˈsʌnraɪz
sunset,zachód,zachód słońca|ˈsʌnset
sunshade,"1.  parasolka
 2.  markiza",ˈsʌnʃeɪd
sunshine,słońce,światło słońca|ˈsʌnʃaɪn
sunstroke,porażenie słoneczne,ˈsʌnstrəʊk
suntan,opalenizna,ˈsʌntæn
super,"1.  [nieform]  fajny
 2.  super",ˈsu:pə
superannuation,emerytura,ˌsʊ:pərænju:ˈeɪʃən
superb,rewelacyjny,su:ˈpɜ:b|znakomity
supercilious,wyniosły,ˌsu:pəˈsɪlɪəs
superficial,powierzchowny,ˌsu:pəˈfɪʃəl
superfluous,nadmierny,su:ˈpɜ:flʊəs|zbyteczny
superhuman,nadludzki,ˌsʊ:pəˈhju:mən
superimpose,nakładać,ˌsu:pərɪmˈpəʊz
superintend,nadzorować,ˌsu:pərɪnˈtend
superintendent,1.  nadzorca,"administrator
 2.  [w policji]  komisarz|kierownik|ˌsu:pərɪnˈtendənt"
superior,i.   1.  wyższy rangą,"starszy 
 2.  lepszy 
 3.  dumny|starszy doświadczeniem|sʊˈpɪərɪə|wyniosły
ii.    przełożony"
superlative,i.    [form]  najlepszy,"największy
ii.    [gram]  stopień najwyższy|su:ˈpɜ:lətɪv"
supermarket,ˈsu:pəmɑ:kɪt,
supernatural,"i.    nadnaturalny
ii.   the supernatural  rzeczy nadnaturalne",ˌsu:pəˈnæʧərəl
superpower,supermocarstwo,ˈsu:pəpaʊə
supersede,zastępować,ˌsu:pəˈsi:d
supersonic,naddźwiękowy,ˌsu:pəˈsɒnɪk
superstition,przesąd,ˌsu:pəˈstɪʃən
superstitious,przesądny,ˌsu:pəˈstɪʃəs
supervise,nadzorować,opiekować się|ˈsu:pəvaɪz
supervision,nadzór,opieka|ˌsu:pəˈvɪʒən
supper,kolacja,ˈsʌpə
supplant,səˈplɑ:nt,zastępować
supple,1.  gibki,"giętki|zwinny
 2.  miękki|ˈsʌpəl"
supplement,"i.    uzupełniać   
ii.   1.  dodatek 
 2.  suplement",ˈsʌplɪmənt
supplementary,dodatkowy,uzupełniający|ˌsʌplɪˈmentərɪ
supplier,dostawca,səˈplaɪə
supply,"doprowadzenie
 3.  a. podaż
 b.
      ""supply and demand""  - podaż i popyt","i.    zaopatrywać   
ii.   1.  zaopatrzenie
 2.  dopływ|səˈplaɪ"
support,"dla kogoś]  poparcie
 2.  [budynku]  podpora","i.   1.  popierać
 2.  [dach|podpierać|podtrzymywać|podtrzymywać 
 3.  [rodzinę]  utrzymywać
ii.   1.  [dla teorii"
supporter,"1.  kibic
 2.  poplecznik",səˈpɔ:tə
suppose,"1.  przypuszczać
 2.  i suppose 
 - myślę","myślę
 3.  suppose|supposing 
 - przypuśćmy|səˈpəʊz|że"
supposed,1.  domniemany,"rzekomy
 2.  be supposed to do sth 
 - być zobowiązanym do czegoś
 3.  [nieform]  sb is not supposed to do sth 
 - komuś nie wolno czegoś robić|səˈpəʊzd"
supposition,domniemanie,przypuszczenie|sʌpəˈzɪʃən
suppress,1.  zdławiać,"səˈpres|zatajać|zduszać
 2.  powstrzymywać"
supremacy,przewaga,supremacja|sʊˈpreməsɪ
supreme,1.  najwyższy,"główny
 2.  najznakomitszy|sʊˈpri:m"
supt,inspektor,"supt.
  komisarz"
surcharge,"i.    domagać się opłaty dodatkowej
ii.    opłata dodatkowa",ˈsɜ:ʧɑ:ʤ
surely,1.  na pewno,"z pewnością
 2.  [us]  oczywiście|ˈʃʊəlɪ"
surf,"i.    piana
ii.    uprawiać surfing",sɜ:f
surface,"i.    powierzchnia
ii.    wychodzić na powierzchnię
iii.  surface mail",poczta zwykła|poczta zwykła nielotnicza|ˈsɜ:fɪs|ˈsɜ:fɪs meɪl
surfboard,deska surfingowa,ˈsɜ:fbɔ:d
surfeit,przesyt,ˈsɜ:fɪt
surge,"falować
 2.  wzrastać
ii.   1.  poruszenie
 2.  wzrost",i.   1.  poruszać się|sɜ:ʤ
surgeon,chirurg,ˈsɜ:ʤən
surgery,"1.  operacja
 2.  chirurgia
 3.  [br]  przychodnia",ˈsɜ:ʤərɪ
surgical,chirurgiczny,ˈsɜ:ʤɪkəl
surly,arogancki,grubiański|ˈsɜ:lɪ
surmise,domyślać się,səˈmaɪz
surmount,1.  pokonać,"səˈmaʊnt|uporać się 
 2.  [form]  wznosić się"
surname,nazwisko,ˈsɜ:neɪm
surpass,przewyższać,səˈpɑ:s
surplus,i.    nadwyżka,"nadmiar
ii.    tworzący nadwyżkę|ˈsɜ:pləs"
surprise,i.   1.  niespodzianka,"səˈpraɪz|zaskakujący
iii.    zaskakiwać|zaskoczenie
 2.  zdziwienie
ii.    niespodziany"
surprising,səˈpraɪzɪŋ,zaskakujący
surreal,surrealistic,surrealistyczny|səˈrɪəl
surrealistic,surreal,surrealistyczny|səˈrɪəl
surrender,i.   1.  poddawać się,"poddanie
 2.  zrzeczenie się|poddawać|poddawać 
 2.  oddawać|poddawać się"
surreptitious,potajemny,ˌsʌrəpˈtɪʃəs
surrogate,"i.    zastępczy
ii.   1.  namiastka","surogat
 2.  zastępca|ˈsʌrəgeɪt"
surround,otaczać,səˈraʊnd
surrounding,"i.    otaczający
ii.   surroundings  otoczenie",səˈraʊndɪng
surveillance,nadzór,nadzór policyjny|obserwacja|səˈveɪləns
survey,"dokonywać pomiaru
 3.  [domu]  dokonywać oględzin
ii.   1.  [opinii]  badanie
 2.  [terenu]  pomiar geodezyjny","obserwować
 2.  [terenu]  dokonywać pomiaru geodezyjnego|pomiar
 3.  [domu]  oględziny|survey
i.   1.  przyglądać się"
surveyor,"1.  inspektor  [budowlany]
 2.  geodeta",səˈveɪə
survival,1.  przetrwanie,"przeżycie
 2.  [form]  przeżytek|səˈvaɪvəl"
survive,"1.  przeżywać
 2.  przetrwać",səˈvaɪv
survivor,ocalały,pozostały przy życiu|səˈvaɪvə
susceptible,podatny,səˈseptəbəl
suspect,"suspect
i.   1.  podejrzewać
 2.  traktować podejrzliwie
ii.    podejrzany",
suspend,səˈspend,zawieszać
suspender,"1.  [br]  podwiązka
 2. suspenders  szelki",səˈspendə
suspense,1.  napięcie,"poczucie niepewności
 2.  keep sb in suspense 
 - trzymać kogoś w niepewności|səˈspens"
suspension,"i.    zawieszenie
ii.  suspension bridge",most wiszący|səˈspenʃən|səˈspenʃən brɪʤ
suspicion,"1.  podejrzenie
 2.  przypuszczenie
 3.  odrobina
 4.  be under suspicion 
 - być podejrzanym",səˈspɪʃən
suspicious,"1.  podejrzliwy
 2.  podejrzany",səˈspɪʃəs
sustained,ciągły,nieprzerwany|səˈsteɪnd
sustenance,pożywienie,ˈsʌstənəns
suéde,suede,sweɪd|zamsz
sw,"południowo-zachodni
ii.
   see also: {short wave}
  fale krótkie","sw
i.
   see also: {south-west}
  płd.-zach."
swab,kłębek,swæb|tampon
swagger,"i.    kroczyć dumnie
ii.    dumny krok",ˈswægə
swahili,suahili,swəˈhi:lɪ
swallow,i.    przełykać,"połykać
ii.   1.  łyk
 2.  jaskółka
iii.  swallow up   pochłaniać|ˈswɒləʊ"
swamp,i.    moczary,"mokradło
ii.    zalewać|swɒmp"
swampy,bagnisty,podmokły|ˈswɒmpɪ
swan,swɒn,łabędź
swap,i.   1.  zamieniać się,"swop|swɒp|zamieniać 
 2.  przerzucać się 
ii.    zamiana"
swapping,przemieszczenie,przemieszczenie zadań|ˈswɒpɪŋ
swarm,"i.    rój
ii.    roić się",mrowić się|swɔ:m
swarthy,smagły,śniady|ˈswɔ:ðɪ
swat,pacnąć,swɒt|uderzyć
sway,"i.   1.  chwiać się
 2.  poddawać się
ii.    [form]  wpływ",sweɪ
swear,"1.  przysięgać
 2.  przeklinać",kląć|sweə
swearword,przekleństwo,swear-word|ˈsweəwɜ:d
sweat,"i.    pot
ii.   1.  pocić się
 2.  harować",swet
sweater,sweter,ˈswetə
sweatshirt,bluza,ˈsweʧɜ:t
sweaty,"1.  wywołujący poty
 2.  przepocony",ˈswetɪ
swede,swi:d,szwed
sweden,szwecja,ˈswi:dən
swedish,szwedzki,ˈswi:dɪʃ
sweeper,zamiatacz,ˈswi:pə
sweeping,"1.  półkolisty
 2.  daleko idący","uogólniający
 3.  rozległy|zbyt uogólniający|ˈswi:pɪŋ"
sweepstake,totalizator,ˈswi:psteɪk
sweet,[br]   kukurydza  [nie pastewna],"i.   1.  słodki
 2.  przesłodzony
 3.  rozkoszny
ii.   1.  [br]  deser
 2. sweets  słodycze
 3.  have a sweet tooth 
 - uwielbiać słodycze
iii.  sweet corn|swi:t|ˈswi:tkɔ:n"
sweeten,"1.  słodzić
 2.  [przen]  pozyskać",przekupić|ˈswi:tən
sweetheart,"1.  kochanie
 2.  ukochany",ukochana|ˈswi:thɑ:t
swell,"i.   1. swell up  puchnąć
 2. swell up  wydymać się","swel|wzdymać się
 3.  rozrastać się
 4.  [lit]  potęgować się
ii.    falowanie"
swelling,opuchlizna,ˈswelɪŋ
sweltering,1.  upalny,"nie do zniesienia
 2.  zmordowany upałem|ˈsweltərɪŋ"
swerve,"i.    skręcać gwałtownie
ii.    skręt",skręcenie|swɜ:v
swift,i.    prędki,"swɪft|szybki
ii.    jerzyk"
swig,i.    chlapnąć sobie,"strzelić sobie
ii.    chlapnięcie|swɪg|łyk"
swill,"i.    płukać
ii.    pomyje",swɪl
swimmer,pływak,ˈswɪmə
swimming,[br]   basen,"basen
iv.  swimming trunks|i.    pływanie
ii.  swimming bath|kąpielówki|pływalnia"
swimsuit,kostium kąpielowy,ˈswɪmsu:t
swindle,"i.    oszukiwać
ii.    oszustwo",ˈswɪndəl
swindler,oszust,ˈswɪndlə
swine,swaɪn,świnia
swing,"bujać
 2.  a. ruszać się wahadłowym ruchem","bujać się|huśtanie
 2.  [sprzęt]  huśtawka
 3.  [opinii|huśtać|i.   1.  huśtać się"
swipe,"i.   1.  uderzyć z zamachu 
 2.  [nieform]  podprowadzać","swaɪp|uderzenie|zamachnięcie|zwędzać
ii.    zamachnięcie się"
swirl,i.    wirować,"kręcenie się|kręcić
ii.    wirowanie|kręcić się|swɜ:l"
swish,i.    chlastać,"swɪʃ|śmigać
ii.    śmiganie|śmignięcie"
swiss,"i.    szwajcarski
ii.    szwajcar",swɪs
switch,"i.   1.  przełącznik
 2.  [us]  zwrotnica
 3.  zmiana","przejście
ii.   1.  przechodzić 
 2.  wymieniać|swɪʧ|wyłączać
iv.  switch on   włączać
v.  switch over  1.  przełączać
 2.  zmienić całkowicie|zmieniać
iii.  switch off   wyłączać się"
switchback,kolejka,ˈswɪʧbæk
switchboard,"1.  centralka
 2.  tablica rozdzielcza",ˈswɪʧbɔ:d
switzerland,szwajcaria,ˈswɪtsələnd
swivel,obracać się,ˈswɪvəl
swollen,opuchnięty,ˈswəʊlən
swoon,omdlewać,swu:n
swoop,i.   1.  spadać,"pikować
 2.  robić nalot 
ii.   1.  pikowanie|spadanie
 2.  nalot|swu:p"
swop,i.   1.  zamieniać się,"swap|swɒp|zamieniać 
 2.  przerzucać się 
ii.    zamiana"
sword,miecz,sɔ:d
swordsman,fechmistrz,ˈsɔ:dzmən
sworn,straszny,swɔ:n|zaprzysięgły
swot,i.    kuć,"swɒt|uczyć się
ii.    kujon"
sycamore,"i.   1.  [br]  jawor
 2.  [us]  platan
ii.  sycamore maple  [us]   jawor",ˈsɪkəmɔ:
sycophant,pochlebca,ˈsɪkəfənt
sycophantic,pochlebczy,sɪkəˈfæntɪk
syllable,sylaba,ˈsɪləbəl
syllabus,program,program kursu|ˈsɪləbəs
symbol,ˈsɪmbəl,
symbolic,symbolical,symboliczny|sɪmˈbɒlɪk
symbolical,symbolic,symboliczny|sɪmˈbɒlɪk
symbolise,symbolize,symbolizować|ˈsɪmbəlaɪz
symbolism,symbolizm,ˈsɪmbəlɪzəm
symbolize,symbolise,symbolizować|ˈsɪmbəlaɪz
symmetrical,symetryczny,sɪˈmetrɪkəl
symmetry,symetria,ˈsɪmɪtrɪ
sympathetic,"1.  współczujący
 2.  przychylny 
 3.  sympatyczny",ˌsɪmpəˈθetɪk
sympathise,"1.  współczuć 
 2.  podzielać 
 3.  sympatyzować",sympathize|ˈsɪmpəθaɪz
sympathize,"1.  współczuć 
 2.  podzielać 
 3.  sympatyzować",sympathise|ˈsɪmpəθaɪz
sympathizer,sympatyk,ˈsɪmpəθaɪzə
sympathy,"1.  współczucie 
 2.  zgoda 
 3. sympathies  sympatia
 4.  in sympathy with sb 
 - dla poparcia kogoś",ˈsɪmpəθɪ
symphonic,symfoniczny,sɪmˈfɒnɪk
symphony,"i.    symfonia
ii.  symphony orchestra",orkiestra symfoniczna|ˈsɪmfənɪ|ˈsɪmfənɪ ˌɔ:kɪstrə
symptom,objaw,ˈsɪmptəm
symptomatic,symptomatyczny,sɪmptəˈmætɪk
synagogue,synagoga,ˈsɪnəgɒg
synchronise,synchronize,synchronizować|ˈsɪŋkrənaɪz
synchronize,synchronise,synchronizować|ˈsɪŋkrənaɪz
syndicate,syndykat,ˈsɪndɪkət
syndrome,"1.  [med]  zespół
 2.  syndrom",ˈsɪndrəʊm
synonym,synonim,ˈsɪnənɪm
synonymous,synonimiczny,sɪˈnɒnɪməs
synopsis,streszczenie,sɪˈnɒpsɪs
syntactic,syntaktyczny,sɪnˈtæktɪk
syntax,składnia,ˈsɪntæks
synthesis,synteza,ˈsɪnθɪsɪs
synthesise,syntetyzować,synthesize|ˈsɪnθɪsaɪz
synthesize,syntetyzować,synthesise|ˈsɪnθɪsaɪz
synthetic,"1.  syntetyczny
 2.  sztuczny",sɪnˈθetɪk
syphilis,syfilis,ˈsɪfɪlɪs
syphon,"i.    syfon
ii.   1.  odciągać","przetaczać
 2.  wyciągać|siphon|ˈsaɪfən"
syria,ˈsɪrɪə,
syrian,"i.    syryjski
ii.    syryjczyk",ˈsɪrɪən
syringe,strzykawka,ˈsɪrɪnʤ
syrup,syrop,ˈsɪrəp
system,"1.  system
 2.  ustrój
 3.  sieć",układ|ˈsɪstəm
systematic,systematyczny,ˌsɪstəˈmætɪk
systematise,systematize,systematyzować|ˈsɪstəmətaɪz
systematize,systematise,systematyzować|ˈsɪstəmətaɪz
séance,seance,seans|seans spirytystyczny|ˈseɪɑ:ns
t,"okres
ii.
   see also: {ton}
  tona","t
  temperatura|t.
i.
   see also: {time}
  czas"
ta,[br nieform]  dzięki,dziękuję|tɑ:
tab,1.  etykietka,"nalepka
 2.  [nieform]  keep tabs on sb 
 - mieć na oku kogoś|tæb"
tabby,i.    bury,"kot pręgowany
 2.  kotka|pręgowany
ii.   1.  buras|ˈtæbɪ"
table,"i.   1.  stół
 2.  tabela","przedkładać
iv.  table of contents   spis treści|tablica
ii.    stołowy
iii.    [br]  wnosić|ˈteɪbəl"
tablecloth,obrus,ˈteɪbəlklɒθ
tablespoon,duża łyżka,duża łyżka do nabieranie potraw|ˈteɪbəlspu:n
tablespoonful,duża łyżka,ˈteɪbəlspu:nfʊl
tablet,"1.  tabletka
 2.  tablica",ˈtæblɪt
tabloid,gazeta bulwarowa,gazeta sensacyjna|ˈtæblɔɪd
taboo,i.    tabu,"niedozwolony|təˈbu:|zakaz
ii.    zakazany"
tabulate,układać w tabelach,ˈtæbjəleɪt
tacit,milczący,ˈtæsɪt
taciturn,małomówny,ˈtæsɪtɜ:n
tack,gwóźdź,"i.   1.  gwóźdź tapicerski|papiak
 2.  fastryga
 3.  podejście
ii.    przybijać|tæ{k}"
tackle,"i.   1.  brać się 
 2.  [sport]  blokować
 3.  radzić sobie","zwracać się 
ii.   1.  sprzęt
 2.  [sport]  blokada|ˈtækəl"
tacky,paskudny,ˈtækɪ
tact,takt,tækt
tactful,taktowny,ˈtæktfʊl
tactical,taktyczny,ˈtæktɪkəl
tactics,taktyka,ˈtæktɪks
tactless,bez taktu,nietaktowny|ˈtæktlɪs
tadpole,kijanka,ˈtædpəʊl
tag,i.   1.  etykieta,"tæg|znaczek
 2.  berek
ii.  tag along   iść"
tail,"i.   1.  ogon
 2. tails  frak
 3. tails  [rewers monety]  a. orzeł
 b.
      ""heads or tails?""  - reszka czy orzeł?
ii.    [nieform]  śledzić
iii.  tail off  1.  zmniejszać się
 2.  ucichać",teɪl
tailor,dostosowywać,"i.    krawiec męski|krawiec
ii.    przysposabiać|ˈteɪlə"
tailormade,"1.  wykonany na zamówienie
 2.  wykonany specjalnie dla kogoś",tailor-made|ˌteɪlə ˈmeɪd
taint,"i.    psuć
ii.    skaza",teɪnt
taiwan,tajwan,taɪˈwɑ:n
taiwanese,"i.    tajwański
ii.    tajwańczyk",ˌtaɪwəˈni:z
takeaway,"1.  jedzenie na wynos
 2.  bar z jedzeniem na wynos",ˈteɪkəweɪ
takeoff,start,ˈteɪkɒf
takeout,"1.  jedzenie na wynos
 2.  bar z jedzeniem na wynos",ˈteɪkaʊt
takeover,"1.  przejęcie
 2.  przewrót",ˈteɪkəʊvə
takings,takingss  utarg,wpływy|ˈteɪkɪŋz
talc,talcum powder,talk|ˈtælk
talcum powder,talc,talk|ˈtælk
tale,opowiadanie,opowieść|teɪl
talent,ˈtælənt,
talented,utalentowany,ˈtæləntɪd
talisman,talizman,ˈtælɪzmən
talk,dyskutować,"i.   1.  mówić|mówiąc
iii.  talk into   przekonywać
iv.  talk out of   wyperswadować komuś|plotkować
ii.   1.  rozmowa
 2.  pogawędka
 3.  talk shop 
 - mówić o pracy
 4.  talking of  )
 - mówiąc o czymś|rozmawiać 
 2.  omawiać
 3.  gadać"
talkative,gadatliwy,ˈtɔ:kətɪv
talker,gaduła,ˈtɔ:kə
tall,"1.  wysoki
 2.  be 170 cm tall 
 - mieć 170 cm wzrostu",tɔ:l
tally,i.    rachuba,"rachunek
ii.    zgadzać się|ˈtælɪ"
talon,szpon,ˈtælən
tame,"i.   1.  oswojony
 2.  potulny
 3.  mało ekscytujący
ii.   1.  oswajać
 2.  ujarzmiać",teɪm
tamper,majstrować,manipulować|ˈtæmpə
tampon,ˈtæmpən,
tan,"i.    opalenizna
ii.    jasnobrązowy
iii.    opalać się",tæn
tandem,"1.  tandem
 2.  in tandem 
 - razem",ˈtændəm
tang,ostry smak,ostry zapach|tæŋ
tangent,"i.    styczny
ii.   1.  styczna
 2.  go off at","on a tangent 
 - całkowicie zmieniać kierunek|ˈtænʤənt"
tangerine,mandarynka,ˌtænʤəˈri:n
tangible,konkretny,namacalny|ˈtænʤəbəl
tangle,"i.   1.  plątanina
 2.  gmatwanina
ii.    zaplątać się",zaplątać|ˈtæŋgəl
tank,"cysterna
 2.  czołg
ii.  tank up   [samochód]  tankować",i.   1.  zbiornik|tæŋk
tankard,kufel,kufel metalowy|ˈtæŋkəd
tanker,cysterna,tankowiec|ˈtʌŋkə
tantalise,tantalize,zwodzić|ˈtæntəlaɪz
tantalize,tantalise,zwodzić|ˈtæntəlaɪz
tantamount,równoznaczny,ˈtæntəmaʊnt
tantrum,histeria,ˈtæntrəm
tanzania,ˌtænzəˈni:ə,
tanzanian,tanzański,ˌtænzəˈni:ən
tap,i.   1.  kurek,"kran|postukiwać   
 2.  wykorzystywać 
iii.  tap dancing|stepowanie|tæp"
tape,"centymetr  [krawiecki]
iv.  tape recorder","i.   1.  taśma
 2.  kaseta|magnetofon|magnetofon szpulowy|przytwierdzać
iii.  tape measure"
taper,"i.   taper off  zwężać się
ii.    cienka świeca",świeca|ˈteɪpə
tapestry,1.  arras,"gobelin
 2.  [lit]  mozaika|ˈtæpɪstry"
tar,"dziegieć
ii.    smołować",i.    smoła|tɑ:
tardy,powolny,ˈtɑ:dɪ
target,"1.  cel
 2.  on target 
 - zgodnie z założeniami",ˈtɑ:gɪt
tariff,cło przywozowe,ˈtærɪf
tarmac,1.  asfalt,"makadam
 2. the tarmac  powierzchnia smołowa asfaltowa|powierzchnia smołowa|ˈtɑ:mæk"
tarnish,1.  matować,"matowieć
 2.  brukać|ˈtɑ:nɪʃ"
tarpaulin,płótno żeglarskie,ˌtɑ:ˈpɔ:lɪn
tarragon,estragon,ˈtærəgən
tarry,pozostawać,ˈtærɪ
tart,"ciasto
 2.  [br nieform]  dziwka
ii.    ostry",i.   1.  ciasto nadziewane|kwaśny|tɑ:t
tartar,kamień,kamień nazębny|ˈtɑ:tə
task,tɑ:sk,zadanie|zajęcie
tassel,pompon,ˈtæsəl
taste,"i.   1.  smak
 2.  upodobanie 
 3.  posmak 
ii.   1.  próbować","kosztować
 2.  smakować
 3.  have a taste of sth 
 - spróbować coś|teɪst"
tasteful,gustowny,ˈteɪstfʊl
tasteless,"1.  niegustowny
 2.  niesmaczny
 3.  bez smaku",ˈteɪstlɪs
tasty,smakowity,ˈteɪstɪ
tata,cześć,pa|ta-ta|tæˈtɑ:
tatra,"a. the tatra 
 - tatry
 b.
      ""the high tatras""  - tatry wysokie",tatras|ˈtɑ:trə
tatras,"a. the tatra 
 - tatry
 b.
      ""the high tatras""  - tatry wysokie",tatra|ˈtɑ:trə
tattered,obstrzępiony,ˈtætəd
tatters,"in tatters 
 - w strzępach",ˈtætəz
tattoo,"i.    tatuować
ii.   1.  tatuaż
 2.  parada wojskowa","parada
 3.  werbel  [sygnał]
iii.    bębnić|tæˈtu:"
tatty,brudny,ˈtætɪ
taunt,drwina,"drwić
ii.    szyderstwo|i.    drażnić|tɔ:nt"
taurus,byk  [znak zodiaku],ˈtɔ:rəs
taut,naprężony,tɔ:t
tawdry,tandetny,ˈtɔ:drɪ
tawny,brunatny,ˈtɔ:nɪ
tax,deklaracja podatkowa,"i.    podatek
ii.    opodatkowywać
iii.  tax collector|poborca podatkowy
iv.  tax return|tæks|ˈtæks rɪˌtɜ:n"
taxable,podlegający opodatkowaniu,ˈtæksəbəl
taxation,"1.  system podatkowy
 2.  podatki",opodatkowanie|tækˈseɪʃən
taxfree,tax-free,wolny od podatku|ˌtæksˈfri:
taxi,"[br]   postój taskówek
v.  taxi stand","[us]   postój taskówek|i.    taksówka
ii.    [o samolocie]  kołować
iii.  taxi driver|taksówkarz
iv.  taxi rank|ˈtæksɪ"
taxpayer,podatnik,ˈtækspeɪə
tb,gruźlica,ˌ$⋅$ˈ$⋅$
tea,"1.  liść herbaty
 2.  fus herbaty","herbata ekspresowa|i.   1.  herbata
 2.  [br]  podwieczorek
ii.  tea bag|ti:|torebka herbaty
iii.  tea leaf"
teach,"1.  uczyć
 2.  nauczać",ti:ʧ
teacher,nauczyciel,ˈti:ʧə
teaching,"1.  nauczanie
 2.  nauka",ˈti:ʧɪŋ
teacup,filiżanka herbaty,ˈti:kʌp
teak,drewno tekowe,drzewo tekowe|tek|ti:k
team,"1.  zespół
 2.  [sport]  drużyna",ti:m
teamwork,praca zespołowa,ˈti:mwɜ:k
teapot,czajniczek,czajnik|czajnik do herbaty|ˈti:pɒt
tear,"gaz łzawiący
vii.  tear off   zrywać
viii.  tear up   drzeć","rozdzierać
 2.  wyrywać
 3.  pędzić
iii.   1.  rozdarcie
 2.  tear  loose 
 - wyszarpnąć się|tear
i.    łza
ii.   1.  rozdzierać się|wyszarpnąć
 3.  tear sth open 
 - rozedrzeć coś
iv.  tear apart   rozdzierać
v.  tear away   odrywać 
vi.  tear gas|ˈtɪəgæs"
tearful,płaczliwy,łzawy|ˈtɪəfʊl
tease,drażnić,ti:z
teaspoon,łyżeczka,łyżeczka do herbaty|ˈti:spu:n
teaspoonful,łyżeczka,łyżeczka do herbaty|ˈti:spu:nfʊl
teat,1.  sutek,"cycek
 2.  [br]  smoczek|ti:t"
teatime,pora picia herbaty,ˈti:taɪm
teatowel,tea-towel,ścierka|ścierka do naczyń|ˈti:taʊəl
technical,[br]   technikum,"i.   1.  techniczny
 2.  praktyczny
 3.  fachowy
ii.  technical college|ˈteknɪkəl|ˈteknɪkəl ˌkɒlɪʤ"
technicality,"1. technicalities  strona techniczna
 2.  punkt formalny",ˌteknɪˈkælɪtɪ
technically,1.  formalnie,"ściśle biorąc
 2.  technicznie|ˈteknɪkəlɪ"
technician,technik,tekˈnɪʃən
technique,technika,tekˈni:k
technological,technologiczny,ˌteknəˈlɒʤɪkəl
technology,technika,technologia|tekˈnɒləʤɪ
teddy,miś pluszowy,ˈtedɪ
tedious,nudny,żmudny|ˈti:dɪəs
teem,"1.  roić się 
 2.  [nieform]  it is teeming  )
 - leje jak z cebra",ti:m
teenage,nastoletni,ˈti:neɪʤ
teenager,nastolatek,ˈti:neɪʤə
teens,ˈti:nz,
teeshirt,koszulka trykotowa,podkoszulek|tee-shirt|ˈti:ʃɜ:t
teeter,"1.  chwiać się
 2.  znajdować się (on sth - na czymś",nad czymś)|ˈti:tə
teethe,ti:ð,ząbkować
teetotal,abstynencki,nie pijący alkoholu|ti:ˈtəʊtəl
teetotaller,abstynent,ti:ˈtəʊtələ
tefl,nauczanie języka angielskiego jako obcego,ˈtefəl|ˌ$⋅⋅$ˈ$⋅$
tel,"tel.
  tel.",telefon
telecommunications,"i.    telekomunikacja
ii.    telekomunikacyjny",ˌtelɪkəmju:nɪˈkeɪʃənz
telegram,ˈtelɪgræm,
telegraph,"1.  telegraf
 2.  by telegraph 
 - telegraficznie",ˈtelɪgræf
telegraphic,telegraficzny,ˌtelɪˈgræfɪk
telepathic,telepatyczny,ˌtelɪˈpæθɪk
telepathy,telepatia,tɪˈlepəθɪ
telephonist,telefonista,telefonistka|tɪˈlefənɪst
telephoto lens,teleobiektyw,ˌtelɪfəʊtəʊ ˈlenz
telescope,"i.    teleskop
ii.    składać się teleskopowo",ˈtelɪskəʊp
telescopic,teleskopowy,ˌtelɪˈskɒpɪk
teletext,telegazeta,ˈtelɪtekst
teletype,dalekopis,ˈtelɪtajp
teletypwriter,dalekopis,ˌtelɪˈtajpraɪtə
televise,nadawać,nadawać przez telewizję|ˈtelɪvaɪz
television,"i.    telewizja
ii.   1.  telewizyjny
 2.  on television 
 - w telewizji",ˈtelɪvɪʒən
telex,i.    dalekopis,"nadawać dalekopisem|teleks
ii.    nadawać teleksem|ˈteleks"
tell,i.   1.  mówić,"która godzina
ii.  tell apart   rozróżniać
iii.  tell off   udzielać nagany|mówić prawdę|oddziaływać 
 4.  rozróżniać
 5.  tell the time 
 - powiedzieć|powiedzieć
 2.  dostrzegać
 3.  dawać znać"
teller,kasjer,ˈtelə
telling,"1.  skuteczny
 2.  wymowny",wiele mówiący|ˈtelɪŋ
telltale,ostrzegawczy,wymowny|ˈtelteɪl
telly,telewizja,telewizor|ˈtelɪ
temerity,czelność,tɪˈmerɪtɪ|zuchwałość
temp,"temp.
i.  
   see also: {temperature}
  temperatura
ii.  
   see also: {temporary}
  tymczasowy",
temper,"humor
 3.  złość","i.   1.  charakter
 2.  nastrój|utwardzać
 2.  łagodzić
 3.  be in a temper 
 - złościć się|wściekać się
 4.  lose one's temper 
 - wpadać w złość|wściekłość
ii.   1.  [form]  hartować"
temperament,ˈtempərəmənt,
temperamental,"1.  kapryśny
 2.  pełen temperamentu",ˌtempərəˈmentəl
temperance,umiar,ˈtempərəns
temperate,umiarkowany,ˈtempərət
temperature,temperatura,ˈtempərəʧə
tempest,burza,ˈtempɪst
tempestuous,burzliwy,temˈpestjʊəs
temple,"1.  świątynia
 2.  skroń",ˈtempəl
tempo,ˈtempəʊ,
temporal,"1.  czasowy
 2.  doczesny",ˈtempərəl
temporary,czasowy,tymczasowy|ˈtempərərɪ
tempt,"1.  kusić
 2.  sb is tempted to do sth 
 - kusi kogoś",by coś zrobił
temptation,pokusa,temˈteɪʃən
ten,"i.    dziesięć
ii.  ten commandments   dziesięcioro przykazań",
tenable,do utrzymania,mogący być obroniony|ˈtenəbəl
tenacious,nieustępliwy,tɪˈneɪʃəs
tenancy,dzierżawa,najem|ˈtenənsɪ
tenant,1.  najemca lokalu,"najemca
 2.  dzierżawca|ˈtenənt"
tend,"1.  skłaniać się 
 2.  [form]  zajmować się","opiekować się
 3.  a. tend to do sth 
 - zwykle coś robić
 b.
      ""i tend to go to sleep very late""  - zazwyczaj chodzę późno spać"
tendency,"1.  tendencja
 2.  skłonność",ˈtendənsɪ
tender,"dotkliwy
ii.    oferta przetargowa","i.   1.  delikatny
 2.  czuły
 3.  wrażliwy|oferta
iii.    [form]  składać|przedstawiać|ˈtendə"
tendon,ścięgno,ˈtendən
tendril,[rośliny]  wić,ˈtendrɪl
tenement,dom czynszowy,ˈtenɪmənt
tenet,doktryna,zasada|ˈtenɪt
tennessee,tenəˈsi:,
tenor,"i.   1.  tenor
 2.  [form]  sens","wymowa
ii.    tenorowy|ˈtenə"
tense,i.    napięty,"naprężony
ii.    napinać się|sztywnieć
iii.    [gram]  czas|tens"
tension,napięcie,naprężenie|ˈtenʃən
tent,namiot,
tentacle,czułek,macka|ˈtentəkəl
tentative,próbny,tymczasowy|ˈtentətɪv
tenterhooks,jak na szpilkach,"on tenterhooks  :on :tenterhooks)
 - siedzieć jak na szpilkach|ˈtentəhʊks"
tenth,dziesiąty,tenθ
tenuous,"1.  wątły
 2.  subtelny",słaby|ˈtenjʊəs
tenure,"1.  czynsz
 2.  stała posada",ˈtenjə
tepid,"1.  letni
 2.  niemrawy",ˈtepɪd
term,"i.   1.  termin
 2.  semestr
 3.  okres","kadencja
 4. terms  warunki
ii.   1.  nazywać|na krótszą metę|określać
 2.  in  terms 
 - z punktu widzenia ekonomii|short term 
 - na dłuższą metę"
terminal,"i.   1.  śmiertelny
 2.  śmiertelnie chory
ii.   1.  stacja końcowa
 2.  [komp]  końcówka",ˈtɜ:mɪnəl
terminate,"1.  zakańczać
 2.  kończyć trasę",dalej nie jechać|ˈtɜ:mɪneɪt
terminology,terminologia,ˌtɜ:mɪˈnɒləʤɪ
terminus,duża stacja końcowa,stacja końcowa|ˈtɜ:mɪnəs
termite,termit,ˈtɜ:maɪt
terrace,1.  [br]  zabudowa szeregowa,"miejsca stojące|szereg
 2.  taras
 3. terraces  [br]  miejsca stojące na stadionie|szereg domów|ˈterəs"
terraced,"1.  z tarasami
 2.  [br]  szeregowy",ˈterəst
terrain,teren,teˈreɪn
terrible,okropny,straszny|ˈterəbəl
terrific,"1.  [nieform]  strasznie fajny
 2.  straszny",təˈrɪfɪk
terrify,przerażać,ˈterɪfaɪ
territorial,terytorialny,ˌterɪˈtɔ:rɪəl
territory,"1.  terytorium
 2.  teren",ˈterɪtərɪ
terror,"1.  przerażenie
 2.  terror",ˈterə
terrorise,terrorize,terroryzować|ˈterəraɪz
terrorism,terroryzm,ˈterərɪzəm
terrorist,terrorysta,ˈterərɪst
terroristic,terrorystyczny,ˌterəˈrɪstɪk
terrorize,terrorise,terroryzować|ˈterəraɪz
terrorstricken,przerażony,terror-stricken|ˈterəstrɪkən
terse,krótki,oschły|tɜ:s
tesl,nauczanie angielskiego jako języka drugiego,ˈtesəl ˌ$⋅⋅⋅$ˈ$⋅$
test,"[praw]   precedens sądowy
iv.  test match","[sport]   spotkanie międzynarodowe
v.  test tube|badanie
iii.  test case|i.    sprawdzać|próbówka"
testament,"1.  [relig]  testament
 2.  [form]  świadek",ˈtestəmənt
testicle,jądro,ˈtestɪkəl
testify,"1.  [praw]  składać zeznania
 2.  świadczyć",ˈtestɪfaɪ
testimony,"1.  [praw]  zeznanie
 2.  [form]  świadectwo",ˈtestɪmənɪ
tetanus,tężec,ˈtetənəs
tether,"1.  przywiązywać
 2.  be at the end of one's tether 
 - gonić resztkami sił",ˈteðə
texan,teksaski,ˈteksən
texas,teksas,ˈteksəs
text,tekst,
textbook,podręcznik,ˈtekstbʊk
textiles,przemysł tekstylny,ˈtekstaɪlz
texture,"1.  faktura
 2.  in texture 
 - w dotyku",ˈteksʧə
th,"th.
  czwartek",
thames,temz,"the thames 
 - tamiza"
than,z niż,ðæn|ðən
thank,bogu dzięki'',"dziękuję''
 3.  thanks to sth 
 - dzięki czemuś
 4.  thank god|goodness|heavens 
 -|i.    dziękować
ii.   1. thanks  podziękowania
 2.  ``*thanks"
thankful,szczęśliwy,uszczęśliwiony|ˈθæŋkfʊl
thankless,niewdzięczny,ˈθæŋklɪs
thanksgiving,"i.    święto dziękczynienia
ii.  thanksgiving day",święto dziękczynienia|ˈθæŋksgɪvɪŋ|θæŋksˈgɪvɪŋ deɪ
that,aż tak,"co to takiego?''
 4.  that is  
 - to jest
ii.  [gram]  1.  a. że
 b.
      ""i knew that he lied""  - wiedziałem|jaki
 b.
      ""this is the book that she lent me""  - to jest książka|kto tam?''
 3.  ``what's that?'' 
 -|którą mi pożyczyła
 3.  [nieform]  a. aż taki"
thatched,kryty strzechą,ˈθæʧt
thaw,"i.    odwilż
ii.   1.  tajać","odtajać
 2.  rozmrażać|θɔ:"
theater,"1.  teatr
 2.  sala operacyjna",theatre|ˈθɪətə
theatre,"1.  teatr
 2.  sala operacyjna",theater|ˈθɪətə
theatregoer,teatroman,theatre-goer|ˈθɪətəgəʊə
theatrical,teatralny,θɪˈætrɪkəl
theft,kradzież,θeft
their,ich,ðeə
theirs,ich,ðeəz
theme,"1.  melodia przewodnia
 2.  sygnał muzyczny","i.   1.  temat
 2.  sygnał audycji|sygnał
ii.    tytułowy
iii.  theme song|ˈθi:msɒŋ|θi:m"
themselves,1.  się,"siebie|sobie
 2.  sami|ðemˈselvz"
then,"1.  wtedy
 2.  później
 3.  więc
 4.  wtedy","do tamtej pory|dotąd
 8.  from then on 
 - od tej pory|od tamtej pory|wówczas
 5.  jednak
 6.  the then  
 - ówczesny sekretarz"
theology,teologia,θɪˈɒləʤɪ
theorem,twierdzenie,ˈθɪərəm
theoretical,teoretyczny,θɪəˈretɪkəl
theorise,teoretyzować,theorize|ˈθɪəraɪz
theorize,teoretyzować,theorise|ˈθɪəraɪz
theory,teoria,ˈθɪərɪ
therapeutic,terapeutyczny,therapeutical|ˌθerəˈpju:tɪk
therapeutical,terapeutyczny,therapeutic|ˌθerəˈpju:tɪk
therapist,terapeuta,ˈθerəpɪst
therapy,terapia,ˈθerəpɪ
thereabouts,"1.  w pobliżu
 2.  or thereabouts 
 - czy coś koło tego",ˌðeərəˈbaʊts
thereafter,potem,później|ˌðeərˈɑ:ftə
thereby,przez to,skutkiem tego|ˈðeəbaɪ
therefore,dlatego,ˈðeəfɔ:
therein,w tym,ˌðeərˈɪn
thermal,"1.  termiczny
 2.  ocieplany",ˈθɜ:məl
thermometer,termometr,θəˈmɒmɪtə
thermos,termos,ˈθɜ:məs
thermostat,termostat,ˈθɜ:məstæt
thesaurus,tezaurus  [głównie: rodzaj słownika synonimów],θɪˈsɔ:rəs
thesis,"1.  teza
 2.  rozprawa",praca|ˈθi:sɪs
they,one,oni|ðeɪ
thick,"1.  gruby
 2.  gęsty
 3.  a. głęboki
 b.
      ""it was one metre thick""  - miało metr głębokości
 4.  [nieform]  przygłupi","ciemny
 5.  stłumiony
 6.  in the thick 
 - w samym środku|w wirze|θɪk"
thicken,"1.  gęstnieć
 2.  zagęszczać",θɪkən
thicket,gęstwina,ˈθɪkɪt
thickness,grubość,ˈθɪknɪs
thickset,krępy,ˌθɪkˈset
thickskinned,gruboskórny,thick-skinned|ˌθɪkˈskɪnd
thief,złodziej,θi:f
thigh,udo,θaɪ
thimble,naparstek,ˈθɪmbəl
thin,"i.   1.  cienki
 2.  chudy
 3.  rzadki
ii.    przerzedzać się
iii.  thin down   rozrzedzać",rozwadniać|θɪn
thing,"1.  rzecz
 2.  coś  [często nie tłumaczone]
 3. things  sprawy
 4.  ``how are things?'' 
 -",jak leci?''|θɪŋ
thingamabob,[nieform]  takie coś,ˈθɪŋəməbɒb
think,"i.   1.  myśleć   
 2.  przypomnieć sobie 
 3.  sądzić
 4.  wymyślić 
 5.  mieć opinię   
 6.  ``i think so'' 
 -","tak sądzę''
ii.  think over   przemyśleć
iii.  think up   wynajdywać|wymyślać|θɪŋk"
thinker,myśliciel,ˈθɪŋkə
third,"1.  osoba trzecia
 2.  third-party insurance 
 - ubezpieczenie od odpowiedzialności cywilnej","i.    trzeci
ii.  third party|ˌθɜ:d ˈpɑ:tɪ|θɜ:d"
thirdly,po trzecie,ˈθɜ:dlɪ
thirdrate,third-rate,trzeciorzędny|ˌθɜ:dˈreɪt
thirst,pragnienie,θɜ:st
thirsty,spragniony,ˈθɜ:stɪ
thirteen,trzynaście,ˌθɜ:ˈti:n
thirteenth,trzynasty,ˌθɜ:ˈti:nθ
thirtieth,trzydziesty,ˈθɜ:tɪəθ
thirty,trzydzieści,ˈθɜ:tɪ
this,"dzisiejszy
 b.
      ""this morning he got up early""  - dzisiejszego ranka wstał wcześnie
 2.  a. najbliższy
 b.
      ""i'll do it this sunday""  - zrobię to w nadchodzącą niedzielę
 3.  a. tutejszy
 b.
      ""this country""  - tutejszy kraj","i.    ten|nasza ojczyzna
 4.  [nieform]  a. taki
 b.
      ""this big""  - taki duży
iii.    a. to
 b.
      ""this is john""  - to john: przedstawiam ci johna|to
ii.   1.  a. obecny|tu mówi john"
thistle,oset,ˈθɪsəl
thong,pasek,rzemień|θɒŋ
thorn,1.  cierń,"kolec
 2.  krzak z kolcami|krzak|θɔ:n"
thorough,"1.  drobiazgowy
 2.  dokładny",ˈθʌrə
thoroughfare,arteria,ˈθʌrəfeə
though,"i.    chociaż
ii.   1.  jednak
 2.  as though 
 - jak gdyby",ðəʊ
thought,"1.  myśl
 2.  myślenie","zamyślenie
 3.  pogląd|θɔ:t"
thoughtful,"1.  zamyślony
 2.  troskliwy",rozważny|ˈθɔ:tfʊl
thoughtless,bezmyślny,ˈθɔ:tlɪs
thousand,tysiąc,ˈθaʊzənd
thousandth,tysięczny,ˈθaʊzənθ
thread,"i.   1.  nić
 2.  gwint
 3.  wątek
ii.   1.  nawlekać
 2.  przesuwać się",θred
threadbare,wytarty,wyświechtany|ˈθredbeə
threat,"1.  groźba
 2.  pogróżka
 3.  zagrożenie",θret
threaten,"1.  grozić 
 2.  zagrażać
 3.  stwarzać groźbę",ˈθretən
three,trzy,θri:
threedimensional,three-dimensional,trójwymiarowy|ˌθri:daɪˈmenʃənəl
threequarters,three-quarters,trzy czwarte|ˌθri:ˈkwɔ:təz
thresh,młócić,θreʃ
threshold,próg,ˈθreʃhəʊld
thrift,oszczędność,θrɪft
thrifty,oszczędny,ˈθrɪftɪ
thrill,"ekscytacja
ii.    ekscytować",i.    dreszcz|θrɪl
thriller,dreszczowiec,ˈθrɪlə
thrive,prosperować,rozkwitać|θraɪv
throat,"1.  gardło
 2.  he has a sore throat 
 - gardło go boli",θrəʊt
throb,i.    dudnić,"puls|pulsować
ii.    dudnienie|θrɒb"
throes,"in the throes of sth 
 - w samym środku czegoś",θrəʊz
throne,tron,θrəʊn
throng,i.    ciżba,"rzesza
ii.    tłoczyć się|θrɒŋ"
throttle,"i.    dusić
ii.    [techn]  przepustnica",ˈθrɒtəl
throughout,i.    przez cały czas,"przez
ii.    całkowicie|θru:ˈaʊt"
throw,i.   1.  rzucać,"pieniądze]  angażować 
 6.  [w histerię]  wpadać 
 7.  [nieform]  konsternować|przepuszczać
iii.  throw out  1.  wyrzucać
 2.  odrzucać
iv.  throw up  1.  [nieform]  wymiotować|skórę]  zrzucać
 4.  [w depresję]  wpędzać
 5.  [siły|wrzucać
 2.  [sport]  miotać
 3.  [jeźdźca"
throwaway,"1.  jednorazowy
 2.  zrobiony mimochodem",ˈθrəʊəweɪ
thrush,drozd,θrʌʃ
thrust,i.   1.  pchać,"wpychać
 2.  przepychać się
ii.   1.  pchnięcie
 2.  [termin]  ciąg|θrʌst"
thu,"thu.
  czwartek",
thud,"i.    głuchy łomot
ii.    głucho uderzać",θʌd
thug,zbir,łotr|θʌg
thumb,"i.    kciuk
ii.   1.  przekartkowywać
 2.  thumb  
 - zatrzymywać samochody na autostopie",zatrzymywać samochody|θʌm
thumbtack,pinezka,ˈθʌmtæk
thump,"i.   1.  [też pięścią]  walić
 2.  uderzać z łoskotem","uderzać
ii.   1.  uderzenie|łomot
 2.  grzmotnięcie|θʌmp"
thunder,i.    grzmot,"piorun
ii.   1.  grzmieć
 2.  [lit]  piorunować|ˈθʌndə"
thunderbolt,uderzenie pioruna,ˈθʌndəbəʊlt
thunderous,burzliwy,grzmiący|ˈθʌndərəs
thunderstorm,burza,burza z piorunami|ˈθʌndəstɔ:m
thursday,czwartek,ˈθɜ:zdɪ
thus,1.  [form]  toteż,"dlatego
 2.  tak|w taki sposób|ðʌs"
thwart,stać na przeszkodzie,unicestwić|θwɔ:t
thyme,taɪm,tymianek
tiara,"1.  diadem
 2.  tiara",tɪˈɑ:rə
tic,tik,tɪk
tick,i.   1.  ptaszek,"tykanie
 3.  kleszcz  [owad]
ii.   1.  [ptaszkiem]  zaznaczać
 2.  [o zegarze]  cykać|tykać
 3.  [br nieform]  in a tick 
 - za momencik
iii.  tick off  1.  zaznaczać
 2.  [nieform]  objeżdżać
iv.  tick over   iść w miarę dobrze|tɪk|znaczek
 2.  cykanie"
ticket,"1.  bilet
 2.  mandat
 3.  etykietka
 4.  paragon
 5.  karta",ˈtɪkɪt
tickle,"1.  łaskotać
 2.  łechtać",ˈtɪkəl
ticklish,1.  delikatny,"drażliwy
 2.  mający łaskotki|ˈtɪklɪʃ"
tidal,a. pływowy,"przypływowy
 b.
      ""tidal wave""  - fala przypływu
 c.
      ""tidal wave""  - fala pływowa|ˈtaɪdəl"
tidbit,dobry kąsek,kąsek|titbit|ˈtɪtbɪt
tide,i.  the tide  pływ,"odpływ
ii.    fala
iii.  tide over   pomóc przetrwać|przypływ|taɪd"
tidy,"czysty
 2.  [nieform]  niezły
 3. tidy up  porządkować","i.   1.  schludny|sprzątać
ii.  tidy away   uprzątać|taɪdɪ"
tie,i.   1.  wiązać,"iść równo 
ii.   1.  [br]  krawat
 2.  [z innymi]  związek|mieć związane ręce
iv.  tie up  1.  zawiązywać|przywiązywać
 2.  [węzeł]  zawiązywać
 3.  [przez współpracę]  związywać się|taɪ"
tier,rząd,tɪə
tiff,sprzeczka,tɪf
tiger,tygrys,ˈtaɪgə
tight,"hermetycznie
iii.   tights  rajstopy","hermetyczny
 3.  [węzeł]  mocny
 4.  [skóra]  naciągnięty
 5.  [kontrola]  rygorystyczny|i.   1.  ciasny
 2.  [zamknięcie]  szczelny|niewystarczający
 7.  [grupa]  zwarty
 8.  [nieform]  zalany|pijany
ii.   1.  [zaciskać]  mocno
 2.  [zamykać]  szczelnie"
tighten,1.  zaciskać się,"naprężać
 3. tighten up  naciągać
 4. tighten up  wzmacniać|zaciskać
 2.  naprężać się|zaostrzać|ˈtaɪtən"
tightfisted,skąpy,tight-fisted|ˌtaɪtˈfɪstɪd
tightrope,lina,lina do akrobatyki|ˈtaɪtrəʊp
tile,"1.  płytka
 2.  dachówka
 3.  kafel",taɪl
till,"do
ii.    kasa
iii.    [przest]  uprawiać",i.    aż do|tɪl
tilt,i.    przechylać się,"pochylenie|przechylać
ii.    przechylenie|tɪlt"
timber,"1.  drewno
 2.  belka",ˈtɪmbə
timeless,ponadczasowy,wieczny|ˈtaɪmlɪs
timely,aktualny,na czas|w porę|ˈtaɪmlɪ
timer,minutnik,ˈtaɪmə
timetable,"1.  rozkład
 2.  rozkład jazdy",ˈtaɪmteɪbəl
timid,nieśmiały,ˈtɪmɪd
timing,1.  poczucie czasu,"wyczucie chwili
 2.  synchronizacja|ˈtaɪmɪŋ"
timpani,kotły,ˈtɪmpənɪ
tin,"i.    cyna
ii.    cynowy
iii.    [br]  puszka
iv.    [br]  puszkować",konserwować|tɪn
tinfoil,folia aluminiowa,staniol|ˈtɪnfɔɪl
tinge,"i.    odcień
ii.    [lekko]  zabarwiać",tɪnʤ
tinged,tɪnʤd,zabarwiony
tingle,kłuć,szczypać|ˈtɪŋgəl
tinker,"i.    kotlarz
ii.    [nieform]  dłubać się",ˈtɪŋkə
tinkle,"i.    brzęczeć
ii.    brzęczenie",ˈtɪŋkəl
tinned,konserwowy,tɪnd
tinny,1.  jazgotliwy,"przenikliwy
 2.  blaszany|ˈtɪnɪ"
tinopener,otwieracz do konserw,tin-opener|ˈtɪnəʊpənə
tinsel,girlanda bożonarodzeniowa,ˈtɪnsəl
tint,"i.    barwa
ii.    farbować",tɪnt
tinted,"1.  kolorowy
 2.  farbowany",ˈtɪntɪd
tiny,malutki,ˈtaɪnɪ
tip,i.   1.  koniec,"koniuszek
 2.  [ochronny]  skuwka|nasadka
 3.  [dla kelnera]  napiwek
 4.  [br]  śmietnisko|przekrzywiać
 2.  [zawartość]  wysypywać
 3.  [kelnerowi]  dawać napiwek
iii.  tip off   udzielać poufnych informacji|tɪp"
tipoff,poufna informacja,tip-off|ˈtɪpɒf
tipped,"1.  zakończony 
 2.  [br]  z filtrem",tɪpt
tipple,trunek,ˈtɪpəl
tipsy,ululany,wstawiony|ˈtɪpsɪ
tiptoe,"1.  iść na palcach
 2.  on tiptoe 
 - na czubkach palców",ˈtɪptəʊ
tire,"i.    [us]  opona
ii.    męczyć się",męczyć|opona|tyre|ˈtaɪə
tired,"1.  zmęczony
 2.  wyczerpany",ˈtaɪəd
tireless,niestrudzony,niezmordowany|ˈtaɪəlɪs
tiresome,męczący,ˈtaɪəsəm
tiring,nużący,ˈtaɪərɪŋ
tissue,bibułka,"i.   1.  tkanka
 2.  chusteczka higieniczna
ii.  tissue paper|ˈtɪʃu:|ˈtɪʃu: peɪpə"
tit,"1.  sikorka
 2.  tit for tat 
 - wet za wet",tɪt
titbit,dobry kąsek,kąsek|tidbit|ˈtɪtbɪt
titillate,podniecać,łechtać|ˈtɪtɪleɪt
titivate,wysztafirować,ˈtɪtɪveɪt
title,tytuł,ˈtaɪtəl
titled,utytułowany,ˈtaɪtəld
titleholder,title-holder,zdobywca tytułu|ˈtaɪtəlhəʊldə
titter,chichotać,ˈtɪtə
tittletattle,plotka,tittle-tattle|ˈtɪtəl ˌtætəl
titular,tytularny,ˈtɪtjʊlə
to,"aby na nią spojrzeć
 2.  [przed rzeczownikiem]  a. (często nie tłumaczone","byli już w
 11.  to and fro 
 - tam i z powrotem|i.   a. (występuje z bezokolicznikiem|nie tłumaczone)

 b.
      ""to love""  - kochać
ii.   1.  [z i formą czasownika]  a. aby|odpowiada polskiemu celownikowi)

 b.
      ""he showed the letter to john""  - pokazał johnowi list
 3.  do
 4.  [wskazywać]  na
 5.  po  [np. po prawej]"
toad,ropucha,təʊd
toadstool,grzyb trujący,ˈtəʊdstu:l
toaster,opiekacz,opiekacz do grzanek|ˈtəʊstə
tobacco,tytoń,təˈbækəʊ
tobacconist,sklep z papierosami,təˈbækənɪst
today,"1.  dzisiaj
 2.  obecnie",təˈdeɪ
toddle,dreptać  [jak małe dziecko],ˈtɒdəl
toddler,małe dziecko,pędrak|ˈtɒdlə
toddy,grog,ˈtɒdɪ
todo,to-do,təˈdu:|wrzawa|zamieszanie
toe,1.  palec u nogi,"palec
 2.  toe the line  :line)
 - stosować się do wytycznych|təʊ"
toenail,paznokieć,paznokieć palca nogi|ˈtəʊneɪl
toffee,toffi,ˈtɒfɪ
together,"1.  razem
 2.  łącznie
 3.  go together 
 - chodzić w parze",təˈgeðə
toil,"i.    trudzić się
ii.    trud",tɔɪl
toilet,i.   1.  toaleta,"miska
ii.    a. toaletowy
 b.
      ""toilet paper""  - papier toaletowy|ubikacja
 2.  miska klozetowa|ˈtɔɪlɪt"
toiletries,przybory toaletowe,ˈtɔɪlɪtrɪz
token,"i.   1.  kupon
 2.  żeton
 3.  oznaka","symbol
ii.   1.  symboliczny
 2.  by the same token 
 - tym samym|ˈtəʊkən"
tokyo,tokio,ˈtəʊkɪəʊ
tolerable,do wytrzymania,znośny|ˈtɒlərəbəl
tolerance,tolerancja,wyrozumiałość|ˈtɒlərəns
tolerant,tolerancyjny,ˈtɒlərənt
tolerate,tolerować,znosić|ˈtɒləreɪt
toll,"i.    bić 
ii.   1.  myto","opłata  [za przejazd autostradą lub mostem]
 2.  a. straty
 b.
      ""death toll""  - ilość ofiar śmiertelnych
 3.  take a toll 
 - zbierać żniwo|təʊl"
tomato,pomidor,təˈmɑ:təʊ
tomb,grobowiec,tu:m
tomboy,chłopczyca,ˈtɒmbɔɪ
tombstone,płyta nagrobna,ˈtu:mstəʊn
tomcat,kocur,ˈtɒmkæt
tomorrow,jutro,təˈmɒrəʊ
ton,tona  [metryczna lub anglosaska: br 1016 kg,tʌn|us 907 kg]
tone,"i.   1.  ton
 2.  dźwięk
 3.  sygnał
 4.  koloryt","tonacja
ii.  tone down   tonować|təʊn"
tonedeaf,bez słuchu muzycznego,niemuzykalny|tone-deaf|ˌtəʊnˈdef
tongs,szczypce,tɒŋz
tongue,"1.  język
 2.  have one's tongue in one's cheek 
 - przymrużyć oko
 3.  hold one's tongue 
 - trzymać język za zębami",tʌŋ
tonguetied,"be tongue-tied 
 - zapomnieć języka za zębami",tongue-tied|ˈtʌŋtaɪd
tonguetwister,tongue-twister,wyrażenie trudne do wymówienia|ˈtʌŋˌtwɪstə
tonic,"1. tonic water  tonik
 2.  [med]  środek tonizujący
 3.  odżywka",ˈtɒnɪk
tonight,i.    dzisiaj wieczorem,"təˈnaɪt|wieczorem
ii.    dzisiejszy"
tonnage,tonaż,ˈtʌnɪʤ
tonne,tona  [metryczna],tʌn
tonsil,migdałek,ˈtɒnsəl
tonsillitis,zapalenie migdałków,ˌtɒnsɪˈlaɪtɪs
too,1.  też,"aż nazbyt|only too 
 - aż zbyt|także
 2.  zbyt|tu:"
tool,"1.  narzędzie
 2.  [br nieform]  down tools 
 - przestawać pracować",tu:l
toot,"i.    trąbić
ii.    zatrąbienie",tu:t
tooth,tu:θ,ząb
toothache,ból zęba,ˈtu:θeɪk
toothbrush,szczoteczka do zębów,ˈtu:θbrʌʃ
toothpaste,pasta do zębów,ˈtu:θpeɪst
toothpick,wykałaczka,ˈtu:θpɪk
topheavy,przeciążony na górze,top-heavy|ˌtɒpˈhevɪ
topic,temat,zagadnienie|ˈtɒpɪk
topical,aktualny,ˈtɒpɪkəl
toplevel,na najwyższym szczeblu,top-level|ˌtɒpˈlevəl
topmost,najwyższy,ˈtɒpməʊst
topping,polewa,wierzch|ˈtɒpɪŋ
topple,"1.  przewracać się
 2.  obalać",ˈtɒpəl
topsecret,top-secret,ściśle tajny|ˌtɒpˈsi:krət
topup,dolewka,top-up|ˈtɒpʌp
torch,"1.  [br]  latarka
 2.  pochodnia",tɔ:ʧ
torment,dręczyć,"torment
i.    męka|udręka
ii.    męczyć"
tormentor,dręczyciel,tɔ:ˈmentə
torn,rozdarty,tɔ:n
tornado,tɔ:ˈneɪdəʊ,
torpedo,"i.    torpeda
ii.    torpedować",tɔ:ˈpi:dəʊ
torrent,potok,ˈtɒrənt
torso,tors,ˈtɔ:səʊ
tortoise,żółw,ˈtɔ:təs
tortoiseshell,szylkret,ˈtɔ:təsʃel
tortuous,"1.  kręty
 2.  zawiły",ˈtɔ:tjʊəs
torture,"i.    tortura
ii.    torturować",ˈtɔ:ʧə
tory,torys,ˈtɔ:rɪ
toss,i.   1.  rzucać się,"przewracać
 3.  rzucać monetę|rozstrzygać przez rzut monety|rzucać
 2.  wstrząsać|rzucać
ii.   1.  szarpnięcie
 2.  rzucenie monetą"
tot,1.  berbeć,"dzidziuś
 2.  kieliszeczek|tɒt"
total,"i.    ogólna liczba
ii.   1.  ogólny
 2.  całkowity","totalny
iii.   1.  podliczać ogółem
 2.  wynosić ogółem
 3.  in total 
 - ogółem|ˈtəʊtəl"
totalitarian,totalitarny,təʊˌtælɪˈteərɪən
totter,"1.  zataczać się
 2.  chwiać się",ˈtɒtə
touch,być na bieżąco,"być w kontakcie|dotykać
 2.  stykać się|i.   1.  dotykać się|keep in touch  
 - być w kontakcie z kimś"
touchdown,lądowanie,wodowanie|ˈtʌʧdaʊn
touching,poruszający,wzruszający|ˈtʌʧɪŋ
touchy,drażliwy,ˈtʌʧɪ
tough,"1.  [też o człowieku]  twardy
 2.  ciężki",tʌf
toughen,1.  wzmacniać,"utwardzać
 2.  twardnieć|ˈtʌfən"
toupee,mała peruka,peruka|ˈtu:peɪ
tour,i.   1.  podróż,"objazd
 2.  wycieczka|tʊə|zwiedzanie
ii.    objeżdżać"
tourism,turystyka,ˈtʊərɪzəm
tourist,turysta,ˈtʊərɪst
tournament,turniej,ˈtʊənəmənt
tousled,rozczochrany,ˈtaʊzəld
tout,"i.   1.  [nieform]  reklamować
 2.  chodzić 
ii.    konik",sprzedawca biletów|taʊt
tow,"hol
 2.  in","i.    holować
ii.   1.  holowanie|on tow 
 - na holu|təʊ"
toward,1.  w kierunku,"towards|təˈwɔ:d|w celu
 6.  [w celu osiągnięcia czegoś]  co do|w stronę
 2.  [kogoś]  wobec
 3.  [o czasie]  pod 
 4.  [ściany]  w pobliżu
 5.  [ofiarować pieniądze]  na"
towards,1.  w kierunku,"toward|təˈwɔ:d|w celu
 6.  [w celu osiągnięcia czegoś]  co do|w stronę
 2.  [kogoś]  wobec
 3.  [o czasie]  pod 
 4.  [ściany]  w pobliżu
 5.  [ofiarować pieniądze]  na"
towel,ręcznik,ˈtaʊəl
towelling,tkanina froté,ˈtaʊəlɪŋ
tower,[br]   wieżowiec,"i.    wieża
ii.    górować
iii.  tower block|ˈtaʊə|ˈtaʊəblɒk"
towering,wyniosły,ˈtaʊərɪŋ
towpath,ścieżka,ˈtəʊpɑ:θ
towrope,lina holownicza,ˈtəʊrəʊp
toxic,toksyczny,ˈtɒksɪk
toy,"i.    zabawka
ii.  toy with  1.  bawić się
 2.  chodzić",tɔɪ
tr,"tr.
i.
   see also: {translated}
  tłum.","tłumaczenie
iii.
   see also: {transitive}
  [gram]  przechodni|tłumaczony
ii.
   see also: {translation}
  tłum."
trace,"i.   1.  wyśledzić
 2.  prześledzić
 3.  odbijać  [przez kalkę]","kopiować
ii.    ślad|treɪs"
tracing,kopia  [na kalce],ˈtreɪsɪŋ
track,co się z kimś dzieje,"co się z kimś dzieje
iii.  track down   wytropić|i.   1.  szlak
 2.  [wyścigowy|kolejowy]  tor
 3.  [dźwiękowa]  ścieżka
 4.  [sport]  bieżnia
 5. tracks  [zwierzyny]  ślady|lose track of sb 
 - wiedzieć"
tracker,tropiciel,ˈtrækə
tracksuit,dres,ˈtræksu:t
tract,"1.  traktat
 2.  obszar",trækt
tractor,"1.  traktor
 2.  [komp]  podajnik",ˈtræktə
trade,działacz związku zawodowego,"dziedzina
ii.   1.  handlować
 2.  przehandlować 
iii.   1.  a. handlowy|firmowy
 b.
      ""trade name""  - nazwa firmowa
 2.  by trade 
 - z zawodu
iv.  trade in   handlować 
v.  trade name|i.   1.  handel
 2.  zawód|nazwa firmowa
vi.  trade union"
trademark,"1.  znak firmowy
 2.  cecha typowa",ˈtreɪdmɑ:k
trader,handlarz,kupiec|ˈtreɪdə
tradesman,handlowiec,ˈtreɪdzmən
tradition,tradycja,trəˈdɪʃən
traditional,tradycyjny,trəˈdɪʃənəl
traffic,i.   1.  ruch drogowy,"ruch
 2.  [np. narkotykami]  handel
ii.    [np. narkotykami]  handlować 
iii.  traffic lights|światła drogowe|ˈtræfɪk|ˈtræfɪklaɪts"
tragedy,tragedia,ˈtræʤɪdɪ
tragic,tragiczny,ˈtræʤɪk
trail,ciągnąć,"i.   1.  ścieżka|szlak
 2.  ślad
 3.  smuga
ii.   1.  ciągnąć się|tracić|treɪl"
trailer,"1.  przyczepa  [też kempingowa]
 2.  zapowiedź",ˈtreɪlə
train,i.   1.  pociąg,"jako coś)
 4.  by train 
 - pociągiem|kolejka
 2.  tren
ii.   1.  tresować
 2.  trenować|koleją|na coś)
 3.  szkolić się"
trained,szkolony,wykwalifikowany|ˈtreɪnd
trainee,praktykant,treɪˈni:
trainer,"1.  trener
 2.  treser
 3. trainers  trampki",ˈtreɪnə
traipse,ciągnąć się,treɪps|włóczyć się
trait,cecha,treɪt
traitor,zdrajca,ˈtreɪtə
tram,tramwaj,træm
tramp,i.    tramp,"træmp|włóczęga
ii.   1.  wlec się
 2.  stąpać"
trample,1.  deptać,"nadepnąć 
 2.  zdeptywać|ˈtræmpəl"
trampoline,trampolina,ˈtræmpəlɪn
trance,trans,trɑ:ns
tranquil,spokojny,ˈtræŋkwɪl
trans,"trans.
i.
   see also: {translated}
  tłum.","tłumaczenie
iii.
   see also: {transitive}
  [gram]  przechodni|tłumaczony
ii.
   see also: {translation}
  tłum."
transact,przeprowadzać,trænˈzækt
transaction,transakcja,trænˈzækʃən
transcend,przekraczać,trænˈsend
transcendental,transcendentny,ˌtrænsənˈdentəl
transcribe,transkrybować,trænsˈkraɪb
transcript,1.  zapis,"transkrypcja
 2.  odpis|ˈtrænskrɪpt"
transfer,naklejka,"pracownika]  przeniesienie|transfer
 2.  [pieniędzy]  przelanie
 3.  [na papierze]  kalkomania
 4.  [na tkaninę]  naklejka samoprzylepna|transfer
i.   1.  przenosić 
 2.  [na konto]  przelać
 3.  [odpowiedzialność]  przerzucać
ii.   1.  [zawodnika"
transform,przekształcać,transformować (from a into b - z a na b|trænsˈfɔ:m|z a w b)
transformer,transformator,trænsˈfɔ:mə
transfuse,[krew]  przetaczać,trænsˈfju:z
transfusion,przetoczenie,transfuzja|trænsˈfju:ʒən
transient,efemeryczny,przelotny|ˈtrænzɪənt
transistor,tranzystor,trænˈzɪstə
transit,"1.  tranzyt
 2.  in transit 
 - w tranzycie",przejazdem|ˈtrænzɪt
transition,przejście,trænˈzɪʃən|zmiana
transitive,przechodni,ˈtrænzɪtɪv
transitory,przejściowy,ˈtrænzɪtərɪ
transl,"transl.
i.
   see also: {translated}
  tłum.","tłumaczenie|tłumaczony
ii.
   see also: {translation}
  tłum."
translate,przekładać,trænsˈleɪt|tłumaczyć
translation,przekład,trænsˈleɪʃən|tłumaczenie
translator,trænsˈleɪtə,tłumacz
transmission,1.  przenoszenie,"przesyłanie
 2.  transmisja|trænzˈmɪʃən"
transmit,1.  przesyłać,"przekazywać|przenosić 
 2.  transmitować|trænzˈmɪt"
transmitter,przekaźnik,trænzˈmɪtə
transparency,"1.  przezroczystość
 2.  [br]  przezrocze",trænsˈpærənsɪ
transparent,"1.  przezroczysty
 2.  przejrzysty",oczywisty|trænsˈpærənt
transpire,"1.  okazywać się
 2.  [nieform]  zachodzić",trænsˈpaɪə
transplant,"przesadzać
ii.   [med]   przeszczep","transplant
i.   1.  przeszczepiać
 2.  przesadzać kwiaty"
transport,przewozić,"przewóz
 2.  środek transportu
ii.    transportować|transport
i.   1.  transport"
transportation,transport,ˌtrænspɔ:ˈteɪʃən
transverse,poprzeczny,trænzˈvɜ:s
transvestite,transwestyta,trænzˈvestaɪt
trap,"chwytać
 2.  zamknąć w pułapce","i.    pułapka|potrzask
ii.   1.  chwytać w potrzask|træp|zamknąć
 3.  zwabiać"
trapdoor,zapadnia,ˈtræpdɔ:
trapeze,trapez,trəˈpi:z
trapper,traper,ˈtræpə
trappings,atrybuty,ornamenty|ˈtræpɪŋz
trash,"1.  [us]  śmieci
 2.  [nieform]  szmira",kicz|træʃ
trashcan,kubeł na śmieci,ˈtræʃkæn
trashy,bezwartościowy,kiczowaty|ˈtræʃɪ
trauma,"1.  [med]  uraz
 2.  stres",cierpienie|ˈtrɔ:mə
traumatic,traumatyczny,trɔ:ˈmætɪk|urazowy
travel,"biuro podróży
iv.  travel agent","i.   1.  podróżować|jeździć
 2.  przenosić się|pracownik biura podróży|przenosić
ii.    podróż
iii.  travel agency"
traverse,przecinać,trəˈvɜ:s
travesty,parodia,trawestacja|ˈtrævəstɪ
trawler,ˈtrɔ:lə,
tray,taca,treɪ
treacherous,zdradliwy,ˈtreʧərəs
treachery,zdrada,ˈtreʧərɪ
treacle,syrop,ˈtri:kəl
tread,i.   1.  deptać,"nadepnąć
 2.  wdeptywać
 3.  stąpać
ii.   1.  stąpanie
 2.  bieżnik|tred"
treas,"treas.
  skarbnik",
treason,zdrada,ˈtri:zən
treasure,"i.    skarb
ii.    cenić",ˈtreʒə
treasurer,skarbnik,ˈtreʒərə
treasury,"1.  skarbnica
 2.  skarb państwa",ˈtreʒərɪ
treat,"i.   1.  traktować
 2.  leczyć
 3.  poddawać działaniu","nasycać
 4.  fundować|stawiać
ii.    szczególna uroczystość|tri:t"
treatise,[naukowa]  rozprawa,ˈtri:tɪs
treatment,1.  leczenie,"terapia
 2.  traktowanie|ˈtri:tmənt"
treaty,traktat,ˈtri:tɪ
treble,"dyszkant
iii.    potrajać się
iv.    trzykrotnie","i.   1.  potrójny
 2.  [muz]  sopranowy|trzy razy|wiolinowy
 3.  [dźwięk]  wysoki
ii.    [muz]  sopran|ˈtrebəl"
tree,drzewo,tri:
treetop,korona drzewa,ˈtri:tɒp
trek,"i.    podróżować
ii.    podróż",
tremble,drżeć,ˈtrembəl
tremendous,niebywały,ogromny|trəˈmendəs
tremor,drżenie,ˈtremə
trench,okop,rów|trenʧ
trend,kierunek,tendencja
trendy,modny,ˈtrendɪ
trepidation,niepokój,przestrach|ˌtrepɪˈdeɪʃən
trespass,wchodzić,wtargnąć|ˈtrespəs
trespasser,1.  człowiek naruszający cudzy teren,"naruszający cudzy teren
 2.  ``trespassers will be prosecuted'' 
 -|wstęp surowo wzbroniony''|ˈtrespəsə"
tress,tres,warkocz
triangle,trójkąt,ˈtraɪæŋgəl
triangular,traɪˈæŋgjələ,trójkątny
tribal,plemienny,szczepowy|ˈtraɪbəl
tribe,plemię,szczep|traɪb
tribesman,członek szczepu,ˈtraɪbzmən
tribunal,traɪˈbju:nəl,trybunał
tributary,dopływ,ˈtrɪbjətərɪ
tribute,"1.  hołd
 2.  danina",ˈtrɪbju:t
trice,"in a trice 
 - w mgnieniu oka",traɪs
trick,i.    oszukiwać,"trɪk|zwodzić
ii.   1.  sztuczka
 2.  trik
iii.   1.  trikowy
 2.  zwodniczy
 3.  play a trick on sb   trick n: :on)
 - zrobić komuś kawał
 4.  [nieform]  sth does the trick 
 - coś załatwia sprawę"
trickery,oszustwo,podstęp|ˈtrɪkərɪ
trickle,ciec,"i.    ciec strużką|strumyczek|sączyć się
ii.    strużka|wątły strumyczek"
tricky,podchwytliwy,podstępny|ˈtrɪkɪ
trifle,1.  drobiazg,"bagatela
 2.  przekładaniec|ciasto biszkoptowe
 3.  [form]  a trifle 
 - nieco|odrobinę|ˈtraɪfəl"
trifling,nieważny,nieznaczny|ˈtraɪflɪŋ
trigger,"cyngiel
ii.   trigger off  wywoływać",i.    język spustowy|ˈtrɪgə
trilogy,trylogia,ˈtrɪləʤɪ
trimming,1.  ozdóbka,"przystrojenie
 2. trimmings  dodatki|ˈtrɪmɪŋ"
trinket,ozdóbka,świecidełko|ˈtrɪŋkɪt
trio,ˈtri:əʊ,
trip,"i.   1.  wycieczka
 2.  wyjazd","przewracać|trɪp|w podróży
iii.  trip up   podstawiać nogę|wyprawa
 3.  [nieform]  przeżycie
ii.   1.  potykać się
 2.  podstawiać nogę
 3.  on a trip 
 - na wyjeździe"
tripartite,traɪˈpɑ:taɪt,trójstronny
tripe,"1.  [do jedzenia]  flaki
 2.  [nieform]  szmira",traɪp
triple,"i.    potrójny
ii.    potrajać",ˈtrɪpəl
triplets,trojaczki,ˈtrɪplɪts
tripod,statyw,ˈtraɪpɒd
trite,banalny,traɪt
triumph,"i.    triumf
ii.    triumfować",ˈtraɪəmf
triumphal,traɪˈʌmfəl,triumfalny
trivia,banały,ˈtrɪvɪə
trivial,banalny,nie znaczący|ˈtrɪvɪəl
trolley,"1.  wózek
 2.  barek ruchomy","barek
 3.  trolejbus
 4.  [us]  tramwaj
 5.  pantograf|ˈtrɒlɪ"
trombone,puzon,trɒmˈbəʊn
troop,i.    oddział,"tru:p|wojsko
ii.    przegrupowywać się"
trooper,żołnierz,ˈtru:pə
trophy,trofeum,ˈtrəʊfɪ
tropic,"1.  zwrotnik
 2. the tropics  tropiki",tropik|ˈtrɒpɪk
tropical,tropikalny,ˈtrɒpɪkəl
trot,"i.    kłusować
ii.   1.  biec
 2.  kłus
 3.  bieg
 4.  [br nieform]  on the trot 
 - pod rząd",trɒt
trouble,i.   1.  problem,"kłopot
 2.  zmartwienie
 3.  konflikt|kłopotać
 3.  be in trouble 
 - mieć problemy
 4.  sth is no trouble 
 - coś nie przedstawia żadnych problemów
 5.  take the trouble to do sth 
 - kłopotać się zrobieniem czegoś|zaburzenie
ii.   1.  martwić
 2.  niepokoić|ˈtrʌbəl"
troubled,1.  zmartwiony,"zachwiany|zakłopotany
 2.  zaburzony|ˈtrʌbəld"
troublemaker,sprawca kłopotów,ˈtrʌbəlmeɪkə
troublesome,kłopotliwy,ˈtrʌbəlsəm
trough,"1.  koryto
 2.  spadek",trɒf
troupe,tru:p,trupa
trousers,spodnie,ˈtraʊzəz
trout,pstrąg,traʊt
trowel,1.  łopatka ogrodnicza,"łopatka
 2.  kielnia|ˈtraʊəl"
truancy,wagary,ˈtru:ənsɪ
truant,"1.  wagarowicz
 2.  play truant 
 - chodzić na wagary",ˈtru:ənt
truce,rozejm,tru:s
truck,"1.  [us]  ciężarówka
 2.  [br]  wagon towarowy",lora|trʌk
truculent,wojowniczy,ˈtrʌkjʊlənt
trudge,i.    iść z trudem,"stąpać z trudem
ii.    ciężki marsz|trʌʤ"
true,"1.  prawdziwy
 2.  równy
 3.  wierny
 4.  come true 
 - spełniać się",tru:
truffle,trufel,ˈtrʌfəl
truly,"1.  naprawdę
 2.  ``yours truly'' 
 -",z poważaniem''|ˈtru:lɪ
trump,trump card  atut,trʌmp
trumpet,"i.    trąbka
ii.    trąbić",ˈtrʌmpɪt
trumpeter,trębacz,ˈtrʌmpɪtə
truncate,obcinać,okaleczać|trʌŋˈkeɪt
truncheon,pałka,ˈtrʌnʧən
trundle,toczyć,toczyć się|ˈtrʌndəl
trunk,"1.  pień
 2.  [człowieka]  tułów
 3.  [słonia]  trąba
 4.  kufer
 5.  [us]  [w samochodzie]  bagażnik
 6. trunks  kąpielówki",trʌŋk
trust,i.   1.  wierzyć,"powierzyć 
 3.  mieć zaufanie 
ii.   1.  zaufanie
 2.  trust|trʌst|wierzyć 
 2.  zaufać"
trustee,"1.  powiernik
 2.  zarządca",trʌsˈti:
trustful,ufny,ˈtrʌstfʊl
trusting,ufny,ˈtrʌstɪŋ
trustworthy,godny zaufania,ˈtrʌstwɜ:ðɪ
trusty,ulubiony,zaufany|ˈtrʌstɪ
truth,prawda,tru:θ
truthful,prawdziwy,ˈtru:θfʊl
try,"i.   1.  próbować
 2.  wypróbowywać
 3.  starać się 
 4.  sądzić   
ii.    próba
iii.  try on   próbować","przymierzać
iv.  try out   wypróbowywać|traɪ"
trying,ciężki,dojmujący|ˈtraɪɪŋ
tshirt,koszulka trykotowa,podkoszulka|t-shirt|ˈti:ʃɜ:t
tu,"tu.
  wtorek",związek zawodowy|ˌ$⋅$ˈ$⋅$
tub,1.  kadź,"tʌb|zbiornik
 2.  [us]  wanna"
tuba,ˈtju:bə,
tubby,przysadzisty,ˈtʌbɪ
tube,1.  rura,"przewód
 2.  tubka
 3. the tube  [br]  metro
 4.  dętka|tju:b"
tuber,bulwa,ˈtju:bə
tubercular,"i.    gruźliczy
ii.    gruźlik",tjʊˈbɜ:kjʊˈlə
tuberculosis,gruźlica,tjʊˌbɜ:kjʊˈləʊsɪs
tubing,rury,system rur|ˈtju:bɪŋ
tubular,rurkowy,rurowaty|ˈtju:bjʊlə
tuck,i.    wpychać,"tʌk|wsadzać
ii.    fałda
iii.  tuck away  1.  odkładać
 2.  chować
iv.  tuck in  1.  opatulać|zawijać|zawijać
 2.  wpychać do środka
 3.  [nieform]  napychać się
v.  tuck up   opatulać"
tues,"tues.
  wtorek",
tuesday,wtorek,ˈtju:zdɪ
tuft,kępka,pęczek|tʌft
tug,"i.    ciągnąć 
ii.   1.  pociągnięcie
 2. tug boat  holownik",tʌg
tuition,"1.  nauka
 2.  czesne",tjʊˈɪʃən
tulip,tulipan,ˈtju:lɪp
tumbler,szklanka,ˈtʌmblə
tummy,brzuszek,ˈtʌmɪ
tumor,guz,nowotwór|tumour|ˈtju:mə
tumour,guz,nowotwór|tumor|ˈtju:mə
tumult,wrzawa,ˈtju:mʌlt
tuna,tuna fish,tuńczyk|ˈtju:nə
tuna fish,tuna,tuńczyk|ˈtju:nə
tuneful,melodyjny,ˈtju:nfʊl
tunic,bluza,góra  [np. dresu]|ˈtju:nɪk
tunisia,tjʊˈnɪzɪə,tunezja
tunisian,"i.    tunezyjski
ii.    tunezyjczyk",tjʊˈnɪzɪən
tunnel,"i.    tunel
ii.    drążyć tunel",ˈtʌnəl
turban,ˈtɜ:bən,
turbine,turbina,ˈtɜ:baɪn
turbulent,burzliwy,ˈtɜ:bjələnt
turf,i.    darń,"murawa
ii.    pokrywać darnią
iii.  turf out  [nieform]   wyrzucać|tɜ:f"
turgid,napuszony,ˈtɜ:ʤɪd
turk,turek,tɜ:k
turkey,indyk,turcja|ˈtɜ:kɪ
turkish,turecki,ˈtɜ:kɪʃ
turmoil,niepokój,ˈtɜ:mɔɪl
turning,"i.    przecznica
ii.  turning point",punkt zwrotny|ˈtɜ:nɪŋ|ˈtɜ:nɪŋpɔɪnt
turnip,rzepa,ˈtɜ:nɪp
turnout,frekwencja,publiczność|ˈtɜ:naʊt
turnover,1.  fluktuacja kadr,"fluktuacja
 2.  obrót|przerób|ˈtɜ:nəʊvə"
turntable,talerz,talerz gramofonu|ˈtɜ:nteɪbəl
turnup,mankiet,turn-up|ˈtɜ:nʌp
turpentine,terpentyna,ˈtɜ:pəntaɪn
turquoise,"i.    turkusowy
ii.    turkus",ˈtɜ:kwɔɪz
turret,wieżyczka,ˈtʌrɪt
turtle,żółw,ˈtɜ:təl
turtleneck,"1.  [us]  golf
 2.  [br]  półgolf",ˈtɜ:təlnek
tusk,kieł,tʌsk
tussle,i.    szamotać się,"szarpanina|szarpać się
ii.    szamotanina|ˈtʌsəl"
tut,no no,tʌt
tutor,"dawać korepetycje
 2.  prowadzić seminarium","i.   1.  nauczyciel
 2.  korepetytor
ii.   1.  uczyć|ˈtju:tə"
tutorial,"i.    seminarium
ii.    seminaryjny",tjʊˈtɔ:rɪəl
tuxedo,smoking,tʌkˈsi:dəʊ
tv,"1.  tv
 2.  on tv 
 - w telewizji",ˌtɪ:ˈvi:
twaddle,bzdury,ˈtwædəl
twang,brzdąkać (sth - czymś,"brzęknięcie
ii.    brzęczeć|i.    brzęk|twæŋ|w coś)"
tweed,twi:d,
tweet,twi:t,ćwierkać
tweezers,pinceta,ˈtwi:zəz
twelfth,dwunasty,ˈtwelfθ
twelve,dwanaście,twelv
twentieth,dwudziesty,ˈtwentɪəθ
twenty,dwadzieścia,ˈtwentɪ
twice,dwa razy,dwukrotnie|twaɪs
twiddle,kręcić,obracać|ˈtwɪdəl
twig,gałązka,twɪg
twilight,zmierzch,zmrok|ˈtwaɪlaɪt
twin,"i.    bliźniak
ii.    bliźniaczy",podwójny|twɪn
twine,i.    sznur,"linka
ii.    okręcać|twaɪn"
twinge,"1.  szarpiący ból
 2.  uczucie",odczucie|twɪnʤ
twinkle,błysk,"i.   1.  mrugać
 2.  migotać
ii.    migotanie|ˈtwɪŋkəl"
twirl,kręcić,kręcić się|obracać|obracać się|twɜ:l
twist,i.   1.  wykręcać się,"nakręcać
 3.  wić się
ii.   1.  obrót|obracać
 2.  odkręcać|obracać się|skręt
 2.  wykręcenie"
twit,dureń,twɪt
twitch,i.    tik,"skurcz
ii.   1.  drgać
 2.  szarpać|twɪʧ"
twitter,ćwierkać,świergotać|ˈtwɪtə
two,"1.  dwa
 2.  in two 
 - na dwoje",tu:
twofaced,dwulicowy,two-faced|ˌtu:ˈfeɪst
twoway,"1.  dwustronny
 2.  nadawczo-odbiorczy",two-way|ˌtu:ˈweɪ
tycoon,magnat,taɪˈku:n
type,"czcionka
ii.   1.  pisać na maszynie","drukować
 2.  wpisywać|i.   1.  rodzaj
 2.  typ
 3.  druk|pisać|taɪp"
typecast,grać zawsze ten sam typ postaci,ˈtaɪpkɑ:st
typewriter,maszyna do pisania,ˈtaɪpraɪtə
typewritten,napisane na maszynie,ˈtaɪprɪtən
typhoid,dur,dur brzuszny|tyfus|ˈtaɪfɔɪd
typhoon,tajfun,taɪˈfu:n
typhus,dur plamisty,tyfus|ˈtaɪfəs
typical,charakterystyczny,typowy|ˈtɪpɪkəl
typically,"1.  zazwyczaj
 2.  typowo",ˈtɪpɪkəlɪ
typify,uosabiać,ˈtɪpɪfaɪ
typist,maszynistka,ˈtaɪpɪst
tyrannical,tyrański,tɪˈrænɪkəl
tyranny,tyrania,ˈtɪrənɪ
tyrant,tyran,ˈtaɪrənt
tyre,opona,tire|ˈtaɪə
ubiquitous,ju:ˈbɪkwɪtəs,wszechobecny
udder,wymię,ˈʌdə
uganda,ju:ˈgændə,
ugandan,"i.    ugandyjski
ii.    ugandyjczyk",ju:ˈgændən
ugly,"1.  brzydki
 2.  paskudny",ˈʌglɪ
ukrainian,"i.    ukraiński
ii.    ukrainiec",ju:ˈkreɪnɪən
ulcer,wrzód,ˈʌlsə
ult,ult.,"ultimo
  ubiegłego miesiąca"
ulterior,"1.  dalszy
 2.  ulterior motive 
 - ukryty motyw",ʌlˈtɪərɪə
ultimate,"1.  ostateczny
 2.  najwyższy",ˈʌltɪmət
ultimately,ostatecznie,ˈʌltɪmətlɪ
ultimatum,ˌʌltɪˈmeɪtəm,
ultimo,ult.,"ultimo
  ubiegłego miesiąca"
ultraviolet,ultrafioletowy,ˌʌltrəˈvaɪələt
umbilical cord,pępowina,ʌmˌbɪlɪkəl ˈkɔ:d
umbrella,parasol,ʌmˈbrələ
umpire,"i.    sędzia
ii.    sędziować",ˈʌmpaɪə
umpteen,niezliczona ilość,tysiąc|ˈʌmpˈti:n
un,onz,ˌju:ˈen
unabashed,nie zbity z tropu,ˌʌnəˈbæʃt
unabated,nie słabnący,niezmniejszony|ˌʌnəˈbeɪtɪd
unable,"be unable to do sth 
 - nie potrafić zrobić czegoś",nie móc zrobić czegoś|ʌnˈeɪbəl
unacceptable,nie do przyjęcia,ˌʌnəkˈseptəbəl
unaccompanied,"1.  bez opieki
 2.  bez towarzyszenia instrumentu",ˌʌnəˈkʌmpənɪd
unaccountable,1.  nie wyjaśniony,"nie do wyjaśnienia
 2.  niewytłumaczalny|ˌʌnəˈkaʊntəbəl"
unaccustomed,"1.  nieprzywykły
 2.  niezwyczajny",ˌʌnəˈkʌstəmd
unanimous,jednogłośny,ju:ˈnænɪməs
unarmed,nieuzbrojony,ʌnˈɑ:md
unassuming,bezpretensjonalny,skromny|ˌʌnəˈsju:mɪŋ
unattached,"1.  nie związany 
 2.  samotny",nie związany małżeństwem|ˌʌnəˈtæʧ
unattended,bez opieki,ˌʌnəˈtendɪd
unauthorized,bez upoważnienia,nieupoważniony|ʌnˈɔ:θəraɪzd
unavoidable,nie do uniknięcia,ˌʌnəˈvɔɪdəbəl
unaware,"be unaware of sth  :unaware :of)
 - być nieświadomym czegoś",nie zdawać sobie sprawy z czegoś|ˌʌnəˈweə
unawares,catch,"take sb unawares 
 - zastawać kogoś nieprzygotowanym|ˌʌnəˈweəz"
unbearable,nie do zniesienia,ʌnˈbeərəbəl
unbeatable,nie do pokonania,nie do prześcignięcia|ʌnˈbi:təbəl
unbelievable,niewiarygodny,ˌʌnbɪˈli:vəbəl
unborn,nienarodzony,ʌnˈbɔ:n
unbounded,bezgraniczny,ʌnˈbaʊndɪd
unbroken,bez przerwy,bez zakłóceń|ʌnˈbrəʊkən
unbutton,rozpinać,ʌnˈbʌtən
uncalledfor,nieproszony,uncalled-for|ʌnˈkɔ:ld fɔ:
uncanny,zadziwiający,zagadkowy|ʌŋˈkænɪ
unceasing,nieustanny,ʌnˈsi:sɪŋ
unceremonious,bezceremonialny,ˌʌnserɪˈməʊnɪəs
uncertain,niepewny,ʌnˈsɜ:tən
uncertainty,niepewność,wątpliwość|ʌnˈsɜ:təntɪ
unchallenged,niekwestionowalny,niekwestionowany|ʌnˈʧælənʤd
unchecked,niepohamowany,ʌnˈʧekt
uncivilised,"1.  barbarzyński
 2.  [nieform]  nieludzki",uncivilized|ʌnˈsɪvɪlaɪzd
uncivilized,"1.  barbarzyński
 2.  [nieform]  nieludzki",uncivilised|ʌnˈsɪvɪlaɪzd
uncle,stryj,stryjek|wuj|wujek|ˈʌŋkəl
unclear,"1.  niejasny
 2.  be unclear about sth 
 - nie wiedzieć czegoś",ʌŋˈklɪə
uncomfortable,"1.  niewygodny
 2.  niepewny",źle się czujący|ʌŋˈkʌmfətəbəl
uncommitted,1.  neutralny,"niezaangażowany
 2.  nie związany|ˌʌŋkəˈmɪtɪd"
uncommon,niepospolity,rzadki|ʌŋˈkɒmən
uncomprehending,nie pojmujący,ˌʌŋkɒmprɪˈhendɪŋ
uncompromising,bezkompromisowy,ʌŋˈkɒmprəmaɪzɪŋ
unconcerned,nie troszczący się,niezainteresowany|ˌʌŋkənˈsɜ:nd
unconditional,bezwarunkowy,ˌʌŋkənˈdɪʃənəl
unconscious,"i.   1.  nieprzytomny
 2.  nie zdający sobie sprawy 
 3.  podświadomy
ii.    podświadomość",ʌŋˈkɒnʃəs
uncontrolled,niekontrolowany,niepowstrzymany|ˌʌŋkənˈtrəʊld
uncork,odkorkować,ʌŋˈkɔ:k
uncountable,niepoliczalny,ʌŋˈkaʊntəbəl
uncouth,nieokrzesany,ʌŋˈku:θ
uncover,odkrywać,ʌŋˈkʌvə
undaunted,nie powstrzymany,niezastraszony|ʌnˈdɔ:ntɪd
undecided,niezdecydowany,ˌʌndɪˈsaɪdɪd
undeniable,niezaprzeczalny,ˌʌndɪˈnaɪəbəl
undercarriage,podwozie,ˈʌndəkærɪʤ
underclothes,bielizna,ˈʌndəkləʊðz
undercover,tajny,ˈʌndəkʌvə
undercurrent,ukryty nurt,ˈʌndəkʌrənt
undercut,"1.  sprzedawać taniej 
 2.  podcinać",ˌʌndəˈkʌt
underdeveloped,słabo rozwinięty,ˌʌndədɪˈvelɒpt
underdog,słabsza strona,ˈʌndədɒg
underdone,niedogotowany,niedopieczony|ˌʌndəˈdʌn
underestimate,niedoceniać,ˌʌndərˈestɪmeɪt
underfed,niedożywiony,ˌʌndəˈfed
underfoot,pod nogami,pod stopami|ˌʌndəˈfʊt
undergo,poddawać się,przechodzić|ˌʌndəˈgəʊ
undergraduate,student,ˌʌndəˈgrædjʊət
underground,1.  podziemny,"w podziemiu
 2. the underground  [br]  metro|ˈʌndəgraʊnd"
undergrowth,poszycie,ˈʌndəgrəʊθ
underhand,potajemny,skryty|ˌʌndəˈhænd
underlie,znajdować się u podstaw,ˌʌndəˈlaɪ
underline,podkreślać,ˌʌndəˈlaɪn
underling,podwładny,ˈʌndəlɪŋ
undermine,podkopywać,ˌʌndəˈmaɪn
underneath,"i.    pod
ii.    pod spodem
iii.    dolny","spodni
iv.    spód|ˌʌndəˈni:θ"
underpaid,niedopłacany,ˌʌndəˈpeɪd
underpants,kalesony,majtki|ˈʌndəpænts
underpass,"1.  [br]  przejście podziemne
 2.  przejazd",ˈʌndəpɑ:s
underprivileged,nie mający przywilejów,upośledzony|ˌʌndəˈprɪvɪlɪʤd
underrate,nie doceniać,ˌʌndəˈreɪt
undershirt,koszulka,podkoszulek|ˈʌndəʃɜ:t
underside,spód,ˈʌndəsaɪd
understaffed,"be understaffed 
 - mieć za mało personelu",ˌʌndəˈstɑ:ft
understand,pojmować,rozumieć|ˌʌndəˈstænd
understandable,zrozumiały,ˌʌndəˈstændəbəl
understanding,i.   1.  rozumienie,"pojmowanie
 2.  zrozumienie|zgoda
 3.  porozumienie
ii.    wyrozumiały|ˌʌndəˈstændɪŋ"
understatement,niedomówienie,ˌʌndəˈsteɪtmənt
understudy,dubler,ˈʌndəstʌdɪ
undertake,"1.  podejmować się
 2.  zobowiązywać się",ˌʌndəˈteɪk
undertaker,przedsiębiorca pogrzebowy,ˌʌndəˈteɪkə
undertaking,"1.  przedsięwzięcie
 2.  [form]  zobowiązanie",ˌʌndəˈteɪkɪŋ
undertone,1.  nuta,"odcień
 2.  in an undertone 
 - półgłosem|ˈʌndətəʊn"
undervalue,niedoceniać,ˌʌndəˈvælju:
underwater,"1.  podwodny
 2.  podmorski",ˌʌndəˈwɔ:tə
underway,"be underway 
 - być w trakcie",trwać|ˌʌndəˈweɪ
underwear,bielizna,ˈʌndəweə
underweight,niedowaga,ˌʌndəˈweɪt
underworld,podziemie,świat przestępczy|ˈʌndəwɜ:ld
underwriter,agent ubezpieczeniowy,ˌʌndəˈraɪtə
undesirable,niepożądany,ˌʌndɪˈzaɪərəbəl
undies,bielizna,ˈʌndɪz
undo,1.  rozwiązywać,"rozpinać
 2.  niszczyć|zaprzeczać|ʌnˈdu:"
undoing,klęska,ruina|ʌnˈdu:ɪŋ
undone,rozwiązany,ʌnˈdʌn
undoubted,niezaprzeczalny,ʌnˈdaʊtɪd
undress,rozbierać,rozbierać się|ʌnˈdres
undue,nadmierny,ʌnˈdju:
undulate,falować,ˈʌndjəleɪt
unduly,nadmiernie,ʌnˈdju:lɪ
unearth,odkopywać,wydobywać na światło dzienne|ʌnˈɜ:θ
unearthly,"1.  nieziemski
 2.  nieludzki",ʌnˈɜ:θlɪ
unease,niepokój,ʌnˈi:z
uneasy,niepewny,niespokojny|ʌnˈi:zɪ
unemployed,bezrobotny,ˌʌnɪmˈplɔɪd
unemployment,bezrobocie,ˌʌnɪmˈplɔɪmənt
unending,nie kończący się,ʌnˈendɪŋ
unequivocal,jasny,niedwuznaczny|ˌʌnɪkˈwɪvəkəl
unerring,nieomylny,ʌnˈɜ:rɪŋ
uneven,nierówny,ʌnˈi:vən
uneventful,bez wydarzeń,jednostajny|ʌnɪˈventfʊl
unexpected,niespodziewany,ˌʌnɪksˈpektɪd
unfailing,niezawodny,ʌnˈfeɪlɪŋ
unfair,niesprawiedliwy,ʌnˈfeə
unfaithful,niewierny,ʌnˈfeɪθfʊl
unfamiliar,"1.  nieznajomy
 2.  nie zaznajomiony",ˌʌnfəˈmɪlɪə
unfasten,rozpinać,ʌnˈfɑ:sən
unfavorable,"1.  niekorzystny
 2.  nie sprzyjający",unfavourable|ʌnˈfeɪvərəbəl
unfavourable,"1.  niekorzystny
 2.  nie sprzyjający",unfavorable|ʌnˈfeɪvərəbəl
unfeeling,nieczuły,ʌnˈfi:lɪŋ
unfit,"1.  nie w formie
 2.  niezdatny",ʌnˈfɪt
unfold,1.  rozwijać się,"rozwijać
 2.  odsłaniać|ʌnˈfəʊld"
unforeseen,nieprzewidziany,ˌʌnfəˈsi:n
unforgettable,niezapomniany,ˌʌnfəˈgetəbəl
unforgivable,niewybaczalny,ˌʌnfəˈgɪvəbəl
unfortunate,1.  nieszczęśliwy,"nie mający powodzenia
 2.  nieszczęsny|niedobry|ʌnˈfɔ:ʧənət"
unfounded,bezpodstawny,ʌnˈfaʊndɪd
unfriendly,nieprzyjazny,ʌnˈfrendlɪ
unfurnished,nie umeblowany,ʌnˈfɜ:nɪʃt
ungainly,niezgrabny,ʌnˈgeɪnlɪ
unhappy,"1.  nieszczęśliwy
 2.  niezadowolony 
 3.  nieszczęsny",pożałowania godny|ʌnˈhæpɪ
unharmed,bez uszczerbku,nienaruszony|ʌnˈhɑ:md
unhealthy,"1.  niezdrowy
 2.  chorobliwy",ʌnˈhelθɪ
unheardof,niesłychany,unheard-of|ʌnˈhɜ:dəv
unicef,fundusz narodów zjednoczonych pomocy dzieciom,ˈju:nɪsef
unicorn,jednorożec,ˈju:nɪkɔ:n
unification,unifikacja,zjednoczenie|ˌju:nɪfɪˈkeɪʃən
uniform,"i.    mundur
ii.    jednolity",ˈju:nɪfɔ:m
uniformity,ujednolicenie,ˌjʊnɪˈfɔ:mɪtɪ
unify,jednoczyć,unifikować|ˈju:nɪfaɪ
unilateral,jednostronny,ˌju:nɪˈlætərəl
uninhabitable,nie nadający się do zamieszkania,ˌʌnɪnˈhæbɪtəbəl
uninhabited,niezamieszkany,niezamieszkały|ˌʌnɪnˈhæbɪtɪd
unique,1.  unikalny,"ju:ˈni:k|ograniczony 
 3.  [nieform]  wyjątkowy|unikatowy
 2.  wyłączny"
unisex,dla obu płci,obupłciowy|ˈju:nɪseks
unison,"in unison 
 - zgodnie",unisono|ˈju:nɪsən
unit,"1.  jednostka
 2.  całość
 3.  grupa",zespół|ˈju:nɪt
unitarian,"i.    unitariański
ii.    unitarianin",ju:nɪˈteərɪən
unite,jednoczyć,jednoczyć się|ju:ˈnaɪt
unity,jedność,ˈju:nɪtɪ
univ,"univ.
  uniwersytet",
universal,"1.  powszechny
 2.  uniwersalny",ˌju:nɪˈvɜ:səl
universe,wszechświat,ˈju:nɪvɜ:s
university,uniwersytet,ˌju:nɪˈvɜ:sɪtɪ
unjust,niesprawiedliwy,ʌnˈʤʌst
unjustified,nieuzasadniony,niezrozumiały|ʌnˈʤʌstɪfaɪd
unkempt,rozczochrany,źle utrzymany|ʌŋˈkempt
unkind,niedobry,okrutny|ʌŋˈkaɪnd
unknown,nieznajomy,nieznany|ʌnˈnəʊn
unlawful,bezprawny,ʌnˈlɔ:fʊl
unleaded,bezołowiowy,ʌnˈledɪd
unleash,"1.  uwalniać
 2.  spuszczać ze smyczy",ʌnˈli:ʃ
unless,jeżeli nie,o ile nie|ʌnˈles
unlike,i.    w przeciwieństwie do,"w odróżnieniu od
ii.    niepodobny|ʌnˈlaɪk"
unlikely,1.  nieprawdopodobny,"mało prawdopodobny
 2.  sth is unlikely to be  
 - jest mało prawdopodobne|że coś się|że coś się skończy|ʌnˈlaɪklɪ"
unlit,"1.  niezapalony
 2.  nieoświetlony",ʌnˈlɪt
unload,"1.  wyładowywać
 2.  pozbywać się",ʌnˈləʊd
unlock,otwierać,ʌnˈlɒk
unlucky,"1.  pechowy
 2.  be unlucky 
 - nie mieć szczęścia",ʌnˈlʌkɪ
unmade,nieposłany,ʌmˈmeɪd
unmarked,"1.  nieoznaczony
 2.  nieruszony",ʌmˈmɑ:kt
unmistakable,niewątpliwy,łatwy do poznania|ˌʌmmɪˈsteɪkəbəl
unmitigated,całkowity,niepoprawny|ʌmˈmɪtɪgeɪtɪd
unnecessary,niepotrzebny,zbędny|ʌnˈnesəsərɪ
unnerve,odbierać odwagę,ʌnˈnɜ:v
unnoticed,niezauważony,ʌnˈnəʊtɪst
uno,onz,ˈju:nəʊ
unobtrusive,nie narzucający się,ˌʌnəbˈtru:sɪv
unofficial,nieoficjalny,ˌʌnəˈfɪʃəl
unorthodox,nieortodoksyjny,ʌnˈɔ:θədɒks
unpack,rozpakowywać,ʌnˈpæk
unpaid,"1.  bezpłatny
 2.  niezapłacony",ʌnˈpeɪd
unpalatable,"1.  nie do przełknięcia
 2.  nie do przyjęcia",ʌnˈpælətəbəl
unparalleled,niezrównany,ʌnˈpærəleld
unpleasant,nieprzyjemny,ʌnˈplezənt
unplug,wyłączać,wyłączać z sieci|ʌnˈplʌg
unprecedented,bezprecedensowy,ʌnˈpresɪdentɪd
unpredictable,nie do przewidzenia,ˌʌnprɪˈdɪktəbəl
unprofitable,niedochodowy,niezyskowny|ʌnˈprɒfɪtəbəl
unqualified,1.  niewykwalifikowany,"bez kwalifikacji
 2.  kompletny|ʌnˈkwɒlɪfaɪd"
unquestionable,niekwestionowany,ʌnˈkwesʧənəbəl
unravel,1.  rozplątywać się,"rozplątywać
 2.  rozwikływać|ʌnˈrævəl"
unreal,nierealny,ʌnˈrɪəl
unrealistic,nierealistyczny,ˌʌnrɪəˈlɪstɪk
unreasonable,nierozsądny,ʌnˈri:zənəbəl
unrecognisable,nie do odróżnienia,nierozpoznawalny|unrecognizable|ʌnˈrekəgnaɪzəbəl
unrecognizable,nie do odróżnienia,nierozpoznawalny|unrecognisable|ʌnˈrekəgnaɪzəbəl
unrelated,nie związany,ˌʌnrɪˈleɪtɪd
unrelenting,"1.  nieustanny
 2.  bez skrupułów",ˌʌnrɪˈlentɪŋ
unreliable,nieodpowiedzialny,ˌʌnrɪˈlaɪəbəl
unremitting,niestrudzony,nieustanny|ˌʌnrɪˈmɪtɪŋ
unreserved,bez zastrzeżeń,całkowity|ˌʌnrɪˈzɜ:vd
unrest,niepokój,ˈʌnrest
unrewarding,nie dający satysfakcji,ˌʌnrɪˈwɔ:dɪŋ
unripe,niedojrzały,ʌnˈraɪp
unrivalled,niezrównany,ʌnˈraɪvəld
unroll,rozwijać,ʌnˈrəʊl
unruly,nieposłuszny,niesforny|ʌnˈru:lɪ
unsafe,"1.  niebezpieczny
 2.  niepewny",zagrożony|ʌnˈseɪf
unsatisfactory,niezadowalający,ˌʌnsætɪsˈfæktərɪ
unsavory,odrażający,unsavoury|ʌnˈseɪvərɪ
unsavoury,odrażający,unsavory|ʌnˈseɪvərɪ
unscathed,nie draśnięty,ʌnˈskeɪðd
unscrew,odkręcać,ʌnˈskru:
unscrupulous,bez skrupułów,ʌnˈskru:pjʊləs
unseen,nie widziany,ʌnˈsi:n
unsettled,"1.  nieustabilizowany
 2.  rozkojarzony
 3.  [form]  nierozstrzygnięty",ʌnˈsetəld
unshakable,niezachwiany,ʌnˈʃeɪkəbəl
unshaven,nieogolony,ʌnˈʃeɪvən
unsightly,mało atrakcyjny,nieładny|ʌnˈsaɪtlɪ
unskilled,niewykwalifikowany,ʌnˈskɪld
unsophisticated,nieskomplikowany,niewyrafinowany|prosty|ˌʌnsəˈfɪstɪkeɪtɪd
unsound,"1.  błędny
 2.  zagrożony",ʌnˈsaʊnd
unspeakable,niewypowiedziany,ʌnˈspi:kəbəl
unspecified,niewyszczególniony,ʌnˈspesɪfaɪd
unstable,"1.  niestabilny
 2.  źle przymocowany
 3.  rozchwiany",ʌnˈsteɪbəl
unsteady,"1.  niepewny
 2.  roztrzęsiony
 3.  niestabilny",ʌnˈstedɪ
unsuccessful,"1.  nieudany
 2.  bezowocny
 3.  [człowiek]  bez powodzenia",ˌʌnsəkˈsesfʊl
unsuitable,nieodpowiedni,ʌnˈsu:təbəl
unsuited,"1.  nieodpowiedni   
 2.  niedobrany",ʌnˈsu:tɪd
unsure,niepewny,ʌnˈʃʊə
unsympathetic,nie współczujący,nieczuły|ˌʌnsɪmpəˈθetɪk
untangle,rozplątywać,ʌnˈtæŋgəl
untapped,nienaruszony,ʌnˈtæpt
untenable,nie do obrony,nie do utrzymania|ʌnˈtenəbəl
unthinkable,nie do pomyślenia,ʌnˈθɪŋkəbəl
untidy,niechlujny,zaniedbany|ʌnˈtaɪdɪ
untie,rozwiązywać,ʌnˈtaɪ
until,"do
ii.    dopóki",i.    aż do|ʌnˈtɪl
untimely,przedwczesny,ʌnˈtaɪmlɪ
untold,niewypowiedziany,ʌnˈtəʊld
untoward,niedobry,niekorzystny|ˌʌntəˈwɔ:d
untranslatable,nieprzetłumaczalny,ʌntrænsˈleɪtəbəl
untreated,"1.  nieleczony
 2.  nieoczyszczony",ʌnˈtri:tɪd
unused,"unused
i.    nieużywany
ii.    nieprzywykły",
unusual,niezwykły,ʌnˈju:ʒʊəl
unusually,"1.  niezwykle
 2.  co niezwykłe",ʌnˈju:ʒʊəlɪ
unveil,"1.  odsłonić
 2.  [form]  ukazać",ʌnˈveɪl
unwary,nie spodziewający się,nie spodziewający się niczego złego|nieostrożny|ʌnˈweərɪ
unwelcome,"1.  nieproszony
 2.  niepożądany",przykry|ʌnˈwelkəm
unwell,chory,niedysponowany|ʌnˈwel
unwieldy,"1.  nieporęczny
 2.  niemrawy",ʌnˈwi:ldɪ
unwilling,niechętny,ʌnˈwɪlɪŋ
unwind,"1.  odprężyć się
 2.  rozwijać",ʌnˈwaɪnd
unwise,niemądry,ʌnˈwaɪz
unwitting,bezwolny,nieświadomy|ʌnˈwɪtɪŋ
unworkable,[plan]  niepraktyczny,nie do przeprowadzenia|ʌnˈwɜ:kəbəl
unworthy,niegodny,ʌnˈwɜ:ðɪ
unwrap,rozpakowywać,ʌnˈræp
unwritten,niepisany,ʌnˈrɪtən
unzip,rozpinać,ʌnˈzɪp
upandcoming,up-and-coming,wybijający się w górę|ˌʌpənˈkʌmɪŋ
upbringing,wychowanie,ˈʌpbrɪŋɪŋ
update,aktualizować,modernizować|ʌpˈdeɪt
upheaval,niepokój,przewrót|przewrót społeczny|ʌpˈhi:vəl
uphill,i.    do góry,"jak pod górę|w górę
ii.    ciężki|ˌʌpˈhɪl"
uphold,podtrzymywać,utrzymywać|ʌpˈhəʊld
upholstered,tapicerowany,ʌpˈhəʊlstəd
upholstery,tapicerka,ʌpˈhəʊlstərɪ
upkeep,koszty utrzymania,ˈʌpki:p
upland,"i.    wysoko położony
ii.   uplands  tereny wysoko położone",ˈʌplænd
upon,"1.  [form]  na
 2.  po
 3.  a. za
 b.
      ""row upon row""  - rząd za rzędem",əˈpɒn
upper,burżuazja,"i.    górny
ii.   1.  wierzch buta|warstwa wyższa|wierzch
 2.  have the upper hand in sth 
 - mieć przewagę w czymś
iii.  upper class|ˈʌpə"
uppermost,1.  najwyższy,"najwyżej
 2.  najważniejszy|ˈʌpəməʊst"
upright,"1.  wyprostowany
 2.  pionowy
 3.  prawy",uczciwy|ˈʌpraɪt
uprising,powstanie,ˈʌpraɪzɪŋ
uproar,1.  wrzawa,"tumult
 2.  zamieszanie|ˈʌprɔ:"
uproot,wykorzeniać,wykorzeniać się|ʌpˈru:t
upshot,rezultat,"the upshot 
 - wynik|ˈʌpʃɒt"
upstairs,"do góry  [w domu]
 2.  na górze  [w domu]
ii.    górny
iii.    góra",i.   1.  na górę|ˌʌpˈsteəz
upstart,nowicjusz,ˈʌpstɑ:t
upstream,1.  w górę rzeki,"w górze|w górę
 2.  w górze rzeki|ˌʌpˈstri:m"
upsurge,wzrost,ˈʌpsɜ:ʤ
uptake,[nieform]  be quick,"slow on the uptake 
 - szybko coś łapać|wolno coś łapać|ˈʌpteɪk"
uptight,spięty,ˈʌptaɪt
uptodate,"1.  nowoczesny
 2.  zorientowany",up-to-date|ˌʌptəˈdeɪt
uptown,i.    od centrum śródmieścia,"od centrum
ii.    dzielnice poza śródmieściem|ˌʌpˈtaʊn"
upturn,hossa,zwyżka|ˈʌptɜ:n
upturned,"1.  zadarty
 2.  odwrócony",ˌʌpˈtɜ:nd
upward,do góry,górny|ˈʌpwəd
upwards,1.  do góry,"w górę
 2.  upwards of 
 - ponad|ˈʌpwədz"
uranium,ju:ˈreɪnɪəm,uran
urban,miejski,ˈɜ:bən
urbane,kurtuazyjny,uprzejmy|ɜ:ˈbeɪn
urchin,łobuz,ˈɜ:ʧɪn
urge,i.    popęd,"kłaść nacisk|żądza
ii.   1.  przynaglać
 2.  [form]  zalecać|ɜ:ʤ"
urgency,nagła potrzeba,ˈɜ:ʤənsɪ
urgent,1.  pilny,"naglący
 2.  natarczywy|ˈɜ:ʤənt"
urinal,pisuar,ˈjʊərɪnəl
urinate,oddawać mocz,ˈjʊərɪneɪt
urine,mocz,ˈjʊərɪn
urn,"1.  urna
 2.  termos na kawę",termos|ɜ:n
uruguay,urugwaj,ˈjʊərəgwaɪ
uruguayan,"i.    urugwajski
ii.    urugwajczyk",ˌjʊərəˈgwaɪən
usable,zdatny do użycia,ˈju:zəbəl
usaf,siły powietrzne usa,ˌ$⋅⋅⋅$ˈ$⋅$
usage,1.  użycie języka,"użycie
 2.  znaczenie|ˈju:sɪʤ"
useful,użyteczny,ˈju:sfʊl
useless,"1.  bezużyteczny
 2.  [nieform]  beznadziejny",ˈju:slɪs
user,użytkownik,ˈju:zə
usher,"i.    prowadzić na miejsce
ii.    bileter",ˈʌʃə
usherette,bileterka,ˈʌʃərət
usn,marynarka usa,ˌ$⋅⋅$ˈ$⋅$
uss,okręt usa,statek usa|ˌ$⋅⋅$ˈ$⋅$
ussr,zsrr,ˌ$⋅⋅⋅$ˈ$⋅$
usual,"1.  zwyczajny
 2.  zwyczajowy
 3.  as usual 
 - jak zwykle",ˈju:ʒʊəl
usually,zazwyczaj,ˈju:ʒʊəlɪ
usurer,lichwiarz,ˈju:ʒərə
usurp,ju:ˈzɜ:p,uzurpować
usury,lichwa,ˈju:ʒərɪ
utah,ˈju:tɑ:,
utensil,ju:ˈtensɪl,przybór|przyrząd
uterus,macica,ˈju:tərəs
utilise,posiłkować się,stosować|utilize|ˈju:tɪlaɪz
utilitarian,"1.  użytkowy
 2.  utylitarny",ˌju:tɪlɪˈteərɪən
utility,"1.  użyteczność
 2. public utility  usługa komunalna",ju:ˈtɪlɪtɪ|przedsiębiorstwo użyteczności publicznej
utilize,posiłkować się,stosować|utilise|ˈju:tɪlaɪz
utmost,"1.  najwyższy
 2.  do one's utmost 
 - robić co się da",ˈʌtməʊst
utopia,ju:ˈtəʊpɪə,
utopian,ju:ˈtəʊpɪən,utopijny
utter,i.    wypowiadać,"kompletny|wydawać
ii.    całkowity|ˈʌtə"
utterance,wypowiedź,ˈʌtərəns
uturn,1.  zawrócenie samochodu,"u-turn|zawrócenie
 2.  do a u-turn 
 - zawracać|ˈju: tɜ:n"
vacancy,"1.  wolne stanowisko
 2.  wolne miejsce",ˈveɪkənsɪ
vacant,"1.  wolny
 2.  nie zajęty
 3.  rozproszony",ˈveɪkənt
vacate,vəˈkeɪt,zwalniać
vacation,"1.  wakacje
 2.  [us]  urlop",vəˈkeɪʃən
vaccinate,szczepić,ˈvæksɪneɪt
vaccination,szczepienie,ˌvæksɪˈneɪʃən
vaccine,szczepionka,ˈvæksi:n
vacuum,"i.   1.  próżnia
 2.  pustka
 3.  [nieform]  odkurzacz
ii.    odkurzać
iii.  vacuum cleaner",odkurzacz|ˈvækjʊəm|ˈvækjʊəm ˌkli:nə
vagina,pochwa,vəˈʤaɪnə
vaginal,dopochwowy,pochwowy|vəˈʤaɪnəl
vagrant,włóczęga,ˈveɪgrənt
vague,1.  mętny,"niejasny
 2.  niewyraźny|veɪg"
vain,"1.  próżny
 2.  daremny
 3.  in vain 
 - nadaremno",na próżno|veɪn
valentine,kartka z życzeniami na św. walentego  [14 lutego],valentine card|ˈvæləntaɪn
valentine card,kartka z życzeniami na św. walentego  [14 lutego],valentine|ˈvæləntaɪn
valet,lokaj,ˈvælɪt
valiant,bohaterski,dzielny|ˈvæljənt
valid,"1.  ważny
 2.  uzasadniony",ˈvælɪd
validate,potwierdzać,ˈvælɪdeɪt
validity,væˈlɪdɪtɪ,ważność
valley,dolina,ˈvælɪ
valor,bohaterstwo,odwaga|valour|ˈvælə
valour,bohaterstwo,odwaga|valor|ˈvælə
valuable,"i.    cenny
ii.   valuables  przedmioty wartościowe",ˈvæljʊəbəl
valuation,"1.  wycena
 2.  ocena",ˌvæljʊˈeɪʃən
value,"i.   1.  wartość
 2.  zaleta
ii.   1.  cenić
 2.  wyceniać",ˈvælju:
valueadded tax,podatek od wartości dodanej,value-added tax|vat|ˌvælju: ˈædɪd tæks
valued,ceniony,ˈvælju:d
valueless,bezwartościowy,ˈvæljʊlɪs
valve,vælv,zawór
vampire,wampir,ˈvæmpaɪə
van,furgonetka,væn
vandal,wandal,ˈvændəl
vandalise,niszczyć,niszczyć po chuligańsku|vandalize|ˈvændəlaɪz
vandalism,wandalizm,ˈvændəlɪzəm
vandalize,niszczyć,niszczyć po chuligańsku|vandalise|ˈvændəlaɪz
vanguard,awangarda,ˈvængɑ:d
vanilla,vəˈnɪlə,wanilia
vanish,"1.  znikać
 2.  ginąć",ˈvænɪʃ
vanity,"i.    próżność
ii.  vanity case",kosmetyczka|ˈvænɪtɪ|ˈvænɪtɪkeɪs
vanquish,pokonywać,pokonywać doszczętnie|ˈvæŋkwɪʃ
vantage point,dobry punkt,dobry punkt obserwacyjny|ˈvɑ:ntɪʤ pɔɪnt
vapor,para,vapour|ˈveɪpə
vapour,para,vapor|ˈveɪpə
variability,zmienność,ˌveərɪəˈbɪlɪtɪ
variable,"i.    zmienny
ii.    zmienna",ˈveərɪəbəl
variance,"[form]  be at variance with sth 
 - kłócić się z czymś",stać w sprzeczności z czymś|ˈveərɪəns
variant,i.    wariant,"odmiana
ii.    wariantowy|ˈveərɪənt"
varicose veins,żylaki,ˌværɪkəʊs ˈveɪnz
varied,różnorodny,ˈveərɪd
variegated,różnokolorowy,ˈveərɪəgeɪtɪd
variety,"1.  różnorodność
 2.  rodzaj","odmiana
 3.  variété|vəˈraɪətɪ"
various,rozmaity,różnorodny|ˈveərɪəs
variously,rozmaicie,ˈveərɪəslɪ
varnish,i.   1.  pokost,"werniks
 2.  lakier
ii.    pokostować|werniksować|ˈvɑ:nɪʃ"
vary,1.  różnić się,"wahać się
 2.  zmieniać się 
 3.  różnicować|ˈveərɪ"
vase,vɑ:z,wazon
vast,ogromny,vɑ:st
vastly,niebywale,ogromnie|ˈvɑ:stlɪ
vat,beczka,kadź|podatek od wartości dodanej|væt|ˌ$⋅⋅$ˈ$⋅$
vault,"i.   1.  skarbiec
 2.  krypta
 3.  sklepienie
ii.    przeskakiwać",vɔ:lt
vcr,magnetowid,video|ˌvɪ:si:ˈɑ:
vd,choroba weneryczna,ˌ$⋅$ˈ$⋅$
vdu,monitor,ˌvɪ:di:ˈju:
veal,cielęcina,vi:l
veer,vɪə,zbaczać|zbaczać nagle|zmieniać kierunek
vegetable,i.    jarzyna,"warzywo
ii.    roślinny|ˈveʤɪtəbəl"
vegetarian,i.    jarosz,"wegetarianin
ii.    jarski|wegetariański|ˌveʤɪˈteərɪən"
vegetate,wegetować,ˈveʤɪteɪt
vegetation,"1.  roślinność
 2.  wegetacja",ˌveʤɪˈteɪʃən
vehemence,porywczość,zaciekłość|ˈvi:əməns
vehement,"1.  gwałtowny
 2.  zaciekły",porywczy|ˈvi:əmənt
vehicle,"1.  pojazd
 2.  [form]  środek",narzędzie|ˈvi:ɪkəl
veil,"i.   1.  welon
 2.  zasłona
ii.    zasłaniać welonem",vi:l
veiled,vi:ld,zawoalowany
vein,"1.  żyła
 2.  żyłka  [liścia]
 3.  styl",duch|veɪn
velocity,prędkość,vəˈlɒsɪtɪ
velvet,aksamit,ˈvelvɪt
velvety,aksamitny,ˈvelvətɪ
ven,"ven.
  czcigodny",
vending machine,automat,maszyna do sprzedaży|ˈvendɪŋməˌʃi:n
vendor,"1.  [termin]  sprzedawca
 2.  kiosk",ˈvendə
veneer,"i.   1.  warstwa
 2.  fornir","laminat
ii.    fornirować|okładać|vɪˈnɪə"
venerable,czcigodny,ˈvenərəbəl
venereal,"a. weneryczny
 b.
      ""venereal disease""  - choroba weneryczna",vɪˈnɪərɪəl
venetian blind,vɪˌni:ʃən ˈblaɪnd,żaluzja|żaluzja nastawna
venezuela,wenezuela,ˌvenəˈzweɪlə
venezuelan,"i.    wenezuelski
ii.    wenezuelczyk",ˌvenəˈzweɪlən
vengeful,mściwy,ˈvenʤfʊl
venison,dziczyzna,ˈvenɪsən
venom,jad,ˈvenəm
venomous,jadowity,ˈvenəməs
vent,i.    otwór wentylacyjny,"wylot
ii.   1.  [form]  wyładowywać
 2.  give vent to sth 
 - dawać upust czemuś"
ventilate,wentylować,ˈventɪleɪt
ventilation,wentylacja,ˌventɪˈleɪʃən
ventilator,wywietrznik,ˈventɪleɪtə
ventriloquist,brzuchomówca,venˈtrɪləkwɪst
venture,i.    ryzykowne przedsięwzięcie,"przedsięwzięcie
ii.   1.  puszczać się na ryzyko
 2.  ośmielać się
 3.  ryzykować|ˈvenʧə"
venue,miejsce,ˈvenju:
veranda,verandah,vəˈrændə|weranda
verandah,veranda,vəˈrændə|weranda
verb,czasownik,vɜ:b
verbal,1.  werbalny,"słowny
 2.  czasownikowy|ˈvɜ:bəl"
verbatim,"i.    dosłowny
ii.    dosłownie",vɜ:ˈbeɪtɪm
verbose,rozwlekły,vɜ:ˈbəʊs
verdict,werdykt,ˈvɜ:dɪkt
verification,"1.  sprawdzenie
 2.  potwierdzenie",verɪfɪˈkeɪʃən
verify,1.  sprawdzać,"weryfikować
 2.  potwierdzać|ˈverɪfaɪ"
veritable,istny,prawdziwy|ˈverɪtəbəl
vermin,"1.  szkodnik
 2.  robactwo",ˈvɜ:mɪn
vermont,vəˈmɒnt,
vermouth,wermut,ˈvɜ:məθ
vernacular,i.    dialekt,"język miejscowy
ii.    miejscowy|vəˈnækjələ"
versatile,wszechstronny,ˈvɜ:sətaɪl
verse,"1.  wiersz
 2.  zwrotka","strofa
 3.  werset|vɜ:s"
versed,"[form]  versed in sth 
 - wykształcony",ˈvɜ:st
version,wersja,ˈvɜ:ʃən
versus,"1.  przeciw
 2.  wobec",ˈvɜ:səs
vertebra,krąg,ˈvɜ:tɪbrə
vertebrate,"i.    [termin]  kręgowiec
ii.    [o zwierzętach]  kręgowy",ˈvɜ:tɪbrət
vertical,pionowy,ˈvɜ:tɪkəl
vertigo,zawrót głowy,ˈvɜ:tɪgəʊ
verve,vɜ:v,werwa
very,"i.    bardzo
ii.   1.  [przed rzeczownikami]  a. sam
 b.
      ""to the very end""  - do samego końca
 2.  [przed rzeczownikami]  a. właśnie ten
 b.
      ""the very expression was used""  - tego właśnie wyrażenia użyto
 3.  very much 
 - bardzo
 4.  [form]  very well 
 - bardzo dobrze","świetnie
 5.  sb cannot very well do sth 
 - ktoś nie za bardzo może coś zrobić|ˈverɪ"
vest,"1.  [br]  podkoszulek
 2.  [us]  kamizelka",
vested,1.  [form]  nabyty,"przekazany 
 2.  vested interest 
 - żywotny interes|wyposażony|ˈvestɪd"
vestibule,westybul,ˈvestɪbju:l
vestige,pozostałość,ślad|ˈvestɪʤ
vestry,zakrystia,ˈvestrɪ
vet,"i.    [br nieform]  weterynarz
ii.    sprawdzać drobiazgowo",
veteran,"1.  weteran
 2.  kombatant",uczestnik wojny|ˈvetərən
veterinarian,weterynarz,ˌvetərɪˈneərɪən
veterinary,[br form]   weterynarz,"i.    weterynaryjny
ii.  veterinary surgeon|ˈvetərɪnərɪ|ˌvetərɪnərɪ ˈsɜ:ʤən"
veto,"i.   1.  weto
 2.  prawo weta
ii.    zakładać weto",ˈvi:təʊ
vex,irytować,veks
vexed,"1.  zirytowany
 2.  trudny",zawikłany|ˈvekst
vhf,ukf,ˌvi:eɪʧˈef
via,przez,ˈvaɪə
viable,możliwy do wykonania,ˈvaɪəbəl
viaduct,wiadukt,ˈvaɪədʌkt
vibrant,1.  dynamiczny,"jaskrawy
 3.  emocjonalny|przesycony energią
 2.  rozjarzony|ˈvaɪbrənt"
vibrate,drgać,vaɪˈbreɪt|wibrować
vibration,drganie,vaɪˈbreɪʃən|wibracja
vicar,pastor,wikariusz|ˈvɪkə
vicarage,plebania,wikariat|ˈvɪkərɪʤ
vicarious,pośredni,vɪˈkeərɪəs|zastępczy
vice,"1.  wada
 2.  przestępstwo","vaɪs|vice-|wice|występek
 3.  imadło"
vicinity,bliskość,pobliże|vɪˈsɪnɪtɪ
vicious,1.  podstępny,"występny
 2.  vicious circle 
 - błędne koło|ˈvɪʃəs"
victim,ofiara,ˈvɪktɪm
victimise,represjonować,victimize|ˈvɪktɪmaɪz
victimize,represjonować,victimise|ˈvɪktɪmaɪz
victor,zwycięzca,ˈvɪktə
victorian,vɪkˈtɔ:rɪən,wiktoriański
victorious,vɪkˈtɔ:rɪəs,zwycięski
victory,zwycięstwo,ˈvɪktərɪ
videlicet,to znaczy,"videlicet
  tzn.|viz."
video,i.   1.  video,"magnetowid|wideo
 2.  nagranie wideo
 3.  nagrywać na wideo
ii.  video recorder|ˈvɪdɪəʊ|ˈvɪdɪəʊ rɪˌkɔ:də"
vie,rywalizować,vaɪ
vienna,vɪˈenə,wiedeń
vietnam,wietnam,ˌvi:etˈnæm
vietnamese,"i.    wietnamski
ii.    wietnamczyk",vɪˌetnəˈmi:z
view,i.   1.  pogląd,"odbierać
 2.  [form]  oglądać
 3.  in view 
 - na widoku
 4.  in view of 
 - ponieważ|opinia 
 2.  widok
ii.   1.  zapatrywać się|vju:|wobec
 5.  be on view 
 - być wystawionym
 6.  with a view to sth 
 - z myślą o czymś"
viewer,"1.  widz
 2.  rzutnik",ˈvju:ə
viewfinder,wizjer,ˈvju:faɪndə
viewpoint,"1.  punkt widzenia
 2.  punkt widokowy",ˈvju:pɔɪnt
vigil,czuwanie,ˈvɪʤɪl
vigilant,czujny,ˈvɪʤɪlənt
vigor,energia,vigour|ˈvɪgə
vigorous,energiczny,ˈvɪgərəs
vigour,energia,vigor|ˈvɪgə
vile,niegodziwy,vaɪl
villa,willa,ˈvɪlə
village,wioska,ˈvɪlɪʤ
villager,mieszkaniec wsi,wieśniak|ˈvɪlɪʤə
villain,"1.  łotr
 2.  czarny charakter",ˈvɪlən
vilnius,wilno,ˈvɪlnɪəs
vindicate,rekompensować,wybronić|ˈvɪndɪkeɪt
vindictive,mściwy,vɪnˈdɪktɪv
vine,latorośl,vaɪn|winorośl
vinegar,ocet,ˈvɪnɪgə
vineyard,winnica,ˈvɪnjəd
vintage,i.    [wino,"samochód]  z najlepszego okresu
ii.  vintage wine|wino z dobrego rocznika|ˈvɪntɪʤ|ˌvɪntɪʤ ˈwaɪn"
vinyl,winyl,winylowy|ˈvaɪnəl
viola,altówka,vɪˈəʊlə|wiola
violate,"1.  gwałcić
 2.  [form]  zakłócać
 3.  bezcześcić",ˈvaɪəleɪt
violence,"1.  przemoc
 2.  gwałtowność",ˈvaɪələns
violent,"1.  gwałtowny
 2.  z użyciem siły
 3.  nagły
 4.  zbyt jaskrawy",ˈvaɪələnt
violet,"i.   1.  fiołek
 2.  [niebieskawy]  fiolet
ii.    [techn]  [niebieskawy]  fioletowy",ˈvaɪələt
violin,skrzypce,ˌvaɪəˈlɪn
violinist,skrzypek,ˌvaɪəˈlɪnɪst
vip,bardzo ważna osoba,ˌ$⋅⋅$ˈ$⋅$
viper,żmija,ˈvaɪpə
virgin,"i.    dziewica
ii.    dziewiczy",ˈvɜ:ʤɪn
virginia,vəˈʤɪnɪə,wirginia
virgo,panna  [znak zodiaku],ˈvɜ:gəʊ
virile,męski,ˈvɪraɪl
virtual,faktyczny,właściwy|ˈvɜ:ʧʊəl
virtually,na dobrą sprawę,właściwie|ˈvɜ:ʧʊəlɪ
virtue,"1.  cnota
 2.  zaleta
 3.  [form]  by virtue of 
 - dzięki",na mocy|ˈvɜ:ʧu:
virtuoso,wirtuoz,ˌvɜ:ʧʊˈəʊsəʊ
virtuous,cnotliwy,ˈvɜ:ʧʊəs
virulent,"1.  jadowity
 2.  złośliwy",ˈvɪrʊlənt
virus,wirus,ˈvaɪərəs
visa,wiza,ˈvi:zə
visibility,widoczność,ˌvɪzɪˈbɪlɪtɪ
visible,widoczny,ˈvɪzɪbəl
vision,"1.  obraz
 2.  wizja
 3.  widzenie",ˈvɪʒən
visionary,dalekowzroczny,"i.    wizjoner
ii.    wizjonerski|ˈvɪʒənərɪ"
visit,"i.    odwiedzać
ii.    odwiedziny",pobyt|ˈvɪzɪt
visitor,1.  gość,"zwiedzający
 2.  visitors' book 
 - książka gości|ˈvɪzɪtə"
visor,"1.  przyłbica
 2.  [czapki]  daszek
 3.  [przy kasku]  osłona twarzy",ˈvaɪzə
vista,[lit]  obraz,perspektywa|ˈvɪstə
vistula,"the vistula 
 - wisła",ˈvɪstjʊlə
visual,i.    wzrokowy,"monitor|pomoc szkolna
iii.  visual display unit|wizualna pomoc szkolna|wizualny
ii.  visual aid"
visualise,unaoczniać,unaoczniać sobie|visualize|wyobrażać|wyobrażać sobie
visualize,unaoczniać,unaoczniać sobie|visualise|wyobrażać|wyobrażać sobie
vital,i.   1.  niezbędny,"witalny
ii.  vital statistics|wymiary|wymiary kobiece|zasadniczy
 2.  żywotny"
vitamin,witamina,ˈvɪtəmɪn
vitiate,kazić,psuć|ˈvɪʃɪeɪt
viva,egzamin ustny,ˈvaɪvə
vivacious,energiczny,vɪˈveɪʃəs|żywy
vivid,żywy,ˈvɪvɪd
viz,to znaczy,"videlicet
  tzn.|viz."
vocabulary,słownictwo,vəˈkæbjʊlərɪ
vocal,"i.   1.  rozgłośny
 2.  wokalny
ii.   vocals  część wokalna
iii.  vocal cords",struny głosowe|ˈvəʊkəl|ˌvəʊkəl ˈkɔ:dz
vocalist,wokalista,ˈvəʊkəlɪst
vocation,powołanie,vəʊˈkeɪʃən
vocational,vəʊˈkeɪʃənəl,zawodowy
vociferous,krzykliwy,vəˈsɪfərəs
vodka,wódka,ˈvɒdkə
vogue,"1.  moda
 2.  in vogue 
 - w modzie",modny|vəʊg
voice,"i.   1.  głos
 2. a voice  prawo głosu
 3.  [gram]  strona
ii.   1.  wyrażać","jak się da|najgłośniej|vɔɪs|wygłaszać
 2.  at the top of one's voice 
 - najgłośniej"
vol,"vol.
 1.  tom
 2.  objętość",
volatile,"1.  [chem]  lotny
 2.  szybko zmieniający się",ˈvɒlətaɪl
volcanic,vɒlˈkænɪk,wulkaniczny
volcano,vɒlˈkeɪnəʊ,wulkan
volition,"[form]  of one's own volition 
 - z własnej woli",nieprzymuszenie|vəˈlɪʃən
volley,i.   1.  salwa,"kanonada
 2.  [sport]  wolej
ii.    [sport]  odbijać wolejem|ˈvɒlɪ"
volleyball,piłka siatkowa,siatkówka|ˈvɒlɪbɔ:l
volt,vəʊlt,wolt
voltage,napięcie,ˈvəʊltɪʤ
volteface,[form]  radykalny zwrot,volte-face|ˌvɒltˈfɑ:s
voluble,wymowny,ˈvɒljʊbəl
volume,"1.  książka
 2.  tom
 3.  objętość
 4.  ilość","zakres
 5.  natężenie głosu|ˈvɒlju:m"
voluminous,obszerny,vəˈlju:mɪnəs
voluntary,dobrowolny,ochotniczy|ˈvɒləntərɪ
volunteer,"i.    ochotnik
ii.   1.  zgłaszać się na ochotnika","zgłaszać się dobrowolnie 
 2.  [form]  oferować|ˌvɒlənˈtɪə"
voluptuous,ponętny,vəˈlʌpʃʊəs
vomit,i.    zwracać,"wymiotować
ii.    wymiociny|ˈvɒmɪt"
voracious,vəˈreɪʃəs,żarłoczny
vortex,wir,ˈvɔ:teks
vote,"i.   1.  głos
 2.  głosowanie","vəʊt|wybory
 3. the vote  liczba głosów
 4. the vote  prawo głosu
ii.   1.  głosować   
 2.  vote of confidence 
 - wotum zaufania"
voter,wyborca,ˈvəʊtə
vouch for,ręczyć,vaʊʧ ˈfə|zaręczać
voucher,bloczek,bon|ˈvaʊʧə
vow,"i.    ślubować
ii.    ślub",przysięga|vaʊ
vowel,samogłoska,ˈvaʊəl
voyage,podróż morska,ˈvɔɪɪʤ
voyager,podróżnik,ˈvɔɪɪʤə
vp,"1.  wiceprezes
 2.  wiceprezydent",ˌ$⋅$ˈ$⋅$
vs,"vs.
 1.  przeciw
 2.  wobec",
vulgar,wulgarny,ˈvʌlgə
vulnerable,podatny,podatny na zranienie|wrażliwy|ˈvʌlnərəbəl
vulture,sęp,ˈvʌlʧə
w,"w
  zachód","w.
i.
   see also: {week}
  tydzień
ii.
   see also: {weight}
  waga
iii.
   see also: {width}
  szerokość
iv.
   see also: {with}
  z|zachodni"
wad,1.  plik,"sterta
 2.  kłębek|wæd|zwitek"
waddle,kiwać się,kiwać się jak kaczka|telepać się|ˈwædəl
wade,"i.    brodzić
ii.  wade through   przedzierać się",weɪd
wafer,wafel,ˈweɪfə
waffle,"i.   1.  gofr
 2.  ględzenie
ii.    ględzić",ˈwɒfəl
waft,snuć się,wɒft
wag,machać,wæg
wage,i.   wages  zarobek,"pensja
ii.    prowadzić|weɪʤ"
wager,[przest]  zakład,ˈweɪʤə
waggle,ruszać,ruszać się|ˈwægəl
wail,"i.    zawodzić
ii.    zawodzenie",weɪl
waist,stan,talia|weɪst
waistband,pasek,ˈweɪstbænd
waistcoat,kamizelka,ˈweɪstkəʊt
waistline,obwód pasa,ˈweɪstlaɪn
wait,"be in wait 
 - czatować  
 3.  sb cannot wait to do sth 
 - ktoś się nie może doczekać","by coś zrobić
 4.  ``just you wait'' 
 -|chwileczkę''|i.   1.  czekać|oczekiwać 
 2.  obsługiwać 
ii.   1.  oczekiwanie
 2.  lie"
waiter,kelner,ˈweɪtə
waiting,"i.   1.  oczekiwanie
 2.  [br]  ``no waiting'' 
 -","lista oczekujących
iii.  waiting room|poczekalnia|zakaz postoju''
ii.  waiting list|ˈweɪtɪŋ"
waitress,kelnerka,ˈweɪtrɪs
waive,uchylać,weɪv|zawieszać
wake,"budzić
ii.   1.  kilwater
 2.  in the wake of sth 
 - w ślad za czymś
iii.  wake up  1.  zbudzić się","i.    budzić się|weɪk|zbudzić
 2.  uświadamiać sobie"
waken,budzić się,ˈweɪkən
wales,walia,weɪlz
walk,i.   1.  chodzić,"iść|opuszczać 
 2.  strajkować
iv.  walk out on   rzucać|spacer
 2.  szlak|spacerować
 2.  wyprowadzać na spacer
ii.   1.  przechadzka"
walkabout,"go walkabout 
 - wychodzić do ludzi",mieszać się z ludźmi|ˈwɔ:kəbaʊt
walker,"1.  spacerowicz
 2.  be a good","bad walker 
 - dobrze chodzić|źle chodzić|ˈwɔ:kə"
walkietalkie,radiotelefon,walkie-talkie|ˌwɔ:kɪˈtɔ:kɪ
walking,i.    chodzenie,"laska|spacer
ii.  walking stick|ˈwɔ:kɪŋ|ˈwɔ:kɪŋstɪk"
walkout,strajk,ˈwɔ:kaʊt
walkover,walkower,łatwe zwycięstwo|ˈwɔ:kəʊvə
walkway,droga dla pieszych,ˈwɔ:kweɪ
wall,1.  ściana,"mur
 2.  ścianka
 3.  [nieform]  drive sb up the wall 
 - rozwścieczać kogoś|przypierać kogoś do muru|wɔ:l"
walled,otoczony murem,ˈwɔ:ld
wallet,portfel,ˈwɒlɪt
wallop,trzasnąć,łupnąć|ˈwɒləp
wallow,"1.  oddawać się 
 2.  tarzać się",ˈwɒləʊ
wallpaper,"i.    tapeta
ii.    tapetować",ˈwɔ:lpeɪpə
walnut,orzech włoski,ˈwɔ:lnʌt
walrus,mors,ˈwɔ:lrəs
waltz,"i.    walc
ii.    tańczyć walca",wɔ:ls
wan,wybladły,wɒn
wand,czarodziejska różdżka,różdżka|wɒnd
wander,"1.  wędrować 
 2.  błądzić",błąkać się|ˈwɒndə
wane,1.  blednąć,"księżyc maleje|przygasać
 2.  the moon is waning 
 - księżyca ubywa|weɪn"
wangle,kombinować,ˈwæŋgəl
want,"i.   1.  chcieć 
 2.  a. trzeba
 b.
      ""sth wants doing""  - coś trzeba zrobić
 3.  potrzebować
ii.   1.  [form]  brak
 2. wants  potrzeby
 3.  for want of sth 
 - z braku czegoś
 4.  sb is wanted 
 - ktoś jest poszukiwany",wɒnt
wanting,"be found wanting 
 - nie znajdować się na wysokim poziomie",ˈwɒntɪŋ
wanton,bezmyślny,bezsensowny|ˈwɒntən
war,"i.    wojna
ii.   1.  wojować
 2.  go to war 
 - zaczynać wojnę",wɔ:
warble,śpiewać,ˈwɔ:bəl
ward,"dziecko pod kuratelą
ii.  ward off   odganiać","i.   1.  oddział|odstraszać|odsuwać|sala
 2.  [br]  część okręgu wyborczego
 3.  wychowanek"
warden,"dozorca
ii.    pilnujący
iii.    dyrektor",i.    strażnik|zarządca|ˈwɔ:dən
warder,strażnik więzienny,ˈwɔ:də
wardrobe,"1.  szafa
 2.  ubiory",ˈwɔ:drəʊb
ware,"a. wyrób
 b.
      ""glass ware""  - wyroby ze szkła",weə
warehouse,magazyn,ˈweəhaʊs
warfare,działania wojenne,wojna|ˈwɔ:feə
warhead,głowica bojowa,ˈwɔ:hed
warlike,bojowy,wojowniczy|ˈwɔ:laɪk
warmblooded,ciepłokrwisty,warm-blooded|ˌwɔ:mˈblʌdɪd
warmhearted,dobrze usposobiony,warm-hearted|ˌwɔ:mˈhɑ:tɪd
warmonger,podżegacz wojenny,ˈwɔ:mʌŋgə
warmth,ciepło,wɔ:mθ
warn,ostrzegać,uprzedzać|wɔ:n
warning,"i.   1.  ostrzeżenie
 2.  znak ostrzegawczy
ii.    ostrzegawczy",ˈwɔ:nɪŋ
warp,"1.  paczyć się
 2.  krzywić
 3.  wypaczenie",skrzywienie|wɔ:p
warpath,ścieżka wojenna,ˈwɔ:pɑ:θ
warrant,"i.   1.  [praw]  nakaz
 2.  gwarancja
ii.    [form]  gwarantować",ˈwɒrənt
warranty,gwarancja,ˈwɒrəntɪ
warren,nora,nora królicza|ˈwɒrən
warrior,wojownik,ˈwɒrɪə
warsaw,warszawa,ˈwɔ:sɔ:
warship,okręt wojenny,ˈwɔ:ʃɪp
wart,brodawka,kurzajka|wɔ:t
wartime,okres wojny,ˈwɔ:taɪm
wary,ostrożny,ˈweərɪ
wash,"i.   1.  myć
 2.  prać
 3.  obmywać","wymywać
ii.   1.  pranie
 2.  give sth a wash 
 - wymyć coś|wyprać coś
 3.  have a wash 
 - umyć się
iii.  wash away   zmywać się|wyrzucać|wɒʃ"
washable,nadający się do prania,ˈwɒʃəbəl
washbasin,umywalka,ˈwɒʃbeɪsən
washedout,"1.  wyblakły
 2.  wymęczony",washed-out|wyprany|ˌwɒʃtˈaʊt
washer,1.  praczka,"pracz
 2.  podkładka|uszczelka
 3.  [nieform]  pralka|ˈwɒʃə"
washing,[br]   proszek do prania,"i.    pranie|pralka
iii.  washing powder|rzeczy do prania
ii.  washing machine|ˈwɒʃɪŋ"
washington,waszyngton,ˈwɒʃɪŋtən
washingup,"i.    zmywanie
ii.  washing-up liquid",płyn do naczyń|washing-up|ˌwɒʃɪŋˈʌp|ˌwɒʃɪŋˈʌp ˌlɪkwɪd
washout,dno,fiasko|ˈwɒʃaʊt
washroom,toaleta,ˈwɒʃru:m
wasp,biały anglosaski protestant  [określenie typowego amerykanina],osa|wɒsp
wastage,marnotrawstwo,ˈweɪstɪʤ
waste,i.    marnować,"kuchenne]  odpadki
 3. wastes  [form]  pustkowia
iii.   1.  [ziemia]  jałowy
 2.  [produkt]  odpadowy|pieniędzy]  strata
 2.  [przemysłowe|tracić
ii.   1.  [czasu|weɪst"
wastebasket,kosz na śmieci,ˈweɪstbɑ:skɪt
wasted,niepotrzebny,ˈweɪstɪd
wasteful,marnotrawny,ˈweɪstfʊl
wasteland,odłóg,pustkowie|ˈweɪstlænd
watchband,pasek do zegarka,ˈwɒʧbænd
watchdog,"1.  pies łańcuchowy
 2.  nadzorca",ˈwɒʧdɒg
watcher,obserwator,ˈwɒʧə
watchful,przezorny,wnikliwy|ˈwɒʧfʊl
watchmaker,zegarmistrz,ˈwɒʧmeɪkə
watchman,strażnik,stróż|ˈwɒʧmən
watchstrap,pasek do zegarka,ˈwɒʧstræp
watchword,hasło,ˈwɒʧwɜ:d
water,"ciec
 3.  ślinić się
 4.  [form]  make","i.    woda
ii.   1.  podlewać
 2.  łzawić|lilia wodna|nenufar|pass water 
 - oddawać mocz
iii.  water down   rozwadniać
iv.  water lily"
waterborne,przenoszony drogą wodną,water-borne|ˈwɔ:təbɔ:n
watercolor,akwarela,watercolour|ˈwɔ:təkʌlə
watercolour,akwarela,watercolor|ˈwɔ:təkʌlə
watercress,rzeżucha,ˈwɔ:təkres
waterfall,wodospad,ˈwɔ:təfɔ:l
waterfront,ulica przybrzeżna,wybrzeże|ˈwɔ:təfrʌnt
watering can,polewaczka,ˈwɔ:tərɪŋkæn
waterlogged,1.  nasiąknięty wodą,"przesycony wodą
 2.  przepełniony wodą|ˈwɔ:təlɒgd"
watermelon,arbuz,ˈwɔ:təmelən
waterproof,"i.    nieprzemakalny
ii.    płaszcz przeciwdeszczowy
iii.    impregnować",uszczelniać|ˈwɔ:təpru:f
watershed,"1.  dział wodny
 2.  przełom",punkt krytyczny|ˈwɔ:təʃed
waterside,wybrzeże,ˈwɔ:təsaɪd
watertight,"1.  wodoszczelny
 2.  niezbity",ˈwɔ:tətaɪt
waterway,droga wodna,ˈwɔ:təweɪ
waterworks,stacja wodociągowa,wodociągi|ˈwɔ:təwɜ:ks
watery,"1.  wodnisty
 2.  niemrawy",ˈwɔ:tərɪ
watt,wat,wɒt
wave,"i.   1.  fala
 2.  machnięcie","pomachanie
ii.   1.  machać
 2.  falować
iii.  wave aside   zbywać machnięciem|weɪv"
waveband,zakres fal,ˈweɪvbænd
wavelength,długość fal,ˈweɪvleŋθ
waver,"1.  wahać się
 2.  doświadczać niepewności",ˈweɪvə
wavy,falisty,ˈweɪvɪ
wax,"i.   1.  wosk
 2.  woskowina
 3.  smar do nart","księżyc rośnie|pastować
 2.  [lit]  stawać się
 3.  the moon is waxing 
 - księżyca przybywa|smar
ii.   1.  woskować|wæks"
waxwork,"1.  figura woskowa
 2. waxworks  muzeum figur woskowych",ˈwækswɜ:k
waxy,nawoskowany,woskowy|ˈwæksɪ
waylay,zatrzymywać,ˈweɪleɪ
wayward,kapryśny,ˈweɪwəd
wc,toaleta,ˌ$⋅⋅⋅$ˈ$⋅$
we,my,"we.
  środa|wi:|wɪ"
weak,"1.  słaby
 2.  wątły",wi:k
weaken,"1.  osłabiać
 2.  słabnąć",ˈwi:kən
weakling,słabeusz,ˈwi:klɪŋ
weakness,"1.  słabość
 2.  słaby punkt",ˈwi:knɪs
wealth,"1.  bogactwo
 2.  dobrobyt
 3.  [form]  wielka ilość",welθ
wealthy,majętny,ˈwelθɪ
wean,"1.  odstawiać od piersi
 2.  odzwyczajać",wi:n
weapon,broń,ˈwepən
wear,i.   1.  nosić,"przecierać
ii.   1.  ubranie
 2.  zużycie|przecierać się|ubierać się 
 2.  nosić się|weə"
wearing,wyczerpujący,ˈweərɪŋ
wearisome,nużący,wyczerpujący|ˈwɪərɪsəm
weary,i.    znużony,"wyczerpany
ii.    nużyć się|ˈwɪərɪ"
weasel,łasica,ˈwi:zəl
weather,"i.  the weather  pogoda
ii.   1.  wietrzeć
 2.  [form]  przetrwać
 3.  under the weather 
 - nieswój","nie bardzo
iii.  weather forecast|prognoza pogody|ˈweðə|ˈweðə ˌfɔ:kɑ:st"
weatherbeaten,1.  zahartowany złą pogodą,"weather-beaten|zahartowany
 2.  zniszczony na powietrzu|ˈweðəbi:tən"
weathercock,kurek,kurek na dachu|ˈweðəkɒk
weatherman,meteorolog,ˈweðəmən
weaver,tkacz,tkaczka|ˈwi:və
web,pajęczyna,
webbed,płetwiasty,ˈwebd
wed,"wed.
  środa",
wedding,wesele,ślub|ˈwedɪŋ
wedge,"i.    zaklinowywać
ii.   1.  klin
 2.  kawałek",weʤ
wednesday,środa,ˈwenzdɪ
wee,tyci,tyciuchny|wi:
weed,"i.    chwast
ii.    plewić
iii.  weed out   wyplewiać",usuwać|wi:d
weedkiller,środek chwastobójczy,ˌwi:dkɪlə
weedy,"1.  zachwaszczony
 2.  [br nieform]  mizerny",ˈwi:dɪ
week,"1.  tydzień
 2.  a week tomorrow 
 - od jutra za tydzień
 3.  a week ago yesterday 
 - tydzień przed dniem wczorajszym",wi:k
weekday,dzień powszedni,ˈwi:kdeɪ
weekend,koniec tygodnia,ˈwi:kend
weekly,"co tydzień
 2.  tygodniowy
ii.    tygodnik",i.   1.  cotygodniowy|ˈwi:klɪ
weep,"1.  płakać
 2.  have a weep 
 - zapłakać",wi:p
weepy,płaczliwy,ˈwi:pɪ
weigh,"i.   1.  ważyć
 2.  rozważać
ii.  weigh down  1.  przeciążać
 2.  uginać się  [pod ciężarem]
iii.  weigh out   rozważać
iv.  weigh up  1.  rozważać
 2.  badać",weɪ
weight,"i.   1.  waga
 2.  ciężar
 3.  odważnik
ii.   1.  obciążać
 2.  lose weight 
 - tracić na wadze",weɪt
weightless,nie mający ciężaru,nieważki|ˈweɪtlɪs
weightlifter,ciężarowiec,weight-lifter|ˈweɪtlɪftə
weightlifting,podnoszenie ciężarów,weight-lifting|ˈweɪtlɪftɪŋ
weighty,poważny,ważki|ˈweɪtɪ
weir,jaz,wɪə
weird,dziwaczny,niesamowity|wɪəd
welcome,by ktoś się czuł jak w domu,"chętnie widziany|i.    witać|nie ma za co''|proszę bardzo''
 4.  sb is welcome to do sth 
 - ktoś zawsze może coś zrobić
 5.  make sb welcome 
 - sprawić"
welcoming,przyzwalający,zapraszający|ˈwelkʌmɪŋ
weld,"i.    spawać
ii.    spaw",
welder,spawacz,ˈweldə
welfare,"i.   1.  dobro
 2.  opieka społeczna
ii.  the welfare state",państwo opiekuńcze|ðə ˌwelfeə ˈsteɪt|ˈwelfeə
welladvised,rozsądny,well-advised|ˌwelədˈvaɪzd
wellbehaved,dobrze wychowany,well-behaved|ˌwelbɪˈheɪvd
wellbeing,dobre samopoczucie,well-being|ˌwelˈbi:ɪŋ
wellearned,ciężko zarobiony,dobrze zasłużony|well-earned|ˌwelˈɜ:nd
wellfounded,uzasadniony,well-founded|ˌwelˈfaʊndɪd
wellheeled,nadziany,well-heeled|ˌwelˈhi:ld
wellington,kalosz,ˈwelɪŋtən
wellintentioned,mający dobre intencje,well-intentioned|ˌwelɪnˈtenʃənt
wellkept,dobrze utrzymany,well-kept|ˌwelˈkept
wellknown,dobrze znany,well-known|znany|ˌwelˈnəʊn
wellmannered,o dobrych manierach,well-mannered|ˌwelˈmænəd
wellmeaning,mający dobre chęci,well-meaning|życzliwy|ˌwelˈmi:nɪŋ
welloff,"1.  bogaty
 2.  dobrze zaopatrzony",well-off|ˌwelˈɒf
wellread,oczytany,well-read|ˌwelˈred
wellspoken,poprawnie mówiący,well-spoken|ˌwelˈspəʊkən
welltimed,na czasie,w porę|well-timed|ˌwelˈtaɪmd
welltodo,well-to-do,zamożny|ˌweltəˈdu:
wellwisher,człowiek dobrze życzący,sympatyk|well-wisher|ˈwelwɪʃə
wellworn,well-worn,wytarty|ˌwelˈwɔ:n
welsh,"1.  walijski
 2.  the welsh 
 - walijczycy",welʃ
welshman,walijczyk,ˈwelʃmən
welshwoman,walijka,ˈwelʃwʊmən
wench,dziewucha,wenʧ
werewolf,wilkołak,ˈweəwʊlf
west,[karaibski]  zachodnioindyjski,"[wyspy karaibskie]  indie zachodnie|antyle|antylski
v.  west indies|i.   the west  zachód
ii.    na zachód
iii.    zachodni
iv.  west indian"
westerly,zachodni,ˈwestəlɪ
western,"i.    zachodni
ii.    western",ˈwestən
westerner,człowiek z zachodu,ˈwestənə
westward,"i.    na zachód
ii.    zachodni",ˈwestwəd
wet,"i.   1.  mokry
 2.  wilgotny
ii.   1.  moczyć 
 2.  zwilżać
 3.  [nieform]  a wet blanket 
 - psujący zabawę",
whack,"grzmocić
ii.    [nieform]  dola",i.    walić|udział|wæk
whacked,wypompowany,wækt
whale,weɪl,wieloryb
whaling,wielorybnictwo,ˈweɪlɪŋ
wharf,nabrzeże,przystań|wɔ:f
what,"co byś powiedział na ...?
 4.  what if ... 
 - a co będzie","cóż to za człowiek!
 3.  what about ... 
 - a może byśmy ...?|i.    co
ii.   1.  jaki|jak ...
 5.  what with ... 
 - z tym ...|który
 2.  what a ! 
 - co za człowiek"
whatever,"1.  cokolwiek
 2.  jakikolwiek
 3.  nothing whatever 
 - nic w ogóle",wɒtˈevə
whatsoever,w ogóle,ˌwɒtsəʊˈevə
wheat,pszenica,wi:t
wheedle,"1.  wheedle sb into doing sth 
 - zachęcić kogoś","by coś zrobił
 2.  wheedle sth out of sb 
 - wyciągać coś od kogoś|ˈwi:dəl"
wheel,"i.    koło
ii.   1.  toczyć
 2.  kołować
 3. wheel round  obracać się",wi:l
wheelbarrow,taczka,ˈwi:lbærəʊ
wheelchair,wózek inwalidzki,ˈwi:lʧeə
wheeze,i.    świszczeć,"sapanie|sapać
ii.    świszczenie|wi:z"
whenever,kiedykolwiek,wenˈevə
whereabouts,dokąd,"i.    miejsce pobytu|miejsce położenia
ii.    gdzie|ˈweərəbaʊts"
whereas,gdy,ˌweərˈæz
whereby,dzięki któremu,poprzez który|ˌweəˈbaɪ
wherein,w czym,w którym|ˌweəˈrɪn
whereupon,toteż,wobec czego|ˌweərəˈpɒn
wherever,gdziekolwiek,weəˈrevə
wherewithal,"the wherewithal 
 - środki",ˈweəwɪðɔ:l
whet,wet,zaostrzać
whether,"a. czy
 b.
      ""he does not know whether to accept or not""  - nie wie",czy nie|czy przyjąć ofertę|ˈweðə
which,a to ją zirytowało,"i.    który|jaki
ii.    a. co|to
 b.
      ""he shouted|which irritated her""  - krzyczał"
whichever,jakikolwiek,którykolwiek|wɪʧˈevə
whiff,podmuch,powiew|wɪf
while,i.    podczas gdy,"w czasie gdy
ii.   1.  chwila
 2.  for a while 
 - na chwilę
iii.  while away   spędzać czas|waɪl"
whilst,podczas gdy,waɪlst
whim,kaprys,wɪm
whimper,"i.   1.  kwilić
 2.  skamleć","skowyczeć
ii.    kwilenie|skowyt|ˈwɪmpə"
whimsical,kapryśny,ˈwɪmzɪkəl
whine,i.   1.  wyć,"jazgot|jazgotać
 2.  jęczeć
ii.    wycie|waɪn"
whip,"chłostać
 2.  zrywać","i.    bicz
ii.    porządkowy pilnujący dyscypliny w klubie parlamentarnym|nakładać szybko
 3.  ubijać
iv.  whip up   pobudzać|porządkowy w klubie parlamentarnym
iii.   1.  smagać batem|wɪp"
whipped,bity,wɪpt
whipround,składka,whip-round|zrzutka|ˈwɪpraʊnd
whir,buczenie,"buczeć
ii.    furkot|i.    furkotać|whirr|wɜ:"
whirl,i.    wirować,"obracać
ii.    wirowanie|wir|wɜ:l"
whirlpool,wir,ˈwɜ:lpu:l
whirlwind,"i.    trąba powietrzna
ii.    trwający chwilę",ˈwɜ:lwɪnd
whirr,buczenie,"buczeć
ii.    furkot|i.    furkotać|whir|wɜ:"
whisk,"i.   1.  zabierać szybko
 2.  ubijać
ii.    trzepaczka do piany",trzepaczka|wɪsk
whisker,"1.  wąs
 2. whiskers  bokobrody",ˈwɪskə
whiskey,whisky,ˈwɪskɪ
whisky,whiskey,ˈwɪskɪ
whisper,"i.    szeptać
ii.    szept",ˈwɪspə
whistle,"i.   1.  gwizdać
 2.  świstać
ii.   1.  gwizd
 2.  gwizdek",ˈwɪsəl
whitecollar,administracyjny,administracyjny pracownik|umysłowy|white-collar|ˌwaɪtˈkɒlə
whitehot,rozpalony do białości,white-hot|ˌwaɪtˈhɒt
whiten,bieleć,wybielać|ˈwaɪtən
whitewash,bielić,"i.   1.  wapno|mleko wapienne
 2.  mydlenie oczu
ii.    bielić wapnem|ˈwaɪtwɒʃ"
whiting,witlinek  [ryba],ˈwaɪtɪŋ
whittle,"down 
 - kurczyć",redukować|whittle away|ˈwɪtəl
whiz,"i.    bzykać
ii.    [nieform]  geniusz",whizz|wɪz
whizkid,czarodziej,whiz-kid|whizz-kid|ˈwɪzkɪd
whizz,"i.    bzykać
ii.    [nieform]  geniusz",whiz|wɪz
whizzkid,czarodziej,whiz-kid|whizz-kid|ˈwɪzkɪd
who,"1.  kto
 2.  który",hu:|światowa organizacja zdrowia|ˌ$⋅⋅⋅⋅$ˈ$⋅$
whoever,1.  ktokolwiek,"hu:ˈevə|kto by nie
 2.  któż"
whole,həʊl,"i.   1.  cały
 2.  w całości
ii.    [nieform]  całkiem
iii.   1.  całość
 2.  on the whole 
 - w ogóle|ogółem biorąc
 3.  as a whole 
 - w całości"
wholehearted,serdeczny,szczery|whole-hearted|ˌhəʊlˈhɑ:tɪd
wholemeal,gruboziarnisty,razowy|ˈhəʊlmi:l
wholesale,"hurtowo
 2.  masowy","i.    hurt
ii.   1.  hurtowy|ˈhəʊlseɪl"
wholesaler,hurtownik,ˈhəʊlseɪlə
wholesome,zdrowy,ˈhəʊlsəm
wholewheat,pełnoziarnisty,ˈhəʊlwi:t
wholly,całkowicie,ˈhəʊlɪ
whooping cough,koklusz,ˈhu:pɪŋkɒf
whopper,kolos,ˈwɒpə
whopping,ogromny,olbrzymi|ˈwɒpɪŋ
whore,"1.  [pejor]  dziwka
 2.  nierządnica",hɔ:
whose,1.  którego,"hu:z|której|których
 2.  czyj"
why,1.  dlaczego,"ależ!''|czemu
 2.  [us]  ``why!'' 
 -|o!''|waɪ"
wi,"i.
   see also: {west indian}
  zachodnioindyjski
ii.
   see also: {west indies}
  indie zachodnie",ˌ$⋅⋅⋅$ˈ$⋅$
wick,knot,wɪk
wicked,1.  zły,"niegodziwy
 2.  paskudny|ˈwɪkɪd"
wicker,plecionka,wiklina|ˈwɪkə
wickerwork,plecionka,wiklina|ˈwɪkəwɜ:k
wicket,bramka  [w krykiecie],ˈwɪkɪt
wide,"i.   1.  a. szeroki
 b.
      ""3 meters wide""  - szeroki na 3 m
 2.  duży
ii.    szeroko
iii.   1. wide-open  szeroko rozwarty
 2.  z dala od celu",waɪd
wideangle,szerokokątny,waɪdˈæŋgəl|wide-angle
wideawake,całkowicie rozbudzony,wide-awake|ˌwaɪdəˈweɪk
widen,1.  poszerzać się,"poszerzać
 2.  rozszerzać się|ˈwaɪdən"
wideranging,na szeroką skalę,wide-ranging|ˌwaɪdˈreɪnʤɪŋ
widespread,rozpowszechniony,ˈwaɪdspred
widow,wdowa,ˈwɪdəʊ
widowed,owdowiały,ˈwɪdəʊd
widower,wdowiec,ˈwɪdəʊə
widowhood,wdowieństwo,ˈwɪdəʊhʊd
width,szerokość,wɪdθ
wield,dzierżyć,wi:ld
wife,waɪf,żona
wig,peruka,wɪg
wiggle,"1.  podrygiwać
 2.  szarpać",ˈwɪgəl
wigwam,ˈwɪgwæm,
wild,"i.   1.  dziki
 2.  [ludzie","na chybił trafił
iii.   1. the wild  [roślin]  dziki stan
 2. the wilds  pustkowia|odludzie|pogoda]  rozszalały
 3.  [pomysł]  dziwaczny
ii.    [zgadywanie]  na oślep|waɪld"
wilderness,1.  pustkowie,"pustynia
 2.  zdziczały teren|ˈwɪldənɪs"
wildgoose chase,poszukiwanie wczorajszego dnia,wild-goose chase|ˌwɪldˈgu:s ʧeɪs
wildlife,przyroda,przyroda żyjące w stanie naturalnym|zwierzęta|zwierzęta żyjące w stanie naturalnym|ˈwaɪldlaɪf
wildly,"1.  dziko
 2.  szalenie
 3.  z energią
 4.  na chybił trafił",ˈwaɪldlɪ
wilful,1.  świadomy,"rozmyślny
 2.  krnąbrny|willful|ˈwɪlfʊl"
willful,1.  świadomy,"rozmyślny
 2.  krnąbrny|wilful|ˈwɪlfʊl"
willing,chętny,ˈwɪlɪŋ
willow,wierzba,ˈwɪləʊ
willpower,siła woli,will-power|ˈwɪlpaʊə
willynilly,chcąc czy nie chcąc,willy-nilly|ˌwɪlɪˈnɪlɪ
wilt,usychać,więdnąć|wɪlt
wily,chytry,ˈwaɪlɪ
wince,"i.    krzywić się
ii.    skrzywienie się",wɪns
winch,"i.    blok
ii.    wciągać blokiem",wciągać|wɪnʧ
wind,"dech
 3.  [w brzuchu]  gazy","wind
i.   1.  wiatr
 2.  oddech|wzdęcie
ii.    [instrument]  dęty
iii.    pozbawiać tchu
iv.   1.  [o rzece]  wić się
 2.  owijać
 3.  [zegarek]  nakręcać
v.  wind back   przewijać do tyłu
vi.  wind down  1.  redukować
 2.  zwalniać obroty|zwalniać
 3.  otwierać
vii.  wind forward   przewijać do przodu
viii.  wind up  1.  kończyć
 2.  zwijać
 3.  lądować
 4.  nakręcać
 5.  zamykać"
windbreak,wiatrołom,ˈwɪndbreɪk
windfall,uśmiech szczęścia,ˈwɪndfɔ:l
windmill,wiatrak,ˈwɪnmɪl
window,"1.  okno
 2.  [komp]  okienko",ˈwɪndəʊ
windowbox,skrzynka na kwiaty  [na oknie],window-box|ˈwɪndəʊbɒks
windowframe,rama okienna,window-frame|ˈwɪndəʊfreɪm
windowpane,szyba,window-pane|ˈwɪndəʊpeɪn
windowshopping,oglądanie witryn,oglądanie wystaw|window-shopping|ˈwɪndəʊʃɒpɪŋ
windowsill,parapet,window-sill|ˈwɪndəʊsɪl
windpipe,tchawica,ˈwɪndpaɪp
windscreen,[br]   wycieraczka,"i.    szyba przednia
ii.  windscreen wiper|ˈwɪndskri:n|ˈwɪndskri:n ˌwaɪpə"
windshield,"1.  [us]  szyba przednia
 2.  osłona szklana",ˈwɪndʃi:ld
windsurfer,"1.  deska windsurfingowa
 2.  windsurfingowiec",ˈwɪndsɜ:fə
windsurfing,ˈwɪndsɜ:fɪŋ,
windswept,chłostany wiatrem,ˈwɪndswept
windy,wietrzny,ˈwɪndɪ
wine,waɪn,wino
wing,"i.   1.  skrzydło
 2. the wings  kulisy
ii.    [br]  błotnik",wɪŋ
winger,skrzydłowy,ˈwɪŋə
wingspan,rozpiętość skrzydeł,ˈwɪŋspæn
wink,"i.    mrugnięcie
ii.   1.  mrugać 
 2.  [lit]  migotać",wɪŋk
winner,zwycięzca,ˈwɪnə
winning,"i.    zwycięski
ii.   winnings  wygrana",ˈwɪnɪŋ
winter,"i.    zima
ii.    zimowy
iii.    zimować",ˈwɪntə
wintertime,pora zimowa,zima|ˈwɪntətaɪm
wintry,zimowy,ˈwɪntrɪ
wipe,"i.   1.  wycierać
 2.  ścierać","kasować
ii.    starcie
iii.  wipe out   wymieść|waɪp|wycierać|zmiatać
iv.  wipe up   ścierać"
wiper,wycieraczka  [do szyb],ˈwaɪpə
wire,i.   1.  drut,"kabel
 2.  [us]  telegram
ii.   1.  wiązać drutem|podłączać
 3.  [us]  telegrafować|wiązać 
 2. wire up  łączyć|ˈwaɪə"
wireless,radio,ˈwaɪəlɪs
wiring,instalacja elektryczna,ˈwaɪərɪŋ
wiry,1.  suchy,"żylasty
 2.  sztywny|ˈwaɪərɪ"
wisconsin,wɪsˈkɒnsɪn,
wisdom,"i.   1.  mądrość
 2. the wisdom  celowość
ii.  wisdom tooth",ząb mądrości|ˈwɪzdəm|ˈwɪzdəmtu:θ
wise,[nieform]   mądrala,"i.   1.  mądry
 2.  be none|no wiser 
 - nie być mądrzejszym
ii.  wise guy|waɪz|ˈwaɪzgʌɪ"
wisecrack,dowcipas,ˈwaɪzkræk
wisecracker,dowcipniś,ˈwaɪzkrækə
wish,i.    życzenie,"pragnienie
ii.   1.  [form]  pragnąć|success 
 - życzyć komuś dobrze|szkoda|wɪʃ"
wishful thinking,chciejstwo,pobożne życzenia|ˌwɪʃfʊl ˈθɪŋkɪŋ
wishywashy,mdły,rozwodniony|wishy-washy|ˈwɪʃɪ wɒʃɪ
wisp,1.  pasmo,"wiecheć
 2.  kosmyk|wɪsp"
wistful,melancholijny,nostalgiczny|ˈwɪstfʊl
wit,"1.  dowcip
 2. wits  przytomność umysłu","aby coś zrobić|inteligencja
 3.  have the wit to do sth 
 - mieć na tyle przytomności umysłu|wɪt"
witch,"czarownica
ii.  witch doctor",czarownik|i.    wiedźma|wɪʧ|znachor
witchcraft,czary,ˈwɪʧkrɑ:ft
witchhunt,polowanie na czarownice,witch-hunt|ˈwɪʧhʌnt
with,"1.  z
 2.  a. (często nie tłumaczone","nastaniem czegoś]
 4.  [w tym samym czasie]  gdy
 5.  przy|odpowiada narzędnikowi)

 b.
      ""wipe it with a wet rag""  - wytrzyj to mokrą ścierką
 3.  wraz z  [kimś|w przypadku|wziąwszy pod uwagę
 6.  [zostawić]  u  [kogoś]"
withdraw,wycofywać,wycofywać się|wɪðˈdrɔ:
withdrawal,1.  wycofanie się,"głód
 5.  wypłata|wycofanie
 2.  cofnięcie
 3.  odsunięcie się
 4.  głód narkotyczny|wɪðˈdrɔ:əl"
withdrawn,wɪðˈdrɔ:n,zamknięty|zamknięty w sobie
wither,"i.  wither away  zamierać
ii.    usychać",ˈwɪðə
withered,pomarszczony,uschnięty|ˈwɪðəd
withering,miażdżący,ˈwɪðərɪŋ
withhold,powstrzymywać,wstrzymywać|wɪðˈhəʊld
within,"1.  wewnątrz
 2.  a. w ramach
 b.
      ""within budget""  - w ramach budżetu
 3.  a. w odległości","w
 b.
      ""within 40 km from oxford""  - w odległości 40 km od oksfordu
 4.  a. w zasięgu
 b.
      ""within sight""  - w zasięgu wzroku
 5.  a. w przeciągu|wɪðˈɪn|za
 b.
      ""within 5 minutes""  - za 5 minut"
without,bez,wɪðˈaʊt
withstand,wytrzymywać,wɪðˈstænd
witness,"bear witness to sth 
 - stanowić świadectwo czegoś","i.    świadek 
ii.   1.  [form]  być świadkiem
 2.  [form]  be|ˈwɪtnɪs"
witnessbox,miejsce dla świadka,witness-box|ˈwɪtnɪsbɒks
witnessstand,miejsce dla świadka,witness-stand|ˈwɪtnɪsstænd
witter,ględzić,paplać|ˈwɪtə
witticism,dowcip,dowcipna uwaga|ˈwɪtɪsɪzəm
witty,dowcipny,ˈwɪtɪ
wizard,czarnoksiężnik,ˈwɪzəd
wizardry,czaroksięstwo,magia|ˈwɪzədrɪ
wizened,pomarszczony,ˈwɪzənd
wk,"wk
i.  
   see also: {week}
  tydzień
ii.  
   see also: {work}
  praca",
wobble,chwiać się,trząść się|ˈwɒbəl
woe,nieszczęście,wəʊ
woeful,żałosny,ˈwəʊfʊl
woman,kobieta,ˈwʊmən
womanhood,"1.  kobiecość
 2.  kobiety",ˈwʊmənhʊd
womaniser,kobieciarz,womanizer|ˈwʊmənaɪzə
womanizer,kobieciarz,womaniser|ˈwʊmənaɪzə
womankind,kobiety,ˈwʊmənkaɪnd
womanly,kobiecy,ˈwʊmənlɪ
womb,macica,wu:m
wonder,"czy on przyjdzie
 2.  podziwiać 
ii.   1.  a. dziw
 b.
      ""it is a wonder that""  - to dziw","czy on przyjdzie
 c.
      ""i wonder whether he will come""  - ciekaw jestem|i.   1.  a. być ciekawym|zastanawiać się
 b.
      ""i wonder whether he will come""  - ciekawe|że
 2.  zadziwienie
iii.   1.  cudowny
 2.  no wonder 
 - nic dziwnego"
wonderful,cudowny,ˈwʌndəfʊl
wonderfully,cudownie,wspaniale|ˈwʌndəfʊlɪ
wonderment,zadziwienie,ˈwʌndəmənt
wonky,chwiejny,rozklekotany|ˈwʌŋkɪ
woo,"1.  [przest]  zalecać się 
 2.  [lit]  ubiegać się",wu:
wood,"1.  drewno
 2.  las",wʊd
wooded,zadrzewiony,ˈwʊdɪd
wooden,drewniany,ˈwʊdən
woodland,teren lesisty,ˈwʊdlænd
woodpecker,dzięcioł,ˈwʊdpekə
woodwind,instrumenty dęte,ˈwʊdwɪnd
woodwork,"1.  stolarka
 2.  stolarstwo",ˈwʊdwɜ:k
woodworm,kornik,ˈwʊdwɜ:m
woody,"1.  zdrewniały
 2.  lesisty",ˈwʊdɪ
woof,hau,wʊf
wool,"1.  wełna
 2.  pull the wool over sb's eyes 
 - zamydlać komuś oczy",wʊl
woolen,"i.    wełniany
ii.    wełniana rzecz",woollen|ˈwʊlən
woollen,"i.    wełniany
ii.    wełniana rzecz",woolen|ˈwʊlən
woolly,"i.   1.  wełniany
 2.  mglisty
ii.    wełniana rzecz",wooly|ˈwʊlɪ
wooly,"i.   1.  wełniany
 2.  mglisty
ii.    wełniana rzecz",woolly|ˈwʊlɪ
word,[komp]   edytor tekstu,"dosłownie
 3.  in a word 
 - jednym słowem
iii.  word processing|i.   1.  słowo|komputerowe przetwarzanie tekstu|przetwarzanie tekstu
iv.  word processor"
wording,forma słowna,styl|ˈwɜ:dɪŋ
wordplay,gra słów,ˈwɜ:dpleɪ
wordy,rozwlekły,wielosłowny|ˈwɜ:dɪ
workable,użyteczny,wykonalny|ˈwɜ:kəbəl
workaholic,która nie widzi świata poza pracą,osoba|pracoholik|ˌwɜ:kəˈhɒlɪk
workbench,stół do pracy,warsztat|ˈwɜ:kbenʧ
workday,"1.  [zwł. us]  dzień pracy
 2.  dzień powszedni",ˈwɜ:kdeɪ
worked up,podekscytowany,ˌwɜ:ktˈʌp
worker,"1.  pracownik
 2.  robotnik",ˈwɜ:kə
workforce,siła robocza,ˈwɜ:kfɔ:s
working,[zwł. br]   dzień roboczy,"i.   1.  pracujący
 2.  a. roboczy
 b.
      ""working hours""  - godziny pracy
 3.  praktyczny
ii.   workings  działania
iii.  working class|klasa robotnicza
iv.  working day|ˈwɜ:kɪŋ|ˌwɜ:kɪŋ ˈdeɪ"
workload,obciążenie,ˈwɜ:kləʊd
workman,pracownik,ˈwɜ:kmən
workmanship,rzemiosło,wykonanie|ˈwɜ:kmənʃɪp
workout,zaprawa  [sportowa],ˈwɜ:kaʊt
workshop,warsztat,ˈwɜ:kʃɒp
workstation,stacja robocza,ˈwɜ:ksteɪʃən
worktop,powierzchnia robocza,ˈwɜ:ktɒp
world,"i.    świat
ii.   1.  ogólnoświatowy","wɜ:ld|światowy
 2.  in the world 
 - na świecie"
worldclass,world-class,światowej klasy|ˌwɜ:ldˈklɑ:s
worldfamous,o światowej sławie,world-famous|ˌwɜ:ldˈfeɪməs
worldly,1.  ziemski,"doczesny
 2.  światowy|ˈwɜ:ldlɪ"
worldwide,o światowym zasięgu,world-wide|światowy|ˌwɜ:ldˈwaɪd
worn,"1.  wytarty
 2.  zużyty",wɔ:n
wornout,"1.  znoszony
 2.  wykończony",worn-out|ˌwɔ:nˈaʊt
worried,zaniepokojony,zatroskany|ˈwʌrɪd
worry,"1.  martwić się
 2.  niepokoić się","kłopot|niepokoić
 3.  zmartwienie|ˈwʌrɪ"
worrying,niepokojący,ˈwʌrɪŋ
worse,"i.    gorszy
ii.   1.  gorzej
 2.  be none the worse for sth 
 - nie tracić na czymś
 3.  for the worse 
 - na gorsze
iii.  worse off  1.  uboższy
 2.  gorszy",ˈwɜ:s
worsen,pogarszać,pogarszać się|ˈwɜ:sən
worshiper,"1.  wierny
 2.  adorator",wielbiciel|worshipper|ˈwɜ:ʃɪpə
worshipper,"1.  wierny
 2.  adorator",wielbiciel|worshiper|ˈwɜ:ʃɪpə
worst,"i.    najgorszy
ii.   1.  najgorzej
 2.  at  worst  :worst)
 - w najgorszym razie",wɜ:st
worsted,samodział,ˈwʊstɪd
worth,"i.    a. wart
 b.
      ""it is worth having""  - warto to mieć
ii.    a. wartość
 b.
      ""20 pounds' worth of books""  - książki wartości 20 funtów",książki za 20 funtów|wɜ:θ
worthless,bezwartościowy,ˈwɜ:θlɪs
worthwhile,opłacalny,ˌwɜ:θˈwaɪl
worthy,1.  godny,"znakomity
 2.  wart|ˈwɜ:ðɪ"
wouldbe,niedoszły,would-be|ˈwʊdbi:
wound,"i.    rana
ii.    ranić",wu:nd
wow,no no,oj|waʊ
wp,"i.
   see also: {word processing}
  przetwarzanie tekstu
ii.
   see also: {word processor}
  edytor tekstu",ˌ$⋅⋅⋅$ˈ$⋅$
wpb,kosz na śmieci,ˌ$⋅⋅⋅⋅$ˈ$⋅$
wrangle,"i.    kłócić się
ii.    kłótnia",ˈræŋgəl
wrap,"i.    owijać
ii.    okrycie
iii.  wrap up  1.  owijać
 2.  opatulać się","ræp|ubierać się ciepło
 3.  [nieform]  kończyć"
wrapped up,ræptˈʌp,zadurzony
wrapper,1.  opakowanie,"obwoluta|papierek
 2.  [br]  okładka|papierek od cukierka|ˈræpə"
wrapping,opakowanie,ˈræpɪŋ
wrath,gniew,rɔ:θ
wreak,"1.  [form]  wyrządzać
 2.  [lit]  wywierać",odpłacać|ri:k
wreath,ri:θ,wieniec
wreck,"i.   1.  rujnować
 2.  rozbijać
ii.   1.  wrak
 2.  [nieform]  wrak człowieka",rek
wreckage,szczątki,ˈrekɪʤ
wren,ren,strzyżyk
wrench,ból,"i.   1.  a. szarpać
 b.
      ""wrench sth open""  - otwierać coś szarpnięciem
 2.  [nogę]  skręcić
 3.  [np. oczy]  odrywać
ii.   1.  szarpnięcie
 2.  [nogi]  skręcenie
 3.  [narzędzie]  klucz nastawny
 4. a wrench  ból rozstania|renʧ"
wrest,rest,wyrywać
wrestle,bić się,walczyć|walczyć wręcz|ˈresəl
wrestler,zapaśnik,ˈreslə
wrestling,zapasy,ˈreslɪŋ
wretched,"1.  [form]  nieszczęśliwy
 2.  [nieform]  nieszczęsny",cholerny|ˈreʧɪd
wriggle,i.   1.  wiercić się,"kręcić
 2.  przedostawać się wiercąc|kręcić się|przedostawać się
ii.    kręcenie|ruch falisty
iii.  wriggle out of  [nieform]   wykręcać się"
wring,"1. wring out  wykręcać
 2.  [lit]  załamywać 
 3.  ukręcać",rɪŋ
wrinkle,"i.    zmarszczka
ii.    marszczyć się",marszczyć|ˈrɪŋkəl
wrinkled,"1.  pomarszczony
 2.  pomięty",ˈrɪŋkəld
wrist,przegub,rɪst
wristwatch,zegarek na rękę,ˈrɪstwɒʧ
writ,nakaz,pismo urzędowe|rɪt
write,"i.   1.  pisać
 2.  wypisywać","raɪt|wystawiać
ii.  write down   zapisywać
iii.  write off  1.  wysyłać listy|wysyłać pisma
 2.  spisywać na straty
 3.  wyksięgowywać
iv.  write out  1.  zapisywać
 2.  wypisywać
v.  write up   zapisywać na czysto"
writeoff,pojazd spisany na straty,spisany na straty|write-off|ˈraɪtɒf
writeprotected,write-protected,zabezpieczony przed zapisywaniem|ˌraɪt prəˈtektɪd
writer,pisarz,ˈraɪtə
writeup,omówienie,write-up|ˈraɪtʌp
writhe,raɪð,wić się
writing,"i.   1.  pisanie
 2.  pismo
 3. writings  dzieła","papier listowy|utwory
 4.  in writing 
 - na piśmie
ii.  writing paper|ˈraɪtɪŋ|ˈraɪtɪŋ peɪpə"
written,"1.  pisemny
 2.  napisany",ˈrɪtən
wrongdoer,krzywdziciel,sprawca zła|ˈrɒŋdu:ə
wrongdoing,nadużycie,niewłaściwe postępowanie|ˈrɒŋdu:ɪŋ
wrongful,krzywdzący,niesprawiedliwy|ˈrɒŋfʊl
wrought,"1.  misterny
 2.  kuty",rɔ:t
wry,"1.  kwaśny
 2.  skrzywiony",raɪ|skwaszony
wt,"wt.
  ciężar",
wyoming,waɪˈəʊmɪŋ,
xenophobia,ksenofobia,ˌzenəˈfəʊbɪə
xerox,"i.   1.  kserograf
 2.  odbitka kserograficzna
ii.    kserografować",kserować|ˈzɪərɒks
xmas,[nieform]  boże narodzenie,ˈeksməs|ˈkrɪsməs
xray,"i.   1.  promień rentgena
 2.  prześwietlenie rentgenowskie
 3.  zdjęcie rentgenowskie
ii.    prześwietlać się promieniami rentgena",prześwietlać się|x-ray|ˈeksreɪ
xylophone,ksylofon,ˈzaɪləfəʊn
yacht,jacht,jɒt
yachting,żeglarstwo,ˈjɒtɪŋ
yank,amerykaniec,jæŋk|wyszarpywać
yankee,jankes,ˈjæŋki:
yap,"1.  ujadać
 2.  [nieform]  kłapać jadaczką",jæp
yard,"1.  jard  [91 cm]
 2.  podwórko
 3.  zakład",jɑ:d
yardstick,miara,ˈjɑ:dstɪk
yarn,"1.  nić
 2.  [nieform]  bajda",bajka|jɑ:n
yawn,"i.   1.  ziewać
 2.  [lit]  ziać","jɔ:n|rozwierać się
ii.   1.  ziewnięcie
 2.  [nieform]  a yawn 
 - nudziarstwo"
yd,"yd
  jard",
yeah,[nieform]  aha,jeə|no
year,"1.  a. rok
 b.
      ""seventy-year-old man""  - siedemdziesięciolatek","jɪə|siedemdziesięcioletni mężczyzna
 2.  all  year round  :year :round)
 - okrągły rok"
yearly,corocznie,"coroczny
ii.    rocznie|i.    roczny|ˈjɪəlɪ"
yearn,jɜ:n,tęsknić
yearning,tęsknota,ˈjɜ:nɪŋ
yeast,drożdże,ji:st
yell,"i.    wrzeszczeć
ii.    wrzask",jel
yellow,"i.    żółty
ii.    żółknąć
iii.  yellow fever",żółta febra|ˈjeləʊ|ˌjeləʊ ˈfi:və
yelp,"1.  zaskowytać
 2.  zakrzyknąć
 3.  zakrzyknięcie",jelp
yemen,jemen,ˈjemən
yemeni,"i.    jemeński
ii.    jemeńczyk",ˈjemənɪ
yen,1.  ochota,"chętka 
 2.  [waluta japonii]  jen|jen"
yes,"1.  tak
 2.  [w odpowiedzi na przeczące pytanie]  a. nie
 b.
      ""``you didn't do it?'' `oh yes","i did''""  -|jes|nie zrobiłeś tego?''|o nie"
yesman,potakiwacz,yes-man|ˈjesmən
yesterday,"1.  wczoraj
 2.  the day before yesterday 
 - przedwczoraj",ˈjestədɪ
yet,"1.  jeszcze
 2.  przynajmniej
 3.  a jednak","do tej pory
 5.  as yet 
 - jak dotąd|jednak
 4.  dotąd|jet"
yew,[krzew]  cis,ju:
yha,związek schronisk młodzieżowych,ˌ$⋅⋅$ˈ$⋅$
yield,i.   1.  ustępować (to sb - przed kimś,"ji:ld|komuś)  
 2.  oddawać
 3.  dawać
ii.    zysk|plon"
ymca,stowarzyszenie męskiej młodzieży chrześcijańskiej,ˌ$⋅⋅⋅$ˈ$⋅$
yoghurt,jogurt,yogurt|ˈjɒgət
yogurt,jogurt,yoghurt|ˈjɒgət
yoke,jarzmo,jəʊk
yolk,jəʊk,żółtko
yonder,"i.    tam
ii.    tamten",ˈjɒndə
you,"1.  ty  [w różnych przypadkach]
 2.  wy  [w różnych przypadkach]
 3.  pan","ju:|pani
 4.  panowie|panie
 5.  [nieform]  a. 

 b.
      ""then you have problems""  - wtedy ma się problemy"
young,"i.    młody
ii.    młode  [zwierzęcia]",jʌŋ
youngish,dość młody,ˈjʌŋgɪʃ
youngster,chłopiec,dziecko|ˈjʌŋstə
your,"1.  twój
 2.  wasz
 3.  pana","jɔ:|pani
 4.  swój|własny"
yours,"1.  twój
 2.  wasz
 3.  pana","faithfully)'' 
 -|jɔ:z|pani
 4.  ``yours (sincerely|z poważaniem''"
yourself,1.  się,"jɔ:ˈself|siebie|sobie  [w odniesieniu do 2. os.]
 2.  sam"
youth,"i.   1.  młodość
 2.  młody człowiek
 3.  the youth 
 - młodzież
ii.  youth hostel",ju:θ|schronisko młodzieżowe|ˈju:θ hɒstəl
youthful,"1.  młodzieńczy
 2.  młody",ˈju:θfʊl
yr,"yr.
  rok",
yugoslav,jugosłowiański,ˈju:gəʊslɑ:v
yugoslavia,jugosławia,ˌju:gəʊˈslɑ:vɪə
ywca,stowarzyszenie żeńskiej młodzieży chrześcijańskiej,ˌ$⋅⋅⋅⋅⋅$ˈ$⋅$
zaire,zair,zaɪˈɪə
zairean,zairski,zaɪˈɪərɪən
zambia,ˈzæmbɪə,
zambian,zambijski,ˈzæmbɪən
zany,dziwaczny,ˈzeɪnɪ
zeal,zapał,zi:l
zealous,fanatyczny,zapalony|ˈzeləs
zebra,"i.    zebra
ii.  zebra crossing",przejście dla pieszych|ˈzebrə|ˌzebrə ˈkrɒsɪŋ
zenith,zenit,ˈzenɪθ
zero,"i.    zero
ii.    zerowy",ˈzɪərəʊ
zest,"1.  radość życia
 2.  przyjemność",
zigzag,"i.    zygzak
ii.    poruszać się zygzakiem",ˈzɪgzæg
zimbabwe,zɪmˈbɑ:bwɪ,
zinc,cynk,zɪŋk
zion,syjon,ˈzaɪən
zionism,syjonizm,ˈzaɪənɪzəm
zionist,syjonista,ˈzaɪənɪst
zip,[us]   kod pocztowy,"i.   zip fastener  zamek błyskawiczny
ii.    zamykać na zamek błyskawiczny|zamykać
iii.  zip code|zɪp|ˈzɪpkəʊd"
zipper,zamek błyskawiczny,ˈzɪpə
zodiac,"the zodiac 
 - zodiak",ˈzəʊdɪək
zombie,żywy trup,ˈzɒmbɪ
zone,strefa,zəʊn
zoo,ogród zoologiczny,zu:
zoology,zoologia,zəʊˈɒləʤɪ
zoom,"i.   1.  [nieform]  mknąć
 2.  szybować
ii.  zoom in   najeżdżać
iii.  zoom lens",obiektyw ze zmienną ogniskową|zu:m|ˈzu:mlenz
zucchini,cukinia,zʊˈki:nɪ
éclair,eclair,eklerka|ɪˈkleə
émigré,emigrant,emigrant polityczny|emigre|uchodźca|ˈemɪgreɪ
