english,polish,alternatives
00databasealphabet,abcdefghijklmnopqrstuvwxyzâèéêï,
00databaseinfo,* created this header,"* very slightly corrected|a
     query for confer)|around 40 additions)|english - polish piotrowski+saloni"
00databaseshort,english - polish piotrowski+saloni,freedict dictionary ver. 0.2
00databaseurl,unknown,
aa,automobilklub,
aaa,amerykański automobilklub,amerykański związek automobilowy
aardvark,mrównik,ˈaːdvaːk
abacus,liczydło,ˈæbəkəs
abandon,1.  zostawiać,əˈbændən
abandonment,"1.  opuszczenie
 2.  zaprzestanie",əˈbændənmənt
abashed,zakłopotany,əˈbæʃt
abate,zelżeć,əˈbeɪt
abattoir,rzeźnia,ˈæbətʊɑ:
abbess,przeorysza,ˈæbɪs
abbey,klasztor,opactwo|ˈæbɪ
abbot,opat,ˈæbət
abbreviate,skracać,əˈbri:vɪeɪt
abbreviated,skrócony,əˈbri:vɪeɪtɪd
abbreviation,skrót,əˌbri:vɪˈeɪʃən
abc,biological,biologiczna|chemiczna|ˈeɪbisi
abdicate,wyrzekać się,ˈæbdɪkeɪt
abdication,"1.  abdykacja
 2.  odrzucenie",ˌæbdɪˈkeɪʃən
abdomen,brzuch,ˈæbdəmən
abdominal,brzuszny,æbˈdɒmɪnəl
abduct,uprowadzać,æbˈdʌkt
abduction,uprowadzenie,æbˈdʌkʃən
aberration,zboczenie,ˌæbəˈreɪʃən
abet,əˈbet,
abhor,nie cierpieć,əbˈhɔ:
abhorrence,nienawiść,əbˈhɒrəns
abhorrent,znienawidzony,əbˈhɒrənt
abide,əˈbaɪd,
abiding,długotrwały,əˈbaɪdɪŋ
ability,1.  zdolność,əˈbɪlɪtɪ
abject,ˈæbʤekt,
ablaze,əˈbleɪz,
able,ˈeɪbəl,
ablebodied,able-bodied,dobrze zbudowany|ˌeɪbəl ˈbɒdɪd
ably,znakomicie,ˈeɪblɪ
abnormal,nienormalny,æbˈnɔ:məl
abnormality,nieprawidłowość,ˌæbnɔ:ˈmælɪtɪ
abnormally,"1.  niezwykle
 2.  nienormalnie",æbˈnɔ:məlɪ
aboard,əˈbɔ:d,
abode,miejsce zamieszkania,əˈbəʊd
abolish,obalić,əˈbɒlɪʃ
abolition,obalenie,ˌæbəˈlɪʃən
abomb,a-bomb,bomba atomowa|ˈeɪbɒm
abominable,əˈbɒmɪnəbəl,
abominably,okropnie,əˈbɒmɪnəblɪ
abort,przerwanie zadania,əˈbɔ:t
abortion,aborcja,poronienie|əˈbɔ:ʃən
abortive,nieskuteczny,əˈbɔ:tɪv
abound,być w obfitości,obfitować|əˈbaʊnd
about,zamierzać coś zrobić,əˈbaʊt
aboutturn,about-turn,əˌbaʊtˈtɜ:n
above,uczciwy,əˈbʌv|əˈbʌv bɔ:d
abrasion,otarcie,əˈbreɪʒən
abrasive,"1.  szorstki
 2.  ścierny",əˈbreɪsɪv
abreast,być na bieżąco,əˈbrest
abridged,skrócony,əˈbrɪʤd
abroad,za granicą,za granicę|əˈbrɔ:d
abrupt,"raptowny
 2.  ostry",əˈbrʌpt
abruptly,"raptownie
 2.  ostro",əˈbrʌptlɪ
abscess,ropień,ˈæbses
abscond,uciec,əbˈskɒnd
absence,"1.  nieobecność
 2.  brak",ˈæbsəns
absent,"1.  nieobecny
 2.  nieuważny",ˈæbsənt
absentee,ktoś nieobecny,nieobecny|osoba nieobecna|ˌæbsənˈti:
absently,nieuważnie,ˈæbsəntlɪ
absentminded,absent-minded,roztargniony|ˌæbsənt ˈmaɪndɪd
absentmindedly,absent-mindedly,przez roztargnienie|ˌæbsənt ˈmaɪndɪdlɪ
absolute,ˈæbsəlu:t,
absolutely,ˈæbsəlu:tlɪ,
absolution,rozgrzeszenie,ˌæbsəˈlu:ʃən
absolve,"1.  rozgrzeszać
 2.  oczyszczać",əbˈzɒlv
absorb,əbˈsɔ:b,
absorbent,wchłaniający,əbˈsɔ:bənt
absorbing,əbˈsɔ:bɪŋ,
absorption,"1.  zainteresowanie
 2.  wchłanianie",əbˈsɔ:pʃən
abstain,wstrzymywać się,əbˈsteɪn
abstemious,wstrzemięźliwy,əbˈsti:mɪəs
abstention,wstrzymanie się,wstrzymanie się od głosu|əbˈstenʃən
abstinence,abstynencja,ˈæbstɪnəns
abstracted,wyobcowany,æbˈstræktɪd
abstraction,"1.  abstrakcja
 2.  wyobcowanie",æbˈstrækʃən
absurd,absurdalny,groteskowy|əbˈsɜ:d
absurdity,absurd,əbˈsɜ:dɪtɪ
abundance,obfitość,əˈbʌndəns
abundant,obfity,əˈbʌndənt
abundantly,"1.  niezwykle
 2.  obficie",əˈbʌndəntlɪ
abusive,obraźliwy,əˈbju:sɪv
abysmal,nędzny,okropny|əˈbɪzməl
abyss,"1.  otchłań
 2.  przepaść",əˈbɪs
ac,prąd zmienny,
academic,naukowiec,ˌækəˈdemɪk
academy,akademia,əˈkædəmɪ
accede,przychylać się,əkˈsi:d
accelerate,przyspieszać,əkˈseləreɪt
acceleration,przyspieszenie,əkˌseləˈreɪʃən
accelerator,əkˈseləreɪtə,
accent,"accent
i.   1.  dialekt",
accentuate,kłaść nacisk na,əkˈsenʧʊeɪt
accept,1.  przyjmować,əkˈsept
acceptable,1.  uznawalny,"akceptowalny
 2.  do przyjęcia|əkˈseptəbəl"
acceptance,əkˈseptəns,
access,ˈækses,
accessible,əkˈsesəbəl,
accession,akcesja,əkˈseʃən
accessory,1.  akcesoria,əkˈsesərɪ
accident,"1.  przypadek
 2.  wypadek",ˈæksɪdənt
accidental,przypadkowy,ˌæksɪˈdentəl
accidentprone,accident-prone,podatny na wypadki|ˈæksɪdəntprəʊn
acclaim,"i.    wychwalać
ii.    aplauz",əˈkleɪm
acclimatize,əˈklaɪmətaɪz,
accolade,uznanie,ˈækəleɪd
accommodate,zakwaterować,əˈkɒmədeɪt
accommodating,uczynny,əˈkɒmədeɪtɪŋ
accommodation,əˌkɒməˈdeɪʃən,
accompaniment,"1.  akompaniament
 2.  dodatek",əˈkʌmpənɪmənt
accompanist,akompaniator,əˈkʌmpənɪst
accompany,"1.  towarzyszyć
 2.  akompaniować",əˈkʌmpənɪ
accomplice,əˈkʌmplɪs,
accomplish,dokonać,əˈkʌmplɪʃ
accomplished,znakomity,əˈkʌmplɪʃt
accomplishment,əˈkʌmplɪʃmənt,
accord,əˈkɔ:d,
accordance,əˈkɔ:dəns,
according to,według,zgodnie z|əˈkɔ:dɪŋ tə
accordingly,odpowiednio,wedle zasługi|əˈkɔ:dɪŋlɪ
accordion,akordeon,əˈkɔ:dɪən
accost,zaczepić,əˈkɒst
account,i.   1.  sprawozdanie,əˈkaʊnt
accountability,odpowiedzialność,əˌkaʊntəˈbɪlɪtɪ
accountable,odpowiedzialny,əˈkaʊntəbəl
accountancy,księgowość,əˈkaʊntənsɪ
accountant,księgowy,əˈkaʊntənt
accredited,"1.  akredytowany 
 2.  uznawany",əˈkredɪtɪd
acct,"acct.
  konto",
accumulate,gromadzić,əˈkju:mjəleɪt
accumulation,"1.  nagromadzenie
 2.  akumulacja",əˌkju:mjəˈleɪʃən
accuracy,"1.  dokładność
 2.  staranność",skrupulatność|ˈækjərəsɪ
accurate,ˈækjərət,
accusation,oskarżenie,ˌækju:ˈzeɪʃən
accuse,əˈkju:z,
accused,oskarżony,əˈkju:zd
accusing,oskarżycielski,əˈkju:zɪŋ
accustom,przyzwyczajać,əˈkʌstəm
accustomed,1.  zwykły,əˈkʌstəmd
ace,eɪs,wyborny
ache,eɪk,
achieve,osiągać,əˈʧi:v
achievement,1.  osiągnięcie,"wyczyn
 2.  spełnienie|əˈʧi:vmənt"
acid,ˈæsɪd,
acidic,kwasowy,əˈsɪdɪk
acidity,"1.  kwasowość
 2.  jadowitość",əˈsɪdɪtɪ
ack,"ack.
  potwierdzony",
acknowledge,əkˈnɒlɪʤ,
acknowledgement,əkˈnɒlɪʤmənt,
acne,trądzik,ˈæknɪ
acorn,żołądź,ˈeɪkɔ:n
acoustic,akustyczny,əˈku:stɪk
acoustics,akustyka,əˈku:stɪks
acquaint,zaznajamiać się,əˈkweɪnt
acquaintance,əˈkweɪntəns,
acquiesce,zgadzać się,ˌækwɪˈes
acquire,"1.  zdobywać
 2.  nabywać",əˈkwaɪə
acquisition,1.  nabytek,"zdobycz
 2.  nabycie|ˌækwɪˈzɪʃən"
acquit,zachowywać się,əˈkwɪt
acquittal,uniewinnienie,əˈkwɪtəl
acrid,ˈækrɪd,
acrimonious,ostry,ˌækrɪˈməʊnɪəs
acrimony,zażartość,ˈækrɪmənɪ
acrobat,akrobata,ˈækrəbæt
acrobatic,ˌækrəˈbætɪk,
across,əˈkrɒs,
act,popisywać się,ækt
acting,pełniący obowiązki,ˈæktɪŋ
action,ˈækʃən,
activate,aktywować,uruchamiać|ˈæktɪveɪt
active,"1.  aktywny
 2.  intensywny",energiczny|ˈæktɪv
activist,aktywista,działacz|ˈæktɪvɪst
activity,æˈktɪvɪtɪ,
actor,aktor,ˈæktə
actress,aktorka,ˈæktrəs
actual,"1.  rzeczywisty
 2.  faktyczny",sam|ˈækʧʊəl
actuality,"in actuality 
 - faktycznie",w istocie|właściwie|ˌækʧʊˈælɪtɪ
actually,w istocie,w rzeczy samej|ˈækʧʊəlɪ
acumen,zdolności,żyłka|ˈækju:mən
acute,ostry,əˈkju:t
ad,anno domini,ogłoszenie|roku pańskiego|æd
ad hoc,doraźny,ˌædˈhɒk
adamant,niewzruszony,ˈædəmənt
adams apple,adam's apple,grdyka|jabłko adama|ˌædəmz ˈæpəl
adapt,na),əˈdæpt
adaptability,przystosowalność,əˌdæptəˈbɪlɪtɪ
adaptable,łatwo dostosowujący się,əˈdæptəbəl
adapter,"1.  rozgałęźnik
 2.  zasilacz",adaptor|əˈdæptə
adaptor,"1.  rozgałęźnik
 2.  zasilacz",adapter|əˈdæptə
add,"add.
  adres",æd
adder,żmija,ˈædə
addict,"1.  narkoman
 2.  zapaleniec",ˈædɪkt
addicted,əˈdɪktɪd,
addiction,1.  uzależnienie,"narkomania
 2.  łakomstwo|əˈdɪkʃən"
addictive,powodujący uzależnienie,əˈdɪktɪv
addition,əˈdɪʃən,
additional,dodatkowy,əˈdɪʃənəl
additive,dodatek,przyprawa|ˈædɪtɪv
address,əˈdres,
adept,biegły,zręczny|ˈædept
adequacy,"1.  wystarczającość
 2.  adekwatność",ˈædɪkwəsɪ
adequate,"1.  wystarczający 
 2.  właściwy",ˈædɪkwɪt
adhere,ədˈhɪə,
adherence,przestrzeganie,ədˈhɪərəns
adherent,stronnik,ədˈhɪərənt
adhesion,przyleganie,przylepność|ədˈhi:ʒən
adhesive,ədˈhi:sɪv,
adjacent,sąsiadujący,əˈʤeɪsənt
adjectival,przymiotnikowy,ˌæʤɪkˈtaɪvəl
adjective,przymiotnik,ˈæʤɪktɪv
adjoin,przylegać,stykać się|əˈʤɔɪn
adjourn,"1.  odraczać
 2.  odkładać",əˈʤɜ:n
adjournment,odroczenie,əˈʤɜ:nmənt
adjudged,uznawany,uznawany za|əˈʤʌʤd
adjudicate,wyrokować,əˈʤu:dɪkeɪt
adjunct,ˈæʤʌŋkt,
adjust,regulować,əˈʤʌst
adjustable,dostosowywalny,nastawialny|əˈʤʌstəbəl
adjustment,əˈʤʌstmənt,
adlib,ad-lib,bez przygotowania|ˌædˈlɪb
administer,ədˈmɪnɪstə,
administration,1.  administracja,ədˌmɪnɪˈstreɪʃən
administrative,administracyjny,ədˈmɪnɪstrətɪv
administrator,zarządca,ədˈmɪnɪstreɪtə
admirable,godny podziwu,znakomity|ˈædmərəbəl
admiral,admirał,ˈædmərəl
admiration,podziw,ˌædmɪˈreɪʃən
admire,podziwiać,ədˈmaɪə
admirer,wielbiciel,ədˈmaɪərə
admiring,pełen podziwu,ədˈmaɪərɪŋ
admissible,do przyjęcia,ədˈmɪsəbəl
admission,ədˈmɪʃən,
admit,ədˈmɪt,
admittance,wejście,zezwolenie na wejście|ədˈmɪtəns
admittedly,co prawda,wprawdzie|ədˈmɪtɪdlɪ
admonish,karcić,ədˈmɒnɪʃ
ado,without more,əˈdu:
adolescence,okres dojrzewania,ˌædəˈlesəns
adolescent,nieletni,ˌædəˈlesənt
adopt,"1.  adoptować
 2.  przyjmować",əˈdɒpt
adoption,"1.  adopcja
 2.  przyjmowanie",əˈdɒpʃən
adorable,miły,əˈdɔ:rəbəl
adoration,uwielbienie,ˌædəˈreɪʃən
adore,uwielbiać,əˈdɔ:
adorn,przyozdabiać,əˈdɔ:n
adornment,"1.  ozdoba
 2.  zdobnictwo",ozdabianie|əˈdɔ:nmənt
adrift,dryfujący,w dryfie|əˈdrɪft
adroit,biegły,wprawny|əˈdrɔɪt
adulation,adoracja,czołobitność|ˌæʤʊˈleɪʃən
adult,"1.  dorosły
 2.  dojrzały",əˈdʌlt|ˈædʌlt
adulterate,chrzcić,chrzcić mleko|fałszować|əˈdʌltəreɪt
adultery,cudzołóstwo,zdrada|əˈdʌltərɪ
adulthood,dorosłość,ˈædʌlthʊd
advance,z wyprzedzeniem,ədˈvɑ:ns
advanced,ədˈvɑ:nst,
advancement,ədˈvɑ:nsmənt,
advantage,ədˈvɑ:ntɪʤ,
advantageous,korzystny,ˌædvənˈteɪʤəs
advent,adwent,nadejście|ˈædvent
adventist,adwentysta,ˈædvəntɪst
adventure,przygoda,ədˈvenʧə
adventurer,ədˈvenʧərə,
adventurous,ədˈvenʧərəs,
adverb,przysłówek,ˈædvɜ:b
adverbial,przysłówkowy,ədˈvɜ:bɪəl
adversary,przeciwnik,ˈædvəsərɪ
adverse,niekorzystny,ˈædvɜ:s
advert,ogłoszenie,reklama|ˈædvɜ:t
advertise,ˈædvətaɪz,
advertisement,ogłoszenie,reklama|ədˈvɜ:tɪsmənt
advertiser,osoba firma reklamująca się,osoba reklamująca się|ˈædvətaɪzə
advertising,ogłoszenia,reklama|ˈædvətaɪzɪŋ
advice,rada,ədˈvaɪs
advisable,celowy,sensowny|ədˈvaɪzəbəl
advise,ədˈvaɪz,
adviser,advisor,doradca|ədˈvaɪzə
advisor,adviser,doradca|ədˈvaɪzə
advisory,doradczy,ədˈvaɪzərɪ
advocate,ˈædvəkeɪt,
advt,"advt.
  ogłoszenie",
aerial,ˈeərɪəl,
aerodrome,lotnisko,ˈeərədrəʊm
aeroplane,samolot,ˈeərəpleɪn
aesthetic,estetyczny,esthetic|i:sˈθetɪk
afar,əˈfɑ:,
affable,przyjacielski,życzliwy|ˈæfəbəl
affair,przygoda,əˈfeə
affect,pozować,əˈfekt
affectation,afektacja,ˌæfekˈteɪʃən
affected,afektowany,əˈfektɪd
affection,uczucie,əˈfekʃən
affectionate,pełen uczucia,uczuciowy|əˈfekʃənət
affiliated,afiliowany,przyłączony|əˈfɪlɪeɪtɪd
affinity,1.  bliskość,əˈfɪnɪtɪ
affirm,1.  stwierdzać,əˈfɜ:m
affirmative,1.  twierdzący,əˈfɜ:mətɪv
affix,umocować,əˈfɪks
afflict,əˈflɪkt,
affliction,udręka,əˈflɪkʃən
affluence,dostatek,ˈæflʊəns
affluent,dostatni,majętny|ˈæflʊənt
afford,əˈfɔ:d,
affront,əˈfrʌnt,
afield,əˈfi:ld,
afloat,na powierzchni,əˈfləʊt
afoot,szykowany,əˈfʊt
aforementioned,wyżej wspomniany,əˌfɔ:ˈmenʃənd
aforesaid,wyżej wspomniany,əˈfɔ:sed
afraid,obawiam się,əˈfreɪd
afresh,od nowa,əˈfreʃ
africa,afryka,ˈæfrɪkə
african,"i.    afrykański
ii.    afrykanin",murzyn|ˈæfrɪkən
aftereffect,after-effect,następstwo|skutek późniejszy|ˈɑ:ftərɪfekt
aftermath,pokłosie,ˈɑ:ftəmæθ
afternoon,ɑ:ftəˈnu:n,
aftershave,płyn po goleniu,ˈɑ:ftəʃeɪv
afterthought,ˈɑ:ftəθɔ:t,
afterward,afterwards,później|ˈɑ:ftəwədz
afterwards,afterward,później|ˈɑ:ftəwədz
again,əˈgen,əˈgeɪn
against,əˈgenst,əˈgeɪnst
age,eɪʤ,"okres
 4.  wiek|starość
 3.  wiek"
aged,ˈeɪʤɪd,
ageless,ponadczasowy,ˈeɪʤlɪs
agency,agencja,biuro|ˈeɪʤənsɪ
agenda,rozkład dnia,əˈʤendə
agent,1.  przedstawiciel,"impresario
 2.  czynnik|ˈeɪʤənt"
ageold,age-old,wiekowy|ˌeɪʤˈəʊld
aggravate,"1.  pogarszać
 2.  irytować",ˈægrəveɪt
aggregate,1.  zespół,zbiór|ˈægrɪgət
aggression,"1.  agresywność
 2.  agresja",əˈgreʃən
aggressive,1.  zaczepny,"agresywny
 2.  rzutki|əˈgresɪv"
aggressor,agresor,əˈgresə
aggrieved,zirytowany,əˈgri:vd
aggro,agresja,napastliwość|ˈægrəʊ
aghast,przerażony,əˈgɑ:st
agile,sprawny,ˈæʤaɪl
agility,"1.  zwinność
 2.  sprawność",əˈʤɪlɪtɪ
agitate,1.  agitować,ˈæʤɪteɪt
agitation,"1.  podniecenie
 2.  agitacja",ˌæʤɪˈteɪʃən
agitator,orędownik,ˈæʤɪteɪtə
agm,doroczne walne zgromadzenie,
ago,əˈgəʊ,
agog,podniecony,əˈgɒg
agonize,przemyśliwać,zadręczać się|ˈægənaɪz
agonizing,ˈægənaɪzɪŋ,
agony,cierpienie,ˈægənɪ
agree,əgˈri:,
agreeable,əgˈri:əbəl,
agreement,əgˈri:mənt,
agricultural,ˌægrɪˈkʌlʧərəl,
agriculture,rolnictwo,ˈægrɪˌkʌlʧə
aground,na mieliznie,əˈgraʊnd
ah,ach,no|och
aha,ɑ:ˈhɑ:,
ahead,əˈhed,
ahoy,ahoj,əˈhɔɪ
ai,sztuczna inteligencja,
aid,eɪd,
aide,adiutant,asystent|eɪd
aids,eɪdz,
ail,eɪl,niedomagać
ailment,dolegliwość,ˈeɪlmənt
aim,eɪm,
aimless,bezcelowy,bezsensowny|ˈeɪmlɪs
air,budynek lotów,"eə|nalot
vii.  air terminal|stewardesa
vi.  air raid|terminal lotniczy"
airborne,ˈeəbɔ:n,
airconditioned,air-conditioned,klimatyzowany|ˈeəkənˌdɪʃənd
aircraft,ˈeəkrɑ:ft,
aircraftcarrier,aircraft-carrier,lotniskowiec|ˈeəkrɑ:ft ˌkærɪə
airfield,małe lotnisko,ˈeəfi:ld
airing,1.  wietrzenie,"przewietrzanie
 2.  rozgłaszanie|ˈeərɪŋ"
airless,duszny,ˈeəlɪs
airline,linia lotnicza,ˈeəlaɪn
airliner,samolot pasażerski,ˈeəlaɪnə
airmail,poczta lotnicza,ˈeəmeɪl
airplane,samolot,ˈeəpleɪn
airport,port lotniczy,ˈeəpɔ:t
airship,sterowiec,ˈeəʃɪp
airsick,chory na chorobę lokomocyjną,ˈeəsɪk
airspace,przestrzeń powietrzna,ˈeəspeɪs
airtight,ˈeətaɪt,
airtraffic control,air-traffic control,kontrola lotów|ˌeətræfɪk kənˈtrəʊl
airwaves,fale radiowe,ˈeəweɪvz
airy,"1.  przestronny
 2.  lekkomyślny",niepoważny|ˈeərɪ
aisle,aɪl,nawa|np. w teatrze
ajar,eˈʤɑ:,uchylony
akin,podobny,əˈkɪn
alabama,ˌæləˈbæmə,
alacrity,əˈlækrɪtɪ,
alarm,budzik,əˈlɑ:m|əˈlɑ:m klɒk
alarming,zatrważający,əˈlɑ:mɪŋ
alarmist,"i.    panikarz
ii.    panikarski",əˈlɑ:mɪst
alaska,əˈlæskə,
albania,ælˈbeɪnɪə,
albanian,"i.    albański
ii.    albańczyk",ælˈbeɪnɪən
albeit,choć,ɔ:lˈbi:t
albino,albinos,ælˈbi:nəʊ
album,ˈælbəm,
alcoholic,"i.    alkoholowy
ii.    alkoholik",ˌælkəˈhɒlɪk
alcove,alkowa,nisza|ˈælkəʊv
ale,eɪl,
alert,"i.    ostrzegać 
ii.    uważny",əˈlɜ:t
alevel,a-level,ˈeɪˌlevəl
algeria,algieria,ælˈʤɪərɪə
algerian,algierski,ælˈʤɪərɪən
algorithm,algorytm,ˈælgərɪθəm
alias,"i.    pseudonim
ii.    czyli",ˈeɪlɪəs
alien,ˈeɪlɪən,
alienate,ˈeɪlɪəneɪt,
alienation,"1.  wyobcowanie
 2.  niechęć",ˌeɪlɪəˈneɪʃən
alight,əˈlaɪt,
align,1.  wyrównywać,"porządkować
 2.  sprzymierzać się|əˈlaɪn"
alignment,1.  wyrównanie,"porządkowanie
 2.  sprzymierzenie się|əˈlaɪnmənt"
alike,po równi,əˈlaɪk
alimony,alimenty,ˈælɪmənɪ
alive,być ożywionym,əˈlaɪv
alkali,zasada,ˈælkəlaɪ
all,co robisz,ɔ:l|ˌɒl:ˈraɪt|ˌɔ:l ˈklɪə
allah,allach,ˈælə
allay,əˈleɪ,
allegation,domniemanie,ˌælɪˈgeɪʃən
allege,domniemywać,əˈleʤ
alleged,domniemany,əˈleʤd
allegiance,lojalność,oddanie|əˈli:ʤəns
allegorical,alegoryczny,ˌælɪˈgɒrɪkəl
allegory,alegoria,ˈælɪgərɪ
alleluia,alleluja,ˌælɪˈlu:jə
allergic,alergiczny,uczulony|əˈlɜ:ʤɪk
allergy,alergia,uczulenie|ˈæləʤɪ
alleviate,əˈli:vɪeɪt,
alleviation,zelżenie,zmniejszenie|əˌli:vɪˈeɪʃən
alley,dróżka,ˈælɪ
alliance,przymierze,współpraca|əˈlaɪəns
allied,"1.  sprzymierzony
 2.  podobny",əˈlaɪd|ˈælaɪd
alligator,aligator,ˈælɪgeɪtə
allin,all-in,całkowity|ˌɔ:lˈɪn
allnight,all-night,całonocny|ˌɔ:lˈnaɪt
allocate,przeznaczać,przydzielać|ˈæləkeɪt
allocation,przydział,ˌæləˈkeɪʃən
allot,przydzielić,əˈlɒt
allotment,"ogródek
 2.  przydział",əˈlɒtmənt
allout,all-out,bezpardonowy|ˌɔ:lˈaʊt
allow,mieć pozwolenie,əˈlaʊ
allowable,dopuszczalny,əˈlaʊəbəl
allowance,əˈlaʊəns,
alloy,stop,ˈælɔɪ
allpowerful,all-powerful,wszechpotężny|ˌɔ:lˈpaʊəfʊl
allround,all-round,wszechstronny|ˌɔ:lˈraʊnd
allspice,ziele angielskie,ˈɔ:lspaɪs
allude,robić aluzje,əˈlu:d
allure,əˈlʊə,
allusion,aluzja,əˈlu:ʒən
almighty,ɔ:lˈmaɪtɪ,
almond,migdał,ˈɑ:mənd
almost,prawie,ˈɔ:lməʊst
aloft,w górze,əˈlɒft
alone,na własną rękę,əˈləʊn
along,əˈlɒŋ,
alongside,əˌlɒŋˈsaɪd,
aloof,1.  samotniczy,"powściągliwy
 2.  z dala|əˈlu:f"
aloud,głośno,na głos|əˈlaʊd
alphabet,alfabet,ˈælfəbet
alphabetical,alfabetyczny,ˌælfəˈbetɪkəl
alphanumeric,alfanumeryczny,literowo-cyfrowy|ˌælfənju:ˈmerɪk
alpine,alpejski,wysokogórski|ˈælpaɪn
already,już,ɔ:lˈredɪ
also,także,ˈɔ:lsəʊ
altar,ołtarz,ˈɔ:ltə
alter,1.  zmieniać się,"zmieniać
 2.  przerabiać|ˈɔ:ltə"
alteration,ˌɔ:ltəˈreɪʃən,
altercation,zwada,ˌɔ:ltəˈkeɪʃən
alternately,na przemian,ɔ:lˈtɜ:nətlɪ
alternating,zmienny,ˈɔ:ltəneɪtɪŋ
alternation,następstwo,ˌɔ:ltəˈneɪʃən
alternative,ɔ:lˈtɜ:nətɪv,
although,chociaż,ɔ:lˈðəʊ
altitude,wysokość,ˈæltɪtju:d
alto,ˈæltəʊ,
altogether,ˌɔ:ltəˈgeðə,
always,zawsze,ˈɔ:lweɪz
am,ante meridiem,
ama,amerykańskie towarzystwo medyczne,
amalgamate,łączyć się,əˈmælgəmeɪt
amass,zgromadzić,əˈmæs
amateur,"amator
ii.    domorosły",i.    hobbista|nieprofesjonalny|ˈæmətə
amateurish,domorosły,nieprofesjonalny|ˈæmətərɪʃ
amaze,zadziwiać,əˈmeɪz
amazement,zdumienie,əˈmeɪzmənt
amazing,zdumiewający,əˈmeɪzɪŋ
amazon,ˈæməzən,
ambassador,ambasador,æmˈbæsədə
amber,"i.    bursztyn
ii.    bursztynowy",miodowy|ˈæmbə
ambidextrous,oburęczny,ˌæmbɪˈdekstrəs
ambiguity,niejednoznaczność,ˌæmbɪˈgju:ɪty
ambiguous,dwuznaczny,niejednoznaczny|æmˈbɪgjʊəs
ambition,æmˈbɪʃən,
ambitious,"1.  przebojowy
 2.  ambitny",æmˈbɪʃəs
ambivalent,ambiwalentny,dwuznaczny|æmˈbɪvələnt
amble,ˈæmbəl,
ambulance,ambulans,karetka|ˈæmbjʊləns
ambush,ˈæmbʊʃ,
ameliorate,ulepszać,əˈmi:lɪəreɪt
amen,ɑ:ˈmen,
amenable,"1.  skłonny 
 2.  podlegający",əˈmi:nəbəl
amend,1.  poprawiać,əˈmend
amendment,poprawka,əˈmendmənt
amenity,udogodnienie,wygoda|əˈmi:nɪtɪ
america,ameryka,əˈmerɪkə
american,"i.    amerykański
ii.    amerykanin",əˈmerɪkən
amiable,przyjazny,ˈeɪmɪəbəl
amicable,"1.  przyjacielski
 2.  polubowny",ˈæmɪkəbəl
amid,amidst,pośród|əˈmɪd
amidst,amid,pośród|əˈmɪd
amiss,əˈmɪs,
ammonia,amoniak,əˈməʊnɪə
ammunition,amunicja,ˌæmjʊˈnɪʃən
amnesia,amnezja,æmˈni:zɪə
amnesty,amnestia,ˈæmnəstɪ
among,amongst,pomiędzy|əˈmʌŋ
amongst,among,pomiędzy|əˈmʌŋ
amoral,amoralny,ˌeɪˈmɒrəl
amorous,erotyczny,kochliwy|ˈæmərəs
amorphous,amorficzny,bezkształtny|əˈmɔ:fəs
amount,być równoznacznym,əˈmaʊnt
amp,amper,ampere|ˈæmp
ampere,amp,amper|ˈæmp
amphibian,płaz,æmˈfɪbɪən
amphibious,ziemno-wodny,æmˈfɪbɪəs
amphitheatre,amfiteatr,ˈæmfɪθɪətə
ample,ˈæmpəl,
amplification,"1.  wzmocnienie
 2.  wyjaśnienie",ˌæmplɪfɪˈkeɪʃən
amplifier,wzmacniacz,ˈæmplɪfaɪə
amplify,ˈæmplɪfaɪ,
amply,obszernie,ˈæmplɪ
amputate,amputować,ˈæmpjʊteɪt
amputation,amputacja,ˌæmpjʊˈteɪʃən
amuse,zabawiać,əˈmju:z
amused,rozbawiony,əˈmju:zd
amusement,əˈmju:zmənt,
amusing,zabawny,əˈmju:zɪŋ
anachronism,anachronizm,əˈnækrənɪzəm
anachronistic,anachroniczny,əˌnækrəˈnɪstɪk
anaemia,anemia,əˈni:mɪə
anaemic,anemic,əˈni:mɪk
anaesthesia,anesthesia,ˌænəsˈθi:zɪə
anaesthetic,anesthetic,środek znieczulający|ˌænəsˈθetɪk
anal,odbytowy,ˈeɪnəl
analgesic,środek przeciwbólowy,ˌænəlˈʤi:zɪk
analogous,analogiczny,əˈnæləgəs
analogy,analogia,əˈnæləʤɪ
analyse,analizować,analyze|ˈænəlaɪz
analysis,əˈnælɪsɪs,
analyst,ˈænəlɪst,
analytic,analityczny,analytical|ˌænəˈlɪtɪk
analytical,analityczny,analytic|ˌænəˈlɪtɪk
analyze,analizować,analyse|ˈænəlaɪz
anarchist,"i.    anarchista
ii.    anarchistyczny",ˈænəkɪst
anarchy,anarchia,ˈænəkɪ
anathema,əˈnæθɪmə,
anatomical,anatomiczny,ˌænəˈtɒmɪkəl
anatomy,"1.  anatomia
 2.  struktura",əˈnætəmɪ
ancestor,przodek,ˈænsəstə
ancestral,rodowy,ænˈsestrəl
ancestry,pochodzenie,ród|ˈænsəstrɪ
anchor,ˈæŋkə,
anchovy,sardela,ˈænʧəvɪ
ancient,ˈeɪnʃənt,
ancillary,"1.  pomocniczy
 2.  podrzędny",ænˈsɪlərɪ
and,ænd,ən|ənd
anecdote,anegdota,żart|ˈænɪkdəʊt
anemia,anaemia,əˈni:mɪə
anemic,anaemic,əˈni:mɪk
anemone,anemon,zawilec|əˈnemənɪ
anesthesia,anaesthesia,ˌænəsˈθi:zɪə
anesthetic,anaesthetic,środek znieczulający|ˌænəsˈθetɪk
anew,od nowa,əˈnju:
angel,anioł,ˈeɪnʤəl
angelic,anielski,ænˈʤelɪk
anger,ˈæŋgə,
angle,nachylony,ˈæŋgəl
angler,wędkarz,ˈæŋglə
anglican,anglikański,ˈæŋglɪkən
angry,gniewać się na,ˈæŋgrɪ
anguish,1.  cierpienie,ˈæŋgwɪʃ
angular,kanciasty,ˈæŋgjʊlə
animal,ˈænɪməl,
animated,"1.  ożywiony
 2.  animowany",ˈænɪmeɪtɪd
animation,"1.  ożywienie
 2.  animacja",ˌænɪˈmeɪʃən
animosity,niechęć,uraza|ˌænɪˈmɒsɪtɪ
aniseed,ˈænɪsi:d,
ankle,kostka,ˈæŋkəl
annals,ˈænəlz,
annex,"annex
i.    skrzydło","dobudówka 
ii.    anektować"
annexation,aneksja,ˌænekˈseɪʃən
annihilate,unicestwiać,əˈnaɪəleɪt
annihilation,unicestwienie,əˌnaɪəˈleɪʃən
anniversary,rocznica,ˌænɪˈvɜ:sərɪ
anno domini,ad,roku pańskiego
announce,1.  ogłaszać,"zawiadamiać
 2.  oznajmiać|əˈnaʊns"
announcement,"1.  zawiadomienie
 2.  ogłoszenie",əˈnaʊnsmənt
announcer,spiker,əˈnaʊnsə
annoy,drażnić,złościć|əˈnɔɪ
annoyance,irytacja,rozzłoszczenie się|əˈnɔɪəns
annual,ˈænjʊəl,
annul,anulować,rozwiązywać|əˈnʌl
anoint,namaszczać,əˈnɔɪnt
anomalous,nieprawidłowy,əˈnɒmələs
anomaly,anomalia,əˈnɒməlɪ
anon,anon.,anonim|anonimowy|əˈnɒn
anonymity,anonimowość,ˌænəˈnɪmɪtɪ
anonymous,anonimowy,əˈnɒnɪməs
anorak,kurtka z kapturem,skafander|ˈænəræk
another,siebie,się wzajemnie|əˈnʌðə
ans,"ans.
  odpowiedź",
ansi,narodowy amerykański instytut normalizacyjny,ˈænsɪ
answer,być odpowiedzialnym za,ˈɑ:nsə
answerable,odpowiedzialny,ˈɑ:nsərəbəl
ant,mrówka,ænt
antagonism,ænˈtægənɪzəm,
antagonist,przeciwnik,ænˈtægənɪst
antagonistic,1.  przeciwny,"antagonistyczny   
 2.  wrogi|ænˌtægəˈnɪstɪk"
antagonize,zrażać sobie,ænˈtægənaɪz
antarctic,æntˈɑ:rktɪk,
antarctica,antarktyda,æntˈɑ:rktɪkə
antecedent,poprzednik,przodek|ˌæntɪˈsi:dənt
antelope,antylopa,ˈæntɪləʊp
antenatal,ˌæntɪˈneɪtəl,
anthem,hymn,ˈænθəm
anthology,antologia,ænˈθɒləʤɪ
anthropologist,antropolog,ˌænθrəˈpɒləʤɪst
anthropology,antropologia,ˌænθrəˈpɒləʤɪ
antibiotic,"i.    antybiotyk
ii.    antybiotykowy",ˌæntɪbaɪˈɒtɪk
antichrist,antychryst,ˈæntɪkraɪst
anticipate,"1.  przewidywać
 2.  wyczekiwać",ænˈtɪsɪpeɪt
anticipation,"1.  przewidywanie
 2.  oczekiwanie",ænˌtɪsɪˈpeɪʃən
anticlimax,rozczarowanie,zawód|ˌæntɪˈklaɪmæks
anticlockwise,anti-clockwise,ˌæntɪˈklɒkwaɪz
antics,ˈæntɪks,
anticyclone,obszar wysokiego ciśnienia,ˌæntɪˈsaɪkləʊn
antidote,antidotum,odtrutka|ˈæntɪdəʊt
antifreeze,substancja przeciw zamarzaniu,ˈæntɪfri:z
antipathy,antypatia,ænˈtɪpəθɪ
antiquarian,antykwaryczny,ˌæntɪˈkweərɪən
antiquated,przestarzały,ˈæntɪkweɪtɪd
antique,antyk,zabytek|ænˈti:k
antiquity,ænˈtɪkwɪtɪ,
antisemitism,anti-semitism,antysemityzm|ˌæntɪˈsemɪtɪzəm
antiseptic,środek odkażający,ˌæntɪˈseptɪk
antisocial,"1.  nietowarzyski
 2.  aspołeczny",anti-social|ˌæntɪˈsəʊʃəl
antithesis,przeciwieństwo,ænˈtɪθɪsɪs
antler,poroże,ˈæntlə
antwerp,antwerpia,ˈæntwɜ:p
anus,odbyt,ˈeɪnəs
anvil,kowadło,ˈænvɪl
anxiety,æŋˈzaɪətɪ,
anxious,ˈæŋkʃəs,
any,ˈenɪ,
anyhow,jakkolwiek,ˈenɪhaʊ
anyone,ˈenɪwʌn,
anything,ˈenɪθɪŋ,
anyway,ˈenɪweɪ,
anywhere,"1.  gdziekolwiek
 2.  nigdzie",ˈenɪweə
apart,əˈpɑ:t,
apartment,əˈpɑ:tmənt,
apathetic,apatyczny,ˌæpəˈθetɪk
apathy,apatia,ˈæpəθɪ
ape,eɪp,
aperitif,əˌperɪˈti:f,
aperture,ˈæpəʧə,
apex,wierzchołek,ˈeɪpeks
aphorism,aforyzm,ˈæfərɪzəm
aphrodisiac,afrodyzjak,ˌæfrəˈdɪzɪæk
apiece,na osobę,na sztukę|əˈpi:s
aplomb,pewność siebie,əˈplɒm
apolitical,apolityczny,ˌeɪpəˈlɪtɪkəl
apologetic,1.  przepraszający,"for 
 - przepraszać za|əˌpɒləˈʤetɪk"
apologize,prosić o wybaczenie,przepraszać|əˈpɒləʤaɪz
apology,prośba o wybaczenie,przeprosiny|əˈpɒləʤɪ
apoplexy,apopleksja,udar|ˈæpəpleksɪ
apostle,apostoł,əˈpɒstəl
app,"app.
  dodatek",suplement
appal,appall,napełniać niesmakiem|zatrważać|əˈpɔ:l
appall,appal,napełniać niesmakiem|zatrważać|əˈpɔ:l
appalling,"1.  zatrważający
 2.  okropny",əˈpɔ:lɪŋ
apparatus,urządzenie,ˌæpəˈreɪtəs
apparent,"1.  pozorny
 2.  oczywisty",widoczny|əˈpærənt
apparition,zjawa,ˌæpəˈrɪʃən
appeal,apelacja,odwołanie|əˈpi:l
appealing,atrakcyjny,əˈpi:lɪŋ
appear,əˈpɪə,
appearance,əˈpɪərəns,
appease,łagodzić,əˈpi:z
append,dodawać,dołączać|əˈpend
appendicitis,əˌpendɪˈsaɪtɪs,
appetite,ˈæpɪtaɪt,
appetizing,apetyczny,ˈæpɪtaɪzɪŋ
applaud,oklaskiwać,əˈplɔ:d
applause,aplauz,oklaski|əˈplɔ:z
apple,jabłoń,ˈæpəl|ˈæpəl tri:
appliance,urządzenie,əˈplaɪəns
applicable,əˈplɪkəbəl,
applicant,do),kandydat (for - na|ˈæplɪkənt
application,1.  podanie,zgłoszenie (for - do|ˌæplɪˈkeɪʃən
applied,stosowany,əˈplaɪd
apply,1.  zgłaszać swoją kandydaturę,əˈplaɪ
appoint,əˈpɔɪnt,
appointment,əˈpɔɪntmənt,
appraisal,əˈpreɪzəl,
appraise,oceniać,əˈpreɪz
appreciable,znaczny,əˈpri:ʃəbəl
appreciate,əˈpri:ʃɪeɪt,
appreciation,əˌpri:ʃɪˈeɪʃən,
appreciative,1.  rozumiejący,əˈpri:ʃətɪv
apprehension,obawa,przeczucie|ˌæprɪˈhenʃən
apprehensive,co do),ˌæprɪˈhensɪv
apprentice,praktykant,terminator|əˈprentɪs
apprenticeship,praktyka,terminowanie|əˈprentɪsʃɪp
appro,zatwierdzenie,ˈæprəʊ
approach,əˈprəʊʧ,
approachable,1.  przystępny,əˈprəʊʧəbəl
approbation,aprobata,zgoda|əˌprəˈbeɪʃən
approval,əˈpru:vəl,
approve,əˈpru:v,
approximation,"1.  przybliżenie   
 2.  oszacowanie",əˌprɒksɪˈmeɪʃən
apr,"apr.
  kwiecień",
apricot,morela,ˈeɪprɪkɒt
april,kwiecień,ˈeɪprɪl
apron,fartuch,ˈeɪprən
apt,æpt,
aptitude,zdolność,ˈæptɪtju:d
aquarium,akwarium,əˈkweərɪəm
aquarius,əˈkweərɪəs,
aquatic,wodny,əˈkwætɪk
aqueduct,akwedukt,ˈækwɪdʌkt
arab,ˈærəb,
arabia,əˈreɪbɪə,
arabian,arabski,əˈreɪbɪən
arabic,arabski,ˈærəbɪk
arable,orny,uprawny|ˈærəbəl
arbiter,ˈɑ:bɪtə,
arbitrary,arbitralny,ˈɑ:bɪtrərɪ
arbitrate,rozstrzygać,ˈɑ:bɪtreɪt
arbitration,arbitraż,ˌɑ:bɪˈtreɪʃən
arc,łuk,ɑ:k
arcade,arkada,podcienie|ɑ:ˈkeɪd
arch,ɑ:ʧ,
archaeologist,archeolog,archeologist|ˌɑ:kɪˈɒləʤɪst
archaeology,archeologia,archeology|ˌɑ:kɪˈɒləʤɪ
archaic,archaiczny,ɑ:ˈkeɪɪk
archbishop,arcybiskup,ˌɑ:ʧˈbɪʃəp
archeologist,archaeologist,archeolog|ˌɑ:kɪˈɒləʤɪst
archeology,archaeology,archeologia|ˌɑ:kɪˈɒləʤɪ
archer,łucznik,ˈɑ:ʧə
archery,łucznictwo,ˈɑ:ʧərɪ
archetype,archetyp,uosobienie|ˈɑ:kɪtaɪp
archipelago,archipelag,ˌɑ:kɪˈpeləgəʊ
architect,architekt,budowniczy|ˈɑ:kɪtekt
architecture,architektura,ˈɑ:kɪtekʧə
archive,archiwum,ˈɑ:kaɪv
arctic,ˈɑ:rktɪk,
ardent,zapalony,ˈɑ:dənt
ardor,ardour,zapał|ˈɑ:də
ardour,ardor,zapał|ˈɑ:də
arduous,nużący,ˈɑ:djʊəs
area,1.  obszar,ˈeərɪə
arena,əˈri:nə,
argentina,argentyna,ˌɑ:ʤənˈti:nə
argentinian,argentyński,ˌɑ:ʤenˈtɪnɪən
arguable,ˈɑ:gjʊəbəl,
argue,ˈɑ:gju:,
argument,ˈɑ:gju:mənt,
argumentative,kłótliwy,ˌɑ:gjʊˈmentətɪv
aria,ˈɑ:rɪə,
arid,jałowy,ˈærɪd
aries,ˈeəri:z,
arise,powstawać,əˈraɪz
aristocracy,arystokracja,ˌærɪˈstɒkrəsɪ
aristocrat,arystokrata,ˈærɪstəkræt
arizona,ˌærɪˈzəʊnə,
ark,arka,ɑ:k
arkansas,ˈɑ:kənsɔ:,
arm,ɑ:m,
armament,ˈɑ:məmənt,
armchair,fotel,ˈɑ:mʧeə
armed,siły zbrojne,ɑ:md|ˌɑ:md ˈfɔ:sɪs
armenia,əˈmi:nɪə,
armenian,"i.    ormiański
ii.    ormianin",əˈmi:nɪən
armful,naręcze,ˈɑ:mfʊl
armistice,zawieszenie broni,ˈɑ:mɪstɪs
armor,armour,ˈɑ:mə
armored,armoured,opancerzony|pancerny|ˈɑ:məd
armour,armor,ˈɑ:mə
armoured,armored,opancerzony|pancerny|ˈɑ:məd
armpit,pacha,ˈɑ:mpɪt
army,armia,wojsko|ˈɑ:mɪ
aroma,aromat,əˈrəʊmə
aromatic,aromatyczny,ˌærəˈmætɪk
arousal,obudzenie,pobudzenie|əˈraʊzəl
arouse,1.  pobudzać,əˈraʊz
arrange,əˈreɪnʤ,
array,i.    zgromadzenie,ukazywać|əˈreɪ
arrears,əˈrɪəz,
arrest,i.    aresztowanie,əˈrest
arrival,əˈraɪvəl,
arrive,1.  przybywać,əˈraɪv
arrogance,arogancja,ˈærəgəns
arrogant,arogancki,ˈærəgənt
arrow,strzała,strzałka|ˈærəʊ
arse,dupa,ɑ:s
arsenic,arszenik,ˈɑ:sənɪk
arson,umyślne podpalenie,ˈɑ:sən
art,ɑ:t,
artefact,artefakt,wytwór ludzi|ˈɑ:təfækt
artery,tętnica,ˈɑ:tərɪ
artful,zręczny,ˈɑ:tfʊl
arthritis,artretyzm,ɑ:ˈθraɪtɪs
artichoke,topinambur,ˈɑ:tɪʃəʊk
article,"1.  artykuł
 2.  przedmiot",ˈɑ:tɪkəl
articulated,ɑ:ˌtɪkjʊˈleɪted,
articulation,wyartykułowanie,ɑ:ˌtɪkjʊˈleɪʃən
artificial,ˌɑ:tɪˈfɪʃəl,ˌɑ:tɪˈfɪʃəl ɪnˈtelɪʤəns
artificiality,sztuczność,ˌɑ:tɪfɪʃɪˈælɪtɪ
artillery,artyleria,ɑ:ˈtɪlərɪ
artisan,rzemieślnik,ˌɑ:tɪˈzæn
artist,artysta,ˈɑ:tɪst
artistic,"1.  artystyczny
 2.  twórczy",ɑ:ˈtɪstɪk
artistry,sztuka,ˈɑ:tɪstrɪ
artless,naiwny,naturalny|szczery|ˈɑ:tlɪs
arty,interesujący się sztuką,ˈɑ:tɪ
asbestos,azbest,æsˈbestɒs
ascend,əˈsend,
ascendancy,przewaga,æˈsendənsɪ
ascent,əˈsent,
ascertain,stwierdzać,ˌæsəˈteɪn
ascetic,"i.    ascetyczny
ii.    asceta",əˈsetɪk
ascribe,przypisywać,əˈskraɪb
asexual,bezpłciowy,ˌeɪˈsekʃʊəl
ash,æʃ,
ashamed,əˈʃeɪmd,
ashore,do brzegu,na brzeg|əˈʃɔ:
ashtray,popielniczka,ˈæʃtreɪ
asia,azja mniejsza,ˈeɪʃə|ˈeɪʃə ˌmaɪnə
asian,"i.    azjatycki
ii.    azjata",ˈeɪʃən
aside,əˈsaɪd,
ask,ktoś się sam doprasza,ɑ:sk
askew,skrzywiony,əˈskju:
asleep,əˈsli:p,
asp,osika,æsp
asparagus,"1.  asparagus
 2.  szparag",əˈspærəgəs
aspect,"widok
 3.  postać",ˈæspekt
aspersions,əˈspɜ:ʃənz,
asphalt,asfalt,ˈæsfælt
asphyxiate,æˈsfɪksɪeɪt,
aspirant,after,"be an aspirant to|for 
 - aspirować do|əˈspaɪərənt"
aspiration,aspiracja,ˌæspɪˈreɪʃən
aspire,dążyć,əˈspaɪə
aspirin,aspiryna,ˈæspɪrɪn
aspiring,ambitny,əsˈpaɪərɪŋ
ass,æs,
assail,"1.  atakować
 2.  osaczać",əˈseɪl
assailant,napastnik,əˈseɪlənt
assassin,morderca,əˈsæsɪn
assassinate,mordować,əˈsæsɪneɪt
assassination,morderstwo,əˌsæsɪˈneɪʃən
assault,əˈsɔ:lt,
assemble,1.  gromadzić się,"gromadzić
 2.  montować|əˈsembəl"
assembly,linia montażowa,əˈsemblɪ|əˈsemblɪ laɪn
assent,"aprobata
ii.    aprobować",əˈsent
assert,əˈsɜ:t,
assess,"1.  oceniać
 2.  szacować",əˈses
assessment,"1.  ocena
 2.  oszacowanie",əˈsesmənt
asset,majątek,"plus 
 2. assets  aktywa|ˈæset"
assiduous,pilny,əˈsɪdjʊəs
assign,əˈsaɪn,
assignment,"1.  zadanie
 2.  przydział",əˈsaɪnmənt
assimilate,asymilować,əˈsɪmɪleɪt
assimilation,1.  przyswajanie,"absorpcja
 2.  asymilacja|əˌsɪmɪˈleɪʃən"
assist,pomagać,əˈsɪst
assistance,əˈsɪstəns,
assistant,ekspedient,əˈsɪstənt
assoc,"assoc.
  stowarzyszenie",
association,əˌsəʊsɪˈeɪʃən,
assorted,mieszany,różniący się|əˈsɔ:tɪd
assortment,wybór,əˈsɔ:tmənt
asst,"asst.
  zastępca",
assume,1.  zakładać,przypuszczać (that -|əˈsju:m
assuming,przyjmując,əˈsju:mɪŋ
assumption,przyjmować,əˈsʌmpʃən
assurance,z pewnością siebie,əˈʃʊərəns
assure,1.  zapewniać,upewniać się|əˈʃʊə
assured,pewny siebie,əˈʃʊəd
asterisk,gwiazdka,ˈæstərɪsk
astern,na rufie,wstecz|əˈstɜ:n
asthma,astma,ˈæsmə
asthmatic,astmatyczny,æsˈmætɪk
astir,poruszony,wzburzony|əˈstɜ:
astonish,zadziwiać,əˈstɒnɪʃ
astonishment,zdumienie,əˈstɒnɪʃmənt
astound,zdumiewać,əˈstaʊnd
astray,əˈstreɪ,
astride,okrakiem,əˈstraɪd
astringent,i.    środek ściągający,"srogi|ściągający
ii.    ostry|əˈstrɪnʤənt"
astrologer,astrolog,əˈstrɒləʤə
astrology,astrologia,əˈstrɒləʤɪ
astronaut,astronauta,ˈæstrənɔ:t
astronomer,astronom,əˈstrɒnəmə
astronomical,astronomiczny,ˌæstrəˈnɒmɪkəl
astronomy,astronomia,əˈstrɒnəmɪ
astute,przenikliwy,zręczny|əˈstju:t
asylum,əˈsaɪləm,
at,æt,ət
atheism,ateizm,ˈeɪθɪɪzəm
athlete,atleta,lekkoatleta|ˈæθli:t
athletic,"1.  atletyczny
 2.  lekkoatletyczny",æθˈletɪk
athletics,lekka atletyka,æθˈletɪks
atlantic,ətˈlæntɪk,
atlas,ˈætləs,
atmosphere,atmosfera,ˈætməsfɪə
atmospheric,atmosferyczny,ˌætməsˈferɪk
atom,ˈætəm,
atomic,atomowy,nuklearny|əˈtɒmɪk
atone,odpokutowywać,əˈtəʊn
atrocious,odrażający,okropny|əˈtrəʊʃəs
atrocity,bestialstwo,əˈtrɒsɪtɪ
attach,1.  przyłączać,"dołączać 
 2.  odnosić się|odnosić|əˈtæʧ"
attached,przywiązany,əˈtæʧt
attachment,"1.  przywiązanie
 2.  przystawka",əˈtæʧmənt
attack,"atak
ii.   1.  atakować",əˈtæk
attain,osiągać,əˈteɪn
attainable,do osiągnięcia,osiągalny|əˈteɪnəbəl
attainment,osiągnięcie,əˈteɪnmənt
attempt,əˈtemt,
attempted,usiłowany,əˈtemtɪd
attend,əˈtend,
attendance,1.  uczestnictwo,"obecność
 2.  uczęszczanie|əˈtendəns"
attendant,əˈtendənt,
attention,əˈtenʃən,
attentive,əˈtentɪv,
attest,poświadczać,əˈtest
attested,atestowany,əˈtestɪd
attic,mansarda,ˈætɪk
attire,odzienie,əˈtaɪə
attitude,postawa,ˈætɪtju:d
attorney,əˈtɜ:nɪ,
attract,əˈtrækt,
attraction,"pociąg 
 2.  atrakcja",əˈtrækʃən
attractive,atrakcyjny,əˈtræktɪv
attribute,atrybut,"i.    przypisywać 
ii.    cecha|ˈætrɪbju:t"
au pair,au pair girl,ˌəʊˈpeə
au pair girl,au pair,ˌəʊˈpeə
aubergine,bakłażan,ˈəʊbəʒi:n
auburn,kasztanowy,ˈɔ:bən
auction,"aukcja
ii.   1.  licytować",i.    licytacja|wyprzedawać|ˈɔ:kʃən
auctioneer,licytator,ˌɔ:kʃəˈnɪə
audacious,zuchwały,śmiały|ɔ:ˈdeɪʃəs
audacity,czelność,ɔ:ˈdæsɪtɪ
audible,słyszalny,ˈɔ:dɪbəl
audience,1.  widownia,"publiczność
 2.  audiencja|ˈɔ:dɪəns"
audio,dźwiękowy,muzyczny|ˈɔ:dɪəʊ
audiovisual,audio-visual,audiowizualny|ˌɔ:dɪəʊˈvɪʒʊəl
audit,ˈɔ:dɪt,
audition,na),ɔ:ˈdɪʃən
auditor,biegły księgowy,ˈɔ:dɪtə
auditorium,ˌɔ:dɪˈtɔ:rɪəm,
aug,"aug.
  sierpień",
augment,zwiększać,ɔ:gˈment
augur,wróżyć,ˈɔ:gə
august,dostojny,sierpień|ɔ:ˈgʌst|ˈɔ:gəst
aunt,ciotka,ɑ:nt
auntie,ciocia,ˈɑ:ntɪ
aura,ˈɔ:rə,
aural,dźwiękowy,słuchowy|ˈɔ:rəl
auspices,ˈɔ:spɪsɪz,
auspicious,pomyślny,ɔ:ˈspɪʃəs
aussie,"1.  australijczyk
 2.  australia",ˈɒzɪ
austere,niewyszukany,ɔ:ˈstɪə
austerity,prostota,surowość|ɔ:ˈsterɪtɪ
australia,ɒˈstreɪlɪə,
australian,"i.    australijski
ii.    australijczyk",ɒˈstreɪlɪən
austria,ˈɒstrɪə,
austrian,"i.    austriacki
ii.    austriak",ˈɒstrɪən
authentic,autentyczny,ɔ:ˈθentɪk
authenticate,potwierdzać autentyczność,ɔ:ˈθentɪkeɪt
authenticity,autentyczność,ˌɔ:θenˈtɪsɪtɪ
author,autor,pisarz|ˈɔ:θə
authoritarian,"i.    apodyktyczny
ii.    despota",ɔ:ˌθɒrɪˈteərɪən
authoritative,"1.  autorytatywny
 2.  wyczerpujący",miarodajny|ɔ:ˈθɒrɪtətɪv
authority,administracja,ɔ:ˈθɒrɪtɪ
authorization,upoważnienie,ˌɔ:θəraɪˈzeɪʃən
authorize,ˈɔ:θəraɪz,
auto,samochód,ˈɔ:təʊ
autobiographical,autobiograficzny,ˌɔ:təbaɪəˈgræfɪkəl
autobiography,autobiografia,ˌɔ:təbaɪˈɒgrəfɪ
autocracy,autokracja,ɔ:ˈtɒkrəsɪ
autograph,"i.    autograf
ii.    podpisywać",składać autografy|ˈɔ:təgrɑ:f
automate,automatyzować,ˈɔ:təmeɪt
automatic,ˌɔ:təˈmætɪk,
automation,automatyzacja,ˌɔ:təˈmeɪʃən
automaton,automat,robot|ɔ:ˈtɒmətən
automobile,samochód,ˈɔ:təməbi:l
autonomous,autonomiczny,ɔ:ˈtɒnəməs
autonomy,autonomia,ɔ:ˈtɒnəmɪ
autopsy,sekcja zwłok,ˈɔ:tɒpsɪ
autumn,ˈɔ:təm,
autumnal,jesienny,ɔ:ˈtʌmnəl
auxiliary,ɔ:gˈzɪljərɪ,
av,ulica,
avail,əˈveɪl,
availability,dostępność,əˌveɪləˈbɪlɪtɪ
available,dostępny,osiągalny|əˈveɪləbəl
avalanche,zalew,ˈævəlɑ:nʃ
avantgarde,avant-garde,awangarda|awangardowy|ˌævɒŋˈgɑ:d
avarice,chciwość,ˈævərɪs
avaricious,chciwy,ˌævəˈrɪʃəs
ave,ulica,
avenge,mścić,əˈvenʤ
avenue,ˈævɪnju:,
average,ˈævərɪʤ,
averse,niechętny,əˈvɜ:s
aversion,əˈvɜ:ʃən,
avert,"1.  zapobiegać
 2.  odwracać",əˈvɜ:t
aviary,ptaszarnia,ˈeɪvɪərɪ
aviation,lotnictwo,ˌeɪvɪˈeɪʃən
avid,"1.  zapalony
 2.  złakniony",ˈævɪd
avocado,awokado,ˌævəˈkɑ:dəʊ
avoid,uchylać się,unikać|əˈvɔɪd
avoidable,do uniknięcia,əˈvɔɪdəbəl
avoidance,uchylanie się,əˈvɔɪdəns
avowal,deklaracja,əˈvaʊəl
avowed,zdeklarowany,əˈvaʊd
avuncular,dobrotliwie protekcjonalny,ojcowski|əˈvʌŋkjələ
await,oczekiwać,əˈweɪt
awake,i.    budzić się,əˈweɪk
awaken,əˈweɪkən,
awakening,przebudzenie,rozbudzenie|əˈweɪkənɪŋ
award,"przyznawać nagrodę
 2.  zasądzać",əˈwɔ:d
away,wyszedł,əˈweɪ
awe,1.  trwoga,bojaźń|przestrach
awed,pełen respektu,ɔ:d
aweinspiring,awe-inspiring,wzbudzający respekt|ˈɔ:ɪnˌspaɪərɪŋ
awesome,straszliwy,ˈɔ:səm
awestruck,awe-struck,pełen respektu|przytłoczony|ˈɔ:strʌk
awful,ˈɔ:fʊl,
awkward,"1.  niezręczny
 2.  nieporęczny","ciężki
 3.  trudny|niewygodny|ˈɔ:kwəd"
awning,markiza,ˈɔ:nɪŋ
awry,iść na opak,əˈraɪ
axe,redukować,æks
axiom,aksjomat,ˈæksɪəm
axiomatic,aksjomatyczne,ˌæksɪəˈmætɪk
axis,ˈæksɪs,
axle,ˈæksəl,
aye,aɪ,za
azerbaijan,azerbejdżan,ˌæzəbaɪˈʤɑ:n
azerbaijani,"i.    azerbejdżański
ii.    azerbejdżanin",ˌæzəbaɪˈʤɑ:nɪ
azure,i.    błękitny,"lazurowy
ii.    lazur|ˈæʒə"
b,"b.
  bakałarz",urodzony
b and b,zakwaterowanie z wyżywieniem,ˌbɪ: ən ˈbi:
babble,"szemrać
ii.    paplanina",ˈbæbəl
babe,beɪb,
baboon,bəˈbu:n,pawian
baby,ˈbeɪbɪ,
babyhood,niemowlęctwo,ˈbeɪbɪhʊd
babyish,dziecinny,dziecięcy|ˈbeɪbɪɪʃ
babysit,baby-sit,opiekować się dziećmi|ˈbeɪbɪsɪt
babysitter,baby-sitter,opiekun do dziecka|opiekunka do dziecka|ˈbeɪbɪsɪtə
babysitting,baby-sitting,opiekowanie się dziećmi|ˈbeɪbɪsɪtɪŋ
bachelor,bakałarz,i.    stary kawaler|licencjat|ˈbæʧələ
back,bæk,do tyłu
backbiting,obmowa,ˈbækbaɪtɪŋ
backbone,ˈbækbəʊn,
backbreaking,back-breaking,mozolny|w pocie czoła|ˈbækbreɪkɪŋ
backdate,antedatować,ˌbækˈdeɪt
backdoor,zakulisowy,ˈbækdɔ:
backer,protektor,sponsor|ˈbækə
backfire,ˌbækˈfaɪə,
background,doświadczenie,ˈbækgraʊnd
backhand,bekhend,ˈbækhænd
backhanded,wątpliwy,ˌbækˈhændɪd
backing,"1.  poparcie
 2.  podpórka",ˈbækɪŋ
backlash,ˈbæklæʃ,
backlog,zaległości,ˈbæklɒg
backpack,plecak,ˈbækpæk
backside,tyłek,ˈbæksaɪd
backstage,"i.    kulisy
ii.    zakulisowy",ˈbæksteɪʤ
backstreet,nielegalny,ˈbækstri:t
backstroke,styl grzbietowy,ˈbækstrəʊk
backup,back-up,plan|ˈbækʌp
backward,ˈbækwəd,
backwardlooking,backward-looking,wsteczny|zacofany|ˌbækwədˈlʊkɪŋ
backwater,prowincja,zaścianek|ˈbækwɔ:tə
backwoods,ˈbækwʊdz,
backyard,podwórko,ˌbækˈjɑ:d
bacon,bekon,boczek|ˈbeɪkən
bacteria,bakterie,bækˈtɪərɪə
bad,bæd,
badge,1.  znaczek,"bæʤ|odznaka
 2.  oznaka"
badger,marudzić,ˈbæʤə
badly,"niedobrze
 2.  poważnie",ubogi|ˈbædlɪ
baffle,ˈbæfəl,
bag,bæg,"pewny|torba podróżna|worek
 2.  torebka"
baggage,bagaż,ˈbægɪʤ
baggy,rozepchany,ˈbægɪ
bagpipes,dudy,kobza|ˈbægpaɪps
bail,beɪl,wyskakiwać
bailiff,"1.  komornik
 2.  zarządca",ˈbeɪlɪf
bait,beɪt,
bake,beɪk,
baked beans,fasolka po bretońsku,ˌbeɪktˈbi:nz
baker,ˈbeɪkə,
bakery,ˈbeɪkərɪ,
baking,i.    pieczenie,ˈbeɪkɪŋ
balance,ˈbæləns,
balcony,balkon,ˈbælkənɪ
bald,bez osłonek,bezceremonialny|bɔ:ld
balding,łysiejący,ˈbɔ:ldɪŋ
baldly,bez ogródek,ˈbɔ:ldlɪ
bale,beɪl,wiązka
balk,baulk,bɔ:k|zapierać się
balkan,ˈbɔ:lkən,
ball,bɔ:l,set|ˈbɔ:lgeɪm|ˌbɔ:lˈbeərɪŋ
ballad,ballada,ˈbæləd
ballast,balast,ˈbæləst
ballet,balet,ˈbæleɪ
balloon,"balonik
ii.    wydymać się",bəˈlu:n
ballot,urna wyborcza,ˈbælət|ˈbælətˌbɒks
ballroom,sala balowa,ˈbɔ:lru:m
balm,balsam,bɑ:m
balmy,balsamiczny,ˈbɑ:mɪ
baltic,ˈbɔ:ltɪk,
balustrade,balustrada,ˌbæləˈstreɪd
bamboo,bambus,ˌbæmˈbu:
bamboozle,bæmˈbu:zəl,wpuszczać w maliny
ban,bæn,
banal,banalny,bəˈnɑ:l
banality,banalność,banał|bəˈnælɪtɪ
banana,bəˈnɑ:nə,
band,bænd,grupować się|kapela
bandage,"i.    bandaż
ii.    bandażować",ˈbændɪʤ
bandit,rozbójnik,ˈbændɪt
bandstand,estrada,podium dla orkiestry|ˈbændstænd
bandy about,rozpowszechniać,ˌbændɪ əˈbaʊt
bandylegged,bandy-legged,krzywonogi|ˌbændɪˈlegd
bang,bæŋ,
banger,ogień sztuczny,ˈbæŋə
bangle,bransoleta,ˈbæŋgəl
banish,ˈbænɪʃ,
banishment,banicja,wygnanie|ˈbænɪʃmənt
banister,poręcz,ˈbænɪstə
banjo,bandżo,ˈbænʤəʊ
bank,bæŋk,"mgle|wyciąg bankowy|ława
ii.  bank holiday|ˈbæŋkˌsteɪtmənt"
banker,bankier,bankowiec|ˈbæŋkə
banking,bankowość,ˈbæŋkɪŋ
banknote,banknot,ˈbæŋknəʊt
bankrupt,ˈbæŋkrʌpt,
bankruptcy,bankructwo,ˈbæŋkrʌptsɪ
banner,transparent,ˈbænə
bannister,poręcz,ˈbænɪstə
banquet,bankiet,ˈbæŋkwɪt
banter,przekomarzanie się,"przekomarzać się
ii.    paplanina|ˈbæntə"
baptism,chrzest,ˈbæptɪzəm
baptize,bæpˈtaɪz,chrzcić
bar,bɑ:,
barb,bɑ:b,kolec
barbarian,barbarzyńca,bɑ:ˈbeərɪən
barbaric,barbarzyński,bɑ:ˈbærɪk
barbarism,barbarzyństwo,ˈbɑ:bərɪzəm
barbarous,"1.  prymitywny
 2.  barbarzyński",ˈbɑ:bərəs
barbecue,ˈbɑ:bɪkju:,
barbed,drut kolczasty,ˈbɑ:bd|ˌbɑ:bd ˈwaɪə
barber,1.  fryzjer męski,ˈbɑ:bə
bare,beə,
bareback,na oklep,ˈbeəbæk
barefaced,bezwstydny,ˌbeəˈfeɪst
barefoot,bosy,na bosaka|ˈbeəfʊt
barely,ledwo,ˈbeəlɪ
barge,bɑ:ʤ,
baritone,baryton,ˈbærɪtəʊn
bark,bɑ:k,iść fałszywym tropem
barley,jęczmień,ˈbɑ:lɪ
barmaid,barmanka,ˈbɑ:meɪd
barn,bɑ:n,stodoła
barnacle,ˈbɑ:nəkəl,
barometer,barometr,bəˈrɒmɪtə
baron,ˈbærən,
baroness,baronowa,ˈbærənɪs
baroque,bəˈrɒk,
barr,"barr.
  adwokat",
barrack,ˈbærək,
barrage,ˈbærɑ:ʤ,
barrel,co się jeszcze da,katarynka|ˈbærəl|ˈbærəl ɔ:gən
barren,bezpłodny,jałowy|ˈbærən
barricade,barykadować,"i.    barykada|zapora
ii.    barykadować się|ˈbærɪkeɪd"
barrier,bariera,barierka|ˈbærɪə
barring,wyjąwszy,ˈbɑ:rɪŋ
barrister,ˈbærɪstə,
barrow,taczka,wózek|ˈbærəʊ
bartender,barman,kelner|ˈbɑ:tendə
barter,"i.    wymieniać
ii.    barter",sprzedaż wymienna|ˈbɑ:tə
base,beɪs,
baseless,bezpodstawny,ˈbeɪslɪs
basement,suterena,ˈbeɪsmənt
bash,bæʃ,
bashful,płochliwy,wstydliwy|ˈbæʃfʊl
basic,ˈbeɪsɪk,
basically,zasadniczo,ˈbeɪsɪkəlɪ
basin,ˈbeɪsən,
basis,na zasadzie ...,według ... czegoś|ˈbeɪsɪs
basket,kosz,koszyk|ˈbɑ:skɪt
basketball,koszykówka,ˈbɑ:skɪtbɔ:l
bass,beɪs,
bassoon,bəˈsu:n,fagot
bastard,menda,ˈbɑ:stəd
baste,beɪst,polewać tłuszczem
bastion,oparcie,ˈbæstɪən
bat,bæt,
batch,bæʧ,ˈbæʧ ˌprəʊsesɪŋ
bated,ˈbeɪtɪd,
bath,bɑ:θ,
bathe,beɪð,
bather,kąpiący się,ˈbeɪðə
bathing suit,ˈbeɪðɪŋ su:t,ˈbeɪðɪŋ trʌŋks
bathrobe,ˈbɑ:θrəʊb,
bathroom,ubikacja,łazienka|ˈbɑ:θru:m
bathtub,wanna,ˈbɑ:θtʌb
baton,ˈbætən,
battalion,batalion,bəˈtælɪən
batter,ˈbætə,
battery,seria,ˈbætərɪ
battle,ˈbætəl,
battlefield,pole bitwy,ˈbætəlfi:ld
battleground,teren walki,ˈbætəlgraʊnd
battlements,blanki,ˈbætəlmənts
battleship,okręt wojenny,ˈbætəlʃɪp
batty,ˈbætɪ,
bauble,błyskotka,ˈbɔ:bəl
baud,bod,bɔ:d
baulk,balk,bɔ:k|zapierać się
bawdy,rubaszny,ˈbɔ:dɪ
bawl,bɔ:l,
bay,beɪ,wykusz|ˌbeɪ ˈwɪndəʊ
bayonet,bagnet,ˈbeɪənɪt
bazaar,bəˈzɑ:,
bazooka,bəˈzu:kə,rusznica przeciwpancerna
bbc,ˈbibisi,
bc,ˈbisi,
beach,bi:ʧ,plaża
beacon,sygnał,sygnał świetlny|ˈbi:kən
bead,1.  paciorek,"bi:d|koral
 2.  kropla"
beak,bi:k,dziób
beaker,kubek,kubek plastikowy|ˈbi:kə
beam,bi:m,"smuga
 3.  belka"
bearable,do wytrzymania,ˈbeərəbəl
beard,broda,bɪəd
bearded,brodaty,z brodą|ˈbɪədɪd
bearer,"1.  tragarz
 2.  doręczyciel",okaziciel|ˈbeərə
bearing,ˈbeərɪŋ,
beast,bi:st,
beastly,ˈbi:stlɪ,
beat,bi:t,
beating,pobicie,ˈbi:tɪŋ
beautician,bju:ˈtɪʃən,kosmetyczka|manikurzystka
beautiful,piękny,ˈbju:tɪfʊl
beautify,upiększać,ˈbju:tɪfaɪ
beauty,"atrakcja  
 6.  moda","atrakcyjne miejsce|miejsce widokowa|miejscowość widokowa|modny
ii.  beauty spot"
beaver,przy),ˈbi:və
because,1.  ponieważ,bɪˈkɒz
beck,bek,
beckon,"skinąć 
 2.  wzywać",ˈbekən
become,bɪˈkʌm,stawać się
becoming,bɪˈkʌmɪŋ,stosowny
bed,ˌbed ən ˈbrekfəst,ˌbed ən ˈbɔ:d
bedbug,pluskwa,ˈbedbʌg
bedclothes,pościel,ˈbedkləʊðz
bedding,pościel,ˈbedɪŋ
bedevil,bɪˈdevəl,
bedfellow,kompan,ˈbedfeləʊ
bedlam,dom wariatów,ˈbedləm
bedraggled,bɪˈdrægəld,obdarty
bedridden,przykuty do łóżka,ˈbedˌrɪdən
bedrock,podwaliny,ˈbedrɒk
bedroom,sypialnia,ˈbedru:m
bedside,1.  miejsce przy łóżku,"przy łóżku
 2.  at|ˈbedsaɪd"
bedsitter,kawalerka,wynajęty pokój|ˌbedˈsɪtə
bedspread,narzuta,narzuta na łóżko|ˈbedspred
bedtime,pora snu,ˈbedtaɪm
bee,bi:,
beech,bi:ʧ,buk
beef,bi:f,wołowina
beefsteak,befsztyk,ˈbi:fˌsteɪk
beefy,silny,umięśniony|ˈbi:fɪ
beehive,ul,ˈbi:haɪv
beeline,ˈbi:laɪn,
been,bi:n,bɪn|on był w
beer,bɪə,piwo
beet,bi:t,burak|burak pastewny
beetle,chrząszcz,żuk|ˈbi:təl
beetroot,burak,burak ćwikłowy|ˈbi:tru:t
befall,bɪˈfɔ:l,przydarzyć się
befit,a. wypadać komuś,bɪˈfɪt
before,bɪˈfɔ:,
beforehand,bɪˈfɔ:hænd,uprzednio
befriend,bɪˈfrend,zaprzyjaźnić się
befuddle,bɪˈfʌdəl,zamraczać
beggar,żebrak,ˈbegə
beginner,bɪˈgɪnə,początkujący
beginning,bɪˈgɪnɪŋ,
begrudge,bɪˈgrʌʤ,mieć za złe
beguile,bɪˈgaɪl,oczarowywać|łudzić
behave,bɪˈheɪv,zachowywać się
behaviour,bɪˈheɪvɪə,zachowanie|zachowanie się
behead,bɪˈhed,
behind,bɪˈhaɪnd,
behold,bɪˈhəʊld,oglądać
beholder,bɪˈhəʊldə,obserwator
beige,beż,beɪʒ
beijing,pekin,ˌbeɪˈʤɪŋ
being,ˈbi:ɪŋ,ˈbɪɪŋ
belarus,białoruś,ˈbelərʊs
belated,bɪˈleɪtɪd,spóźniony
beleaguered,"1.  osaczony
 2.  oblężony",bɪˈli:gəd
belfry,dzwonnica,ˈbelfrɪ
belgian,belgijski,ˈbelʤən
belgium,belgia,ˈbelʤəm
belie,bɪˈlaɪ,zadawać kłam
belief,bɪˈli:f,
believable,bɪˈli:vəbəl,wiarogodny
believe,bɪˈli:v,
believer,bɪˈli:və,"i.    zwolennik 
ii.    wierzący"
belittle,bɪˈlɪtəl,pomniejszać
bell,1.  dzwonek,bel
belligerent,bɪˈlɪʤərənt,wojowniczy
bellow,ˈbeləʊ,
bellows,miech,ˈbeləʊz
belly,brzuch,ˈbelɪ
belong,bɪˈlɒŋ,
belongings,bɪˈlɒŋɪŋz,czyjeś rzeczy|rzeczy
belorussia,białoruś,ˌbelɒˈrʌʃə
belorussian,"i.    białoruski
ii.    białorusin",ˌbelɒˈrʌʃən
beloved,bɪˈlʌvɪd,ukochany
below,1.  poniżej,bɪˈləʊ
bemoan,bɪˈməʊn,opłakiwać
bemused,bɪˈmju:zd,oszołomiony
bench,benʧ,ława|ławka
bend,"schylać
 2.  zginać się","zginać
ii.   1.  zakręt"
beneath,bɪˈni:θ,pod
benefactor,dobroczyńca,ˈbenɪfæktə
beneficial,dobroczynny,ˌbenɪˈfɪʃəl
beneficiary,ˌbenɪˈfɪʃərɪ,
benefit,"pożytek
 2.  świadczenie",ˈbenɪfɪt
benevolence,bɪˈnevələns,wyrozumiałość
benevolent,bɪˈnevələnt,wyrozumiały|łagodny
benign,1.  łagodny,bɪˈnaɪn|niezłośliwy
bequeath,bɪˈkwi:ð,przekazać|przekazać w spadku
bequest,bɪˈkwest,legat|zapis
bereaved,bɪˈri:vd,osamotniony|pogrążony w smutku
bereavement,bɪˈri:vmənt,strata|utrata|utrata kogoś bliskiego
bereft,bɪˈreft,pozbawiony
beret,bəˈreɪ,ˈbereɪ
berry,jagoda,ˈberɪ
berserk,bə:ˈsɜ:k,
berth,bɜ:θ,
beseech,błagać,bɪˈsi:ʧ|upraszać
beseeching,błagalny,bɪˈsi:ʧɪŋ
beset,bɪˈset,dręczyć
besides,bɪˈsaɪdz,
best,serdeczne pozdrowienia,
bestial,bestialski,ˈbestɪəl
bestman,drużba,ˌbestˈmæn
bestow,bɪˈstəʊ,obdarzyć
bestseller,best-seller,bestseler|ˌbestˈselə
bet,"best bet 
 - najlepsze",co można zrobić|i'll bet|i.    stawiać|no pewnie że
betray,bɪˈtreɪ,zdradzać
betrayal,bɪˈtreɪəl,zdrada
betrothed,bɪˈtrəʊðd,
between,bɪˈtwi:n,między|pomiędzy
bevel,ˈbevəl,
beverage,napój,ˈbevərɪʤ
beware,bɪˈweə,strzec się
bewildered,bɪˈwɪldəd,oszołomiony
bewilderment,bɪˈwɪldəmənt,zaskoczenie
bewitch,bɪˈwɪʧ,oczarowywać
bias,nastawienie,stronniczość|ˈbaɪəs
biased,1.  stronniczy,"uprzedzony
 2.  nakierowany|ˈbaɪəst"
bib,bɪb,śliniak
bible,"the bible 
 - biblia",ˈbaɪbəl
biblical,biblijny,ˈbɪblɪkəl
bibliographical,bibliografia,ˌbɪblɪəˈgræfɪkəl
bibliography,bibliografia,ˌbɪblɪˈɒgrəfɪ
bicentenary,dwustulecie,ˌbaɪsenˈti:nərɪ
bicentennial,ˌbaɪsenˈte:nɪəl,
biceps,bicepsy,ˈbaɪseps
bicker,sprzeczać się,ˈbɪkə
bicycle,rower,ˈbaɪsɪkəl
bidder,ˈbɪdə,
bide,baɪd,
big,bɪg,
biggish,spory,ˈbɪgɪʃ
bigot,ˈbɪgət,
bigoted,fanatyczny,ˈbɪgətɪd
bigotry,bigoteria,ˈbɪgətrɪ
bigwig,szycha,ˈbɪgwɪg
bike,baɪk,motor|motorower|rower
bile,baɪl,żółć
bilingual,baɪˈlɪŋgwəl,dwujęzyczny
bilious,1.  odpychający,"wstrętny
 2.  zgryźliwy|ˈbɪlɪəs"
bill,bɪl,
billboard,tablica na reklamy,tablica na reklamy afisze|ˈbɪlbɔ:d
billiard,bilardowy,ˈbɪljəd
billiards,bilard,ˈbɪljədz
billion,ˈbɪljən,
billionaire,miliarder,ˌbɪljəˈneə
billow,i.    nadymać się,ˈbɪləʊ
bin,1.  wiadro na śmieci,"bɪn|wiadro
 2.  pojemnik"
binary,binarny,dwójkowy|ˈbaɪnərɪ
bind,"1.  wiązać
 2.  związywać",baɪnd|cholerstwo|co za nudziarstwo
binder,skoroszyt,ˈbaɪndə
binding,"okładka
 2.  oblamowanie",ˈbaɪndɪŋ
binge,bɪnʤ,
binoculars,bɪˈnɒkjʊləz,lornetka
biographer,baɪˈɒgrəfə,biograf
biographical,biograficzny,ˌbaɪəˈgræfɪkəl
biography,baɪˈɒgrəfɪ,biografia
biological,biologiczny,ˌbaɪəˈlɒʤɪkəl
biologist,baɪˈɒləʤɪst,biolog
biology,baɪˈɒləʤɪ,biologia
birch,bɜ:ʧ,
bird,bɜ:d,drapieżnik
birdcage,klatka,klatka na ptaki|ˈbɜ:dkeɪʤ
biro,długopis,ˈbaɪərəʊ
birth,bɜ:θ,przyrost naturalny|ˈbɜ:θkənˌtrəʊl|ˈbɜ:θreɪt
birthday,urodziny,ˈbɜ:θdeɪ
birthplace,ˈbɜ:θpleɪs,
biscuit,herbatnik,ˈbɪskɪt
bisect,baɪˈsekt,przecinać
bishop,laufer,ˈbɪʃəp
bishopric,biskupstwo,ˈbɪʃəprɪk
bison,bizon,ˈbaɪsən
bistro,ˈbi:strəʊ,
bitch,bɪʧ,zdzira
bite,baɪt,
biting,"1.  przenikliwy
 2.  kąśliwy",ˈbaɪtɪŋ
bitter,zacięty,ˈbɪtə
bizarre,bɪˈzɑ:,dziwaczny
bk,"bk.
  księga",
black,blæk,ˌblæk ˈmɑ:kɪt|ˌblækənˈwaɪt|ˌblækˈaɪ
blackberry,jeżyna,ˈblækbərɪ
blackbird,kos,ˈblækbɜ:d
blackboard,tablica,tablica szkolna|ˈblækbɔ:d
blackcurrant,czarna porzeczka,ˌblækˈkʌrənt
blacken,psuć,ˈblækən
blackish,czarniawy,ˈblækɪʃ
blackmail,"i.    szantaż
ii.    szantażować",ˈblækmeɪl
blackmailer,szantażysta,ˈblækmeɪlə
blackout,"1.  zaciemnienie
 2.  omdlenie",ˈblækaʊt
blacksmith,kowal,ˈblæksmɪθ
bladder,pęcherz,ˈblædə
blade,1.  ostrze,"bleɪd|brzeszczot
 2.  łopata"
blame,bleɪm,i.    robić zarzuty|potępiać
blameless,bez zarzutu,ˈbleɪmlɪs
blanch,"1.  wybielić
 2.  zbieleć",blɑ:nʧ
bland,bez wyrazu,blænd
blank,blæŋk,
blanket,ogólny,ˈblæŋkɪt
blare,bleə,
blase,blasé,zblazowany|ˈblɑ:zeɪ
blaspheme,bluźnić,blæsˈfi:m
blasphemous,bluźnierczy,ˈblæsfəməs
blasphemy,bluźnierstwo,ˈblæsfəmɪ
blast,blɑ:st,wznosić się|wznosić się w powietrze
blasted,cholerny,ˈblɑ:stɪd
blastoff,blast-off,start|wzniesienie się|wzniesienie się w powietrze|ˈblɑ:stɒf
blasé,blase,zblazowany|ˈblɑ:zeɪ
blatant,bezwstydny,ˈbleɪtənt
blaze,blask,bleɪz|wybuch
blazer,ˈbleɪzə,
blazing,ˈbleɪzɪŋ,
bldg,"bldg.
  budynek",
bleach,bli:ʧ,środek czyszczący
bleak,bli:k,ponury|posępny
bleary,załzawiony,ˈblɪərɪ
bleat,bli:t,
bleed,bli:d,krwawić
bleeding,krwawienie,ˈbli:dɪŋ
blemish,"plamka
ii.    psuć",rujnować|ˈblemɪʃ
blender,mikser,ˈblendə
bless,bles,bóg zapłać''|na zdrowie!''
blessed,ˈblesɪd,
blessing,1.  błogosławieństwo,dar boży|ˈblesɪŋ
blight,blaɪt,i.    nieszczęście
blind,blaɪnd,ˈblaɪndspɒt|ˌblaɪndˈælɪ
blindfold,i.    przepaska na oczy,przewiązać oczy|ˈblaɪndfəʊld
blindfolded,z zawiązanymi oczami,ˈblaɪndfəʊldɪd
blindly,na oślep,ˈblaɪndlɪ
blindness,ślepota,ˈblaɪndnɪs
blink,blɪŋk,
blinkered,zaślepiony,ˈblɪŋkəd
blinkers,klapki na oczy,końskie okulary|ˈblɪŋkəz
bliss,blɪs,błogość|szczęście
blissful,ˈblɪsfʊl,
blister,ˈblɪstə,
blistering,"1.  rozpalony
 2.  zjadliwy",sarkastyczny|ˈblɪstərɪŋ
blithe,blaɪð,
blizzard,zamieć,zamieć śnieżna|ˈblɪzəd
bloated,naćkany,ˈbləʊtɪd
blob,blɒb,kleks|kropla|plama
bloc,blɒk,
blockade,blɒˈkeɪd,
blockage,zatkanie,ˈblɒkɪʤ
bloke,bləʊk,facet
blond,blondyn,"blɒnd|i.    blond
ii.    blondynka"
blood,blʌd,"fresh|krwiodawca
iii.  blood poisoning|naczynie krwionośne|ˈblʌd ˌdɒnə"
bloodbath,krwawa łaźnia,ˈblʌdbɑ:θ
bloodcurdling,mrożący krew,mrożący krew w żyłach|ˈblʌdˌkɜ:dlɪŋ
bloodless,"1.  bezkrwisty
 2.  bezkrwawy",ˈblʌdlɪs
bloodshed,rozlanie krwi,ˈblʌdʃed
bloodshot,nabiegły krwią,ˈblʌdʃɒt
bloodstained,skrwawiony,ˈblʌdsteɪnd
bloodstream,krwiobieg,ˈblʌdstri:m
bloodthirsty,krwiożerczy,ˈblʌdˌθɜ:stɪ
bloody,pieprzony,ˈblʌdɪ
bloodyminded,bloody-minded,mendowaty|złośliwy|ˌblʌdɪ ˈmaɪndɪd
bloom,blu:m,
blossom,ˈblɒsəm,
blot,blɒt,
blotch,blɒʧ,plama|znamię
blotchy,plamisty,ˈblɒʧɪ
blotting paper,bibuła,ˈblɒtɪŋ peɪpə
blouse,blaʊz,bluzka
blowbyblow,blow-by-blow,ˌbləʊbaɪˈbləʊ
bludgeon,"zadawać ciosy
 2.  zmuszać",ˈblʌʤən
blue,blu:,i.    niebieski
bluebell,ˈblu:bəl,
blueblack,blue-black,granatowy|ˌblu:ˈblæk
bluebottle,mucha końska,mucha końska plujka|ˈblu:ˌbɒtəl
bluecollar,blue-collar,ˌblu:ˈkɒlə
blueprint,plan,ˈblu:prɪnt
bluff,blʌf,by odkrył karty
bluish,niebieskawy,ˈblʊɪʃ
blunder,błąd,"gafa|łazić
ii.    poważny błąd|ˈblʌndə"
blunt,blʌnt,
blur,blɜ:,"i.    rozmyta plama|wypaplać|zamazywać
 2.  zacierać się"
blurred,"1.  zamazany
 2.  zatarty",blɜ:d
blush,blʌʃ,"czerwienić
ii.    rumieniec|czerwienić się|i.    rumienić się|rumienić"
bluster,rzucanie się,ˈblʌstə
blustery,ostry,ˈblʌstərɪ
blvd,"blvd.
  bulwar",
bma,brytyjskie towarzystwo medyczne,
bo,zapach ciała,zapach ciała smród
boar,bɔ:,
board,bɔ:d,
boarder,pensjonariusz,stołownik|ˈbɔ:də
boarding,"hotel
iv.  boarding school",pensjonat|szkoła z internatem|ˈbɔ:dɪŋ|ˈbɔ:dɪŋ kɑ:d
boardroom,ˈbɔ:dru:m,
boast,bəʊst,
boastful,chełpliwy,ˈbəʊstfʊl
boat,bəʊt,
boating,żeglarstwo,ˈbəʊtɪŋ
boatswain,bosman,bosun|ˈbəʊsən
bob,bɒb,
bobbin,szpulka,ˈbɒbɪn
bobby,policjant,ˈbɒbɪ
bobsleigh,bob-sleigh,bobslej|ˈbɒbsleɪ
bode,być dobrym znakiem,bəʊd
bodice,stan,stanik|ˈbɒdɪs
bodily,ˈbɒdɪlɪ,
body,karoseria,ˈbɒdɪ
bodyguard,"1.  ochrona
 2.  ochroniarz",ˈbɒdɪgɑ:d
bodywork,karoseria,ˈbɒdɪwɜ:k
bog,bɒg,bɒg dəʊn|ugrzęznąć
boggle,ˈbɒgəl,
bogus,podrabiany,ˈbəʊgəs
bohemia,bəʊˈhi:mɪə,cyganeria
bohemian,bəʊˈhi:mɪən,
boil,bɔɪl,
boiler,kocioł,kocioł centralnego ogrzewania|ˈbɔɪlə
boisterous,żywiołowy,ˈbɔɪstərəs
bold,bəʊld,
bollard,ˈbɒləd,
bolster,wspierać,ˈbəʊlstə
bolt,bəʊlt,jak struna
bomb,bɒm,
bombard,"1.  bombardować 
 2.  ostrzeliwać",bɒmˈbɑ:d
bombardment,bɒmˈbɑ:dmənt,ostrzał
bombastic,bɒmˈbæstɪk,napuszony|pompatyczny
bomber,bombowiec,ˈbɒmə
bombshell,bomba,ˈbɒmʃel
bona fide,i.    prawdziwy,ˌbəʊnə ˈfaɪdɪ
bonanza,bəˈnænzə,złota żyła
bond,bɒnd,obligacja
bondage,zniewolenie,ˈbɒndɪʤ
bone,bəʊn,"ość
ii.    usuwać kości"
bonfire,ogień,ognisko|ˈbɒnfaɪə
bonhomie,jowialność,ˈbɒnəmɪ
bonnet,1.  czapka,ˈbɒnɪt
bonny,niebrzydki,ˈbɒnɪ
bonus,premia,ˈbəʊnəs
bony,kościsty,ˈbəʊnɪ
boo,bu:,i.    wygwizdywać|wrzaski
boob,bu:b,
booboo,boo-boo,idiotyczny błąd|ˈbu:bʊ
booby prize,nagroda dla najgorszego,ˈbu:bɪ praɪz
boobytrap,booby-trap,i.    mina pułapka|ˈbu:bɪ træp
book,bʊk,zająć
bookcase,biblioteczka,ˈbʊkkeɪs
booked,bʊkt,wykupiony|zarezerwowany
booking,rezerwacja,ˈbʊkɪŋ
bookish,książkowy,uczony|ˈbʊkɪʃ
bookkeeping,księgowość,ˈbʊkˌki:pɪŋ
booklet,broszura,książeczka|ˈbʊklɪt
bookmaker,buchmacher,ˈbʊkˌmeɪkə
bookmark,zakładka,ˈbʊkmɑ:k
bookseller,księgarz,ˈbʊkselə
bookshelf,biblioteczka,ˈbʊkʃelf
bookshop,księgarnia,ˈbʊkʃɒp
bookstall,kiosk,ˈbʊkstɔ:l
bookstore,księgarnia,ˈbʊkstɔ:
bookworm,mól książkowy,ˈbʊkwɜ:m
boom,bu:m,
boomerang,bumerang,ˈbu:məræŋ
boon,bu:n,dobrodziejstwo
boor,bʊə,prostak
boorish,prostacki,ˈbʊəɪʃ
boost,bu:st,pobudzenie
boot,bu:t,
booth,1.  budka telefoniczna,"bu:θ|budka
 2.  stragan|stoisko"
bootstrap,i.    ładować,"inicjować
ii.    ładowanie początkowe|ˈbu:tstræp"
booty,łup,ˈbu:tɪ
booze,bu:z,
boozer,pub,ˈbu:zə
boozy,pijacki,wstawiony|ˈbu:zɪ
bop,bɒp,"i.    przytup
ii.    podskakiwać"
border,ˈbɔ:də,
borderline,"dyskusyjny
ii.    granica",i.    graniczny|ˈbɔ:dəlaɪn
bore,bɔ:,
boredom,nuda,ˈbɔ:dəm
born,bɔ:n,narodzić się
borough,okręg,okręg miejski|ˈbʌrə
borrow,pożyczać,ˈbɒrəʊ
borrower,kredytobiorca,pożyczający|ˈbɒrəʊə
borstal,dom poprawczy,ˈbɔ:stəl
bosom,ˈbʊzəm,
bossy,władczy,ˈbɒsɪ
bosun,boatswain,bosman|ˈbəʊsən
botanic,botaniczny,bəˈtænɪk
botanical,botaniczny,bəˈtænɪkəl
botanist,botanik,ˈbɒtənɪst
botany,botanika,ˈbɒtənɪ
botch,bɒʧ,
both,bəʊθ,
bother,i.    a. niepokoić,nie odpowiada mi|ˈbɒðə
bottle,ˈbɒtəl,
bottom,"ogon
 3.  siedzenie",ˈbɒtəm
bottomless,bezdenny,ˈbɒtəmlɪs
bough,baʊ,konar
boulder,głaz,skała|ˈbəʊldə
boulevard,bulwar,ˈbu:lvɑ:d
bounce,baʊns,i.    odbicie się|odbicie
bouncer,bramkarz,wykidajło|ˈbaʊnsə
bouncy,energiczny,ˈbaʊnsɪ
boundary,granica,ˈbaʊndərɪ
boundless,bezgraniczny,ˈbaʊndlɪs
bounds,baʊndz,granice
bounty,ˈbaʊntɪ,
bouquet,bukiet,bʊˈkeɪ
bourgeois,ˈbʊəʒwɑ:,
bourgeoisie,burżuazja,ˌbʊəʒwɑ:ˈzi:
bout,"atak
 2.  spotkanie",baʊt|walka
bowel,ˈbaʊəl,
bowl,bəʊl,
bowlegged,bow-legged,krzywonogi|ˈbəʊˌlegd
bowler,melonik,ˈbəʊlə
bowling,kręgle,ˈbəʊlɪŋ
box,bɒks,"stłaczać
iv.  box office|ˈbɒks ˌɒfɪs"
boxer,bokser,ˈbɒksə
boxing,ˈbɒksɪŋ,ˈbɒksɪŋ deɪ
boy,bɔɪ,
boycott,"i.    bojkot
ii.    bojkotować",ˈbɔɪkɒt
boyfriend,chłopak,facet|ˈbɔɪfrend
boyhood,dzieciństwo,okres chłopięcy|ˈbɔɪhʊd
boyish,chłopięcy,ˈbɔɪɪʃ
br,koleje brytyjskie,
bra,brɑ:,stanik
brace,breɪs,
bracelet,bransoletka,ˈbreɪslɪt
bracing,ˈbreɪsɪŋ,
bracken,orlica,paproć orlica|ˈbrækən
bracket,podpórka,"przedział
 2.  wspornik|ˈbrækɪt"
brag,bræg,przechwalać się
braid,breɪd,
braille,brajl,breɪl
brain,breɪn,głowa|radzić się kogoś
brainchild,oryginalny pomysł,pomysł|ˈbreɪnʧaɪld
brainless,bezmózgi,ˈbreɪnlɪs
brainstorm,ˈbreɪnstɔ:m,
brainwash,urabiać kogoś,ˈbreɪnwɒʃ
brainwashing,pranie mózgu,ˈbreɪnwɒʃɪŋ
brainwave,olśnienie,ˈbreɪnweɪv
brainy,z głową,ˈbreɪnɪ
brake,breɪk,
branch,brɑ:nʧ,"oddział
 4.  władza"
brand,brænd,nazwa firmowa|ˈbrænd neɪm
brandish,wywijać,ˈbrændɪʃ
brandnew,brand-new,fabrycznie nowy|ˌbrændˈnju:
brandy,winiak,ˈbrændɪ
brash,bræʃ,nachalny|obcesowy
brass,brɑ:s,
brassiere,biustonosz,ˈbræzjə
brat,bachor,bræt
bravado,brawura,brəˈvɑ:dəʊ
brave,breɪv,
bravery,odwaga,ˈbreɪvərɪ
bravo,brawo,ˈbrɑ:vəʊ
brawl,brɔ:l,
brawn,mięśnie,siła fizyczna|ˈbrɔ:n
brawny,krzepki,ˈbrɔ:nɪ
bray,1.  ryczeć jak osioł,"breɪ|niemiłe dźwięki|ryczeć
 2.  wydawać głośne"
brazen,i.    bezczelny,ˈbreɪzən
brazier,żelazny kosz,ˈbreɪzjə
breach,bri:ʧ,
bread,bred,
breadcrumbs,ˈbredkrʌmz,
breadline,ˈbredlaɪn,
breadth,"1.  szerokość
 2.  rozmach",bretθ
breadwinner,żywiciel rodziny,ˈbredwɪnə
break,breɪk,łamać|łamać się
breakable,kruchy,ˈbreɪkəbəl
breakage,"1.  stłuczenie
 2.  stłuczki",ˈbreɪkɪʤ
breakaway,ˈbreɪkəweɪ,
breakdown,analiza,"defekt
 4.  klasyfikacja|załamanie
 3.  awaria|ˈbreɪkdaʊn"
breaker,bałwan,fala|ˈbreɪkə
breakfast,ˈbrekfəst,
breakin,break-in,włamanie|ˈbreɪkɪn
breakneck,karkołomny,ˈbreɪknek
breakthrough,przełom,ˈbreɪkθru:
breakup,break-up,rozpad|ˈbreɪkʌp
breakwater,falochron,ˈbreɪkˌwɔ:tə
breast,brest,wyznać coś
breastbone,mostek,ˈbrestbəʊn
breaststroke,żabka,ˈbreststrəʊk
breath,breθ,
breathalyser,alkoholomierz,ˈbreθəlaɪzə
breathalyze,badać trzeźwość,badać trzeźwość kierowcy|ˈbreθəlaɪz
breathe,bri:ð,wciągać powietrze
breather,odetchnienie,odsapka|ˈbri:ðə
breathless,z zapartym tchem,ˈbreθlɪs
breathtaking,zapierający dech,ˈbreθteɪkɪŋ
breeches,bryczesy,ˈbrɪʧɪs
breed,bri:d,spędzić dzieciństwo
breeding,ˈbri:dɪŋ,
breeze,bri:z,
breezy,"1.  przewiewny
 2.  dynamiczny",ˈbri:zɪ
brethren,ˈbreðrən,
brevity,"1.  krótkotrwałość
 2.  lapidarność",ˈbrevɪtɪ
brew,bru:,zanosić się na|zanosić się na coś
brewer,piwowar,ˈbru:ə
brewery,browar,ˈbru:ərɪ
briar,dzika róża,ˈbraɪə
bribe,braɪb,przekupywać
bribery,przekupstwo,łapownictwo|ˈbraɪbərɪ
bricabrac,bric-a-brac,drobiazgi|ˈbrɪkəbræk
brick,brɪk,
bricklayer,murarz,ˈbrɪkleɪə
brickwork,mur,murarka|murarstwo|ˈbrɪkwɜ:k
bridal,weselny,ślubny|ˈbraɪdəl
bride,braɪd,panna młoda
bridegroom,pan młody,ˈbraɪdgru:m
bridesmaid,druhna,ˈbraɪdzmeɪd
bridge,brɪʤ,
bridle,i.    ogłowie,ˈbraɪdəl
brief,bri:f,instruować
briefcase,aktówka,teczka|ˈbri:fkeɪs
briefing,instruktaż,odprawa|ˈbri:fɪŋ
briefly,ˈbri:flɪ,
brigade,brygada,brɪˈgeɪd
brigadier,brygadier,ˌbrɪgəˈdɪə
bright,braɪt,"świecący
 3.  bystry"
brighten,i.    rozjaśniać się,ˈbraɪtən
brilliance,roziskrzenie,ˈbrɪlɪəns
brilliant,jarzący,"jaskrawy
 4.  świetlisty|znakomity
 3.  olśniewający|ˈbrɪlɪənt"
brim,brɪm,
brine,braɪn,solanka
brisk,brɪsk,"dobry
 4.  rześki"
bristle,ˈbrɪsəl,
bristly,pokryty szczeciną,szczeciniasty|ˈbrɪslɪ
brit,angol,brɪt
britain,brytania,ˈbrɪtən
britches,bryczesy,ˈbrɪʧɪs
british,ˈbrɪtɪʃ,
britisher,brytyjczyk,ˈbrɪtɪʃə
briton,brytyjczyk,ˈbrɪtən
brittle,1.  łamliwy,"bez serca
 3.  suchy|kruchy
 2.  bezwzględny|ˈbrɪtəl"
bro,"bro
  brat",
broach,brəʊʧ,poruszać
broad,brɔ:d,bób|ˌbrɔ:dˈbi:nz
broadcast,"i.    nadawać
ii.    audycja",ˈbrɔ:dkɑ:st
broadcaster,dziennikarz,dziennikarz radiowy|dziennikarz telewizyjny|ˈbrɔ:dkɑ:stə
broaden,ˈbrɔ:dən,
broadly,ogólnie,ˈbrɔ:dlɪ
broadminded,tolerancyjny,ˌbrɔ:dˈmaɪndɪd
brocade,brokat,brəˈkeɪd
broccoli,brokuły,ˈbrɒkəlɪ
brochure,broszura,folder|ˈbrəʊʃə
broil,brɔɪl,piec|piec na ruszcie
broke,brəʊk,
broken,1.  rozbity,ˈbrəʊkən
brokendown,broken-down,ˌbrəʊkənˈdaʊn
brokenhearted,broken-hearted,ze złamanym sercem|ˌbrəʊkənˈhɑ:tɪd
broker,makler,pośrednik|ˈbrəʊkə
bronchial tubes,oskrzela,ˌbrɒŋkɪəl ˈtju:bz
bronchitis,bronchit,brɒŋˈkaɪtɪs|zapalenie oskrzeli
bronze,brɒnz,
bronzed,brɒnzd,pięknie opalony
brooch,broszka,brəʊʧ
brood,bru:d,
brooding,groźny,niepokojący|ˈbru:dɪŋ
broody,"i.    zadumany
ii.    lęgowy",ˈbru:dɪ
brook,brʊk,strumień
broom,bru:m,miotła
broomstick,kij od miotły,ˈbru:mˌstɪk
bros,"bros
  bracia",
broth,brɒθ,bulion
brothel,burdel,ˈbrɒθəl
brother,brat,ˈbrʌðə
brotherhood,braterstwo,ˈbrʌðəhʊd
brotherinlaw,brother-in-law,szwagier|ˈbrʌðərɪnlɔ:
brotherly,braterski,ˈbrʌðəlɪ
brow,braʊ,
browbeat,zmuszać,zmuszać używając presji moralnej|ˈbraʊbi:t
brown,braʊn,brązowić
brownish,brązowawy,ˈbraʊnɪʃ
browse,braʊz,
bruise,bru:z,"i.    siniak
ii.    siniaczyć"
brunette,brunetka,brʊˈnet
brunt,bear,brʌnt
brush,brʌʃ,
brushwood,chrust,zarośla|ˈbrʌʃwʊd
brusque,bru:sk,szorstki|szorstki w obejściu
brussels,bruksela,ˈbrʌsəlz
brutal,ˈbru:təl,
brutality,brutalność,brʊˈtælɪtɪ
brutalize,czynić bezwzględnym,czynić brutalnym|ˈbru:təlaɪz
brute,1.  zwierzę,bru:t
brutish,brutalny,zwierzęcy|ˈbru:tɪʃ
bsc,bakałarz nauk przyrodniczych,licencjat nauk przyrodniczych
bsi,brytyjski komitet normalizacyjny,
bubble,guma balonowa,guma balonowa do żucia|ˈbʌbəl|ˈbʌbəl gʌm
bubbly,ˈbʌblɪ,
buck,bʌk,głowa do góry''
bucket,umrzeć,ˈbʌkɪt
bucketful,wiadro,ˈbʌkɪtfʊl
buckle,ˈbʌkəl,
bud,bʌd,
buddhism,buddyzm,ˈbʊdɪzəm
buddhist,buddysta,ˈbʊdɪst
budding,przyszły,w zarodku|ˈbʌdɪŋ
buddy,bracie'',ˈbʌdɪ
budge,bʌʤ,
budgerigar,papużka falista,ˈbʌʤərɪgɑ:
budget,uwzględniać,ˈbʌʤɪt
budgetary,budżetowy,ˈbʌʤɪtərɪ
budgie,papużka,papużka falista|ˈbʌʤɪ
buff,bʌf,fan
buffalo,ˈbʌfələʊ,
buffer,i.   1.  strefa buforowy,ˈbʌfə
buffet,restauracja dworcowa,wagon barowy|ˈbʊfeɪ kɑ:
buffoon,bufon,bəˈfu:n
bugle,trąbka sygnałówka,ˈbju:gəl
build,bɪld,
builder,budowlaniec,budowniczy|ˈbɪldə
building,ˈbɪldɪŋ,
buildup,build-up,nagromadzenie|rozbudowa|ˈbɪldʌp
built,bɪlt,zbudowany
builtin,"built-in 
  wbudowany",
builtup,built-up,zabudowany|ˈbɪld-ʌp
bulb,bʌlb,
bulbous,bulwiasty,cebulkowaty|ˈbʌlbəs
bulgaria,bułgaria,bʌlˈgeərɪə
bulgarian,bʌlˈgeərɪən,"i.    bułgarski
ii.    bułgar"
bulge,bʌlʤ,i.    sterczeć
bulk,bʌlk,
bulky,obszerny,zwalisty|ˈbʌlkɪ
bull,bʊl,
bulldog,buldog,ˈbʊldɒg
bulldoze,1.  zburzyć spychaczem,"przemieszczać|zburzyć
 2.  przemieszczać spychaczem|ˈbʊldəʊz"
bulldozer,spychacz,ˈbʊldəʊzə
bullet,nabój,pocisk|ˈbʊlɪt
bulletin,"1.  wiadomości
 2.  biuletyn",ˈbʊlətɪn
bulletproof,bullet-proof,kuloodporny|ˈbʊlɪtpru:f
bullfight,corrida,ˈbʊlfaɪt
bullion,sztaby srebra,sztaby złota|ˈbʊljən
bullock,wół,ˈbʊlək
bullseye,1.  środek tarczy strzelniczej,bull's-eye|ˈbʊlzaɪ
bully,by coś zrobił),ˈbʊlɪ
bulrush,pałka,pałka szerokolistna|ˈbʊlrʌʃ
bulwark,osłona,ˈbʊlwək
bum,bʌm,
bumble,plątać się,ˈbʌmbəl
bumblebee,trzmiel,ˈbʌmbəlbi:
bump,bʌmp,
bumper,ˈbʌmpə,
bumptious,nadęty,ˈbʌmpʃəs
bumpy,wyboisty,ˈbʌmpɪ
bun,1.  bułka słodka,bʌn
bundle,tłumok,"zapakowywać|zawiniątko
ii.    pakować|ˈbʌndəl"
bung,bʌŋ,wtykać|zatyczka
bungalow,domek,domek kempingowy|domek parterowy|ˈbʌŋgələʊ
bungle,fuszerować,partaczyć|ˈbʌŋgəl
bunion,odcisk,ˈbʌnjən
bunk,bʌŋk,
bunker,pojemnik na opał,ˈbʌŋkə
bunny,króliczek,ˈbʌnɪ
bunting,oflagowanie,wimpel|ˈbʌntɪŋ
buoy,bɔɪ,podtrzymywać
buoyancy,"1.  pływalność
 2.  beztroska",ˈbɔɪənsɪ
buoyant,ˈbɔɪənt,
burble,ˈbɜ:bəl,
burden,"i.    ciężar
ii.    obarczać",ˈbɜ:dən
bureau,"urząd
 4.  filia",ˈbjʊərəʊ
bureaucracy,"1.  administracja
 2.  biurokracja",bjʊˈrɒkrəsɪ
bureaucrat,biurokrata,urzędnik|ˈbjʊərəkræt
bureaucratic,biurokratyczny,ˌbjʊərəˈkrætɪk
burglar,alarm przeciwwłamaniowy,ˈbɜ:glə|ˈbɜ:glə əˌlɑ:m
burglarize,włamywać się,ˈbɜ:gləraɪz
burglary,włamanie,ˈbɜ:glərɪ
burgle,włamywać się,ˈbɜ:gəl
burial,pochówek,pogrzeb|ˈberɪəl
burly,zwalisty,ˈbɜ:lɪ
burn,bɜ:n,wypalić|wypalić się
burner,palnik,ˈbɜ:nə
burning,rozpalony,ˈbɜ:nɪŋ
burnish,polerować,ˈbɜ:nɪʃ
burntout,burnt-out,wypalony|ˌbɜ:ntˈaʊt
burp,bɜ:p,"i.    bekać
ii.    beknięcie"
burrow,przekopywać się,"ryć|wkopywać się
 2.  grzebać|ˈbʌrəʊ"
bursar,kwestor,ˈbɜ:sə
bursary,stypendium,ˈbɜ:sərɪ
burst,bɜ:st,"otworzyć
 3.  wpadać|rozwalać
 2.  otworzyć się|rozwalać się"
bury,ˈberɪ,
bus,bʌs,
bush,bʊʃ,
bushy,"1.  krzaczasty
 2.  bujny",ˈbʊʃɪ
business,1.  interes,"zadanie
 4.  sprawa|ˈbɪznɪs"
businesslike,rzeczowy,solidny|ˈbɪznɪslaɪk
businessman,biznesmen,przedsiębiorca|ˈbɪznɪsmən
businesswoman,biznesmenka,ˈbɪznɪsˌwʊmən
bust,bʌst,
bustle,krzątanina,ˈbʌsəl
busy,ˈbɪzɪ,
busybody,wścibski,ˈbɪzɪˌbɒdɪ
but,bət,bʌt|gdyby nie
butcher,sklep mięsny,ˈbʊʧə
butchery,mord,rzeź|ˈbʊʧərɪ
butler,lokaj,majordomus|ochmistrz|ˈbʌtlə
butt,bʌt,"kolba|obiekt
ii.    bóść|obiekt krytyki|uderzyć z byka"
butter,ˈbʌtə,
buttercup,jaskier,ˈbʌtəkʌp
butterfly,ˈbʌtəflaɪ,
buttock,pośladek,ˈbʌtək
button,zapinać,ˈbʌtən
buttonhole,ˈbʌtənhəʊl,
buttress,"wzmacniać
 2.  wzmacniać",wzmacniać przyporami|ˈbʌtrɪs
buxom,jędrny,przy kości|ˈbʌksəm
buy,baɪ,
buyer,1.  nabywca,kierownik|ˈbaɪə
buzz,bʌz,pryskaj''|spływaj''
buzzard,myszołów,ˈbʌzəd
buzzer,brzęczyk,ˈbʌzə
bye,baɪ,cześć|pa
byelaw,bye-law,zarządzenie lokalne|ˈbaɪlɔ:
byelection,by-election,wybory uzupełnaijące|ˈbaɪɪˌlekʃən
byelorussia,białoruś,bɪˌeləʊˈrʌʃə
byelorussian,bɪˌeləʊˈrʌʃən,"i.    białoruski
ii.    białorusin"
bygone,to było,ˈbaɪgɒn
bylaw,by-law,zarządzenie lokalne|ˈbaɪlɔ:
bypass,obwodnica miejska,ˈbaɪpɑ:s
byproduct,produkt uboczny,ˈbaɪˌprɒdʌkt
bystander,przechodzień,widz|ˈbaɪˌstændə
byte,bajt,baɪt
byway,boczna droga,ˈbaɪweɪ
byword,hasło,slogan|ˈbaɪwɜ:d
c of e,kościół anglii,ˌsɪ: ɒv ˈi:
cab,kæb,
cabaret,kabaret,ˈkæbəreɪ
cabbage,kapusta,ˈkæbɪʤ
cabin,domek,ˈkæbɪn
cabinet,"kredens
 2.  gabinet","rada
ii.  cabinet maker|stolarz|ˈkæbɪnət|ˈkæbɪnət ˌmeɪkə"
cable,"cuma
 2.  kabel",kolejka linowa|ˈkeɪbəl|ˈkeɪbəl kɑ:
cache,1.  tajny skład,kæʃ
cackle,ˈkækəl,
cacophony,kakofonia,kəˈkɒfənɪ
cactus,kaktus,ˈkæktəs
cad,projektowanie wspomagane komputerowo,
cadaver,kəˈdævə,trup
cadaverous,chudy jak szkielet,kəˈdævərəs|trupioblady
cadence,"1.  kadencja
 2.  melodia",ˈkeɪdəns
cadet,kadet,kəˈdet
cadge,ciągnąć,kæʤ
caesarean,caesarean section,cięcie cesarskie|sɪˈzeərɪən
caesarean section,caesarean,cięcie cesarskie|sɪˈzeərɪən
cafe,café,kawiarnia|ˈkæfeɪ
cafeteria,bar,bar samoobsługowy|stołówka|ˌkæfəˈtɪərɪə
caffeine,kofeina,ˈkæfi:n
café,cafe,kawiarnia|ˈkæfeɪ
cage,keɪʤ,
cagey,tajemniczy,wstrzemięźliwy|ˈkeɪʤɪ
cahoots,kəˈhu:ts,
cajole,aby),kəˈʤəʊl
cake,1.  ciasto,albo drugie|keɪk
caked,1.  zastygły,"keɪkd|zakrzepły
 2.  oblepiony"
cal,"cal
  kaloria",
calamitous,fatalny,kəˈlæmɪtəs|straszny
calamity,klęska,kəˈlæmɪtɪ|nieszczęście
calcium,wapń,ˈkælsɪəm
calculate,ˈkælkjʊleɪt,
calculation,ˌkælkjʊˈleɪʃən,
calculator,kalkulator,ˈkælkjʊleɪtə
calculus,rachunek,ˈkælkjʊləs
calendar,"i.    kalendarz
ii.    kalendarzowy",ˈkæləndə
calf,kɑ:f,"młode
 2.  łydka"
calibre,ˈkælɪbə,
california,kalifornia,ˌkælɪˈfɔ:nɪə
caller,"odwiedzający
 2.  dzwoniący",ˈkɔ:lə
calling,powołanie,ˈkɔ:lɪŋ
callous,gruboskórny,ˈkæləs
calm,kɑ:m,uspokajać
calor gas,butan,butan gaz|ˈkælə gæs
calorie,kaloria,ˈkælərɪ
calve,cielić się,kɑ:v|wydawać młode
cambodia,kambodża,kæmˈbəʊdɪə
cambodian,"i.    kambodżański
ii.    kambodżanin",kæmˈbəʊdɪən
camel,wielbłąd,ˈkæməl
cameo,1.  miniaturka,"klejnocik
 2.  kamea|ˈkæmɪəʊ"
camera,aparat,aparat fotograficzny|kamera|ˈkæmərə
cameraman,kamerzysta,ˈkæmərəmən
camomile,rumianek,ˈkæməmaɪl
camouflage,ˈkæməflɑ:ʒ,
camp,kæmp,mieszkać w namiocie|ˌkæmp ˈbed
campaign,kæmˈpeɪn,
camping,obozowanie,ˈkæmpɪŋ
campsite,kemping,obozowisko|ˈkæmpsaɪt
campus,ˈkæmpəs,
canada,kanada,ˈkænədə
canadian,"i.    kanadyjski
ii.    kanadyjczyk",kəˈnædɪən
canal,kanał,kanał sztuczny|kəˈnæl
canary,kanarek,kəˈneərɪ
cancel,ˈkænsəl,
cancellation,"1.  odwołanie
 2.  rezygnacja",ˌkænsəˈleɪʃən
cancer,ˈkænsə,
candid,otwarty,szczery|ˈkændɪd
candidacy,kandydatura,ˈkændɪdəsɪ
candidate,kandydat,ˈkændɪdeɪt
candied,kandyzowany,ˈkændɪd
candle,świeca,ˈkændəl
candlestick,świecznik,ˈkændəlstɪk
candor,candour,otwartość|szczerość|ˈkændə
candour,candor,otwartość|szczerość|ˈkændə
candy,cukierek,słodycze|ˈkændɪ
cane,keɪn,
canine,psi,ˈkeɪnaɪn
canister,ˈkænɪstə,
cannabis,haszysz,ˈkænəbɪs
canned,1.  puszkowany,kænd|z play-backu
cannibal,kanibal,ˈkænɪbəl
cannibalize,ˈkænɪbəlaɪz,
cannon,ˈkænən,
canny,chytry,ˈkænɪ
canoe,kajak,kanadyjka|kanoe|kəˈnu:
canoeing,kajakarstwo,kəˈnu:ɪŋ
canon,ˈkænən,
canonize,kanonizować,ˈkænənaɪz
canopy,"1.  baldachim
 2.  sklepienie",ˈkænəpɪ
cantankerous,kænˈtæŋkərəs,zrzędliwy
canteen,kantyna,kænˈti:n|stołówka
canter,ˈkæntə,
canvas,1.  płótno,"brezent
 2.  płótno|ˈkænvəs"
canvass,ˈkænvəs,
canyon,kanion,ˈkænjən
cap,kæp,przelicytowywać
capability,"1.  zdolności
 2.  potencjał",ˌkeɪpəˈbɪlɪtɪ
capable,uzdolniony,ˈkeɪpəbəl
capacious,kəˈpeɪʃəs,pojemny
capacity,kəˈpæsɪtɪ,moc|moc produkcyjna|po brzegi
cape,keɪp,peleryna
caper,hopsać,ˈkeɪpə
capillary,kəˈpɪlərɪ,naczynie włoskowate
capital,kara śmierci,ˈkæpɪtəl|ˌkæpɪtəl  ˈpʌnɪʃmənt|ˌkæpɪtəl ˈletə
capitalise,capitalize,korzystać|ˈkæpɪtəlaɪz
capitalism,kapitalizm,ˈkæpɪtəlɪzəm
capitalist,ˈkæpɪtəlɪst,
capitalistic,kapitalistyczny,ˌkæpɪtəˈlɪstɪk
capitalize,capitalise,korzystać|ˈkæpɪtəlaɪz
capitulate,kəˈpɪʧʊleɪt,
capitulation,kapitulacja,kəˌpɪʧʊˈleɪʃən
caprice,kaprys,kəˈpri:s
capricious,kapryśny,kəˈprɪʃəs
capricorn,ˈkæprɪkɔ:n,
capsize,kæpˈsaɪz,wywracać|wywracać się
capsule,ˈkæpsju:l,
capt,kapitan,
captain,ˈkæptɪn,
caption,podpis,ˈkæpʃən
captivate,fascynować,ˈkæptɪveɪt
captive,ˈkæptɪv,
captivity,kæpˈtɪvɪtɪ,niewola
capture,ˈkæpʧə,
carafe,karafka,kəˈræf
caramel,ˈkærəməl,
carat,ˈkærət,
caravan,ˈkærəvæn,
caraway,kminek,ˈkærəweɪ
carbohydrate,kɑ:bəʊˈhaɪdreɪt,węglowodan
carbon,kalka,kalka maszynowa|ˈkɑ:bən|ˈkɑ:bən ˌpeɪpə|ˌkɑ:bən ˈkɒpɪ
carcass,tusza,ˈkɑ:kəs
card,kɑ:d,"przepustka
 3.  kartka"
cardboard,"i.    tektura
ii.    tekturowy",ˈkɑ:dbɔ:d
cardiac,nasercowy,sercowy|ˈkɑ:dɪæk
cardigan,sweter,sweter rozpinany|ˈkɑ:dɪgən
cardinal,ˈkɑ:dənəl,
cardindex,card-index,kartoteka|ˈkɑ:dɪndəks
career,kəˈrɪə,wpadać
careers,kəˈrɪəz,zawodowy
carefree,beztroski,ˈkeəfrɪ
careful,uważaj!'',ˈkeəfʊl
careless,1.  niedbały,"nieostrożny
 2.  beztroski|ˈkeəlɪs"
caress,"gładzić
ii.    pieszczota",i.    pieścić|kəˈres
caretaker,dozorca,konserwator|ˈkeəteɪkə
cargo,ładunek,ˈkɑ:gəʊ
caribbean,karaibski,ˌkærɪˈbi:ən
caricature,"i.    karykatura
ii.    karykaturować",ˈkærɪkəʧʊə
caring,"czuły
ii.    czułość",i.    troskliwy|ˈkeərɪŋ
carnage,rzeź,ˈkɑ:nɪʤ
carnal,cielesny,płciowy|ˈkɑ:nəl
carnation,goździk,kɑ:ˈneɪʃən
carnival,karnawał,ˈkɑ:nɪvəl
carnivore,zwierzę mięsożerne,ˈkɑ:nɪvɔ:
carnivorous,kɑ:ˈnɪvərəs,mięsożerny
carol,kolęda,ˈkærəl
carolina,karolina,kærəˈlaɪnə
carp,kɑ:p,
carpathian,kɑ:ˈpeɪθɪən,
carpenter,cieśla,stolarz|ˈkɑ:pɪntə
carpentry,ciesielstwo,stolarstwo|ˈkɑ:pɪntrɪ
carpet,pokrywać dywanem,ˈkɑ:pɪt
carriage,ˈkærɪʤ,
carried away,poniesiony,uniesiony|ˌkærɪd əˈweɪ
carrier,reklamówka,torba|ˈkærɪə|ˈkærɪə bæg
carrion,padlina,ˈkærɪən
carrot,ˈkærət,
carry,ˈkærɪ,
carrycot,ˈkærɪkɒt,
cart,kɑ:t,
cartilage,chrząstka,ˈkɑ:təlɪʤ
carton,karton,ˈkɑ:tən
cartoon,kɑ:ˈtu:n,
cartridge,nabój,ˈkɑ:trɪʤ
carve,kɑ:v,pokawałkować
carving,nóż do mięsa,ˈkɑ:vɪŋ|ˈkɑ:vɪŋ naɪf
cascade,kæˈskeɪd,
case,"etui
 5.  skrzynia",keɪs|w przypadku
cash,i.    gotówka,kæʃ
cashier,kæˈʃɪə,
cashmere,kaszmir,ˈkæʃmɪə
casing,obudowa,opakowanie|ˈkeɪsɪŋ
casino,kasyno,kəˈsɪnəʊ
cask,beczka,kɑ:sk
casket,1.  skrzynka,"szkatułka
 2.  trumna|ˈkɑ:skɪt"
casserole,1.  garnek,"brytfanna
 2.  potrawka|ragout|ˈkæsərəʊl"
cassette,kəˈset,magnetofon
caste,kasta,kɑ:st
castigate,ganić,gromić|ˈkæstɪgeɪt
casting,ˈkɑ:stɪŋ,
castiron,1.  żeliwny,cast-iron|murowany|ˌkɑ:stˈaɪən
castle,ˈkɑ:səl,
castoff,cast-off,ˈkɑ:stɒf
castor,kółko,rolka|ˈkɑ:stə
castrate,kastrować,kæˈstreɪt
castration,kastracja,kæˈstreɪʃən
casual,"naturalny
 2.  przypadkowy","przelotny
 3.  codzienny|ˈkæʒʊəl"
casually,1.  swobodnie,po domowemu|ˈkæʒʊəlɪ
casualty,ˈkæʒʊəltɪ,
cat,kot,kæt
cataclysm,kataklizm,ˈkætəklɪzəm
catalog,catalogue,"i.    katalog
ii.    katalogować|ˈkætəlɒg"
catalogue,catalog,"i.    katalog
ii.    katalogować|ˈkætəlɒg"
catalyst,katalizator,ˈkætəlɪst
cataract,katarakta,ˈkætərækt
catastrophe,katastrofa,kəˈtæstrəfɪ
catastrophic,katastroficzny,ˌkætəˈstrɒfɪk
catcall,gwizd,wygwizdywanie|ˈkætkɔ:l
catch,"chwytać
 2.  uderzyć","kæʧ|zamknięcie 
 3.  problem"
catchment area,ˈkæʧmənt ˌeərɪə,
catchphrase,catch-phrase,hasło dnia|slogan|ˈkæʧfreɪz
catchy,chwytliwy,ˈkæʧɪ
categorical,kategoryczny,kætɪˈgɒrɪkəl
categorize,dzielić,kategoryzować|ˈkætɪgəraɪz
category,kategoria,ˈkætɪgərɪ
cater,troszczyć się,zaspokajać potrzeby|ˈkeɪtə
caterer,dostawca,ˈkeɪtərə
catering,ˈkeɪtərɪŋ,
caterpillar,gąsienica,ˈkætəpɪlə
cath,"cath.
  katolicki",katolik
cathedral,katedra,kəˈθi:drəl
catholic,"i.    katolik
ii.    katolicki",ˈkæθəlɪk
catholicism,katolicyzm,ˌkəˈθɒlɪsɪzəm
cattle,bydło,ˈkætəl
catty,zjadliwy,złośliwy|ˈkætɪ
caucasian,kaukaski,kɔ:ˈkeɪzɪən
caucus,klika,ˈkɔ:kəs
cauliflower,kalafior,ˈkɒlɪflaʊə
causal,logiczny,przyczynowy|ˈkɔ:zəl
causation,kɔ:ˈzeɪʃən,uwarunkowanie
cause,kɔ:z,
causeway,grobla,ˈkɔ:zweɪ
caustic,1.  kaustyczny,"zgryźliwy|żrący
 2.  kostyczny|ˈkɔ:stɪk"
caution,"ostrzeżenie
ii.    ostrzegać",przestrzegać|ˈkɔ:ʃən
cautious,ostrożny,ˈkɔ:ʃəs
cavalier,nonszalancki,ˌkævəˈlɪə
cavalry,ˈkævəlrɪ,
cave,keɪv,
cavern,pieczara,ˈkævən
cavernous,ogromny,przepastny|ˈkævənəs
caviar,caviare,kawior|ˈkævɪɑ:
caviare,caviar,kawior|ˈkævɪɑ:
cavity,dziura,ubytek|ˈkævɪtɪ
cavort,baraszkować,kəˈvɔ:t|zabawiać się
caw,krakać,kɔ:
cbc,radio kanadyjskie,
cbs,radio cbs,
cc,"cc.
  rozdziały",
cdr,"cdr.
  d-ca dowódca",d-ca
cease,1.  kończyć się,si:s
ceasefire,zawieszenie broni,ˈsi:sfaɪə
ceaseless,bezustanny,ˈsi:slɪs
cedar,cedr,ˈsi:də
cede,cedować,przekazywać|si:d
ceiling,ˈsi:lɪŋ,
celebrate,ˈselɪbreɪt,
celebrated,doceniany,uznawany|ˈselɪbreɪtɪd
celebration,obchód,ˌselɪˈbreɪʃən
celebrity,sɪˈlebrɪtɪ,znakomitość
celery,seler,ˈselərɪ
celestial,niebiański,səˈlestɪəl
celibacy,ˈseləbəsɪ,
celibate,1.  bezżenny,ˈseləbət
cell,ogniwo,sel
cellar,piwnica,ˈselə
cello,wiolonczela,ˈʧeləʊ
cellophane,celofan,ˈseləfeɪn
cellular,"1.  komórkowy
 2.  porowaty",puchaty|ˈseljʊlə
celluloid,celuloid,ˈseljʊlɔɪd
celsius,celsjusz,celsjusza skala|ˈselsɪəs
celt,kelt,selt
celtic,celtycki,ˈkeltɪk|ˈseltɪk
cement,przycementować,sɪˈment|utwierdzać
cemetery,cmentarz,ˈsemɪtrɪ
censor,"i.    cenzorować
ii.    cenzor",ˈsensə
censorship,cenzura,ˈsensəʃɪp
censure,"krytykować 
ii.    nagana",ˈsenʃə
census,spis,spis ludności|ˈsensəs
cent,sent,
centenary,senˈti:nərɪ,stulecie
centigrade,skala stustopniowa,skala stustopniowa celsjusza|ˈsentɪgreɪd
centimeter,centimetre,centymetr|ˈsentɪmi:tə
centimetre,centimeter,centymetr|ˈsentɪmi:tə
centipede,stonoga,ˈsentɪpi:d
central,"dogodnie położony
 4.  zasadniczy","główny 
ii.  central heating|procesor centralny|ˈsentrəl|ˌsentrəl ˈhi:tɪŋ"
centralization,centralizacja,ˌsentrəlaɪˈzeɪʃən
centralize,centralizować,ˈsentrəlaɪz
centred,skupiony,usytuowany (in - wokół|ˈsentəd
century,ˈsenʧərɪ,
ceramic,sɪˈræmɪk,
cereal,płatki,ˈsɪərɪəl
cerebral,ˈserɪbrəl,
ceremonial,"i.    obrzędowy
ii.    ceremoniał",rytuał|serɪˈməʊnɪəl
ceremonious,ceremonialny,serɪˈməʊnɪəs
ceremony,1.  ceremonia,bez ceregieli|ˈserəmənɪ
cert,zaświadczony,
certain,w pewnej mierze,ˈsɜ:tən
certainly,że nie,ˈsɜ:tənlɪ
certainty,ˈsɜ:təntɪ,
certificate,"1.  zaświadczenie
 2.  świadectwo",səˈtɪfɪkət
certitude,pewność,ˈsɜ:tɪtju:d
cessation,seˈseɪʃən,zaprzestanie
ceylon,cejlon,sɪˈlɒn
cf,cf.,"confer
  por.|porównaj"
ch,"ch.
  rozdział",
chafe,1.  ocierać się,ʧeɪf
chaff,plewy,ʧɑ:f
chain,ʧeɪn,
chainsmoke,chain-smoke,ˈʧeɪnsməʊk
chair,"kierownictwo
ii.    przewodniczyć",ʧeə
chairman,przewodniczący,ˈʧeəmən
chairperson,przewodniczący,ˈʧeəpɜ:sən
chairwoman,przewodnicząca,ˈʧeəwʊmən
chalet,chatka,domek|ˈʃæleɪ
chalk,ʧɔ:k,
chalky,kredowy,pokryty kredą|ˈʧɔ:kɪ
challenge,kwestionowanie,ˈʧælɪnʤ
challenger,rywal,ˈʧælɪnʤə
challenging,prowokujący,ˈʧælɪnʤɪŋ
chamber,muzyka kameralna,ˈʧeɪmbə|ˈʧeɪmbə ˌmju:zɪk
chambermaid,pokojówka,ˈʧeɪmbəmeɪd
chameleon,kameleon,kəˈmi:lɪən
chamois,"giemza
ii.  chamois leather",ircha|ˈʃæmɪ|ˈʃæmɪ ˌleðə
champagne,szampan,ʃæmˈpeɪn
champion,ˈʧæmpɪən,
championship,"1.  mistrzostwa
 2.  mistrzostwo",ˈʧæmpɪənʃɪp
chance,ʧɑ:ns,
chancellor,kanclerz,ˈʧɑ:nsələ
chandelier,kandelabr,ˌʃændəˈlɪə
changeable,zmienny,ˈʧeɪnʤəbəl
changeover,zmiana,ˈʧeɪnʤəʊvə
channel,ˈʧænəl,
chant,ʧɑ:nt,
chaos,ˈkeɪɒs,
chaotic,chaotyczny,keɪˈɒtɪk
chap,"chap.
  rozdział",facet|gość|ʧæp
chapel,kaplica,ˈʧæpəl
chaperon,chaperone,"i.    przyzwoitka
ii.    pilnować|opiekować się|ˈʃæpərəʊn"
chaperone,chaperon,"i.    przyzwoitka
ii.    pilnować|opiekować się|ˈʃæpərəʊn"
chaplain,kapelan,ˈʧæplɪn
chapped,spierzchnięty,ʧæpt
chapter,rozdział,ˈʧæptə
character,ˈkærɪktə,
characteristic,"charakterystyczny 
ii.    cecha charakterystyczna",ˌkærɪktəˈrɪstɪk
characterize,charakteryzować,ˈkærɪktəraɪz
charade,farsa,gra|ʃəˈrɑ:d
charcoal,węgiel drzewny,ˈʧɑ:kəʊl
charge,zajmować się czymś,ʧɑ:ʤ
chariot,rydwan,ˈʧærɪət
charisma,charyzmat,kəˈrɪzmə
charismatic,charyzmatyczny,kərɪzˈmætɪk
charitable,1.  uprzejmy,"dobroczynny|łaskawy 
 2.  charytatywny|ˈʧærɪtəbəl"
charity,1.  dobroczynność,dobroczynność|ˈʧærɪtɪ
charlatan,szarlatan,ˈʃɑ:lətən
charm,urok,ʧɑ:m
charming,czarujący,ˈʧɑ:mɪŋ
charred,osmalony,ʧɑ:d
chart,ʧɑ:t,
charter,ˈʧɑ:tə,
chartered,biegły,dyplomowany|ˈʧɑ:təd
chase,gonić się,ʧeɪs
chasm,1.  rozpadlina,ˈkæzəm
chaste,czysty,wierny|ʧeɪst
chasten,kajać się,ˈʧeɪsən
chastise,bić,ʧæˈstaɪz
chastity,cnotliwość,czystość|ˈʧæstɪtɪ
chat,i.    gawędzić,ʧæt
chateau,château,dwór|zamek|ʃæˈtəʊ|ˈʃætəʊ
chatter,"szczękanie
 3.  szczebiot",ˈʧætə
chatterbox,gaduła,trajkotka|ˈʧætəbɒks
chatty,gadatliwy,rozmowny|ˈʧætɪ
chauffeur,ʃəʊˈfɜ:,ˈʃəʊfə
chauvinism,szowinizm,ˈʃəʊvɪnɪzəm
chauvinist,"i.    szowinista
ii.    szowinistyczny",ˈʃəʊvɪnɪst
cheap,ʧi:p,
cheat,ʧi:t,
checkers,warcaby,ˈʧekəz
checkmate,mat,szach i mat|ˈʧekmeɪt
checkout,kasa,ˈʧek-aʊt
checkpoint,punkt kontroli,ˈʧekpɔɪnt
checkroom,szatnia,ˈʧekrʊm
checkup,check-up,kontrola|ˈʧek-ʌp
cheek,ʧi:k,
cheekbone,kość policzkowa,ˈʧi:kbəʊn
cheeky,bezczelny,ˈʧi:kɪ
cheer,rozchmurzać,ʧɪə
cheerful,1.  radosny,"pogodny
 2.  beztroski|ˈʧɪəfʊl"
cheerily,radośnie,ˈʧɪərɪlɪ
cheering,pokrzepiający,ˈʧɪərɪŋ
cheerio,cześć,pa|ʧɪərɪˈəʊ
cheerless,ponury,ˈʧɪəlɪs
cheers,na zdrowie!'',ʧi:əz
cheery,radosny,ˈʧɪərɪ
cheese,ser,ʧi:z
cheesecake,sernik,ˈʧi:zkeɪk
cheetah,gepard,ˈʧi:tə
chef,kucharz,szef kuchni|ʃef
chemical,ˈkemɪkəl,
chemist,drogeria,ˈkemɪst
chemistry,ˈkemɪstrɪ,
cherish,1.  piastować,"utrzymywać|żywić
 2.  miłować|ˈʧerɪʃ"
cherry,"czereśnia
ii.    wiśniowy",czereśniowy|ˈʧerɪ
chess,szachy,ʧes
chessboard,szachownica,ˈʧesbɔ:d
chest,komoda,ʧest|ˌʧest əv ˈdrɔ:z
chestnut,"i.    kasztan
ii.    kasztanowy",ˈʧesnʌt
chew,ʧu:,
chewing gum,guma do żucia,ˈʧu:ɪŋ gʌm
chic,i.    szykowny,"wyrafinowanie|wyrafinowany
ii.    szyk|ʃi:k"
chick,ʧɪk,
chicken,spłoszyć się,ˈʧɪkɪn
chickenpox,ospa wietrzna,ˈʧɪkɪnpɒks
chicory,cykoria,ˈʧɪkərɪ
chide,strofować,ʧaɪd
chief,ʧi:f,
chiefly,"1.  zasadniczo
 2.  głównie",ˈʧi:flɪ
chieftain,wódz,ˈʧi:ftən
chiffon,"i.    szyfon
ii.    szyfonowy",ˈʃɪfɒn
chilblain,odmrożenie,ˈʧɪlbleɪn
child,dziecko,ʧaɪld
childbearing,poród,ˈʧaɪldbeərɪŋ
childbirth,narodziny,poród|ˈʧaɪldbɜ:θ
childhood,dzieciństwo,ˈʧaɪldhʊd
childish,dziecinny,ˈʧaɪldɪʃ
childless,bezdzietny,ˈʧaɪldlɪs
childlike,dziecięcy,ˈʧaɪldlaɪk
childminder,opiekun,opiekun do dzieci|opiekunka|opiekunka do dzieci|ˈʧaɪldmaɪndə
chile,ˈʧɪlɪ,
chilean,chilijski,ˈʧɪlɪən
chill,i.    chłodzić,ʧɪl
chilly,czuć zimno,ˈʧɪlɪ
chime,wtórować,ʧaɪm
chimney,komin,ˈʧɪmnɪ
chimneysweep,kominiarz,ˈʧɪmnɪswi:p
chimpanzee,szymmpans,ˌʧɪmpænˈzi:
chin,broda,podbródek|ʧɪn
china,chiny,porcelana|ˈʧaɪnə
chinese,"i.    chiński
ii.    chińczyk",ˌʧaɪˈni:z
chink,"pobrzękiwanie
ii.    brzęczeć",ʧɪŋk
chintz,kreton,perkal|ʧɪnts
chip,kość,obijać się|skrawek|wiórek|wyszczerbiać
chiropodist,kɪˈrɒpədɪst,pedikiurzysta|pedikiurzystka
chirp,ćwierkać,ʧɜ:p
chisel,wycinać,ˈʧɪzəl
chivalrous,rycerski,ˈʃɪvəlrəs
chivalry,rycerskość,ˈʃɪvəlrɪ
chives,szczypior,ˈʧaɪvz
chlorine,chlor,ˈklɔ:ri:n
chlorophyll,chlorofil,ˈklɔ:rəfɪl
chocolate,"1.  czekolada
 2.  czekoladka",ˈʧɒklɪt
choice,"asortyment
ii.   1.  wyborowy",ʧɔɪs
choir,chór,ˈkwaɪə
choke,dusić się,dławić|ʧəʊk
cholera,ˈkɒlərə,
choose,"1.  wybierać
 2.  postanawiać",ʧu:z
choosy,wybredny,ˈʧu:zɪ
chop,ʧɒp,
chopper,"1.  siekiera
 2.  helikopter",ˈʧɒpə
choppy,pofalowany,pomarszczony|ˈʧɒpɪ
chopstick,ˈʧɒpstɪk,
choral,chóralny,ˈkɔ:rəl
chord,kɔ:d,
chore,harówka,prace domowe|ʧɔ:
choreographic,choreografia,ˌkɒrɪəˈgræfɪk
choreography,choreografia,kɒrɪˈɒgrəfɪ
chortle,uśmiać się,zaśmiewać się|ˈʧɔ:rtəl
chorus,śpiewać chórem,ˈkɔ:rəs
chosen,wybrany,ˈʧəʊzən
christ,chrystus,kraɪst
christen,nazwać,ˈkrɪsən
christening,chrzciny,ˈkrɪsənɪŋ
christian,imię,ˈkrɪsʧən|ˈkrɪsʧən neɪm
christianity,chrześcijaństwo,krɪstɪˈænɪtɪ
christmas,choinka,"wigilia
iv.  christmas tree|wigilia bożego narodzenia|ˈkrɪsməs|ˈkrɪsməs tri:"
chrome,chrom,krəʊm
chronic,chroniczny,ˈkrɒnɪk
chronicle,zapisywać,ˈkrɒnɪkəl
chronological,chronologiczny,ˌkrɒnəˈlɒʤɪkəl
chrysalis,"1.  poczwarka
 2.  oprzęd",ˈkrɪsəlɪs
chrysanthemum,chryzantema,krɪˈsænθɪməm
chubby,pulchny,ˈʧʌbɪ
chuckle,chichotać,podśmiewać się|ˈʧʌkəl
chug,stukotać,turkotać|łoskotać|ʧʌg
chum,ʧʌm,
chunk,kawał,ʧʌŋk
chunky,"1.  zwalisty
 2.  ogromniasty",ˈʧʌŋkɪ
chunnel,tunel pod la manche,ˈʧʌŋəl
church,kościół,ʧɜ:ʧ
churchman,duchowny,ˈʧɜ:ʧmən
churchyard,cmentarz,ˈʧɜ:ʧjɑ:d
churl,cham,grubianin|ʧɜ:l
churlish,chamski,grubiański|ˈʧɜ:lɪʃ
churn,bełtać,i.    maślnica|kotłować|wywracać się|ʧɜ:n
chute,zsyp,ʃu:t
château,chateau,dwór|zamek|ʃæˈtəʊ|ˈʃætəʊ
cia,centalna agencja wywiadowcza,
cid,wydział śledczy,
cider,jabłecznik,wino jabłkowe|ˈsaɪdə
cigar,cygaro,sɪˈgɑ:
cigarette,papieros,sɪgəˈret
cinc,c-in-c,głównodowodzący|ˌsɪ ɪn ˈsɪ
cinch,sɪnʧ,łatwizna
cinder,1. cinders  popiół,ˈsɪndə
cinema,kino,ˈsɪnɪmə
cinematic,kinowy,sɪnəˈmætɪk
cinnamon,cynamon,ˈsɪnəmən
cipher,szyfr,ˈsaɪfə
circa,około,ˈsɜ:kə
circle,ˈsɜ:kəl,
circuit,na turze objazdowej,ˈsɜ:kɪt
circuitous,okrężny,sɜ:ˈkju:ɪtəs
circular,"okrągły
 2.  okólny","okrężny
ii.    okólnik|ˈsɜ:kjʊlə"
circularity,błąd logiczny,błędne koło|ˌsɜ:kjʊˈlærɪtɪ
circulate,"1.  krążyć
 2.  rozpowszechniać",rozsyłać|ˈsɜ:kjʊleɪt
circulation,ˌsɜ:kjʊˈleɪʃən,
circumcise,obrzezywać,ˈsɜ:kəmsaɪz
circumcision,obrzezanie,ˌsɜ:kəmˈsɪʒən
circumference,obwód,səˈkʌmfərəns
circumscribe,ograniczać,ˈsɜ:kəmskraɪb
circumspect,rozważny,ˈsɜ:kəmspekt
circumstance,1. circumstances  okoliczności,"w warunkach
 5.  in|ˈsɜ:kəmstəns"
circumstantial,ˌsɜ:kəmˈstænʃəl,
circus,cyrk,ˈsɜ:kəs
cis,wnp,wspólnota niepodległych państw
cissy,maminsynek,sissy|ˈsɪsɪ
cistern,"1.  rezerwuar
 2.  zbiornik",cysterna|ˈsɪstən
citadel,cytadela,ˈsɪtədəl
citation,saɪˈteɪʃən,
cite,"1.  przytaczać
 2.  pozywać",saɪt|wzywać
citizen,obywatel,ˈsɪtɪzən
citizenship,obywatelstwo,ˈsɪtɪzənʃɪp
citrus,"i.    cytrus
ii.    cytrusowy",ˈsɪtrəs
city,ˈsɪtɪ,
civic,ˈsɪvɪk,
civil,wojna domowa,ˈsɪvəl|ˌsɪvəl ˈraɪts|ˌsɪvəl ˈsɜ:vənt|ˌsɪvəl ˈsɜ:vɪs
civilian,cywil,sɪˈvɪlɪən
civilise,civilize,cywilizować|ˈsɪvəlaɪz
civility,przyzwoitość,sɪˈvɪlɪtɪ|uprzejmość
civilization,cywilizacja,sɪvəlaɪˈzeɪʃən
civilize,civilise,cywilizować|ˈsɪvəlaɪz
civilized,"1.  cywilizowany
 2.  kulturalny",ˈsɪvəlaɪzd
civilly,grzecznie,przyzwoicie|ˈsɪvəlɪ
clad,klæd,przyodziany
claim,"deklaracja
 2.  żądanie",kleɪm|sąd|wysuwać żądania
clairvoyant,"i.    jasnowidzący
ii.    jasnowidz",kleəˈvɔɪənt
clam,klæm,
clamber,gramolić się,ˈklæmbə
clammy,kleisty,lepki|ˈklæmɪ
clamor,clamour,"wołać 
 2.  alarmować|ˈklæmə"
clamour,clamor,"wołać 
 2.  alarmować|ˈklæmə"
clamp,klæmp,przyhamowywać
clan,klan,klæn
clandestine,klænˈdestɪn,podziemny|tajny
clang,"dzwonić
ii.    dźwięk",i.    dźwięczeć|klæŋ|odgłos
clank,"i.    szczękać
ii.    szczęk",klæŋk
clap,klæp,
clappedout,clapped-out,zdezelowany|ˌklæptˈaʊt
claptrap,bzdura,ˈklæptræp
clarification,objaśnienie,wyjaśnienie|ˌklærɪfɪˈkeɪʃən
clarify,wyjaśniać,ˈklærɪfaɪ
clarinet,klarnet,ˌklærəˈnet
clarity,1.  przejrzystość,"jasność
 2.  precyzyjność|precyzja|ˈklærɪtɪ"
clash,hałas,"klæʃ|zderzenie
 4.  łoskot"
clasp,i.    przytulać,"klɑ:sp|przyciskać
ii.    klamra|sprzączka"
class,"grupa
 2.  zajęcia","klɑ:s|lekcja
 3.  klasa|warstwa
ii.   1.  klasyfikować|warstwa społeczna"
classic,i.    klasyczny,ˈklæsɪk
classical,1.  klasyczny,"poważny
 3.  starożytny|ˈklæsɪkəl"
classification,klasyfikacja,klæsɪfɪˈkeɪʃən
classify,klasyfikować,ˈklæsɪfaɪ
classmate,kolega,kolega z klasy|ˈklɑ:smeɪt
classroom,klasa,sala szkolna|ˈklɑ:sru:m
classy,na poziomie,z klasą|ˈklɑ:sɪ
clatter,brzęczeć,"stukot
ii.    stukać|ˈklætə"
clause,klɔ:z,zdanie
claustrophobia,klaustrofobia,klɒstrəˈfəʊbɪə
claw,klɔ:,wpijać się
clay,glina,kleɪ
clean,"czyścić
 2.  sprzątać",kli:n
cleaner,"cleaner's* 
 - pralnia chemiczna",ˈkli:nə
cleanliness,schludność,ˈklenlɪnɪs
cleanly,"cleanly
i.    gładko","porządnie
ii.    schludny"
cleanse,klenz,oczyszczać
cleanser,płyn do czyszczenia,ˈklenzə
clearcut,clear-cut,jednoznaczny|klɪəˈkʌt|wyraźny
clearheaded,clear-headed,jasno myślący|klɪəˈhedɪd
clearing,polana,ˈklɪərɪŋ
clearsighted,clear-sighted,klɪəˈsaɪtɪd|przenikliwy|przytomny
cleavage,rozstęp,ˈkli:vɪʤ
clef,klef,klucz
cleft,kleft,pęknięcie|szczelina
clemency,wyrozumiałość,łaskawość|ˈklemənsɪ
clench,klenʧ,zaciskać
clergy,duchowieństwo,kler|ˈklɜ:ʤɪ
clergyman,duchowny,ˈklɜ:ʤɪmən
clerical,1.  biurowy,ˈklerɪkəl
clerk,klɑ:k,
clever,1.  inteligentny,"pomysłowy|zdolny
 2.  zmyślny|ˈklevə"
cliche,cliché,komunał|ˈkli:ʃeɪ
cliché,cliche,komunał|ˈkli:ʃeɪ
click,klɪk,"pstryk|zaskoczyć
ii.    pstryknięcie"
client,klient,ˈklaɪənt
cliff,klif,klɪf|stromy brzeg
climactic,klaɪˈmæktɪk,szczytowy
climate,klimat,ˈklaɪmɪt
climatic,klaɪˈmætɪk,klimatyczny
climax,klimaks,punkt kulminacyjny|ˈklaɪmæks
climb,klaɪm,złazić
climber,1.  wspinacz,pnącze|roślina pnąca|ˈklaɪmə
climbing,alpinistyka,wspinaczka|ˈklaɪmɪŋ
clime,klaɪm,klimat|strefa
clinch,klɪnʧ,załatwić
cling,klɪŋ,nie odstępować
clinging,"1.  niesamodzielny
 2.  przylegający",ˈklɪŋɪŋ
clinic,klinika,ˈklɪnɪk
clinical,"kliniczny
 2.  sterylny",zimny|ˈklɪnɪkəl
clink,klɪŋk,
clip,klɪp,"wycinać|zapięcie
 2.  wideo klip"
clipboard,notatnik,ˈklɪpbɔ:d
clippers,nożyczki,szczypczyki|ˈklɪpɜ:z
clipping,wycinek,wycinek prasowy|ˈklɪpɪŋ
clique,kli:k,klika
cloak,kləʊk,"peleryna
 2.  płaszczyk|pokrywka
ii.    okryć|przykryć"
cloakroom,1.  garderoba,"szatnia
 2.  toaleta|ˈkləʊkru:m"
clobber,"ciuchy
ii.    przywalić",i.    bambetle|pobić|ˈklɒbə
clock,klɒk,
clockwork,ˈklɒkwɜ:k,
clod,bryła,gruda|klɒd
clog,"blokować
ii.    chodak",i.    zatykać|klɒg|zatykać
cloister,krużganek,ˈklɔɪstə
clone,kləʊn,"składak
ii.    klonować"
closeknit,blisko związany,close-knit|kləʊs ˈnɪt|zwarty
closeset,blisko osadzony,close-set|kləʊs ˈset
closet,naradzać się na osobności,ˈklɒzɪt
closeup,close-up,zbliżenie|ˈkləʊs ʌp
closure,"1.  zamknięcie
 2.  blokada",ˈkləʊʒə
cloth,"1.  materiał
 2.  szmatka",klɒθ
clothe,kləʊð,ubierać|ubierać się
clothes,kləʊðz,ubranie
clothing,kləʊðɪŋ,odzież|ubranie
cloud,klaʊd,
cloudy,1.  zachmurzony,"szary
 2.  mętny|ˈklaʊdɪ"
clout,klaʊt,
clove,kləʊv,ząbek
clover,koniczyna,ˈkləʊvə
clown,klaʊn,
club,bić,clʌb
cluck,klʌk,kręcić głową
clue,1.  wskazówka,klu:
clump,"grupa
ii.    tupać",klʌmp|stąpać
clumsy,1.  niezręczny,"niezgrabny
 2.  nieporęczny|ˈklʌmzɪ"
clunk,klʌŋk,łomot
cluster,ˈklʌstə,
clutch,klʌʧ,
clutter,i.    bałagan,"nieład
ii.    zawalać|ˈklʌtə"
cm,wspólny rynek,
co,co-,do rąk|dowódca|ko-|kəʊ
coach,autobus,kəʊʧ
coagulate,1.  krzepnąć,"koagulować
 2.  gęstnieć|kəʊˈægjʊleɪt|stygnąć"
coal,kəʊl,węgiel
coalesce,jednoczyć się,kəʊəˈles|łączyć się
coalface,przodek,ˈkəʊlfeɪs
coalfield,pokład,pokład węglowy|złoże|złoże węgla|ˈkəʊlfi:ld
coalition,koalicja,ˌkəʊəˈlɪʃən
coalmine,kopalnia,kopalnia węgla|ˈkəʊlmaɪn
coalminer,górnik,górnik węglowy|ˈkəʊlmaɪnə
coarse,kɔ:s,"ordynarny|szorstki
 2.  grubiański"
coast,kəʊst,
coastal,przybrzeżny,ˈkəʊstəl
coastguard,ˈkəʊstgɑ:d,
coastline,linia brzegowa,ˈkəʊstlaɪn
coat,herb,kəʊt|ˈkəʊt hæŋgə|ˌkəʊt əv ˈɑ:mz
coating,powłoka,ˈkəʊtɪŋ
coax,kəʊks,nakłaniać|namawiać
cobble,ˈkɒbəl,
cobra,kobra,ˈkəʊbrə
cobweb,pajęczyna,ˈkɒbweb
cocaine,kokaina,kəʊˈkeɪn
cock,kɒk,
cockatoo,kakadu,kɒkəˈtu:
cockerel,kogucik,ˈkɒkərəl
cockeyed,kɒkˈaɪd,skrzywiony
cockle,mięczak jadalny,ˈkɒkəl
cockney,ˈkɒknɪ,
cockpit,kabina,ˈkɒkpɪt
cockroach,karaluch,ˈkɒkrəʊʧ
cocksure,zbyt pewny siebie,ˈkɒkʃɔ:
cocktail,1.  koktail alkoholowy,"koktail
 2.  mieszanka|ˈkɒkteɪl"
cockup,bajzel,cock-up|spieprzenie|ˈkɒkʌp
cocky,zarozumiały,ˈkɒkɪ
cocoa,kakao,ˈkəʊkəʊ
coconut,orzech kokosowy,ˈkəʊkəʊnʌt
cocoon,kokon,kəˈku:n
cocooned,"1.  opatulony
 2.  odizolowany",kəˈku:nd
cod,dorsz,kɒd|płatne przy odbiorze|za zaliczeniem pocztowym
coddle,rozpieszczać,ˈkɒdəl
code,kod,"kəʊd|oznaczenie kodowe|szyfrować
iii.  code name|ˈkəʊd neɪm"
codify,kodyfikować,ustalać|ˈkəʊdɪfaɪ
coed,co-ed,koedukacyjny|kəʊˈed|ˈkəʊed
coeducation,co-education,koedukacyjny|kəʊedjʊˈkeɪʃən
coerce,kəʊˈɜ:s,przymuszać
coexist,koegzystować,kəʊɪgˈzɪst|współistnieć
coffee,niski stolik,stolik|ˈkɒfɪ|ˈkɒfɪ teɪbəl
coffin,trumna,ˈkɒfɪn
cog,kɒg,
cogent,przekonujący,ˈkəʊʤent
cognac,koniak,ˈkɒnjæk
cognitive,kognitywny,poznawczy|ˈkɒgnɪtɪv
cogwheel,zębatka,ˈkɒgwi:l
cohabit,kəʊˈhæbɪt,współżyć
coherent,koherentny,kəʊˈhɪərənt|spójny
cohesion,kəʊˈhi:ʒən,spójność|zwartość
cohesive,kəʊˈhi:sɪv,spójny|zwarty
coil,kɔɪl,"spirala
ii.    zwijać się|zwijać"
coin,kɔɪn,
coinage,system monetarny,waluta|ˈkɔɪnɪʤ
coincide,pokrywać się,"zachodzić 
 3.  współbrzmieć|ˌkəʊɪnˈsaɪd"
coincidence,kəʊˈɪnsɪdəns,przypadek|zbieg okoliczności
coincidental,kəʊˌɪnsɪˈdentəl,przypadkowy
coke,kəʊk,
col,"col.
  kolumna","col.
  płk pułkownik|płk|szpalta"
colander,cedzak,durszlak|ˈkʌləndə
coldblooded,cold-blooded,zimnokrwisty|ˌkəʊldˈblʌdɪd
colic,kolka,ˈkɒlɪk
coll,"coll.
  kolegium",
collaborate,"1.  współpracować 
 2.  kolaborować",kəˈlæbəreɪt
collaboration,kəˌlæbəˈreɪʃən,współpraca
collaborator,"1.  współpracownik
 2.  kolaborant",kəˌlæbəˈreɪtə
collapse,kəˈlæps,
collapsible,kəˈlæpsəbəl,składany
collar,ˈkɒlə,
collarbone,obojczyk,ˈkɒləbəʊn
collate,kəˈleɪt,porównywać|zestawiać
colleague,kolega,ˈkɒli:g
collect,kəˈlekt,
collected,kəˈlektɪd,opanowany|skupiony
collection,1.  kolekcja,kolekta|kəˈlekʃən
collective,kolektywny,kəˈlektɪv|wspólny
collector,"1.  kolekcjoner
 2.  poborca","inkasent
 3.  bileter|kəˈlektə"
college,związek,ˈkɒlɪʤ
collide,kəˈlaɪd,zderzać się
colliery,kopalnia węgla,ˈkɒljərɪ
collision,"1.  zderzenie
 2.  kolizja",kəˈlɪʒən
colloquial,kolokwialny,kəˈləʊkwɪəl|potoczny
collusion,kəˈlu:ʒen,zmowa
cologne,kəˈləʊn,woda kolońska
colon,ˈkəʊlən,
colonel,pułkownik,ˈkɜ:nəl
colonial,kolonialny,kəˈləʊnɪəl
colonist,kolonista,kolonizator|ˈkɒlənɪst
colonize,kolonizować,ˈkɒlənaɪz
colony,kolonia,ˈkɒlənɪ
colorado,kolorado,kɒləˈrɑ:dəʊ
colored,coloured,ˈkʌləd
colorful,barwny,colourful|ˈkʌləfʊl
coloring,colouring,ˈkʌlərɪŋ
colossal,kolosalny,kəˈlɒsəl
coloured,colored,ˈkʌləd
colourful,barwny,colorful|ˈkʌləfʊl
colouring,coloring,ˈkʌlərɪŋ
colt,kəʊlt,źrebak
columbia,kolumbia,kəˈlʌmbɪə
columbian,"i.    kolumbijski
ii.    kolumbijczyk",kəˈlʌmbɪən
column,"1.  kolumna
 2.  felieton",ˈkɒləm
columnist,felietonista,ˈkɒləmnɪst
coma,koma,śpiączka|ˈkəʊmə
comb,kəʊm,
combat,ˈkɒmbæt,
combination,"kod
ii.  combination lock","kombinacja
 2.  szyfr|zamek szyfrowy|ˌkɒmbɪˈneɪʃən|ˌkɒmbɪˈneɪʃən lɒk"
combine,"combine
i.    łączyć",kombinat
combustion,kəmˈbʌsʧən,spalanie|zapłon
comeback,ˈkʌmbæk,
comedian,komik,kəˈmi:dɪən
comedy,komedia,ˈkɒmɪdɪ
comely,nadobny,ˈkʌmlɪ
comet,kometa,ˈkɒmɪt
comfort,ˈkʌmfət,
comfortable,ˈkʌmfətəbəl,
comic,komiks,ˈkɒmɪk|ˈkɒmɪk strɪp
comical,komiczny,ˈkɒmɪkəl
coming,ˈkʌmɪŋ,
comma,przecinek,ˈkɒmə
command,kəˈmænd,"rozkazywać
 2.  żądać"
commandant,dowódca,ˈkɒməndænt
commandeer,"1.  rekwirować
 2.  przejmować",ˌkɒmənˈdɪə
commander,głównodowodzący,kəˈmɑ:ndə|kəˌmɑ:ndərɪnˈʧi:f
commanding,i.   1.  przewodzący,"kəˈmɑ:ndɪŋ|panujący
 2.  imponujący"
commandment,kəˈmɑ:ndmənt,przykazanie
commando,komandos,kəˈmɑ:ndəʊ
commemorate,"1.  upamiętniać
 2.  obchodzić",kəˈmemɒreɪt
commence,kəˈmens,rozpoczynać|rozpoczynać się
commend,1.  chwalić,kəˈmend
commendable,chwalebny,godny polecenia|kəˈmendəbəl
commendation,pochwała,ˌkɒmenˈdeɪʃən
commensurate,kəˈmenʃərət,proporcjonalny|współmierny
comment,i.    komentować,komentarz (on - o|ˈkɒment
commentary,1.  sprawozdanie telewizyjne,"sprawozdanie
 2.  komentarz|ˈkɒməntərɪ"
commentator,1.  sprawozdawca,"reporter
 2.  komentator|ˈkɒmənteɪtə"
commerce,handel,ˈkɒmɜ:s
commercial,"finansowy
 2.  komercyjny",kəˈmɜ:ʃəl
commercialize,komercjalizować,kəˈmɜ:ʃəlaɪz
commiserate,kəˈmɪzəreɪt,współczuć
commission,kəˈmɪʃən,"zamawiać
ii.   1.  zamówienie"
commissionaire,kəˌmɪʃəˈneə,portier
commissioner,komisarz,kəˈmɪʃənə
commit,"1.  popełniać
 2.  kierować",kəˈmɪt|wyuczać się|zobowiązywać się do czegoś
commitment,kəˈmɪtmənt,
committee,komitet,kəˈmɪtɪ
commodious,kəˈməʊdɪəs,przestronny
commodity,artykuł,artykuł handlowy|kəˈmɒdɪtɪ|towar
commodore,komandor,ˈkɒmədɔ:
commonlaw,common-law,i.    niezalegalizowane|o trwałym pożyciu małżeństwo|ˌkɒmənˈlɔ:
commonplace,pospolity,powszechny|ˈkɒmənpleɪs
commotion,kəˈməʊʃən,poruszenie
communal,wspólny,ˈkɒmjʊnəl
commune,ˈkɒmju:n,
communicate,1.  komunikować się,kəˈmju:nɪkeɪt|rozumieć się
communication,kəˌmjʊnɪˈkeɪʃən,
communicative,1.  komunikatywny,"kəˈmju:nɪkətɪv|rozmowny
 2.  komunikacyjny"
communion,kəˈmju:nɪən,"współuczestnictwo
 2.  komunia"
communique,communiqué,komunikat|kəˈmju:nɪkeɪ|zawiadomienie
communiqué,communique,komunikat|kəˈmju:nɪkeɪ|zawiadomienie
communist,"i.    komunista
ii.    komunistyczny",ˈkɒmjʊnɪst
community,kəˈmju:nɪtɪ,kəˈmju:nɪtɪ ˌsentə|kəˈmju:nɪtɪ ˌsɜ:vɪs|praca przymusowa
commute,dojeżdżać,dojeżdżać do pracy|kəˈmju:t
commuter,dojeżdżający,kəˈmju:tə
comp,porównaj,
compact,zagęszczać,
companion,kəˈmpænjən,towarzysz
companionable,kəˈmpænjənəbəl,towarzyski
companionship,kəˈmpænjənʃɪp,towarzystwo
company,1.  spółka,ˈkʌmpənɪ
comparable,dający się porównywać,porównywalny|ˈkɒmpərəbəl
comparative,kəmˈpærətɪv,wyższy
compare,kəmˈpeə,w porównaniu do|wypadać niekorzystnie w porównaniu
comparison,by comparison (with,kəmˈpærɪsən|w porównaniu
compartment,"1.  przedział
 2.  przegródka",kəmˈpɑ:tmənt
compass,zakres,ˈkʌmpəs
compassion,kəmˈpæʃən,litość|współczucie
compassionate,kəmˈpæʃənɪt,
compatible,kompatybilny,kəmˈpætəbəl|zgodny
compatriot,kəmˈpætrɪət,rodak
compel,kəmˈpel,przyciągać
compelling,istotny,kəmˈpelɪŋ
compensate,"1.  rekompensować 
 2.  kompensować",równoważyć|ˈkɒmpənseɪt
compensation,1.  rekompensata,"odszkodowanie
 2.  kompensacja|pociecha|przystosowanie
 3.  rekompensata|ˌkɒmpənˈseɪʃən"
compensatory,1.  rekompensacyjny,"kəmˈpensətərɪ|wyrównawczy
 2.  resocjalizacyjny"
compere,compère,"i.    prezenter|konferansjer
ii.    prowadzić konferansjerkę|ˈkɒmpeə"
compete,1.  rywalizować,kəmˈpi:t|współzawodniczyć
competence,kompetencja,sprawność|ˈkɒmpɪtəns
competent,kompetentny,sprawny|ˈkɒmpɪtənt
competition,konkurować,ˌkɒmpɪˈtɪʃən
competitive,1.  rywalizujący,"kəmˈpetɪtɪv|ostry
 3.  konkurencyjny|przebojowy"
competitor,"1.  konkurent
 2.  zawodnik",kəmˈpetɪtə|uczestnik
compilation,1.  kompilacja,"zbieranie|zbiór
 2.  kompilowanie|ˌkɒmpɪˈleɪʃən"
compile,kompilować,kəmˈpaɪl|zestawiać
complacency,kəmˈpleɪsənsɪ,samozadowolenie
complacent,kəmˈpleɪsənt,zadowolony z siebie
complain,kəmˈpleɪn,
complaint,1.  skarga,kəmˈpleɪnt
complement,i.    uzupełniać,"uwydatniać
ii.   1.  uzupełnienie|ˈkɒmplɪmənt"
complementary,uzupełniający,uzupełniający się|ˌkɒmplɪˈmentərɪ
complete,kəmˈpli:t,wraz z
completion,kəmˈpli:ʃən,ukończenie|zakończenie
complex,co do),ˈkɒmpleks
complexion,kəmˈplekʃən,
complexity,1.  skomplikowanie,"kəmˈpleksɪtɪ|złożoność
 2. complexities  zawiłość"
compliance,kəmˈplaɪəns,ustępliwość
compliant,kəmˈplaɪənt,ustępliwy
complicate,komplikować,ˈkɒmplɪkeɪt
complicated,skomplikowany,ˈkɒmplɪkeɪtɪd
complication,komplikacja,ˌkɒmplɪˈkeɪʃən
complicity,kəmˈplɪsɪtɪ,współudział
compliment,"pozdrowienia
ii.    prawić komplementy",ˈkɒmplɪmənt
complimentary,1.  uprzejmy,"okazowy|wyrażający uznanie
 2.  bezpłatny|ˌkɒmplɪˈmentərɪ"
comply,kəmˈplaɪ,podporządkowywać się|ustępować
component,część,część składowa|komponent|kəmˈpəʊnənt
compose,kəmˈpəʊz,
composed,kəmˈpəʊzd,opanowany|spokojny
composer,kompozytor,kəmˈpəʊzə
composite,składanka,ˈkɒmpəzɪt
composition,ˌkɒmpəˈzɪʃən,
compost,kompost,ˈkɒmpɒst
composure,kəmˈpəʊʒə,równowaga|spokój
compound,"podwórze
 2.  związek chemiczny",pogarszać|teren
comprehend,pojmować,rozumieć|ˌkɒmprɪˈhend
comprehensible,zrozumiały,ˌkɒmprɪˈhensɪbəl
comprehension,"1.  pojmowanie
 2.  rozumienie",ˌkɒmprɪˈhenʃən
comprehensive,i.    wyczerpujący,szkoła ogólnokształcąca|ˌkɒmprɪˈhensɪv|ˌkɒmprɪˈhensɪv sku:l
compress,1.  zaciskać,"kondensować|kəmˈpres|sprężać
 2.  ściskać"
compression,kompresja,kəmˈpreʃən|sprężanie
comprise,kəmˈpraɪz,składać się na
compromise,szargać,ˈkɒmprəmaɪz
compulsion,"1.  natręctwo
 2.  przymus",kəmˈpʌlʃən
compulsive,kəmˈpʌlsɪv,
compulsory,kəmˈpʌlsərɪ,obowiązkowy
computation,obliczenie,ˌkɒmpjəˈteɪʃən
compute,kəmˈpju:t,obliczać|wyliczać
computer,kəmˈpju:tə,kəmˌpju:tə ˈlɪtərəsɪ|umiejętność posługiwania się komputerami
computerization,komputeryzacja,kəmˌpju:təraɪˈzeɪʃən
computerize,kəmˈpju:təraɪz,przechowywać
computing,kəmˈpju:tɪŋ,obliczenie komputerowe|przetwarzanie
compère,compere,"i.    prezenter|konferansjer
ii.    prowadzić konferansjerkę|ˈkɒmpeə"
comrade,kumpel,ˈkɒmrɪd
con,i.    urabiać,"kɒn|oszukiwać
ii.    szwindel"
concave,kənˈkeɪv,wklęsły
conceal,kənˈsi:l,
concealment,kənˈsi:lmənt,
concede,1.  przyznawać,"kənˈsi:d|przyznawać słuszność
 2.  uznawać"
conceit,kənˈsi:t,zarozumiałość
conceited,kənˈsi:tɪd,zarozumiały
conceivable,do wyobrażenia,kənˈsi:vəbəl|wyobrażalny
conceive,kənˈsi:v,począć
concentrate,ˈkɒnsəntreɪt,
concentrated,1.  stężony,"zagęszczony
 2.  skoncentrowany|ˈkɒnsəntreɪtɪd"
concentration,i.    koncentracja,"skupienie
ii.    koncentracyjny|skupienie się|ˌkɒnsənˈtreɪʃən"
concentric,koncentryczny,kənˈsentrɪk|współśrodkowy
concept,pojęcie,ˈkɒnsept
conception,1.  koncepcja,kənˈsepʃən
conceptual,kənˈsepʧʊəl,pojęciowy
concern,kənˈsɜ:n,
concerned,kənˈsɜ:nd,
concerning,co się tyczy,kənˈsɜ:nɪŋ|odnoszący się|tyczący się
concert,ˈkɒnsət,
concerted,1.  zgodny,kənˈsɜ:tɪd
concerto,koncert,kənˈʧɜ:təʊ
concession,kənˈseʃən,
conciliate,kənˈsɪlɪeɪt,pogodzić się|udobruchać
conciliation,kənˌsɪlɪˈeɪʃen,pogodzenie się|pojednanie się
conciliatory,kənˈsɪlɪətɒrɪ,pojednawczy
concise,kənˈsaɪz,zwięzły
conclude,1.  wyciągać wnioski,finalizować|kənˈklu:d
conclusion,"1.  wniosek
 2.  zakończenie",kənˈklu:ʒən
conclusive,decydujący,kənˈklu:sɪv|ostateczny|rozstrzygający
concoct,"1.  sklecać
 2.  preparować",kənˈkɒkt
concoction,kənˈkɒkʃən,mikstura|potrawa
concomitant,kənˈkɒmɪtənt,współistniejący
concord,pogodzenie się,zgoda|ˈkɒŋkɔ:d
concrete,ˈkɒŋkri:t,
concur,kənˈkɜ:,
concurrence,kənˈkʌrəns,współwystępowanie
concurrent,kənˈkʌrənt,współwystępujący
concussed,kənˈkʌst,po wstrząsie mózgu
concussion,kənˈkʌʃən,wstrząs mózgu
condemn,1.  potępiać,kənˈdem
condemnation,ostra krytyka,potępienie|ˌkɒndəmˈneɪʃən
condemned,kənˈdemd,skazaniec|skazany|skazany na śmierć
condensation,"1.  kondensacja
 2.  skroplenie",ˌkɒndənˈseɪʃən
condense,1.  ścieśniać,"kondensować
 2.  skraplać się|kənˈdens|skraplać"
condescend,raczyć,zniżać się|ˌkɒndɪˈsend
condescending,pełen wyższości,protekcjonalny|ˌkɒndɪˈsendɪŋ
condescension,poczucie wyższości,protekcjonalność|ˌkɒndɪˈsenʃən
condition,"choroba   
ii.   1.  warunkować","kənˈdɪʃən|stan
 3.  podstawa|warunek
 4.  dolegliwość"
conditional,kənˈdɪʃənəl,stanowić warunek czegoś
conditioner,1.  odżywka do włosów,"kənˈdɪʃənə|odżywka
 2.  płyn zmiękczający"
condolences,kondolencje,kənˈdəʊlənsɪz
condom,kondom,prezerwatywa|ˈkɒndəm
condominium,budynek z mieszkaniami własnościowymi,mieszkanie własnościowe|ˌkɒndəˈmɪnɪəm
condone,kənˈdəʊn,przyzwalać|rozgrzeszać
conducive,kənˈdju:sɪv,
conduct,"conduct
i.   1.  prowadzić","przeprowadzanie
 2.  zachowanie się|zachowanie"
conductor,kənˈdʌktə,przewodnik
cone,kəʊn,
confectionery,kənˈfekʃənərɪ,
confederation,konfederacja,kənˌfedəˈreɪʃən|sprzymierzenie
confer,1.  dyskutować,"cf.|confer
  por.|kənˈfɜ:|porównaj"
conference,konferencja,ˈkɒnfərəns
confess,1.  przyznawać się,kənˈfes|szczerze mówiąc
confessed,jawny,kənˈfest|otwarty
confession,kənˈfeʃən,
confetti,konfetti,kənˈfetɪ
confidant,powiernik,ˈkɒnfɪdænt
confide,i.    wyznawać,kənˈfaɪd|pokładać zaufanie
confidence,1.  zaufanie,ˈkɒnfɪdəns
confident,ˈkɒnfɪdənt,
confidential,poufny,ˌkɒnfɪˈdenʃəl
confidently,ˈkɒnfɪdəntlɪ,
confiding,kənˈfaɪdɪŋ,ufny
configuration,konfiguracja,kənˌfɪgjəˈreɪʃən|układ
configure,konfigurować,kənˈfɪgə
confine,"1.  ograniczać 
 2.  odosabniać",kənˈfaɪn
confinement,kənˈfaɪnmənt,odosobnienie
confines,granice,ˈkɒnfaɪnz
confirm,"1.  potwierdzać
 2.  bierzmować",kənˈfɜ:m
confirmation,"1.  potwierdzenie
 2.  bierzmowanie",konfirmacja|ˌkɒnfəˈmeɪʃən
confirmed,kənˈfɜ:md,niewzruszony|przekonany
confiscate,konfiskować,ˈkɒnfɪskeɪt
confiscation,konfiskata,ˌkɒnfɪˈskeɪʃən
conflagration,pożoga,ˌkɒnfləˈgreɪʃən
conflict,"conflict
i.   1.  konflikt",
conflicting,kənˈflɪktɪŋ,sprzeczny
conform,1.  podporządkowywać się zwyczajom,kənˈfɔ:m
conformist,"i.    konformista
ii.    konformistyczny",kənˈfɔ:mɪst
confound,kənˈfaʊnd,wprawiać w zmieszanie
confront,konfrontować,kənˈfrʌnt
confrontation,konfrontacja,zwada|ˌkɒnfrənˈteɪʃən
confuse,kənˈfju:z,
confusing,kənˈfju:zɪŋ,mylący
confusion,dezorientacja,"kənˈfju:ʒən|zamieszanie
 3.  zagubienie"
congeal,krzepnąć,kənˈʤi:l|tężeć
congenial,kənˈʤi:nɪəl,przyjemny
congenital,kənˈʤenɪtəl,wrodzony
congested,kənˈʤestɪd,zapchany|zatłoczony
congestion,1.  zatłoczenie,blokada|kənˈʤesʧən|zastój
conglomerate,koncern,konglomerat|kənˈglɒmərɪt
conglomeration,konglomeracja,kənˌglɒməˈreɪʃən|zbiór
congratulate,1.  gratulować,kənˈgræʧʊleɪt
congratulations,gratulacje,kənˌgræʧʊˈleɪʃəns|życzenia
congratulatory,gratulacyjny,kənˌgræʧʊˈleɪtərɪ
congregate,zbierać się,ˈkɒngrɪgeɪt
congregation,kongregacja,zgromadzenie wiernych|ˌkɒngrɪˈgeɪʃən
congress,kongres,ˈkɒŋgres
conical,stożkowy,ˈkɒnɪkəl
conifer,drzewo szpilkowe,ˈkəʊnɪfə
conjecture,domniemanie,kənˈʤekʧə|przypuszczenie
conjugal,małżeński,ˈkɒnʤʊgəl
conjunction,kənˈʤʌŋkʃən,
conjure,ˈkʌnʤə,
conjurer,conjuror,iluzjonista|prestidigitator|ˈkʌnʤərə
conjuror,conjurer,iluzjonista|prestidigitator|ˈkʌnʤərə
conker,kasztan,ˈkɒŋkə
conman,con-man,oszust|szalbierz|ˈkɒnmən
connect,1.  przytwierdzać,"kəˈnekt|podłączać
 3.  łączyć|przymocowywać 
 2.  przyłączać"
connected,kəˈnektɪd,odnosić się
connecticut,kəˈnetɪkət,
connive,kəˈnaɪv,zmawiać się
connoisseur,koneser,ˌkɒnəˈsɜ:
connotation,konotacja,skojarzenie|ˌkɒnəˈteɪʃən
conquer,"1.  podbijać
 2.  pokonywać",opanowywać|ˈkɒŋkə
conqueror,zdobywca,ˈkɒŋkərə
conquest,opanowanie,ˈkɒŋkwest
consciencestricken,conscience-stricken,pełen wyrzutów sumienia|ˈkɒnʃəns ˌstrɪkən
conscientious,sumienny,ˌkɒnʃɪˈenʃəs
conscious,ˈkɒnʃəs,
consciousness,przytomność,świadomość|ˈkɒnʃəsnɪs
conscription,kənˈskrɪpʃən,pobór
consecrate,poświęcać,ˈkɒnsɪkreɪt
consecration,poświęcenie,ˌkɒnsɪˈkreɪʃən
consecutive,kolejny,kənˈsekjʊtɪv
consensus,konsensus,kənˈsensəs
consent,kənˈsent,
consequence,ˈkɒnsɪkwəns,
consequent,następujący,późniejszy|ˈkɒnsɪkwənt
consequently,czyli,zgodnie z tym|ˈkɒnsɪkwəntlɪ
conservation,ochrona,ochrona przyrody|ˌkɒnsəˈveɪʃən
conservationist,ochroniarz,ochroniarz przyrody|ˌkɒnsəˈveɪʃənɪst
conservatism,konserwatyzm,kənˈsɜ:vətɪzəm
conservative,kənˈsɜ:vətɪv,
conservatory,1.  oranżeria,"cieplarnia
 2.  konserwatorium|kənˈsɜ:vətərɪ"
conserve,1.  zachowywać,"chronić|kənˈsɜ:v|oszczędzać
 2.  zabezpieczać"
consider,kənˈsɪdə,wszystko razem wziąwszy
considerable,kənˈsɪdərəbəl,znaczny
considerate,kənˈsɪdəreɪt,pełen względów|troskliwy
consideration,1.  przemyślenie,kənˌsɪdəˈreɪʃən
considering,biorąc pod uwagę,kənˈsɪdərɪŋ
consign,1.  odkładać,kənˈsaɪn|składać
consignment,kənˈsaɪnmənt,partia|partia towaru|przesyłka
consist,kənˈsɪst,
consistency,1.  konsekwencja,"kənˈsɪstənsɪ|logika
 2.  konsystencja"
consistent,1.  konsekwentny,"kənˈsɪstənt|wytrwały
 2.  spójny"
consolation,pociecha,pocieszenie|ˌkɒnsəˈleɪʃən
console,pulpit,pulpit sterowniczy
consolidate,"1.  umacniać
 2.  konsolidować",kənˈsɒlɪdeɪt|łączyć|łączyć się
consolidation,"1.  umacnianie
 2.  konsolidacja",kənˌsɒlɪˈdeɪʃən|łączenie
consonant,spółgłoska,ˈkɒnsənənt
consort,małżonek,małżonek panującego|małżonka panującego
consortium,konsorcjum,kənˈsɔ:tɪəm
conspicuous,kənˈspɪkjʊəs,rzucający się w oczy|wyróżniający|wyróżniający się
conspiracy,konspiracja,konspirowanie|kənˈspɪrəsɪ
conspire,kənˈspaɪə,
constable,posterunkowy,ˈkʌnstəbəl
constabulary,kənˈstæbjʊlərɪ,okręg policyjny
constancy,stałość,ˈkɒnstənsɪ
constant,ˈkɒnstənt,
constantly,stale,ˈkɒnstəntlɪ
constellation,konstelacja,ˌkɒnstɪˈleɪʃən
consternation,konsternacja,ˌkɒnstəˈneɪʃən
constipated,ˈkɒnstɪpeɪtəd,
constipation,zatwardzenie,ˌkɒnstɪˈpeɪʃən
constituency,kənˈstɪʧʊənsɪ,okręg wyborczy
constituent,część składowa,kənˈstɪʧʊənt|kənˈstɪʧʊənt ˌpɑ:t
constitute,ˈkɒnstɪtju:t,
constitution,1.  konstytucja,ˌkɒnstɪˈtju:ʃən
constitutional,1.  konstytucyjny,"statutowy
 2.  zasadniczy|ˌkɒnstɪˈtju:ʃənəl"
constrain,kənˈstreɪn,
constraint,kənˈstreɪnt,
constrict,1.  ściskać,"kənˈstrɪkt|uciskać
 2.  ograniczać|zawężać"
constriction,"1.  ściskanie
 2.  ograniczenie",kənˈstrɪkʃən
construct,"construct
i.   1.  budować","konstruować
 2.  nadawać strukturę"
construction,kənˈstrʌkʃən,
constructive,konstruktywny,kənˈstrʌktɪv
constructor,konstruktor,kənˈstrʌktə
construe,interpretować,kənˈstru:
consul,konsul,ˈkɒnsəl
consular,konsularny,ˈkɒnsjʊlə
consulate,konsulat,ˈkɒnsjʊlɪt
consult,kənˈsʌlt,
consultancy,biuro konsultingowe,kənˈsʌltənsɪ
consultant,1.  lekarz specjalista,"kənˈsʌltənt|specjalista
 2.  konsultant"
consultation,ˌkɒnsəlˈteɪʃən,
consultative,doradczy,kənˈsʌltətɪv
consulting room,gabinet,gabinet lekarski|kənˈsʌltɪŋ ru:m|pokój przyjęć
consume,kənˈsju:m,pochłaniać
consumer,konsument,kənˈsju:mə
consummate,doskonały,"osiągać
ii.    skończony|spełniać
 2.  dopełniać|wykorzystywać"
consumption,kənˈsʌmpʃən,
cont,ciąg dalszy,
contact,"sth 
 - kontaktować się","styczność
 2.  zetknięcie|ˈkɒntækt"
contagious,"1.  zakaźny
 2.  zaraźliwy",kənˈteɪʤəs
contain,kənˈteɪn,trzymać w ryzach
container,i.    pojemnik,"kontener
ii.    kontenerowy|kənˈteɪnə"
contaminate,kənˈtæmɪneɪt,zakażać|zanieczyszczać
contaminated,kənˈtæmɪneɪtɪd,zakażony|zanieczyszczony
contamination,kənˌtæmɪˈneɪʃən,zakażenie|zanieczyszczenie
contemplate,1.  rozważać,"przemyśliwać
 3.  kontemplować|wpatrywać się|wpatrywać się w coś|ˈkɒntəmpleɪt"
contemplation,kontemplacja,ˌkɒntəmˈpleɪʃən
contemplative,kontemplacyjny,kontemplujący|ˈkɒntəmpleɪtɪv
contemporary,"1.  współczesny
 2.  ówczesny",kənˈtempərərɪ
contempt,kənˈtemt,mieć coś w pogardzie
contemptible,godny pogardy,haniebny|kənˈtemtəbəl
contemptuous,kənˈtempʧʊəs,wzgardliwy
contend,kənˈtend,
contender,kənˈtendə,pretendent
contented,kənˈtentɪd,zadowolony
contention,konflikt,kənˈtenʃən
contentious,kənˈtenʃəs,sporny
contentment,kənˈtenmənt,zadowolenie
contest,"contest
i.   1.  zawody",
contestant,biorący udział,kənˈtestənt|zawodnik
context,kontekst,ˈkɒntekst
continent,kontynent,ˈkɒntɪnənt
continental,kontynentalny,ˌkɒntɪˈnentəl
contingency,ewentualność,kənˈtɪnʤənsɪ
contingent,"delegacja
 2.  oddział",kənˈtɪnʤənt
continual,"1.  nieustanny
 2.  ustawiczny",ciągły|kənˈtɪnjʊəl
continuance,ciągłość,kənˈtɪnjʊəns|trwałość
continuation,1.  kontynuowanie,"kənˌtɪnjʊˈeɪʃən|przedłużenie|trwałość
 2.  kontynuacja"
continue,kənˈtɪnju:,
continuity,ciągłość,ˌkɒntɪˈnju:ɪtɪ
continuous,forma ciągła,kənˈtɪnjʊəs
continuum,ciągłość,kənˈtɪnjʊəm|seria
contort,kənˈtɔ:t,wykrzywiać się|wykręcać się
contortion,kənˈtɔ:ʃən,wykręcanie się
contour,warstwica,ˈkɒntʊə
contraband,kontrabanda,przemyt|ˈkɒntrəbænd
contraception,antykoncepcja,ˌkɒntrəˈsepʃən
contraceptive,antykoncepcyjny,środek antykoncepcyjny|ˌkɒntrəˈseptɪv
contract,"contract
i.    kontrakt",zachorować
contraction,kənˈtrækʃən,
contractor,dostawca,kontrahent|kənˈtræktə|przedsiębiorca
contradict,"1.  zaprzeczać
 2.  przeczyć",ˌkɒntrəˈdɪkt
contradiction,ˌkɒntrəˈdɪkʃən,
contradictory,sprzeczny,ˌkɒntrəˈdɪktərɪ
contraption,dings,kənˈtræpʃən|urządzenie
contrary,1.  odmienny,ˈkɒntrərɪ
contrast,odróżniać się,
contravene,naruszać,przekraczać|ˌkɒntrəˈvi:n
contribute,kənˈtrɪbju:t,"nadsyłać|wpłacać 
 3.  publikować"
contribution,"udział 
 2.  wpłata",ˌkɒntrɪˈbju:ʃən
contributory,kənˈtrɪbjʊtərɪ,przyczyniający się|składowy
contrite,kənˈtraɪt,skruszony
contrivance,"dings
 2.  pomysł",kənˈtraɪvəns|sztuczka
contrive,kənˈtraɪv,wymyślać
contrived,kənˈtraɪvd,sztuczny|wysilony
controller,kontroler,kənˈtrəʊlə
controversial,kontrowersyjny,ˌkɒntrəˈvɜ:ʃəl
controversy,kontrowersja,ˈkɒntrəvɜ:sɪ
conundrum,kənˈnʌndrəm,trudności|zagadka
conurbation,konurbacja,ˌkɒnɜ:ˈbeɪʃən
convalescence,rekonwalescencja,ˌkɒnvəˈlesəns
convalescent,rekonwalescencyjny,ˌkɒnvəˈlesənt
convene,1.  zwoływać,"kənˈvi:n|urządzać
 2.  zbierać się"
convenience,kənˈvi:nɪəns,półprodukty
convenient,dogodny,kənˈvi:nɪənt|wygodny
convent,1.  klasztor żeński,"klasztor
 2.  szkoła przyklasztorna|ˈkɒnvənt"
convention,kənˈvenʃən,zjazd
conventional,konwencjonalny,kənˈvenʃənəl
converge,kənˈvɜ:ʤ,
conversant,kənˈvɜ:sənt,zaznajomiony
conversation,wdawać się w rozmowy,ˌkɒnvəˈseɪʃən
conversational,konwersacyjny,ˌkɒnvəˈseɪʃənəl
conversely,kənˈvɜ:slɪ,na odwrót
conversion,1.  przekształcenie,kənˈvɜ:ʃən
convertible,"i.    wymienny
ii.    kabriolet",kənˈvɜ:təbəl
convex,kənˈveks,wypukły
convey,1.  przekazywać,kənˈveɪ
conveyor belt,kənˈveɪə belt,taśma transportowa
convict,"convict
i.    skazywać",
conviction,kənˈvɪkʃən,zasądzenie
convince,kənˈvɪns,
convivial,kənˈvɪvɪəl,radosny
convoluted,pokręcony,ˈkɒnvəlu:tɪd
convoy,konwój,ˈkɒnvɔɪ
convulse,kənˈvʌls,skręcać się
convulsion,konwulsja,kənˈvʌlʃən
convulsive,konwulsyjny,kənˈvʌlsɪv
coo,gruchać,ku:
cook,kʊk,
cookbook,książka kucharska,ˈkʊk bʊk
cooker,kuchenka,ˈkʊkə
cookery,książka kucharska,ˈkʊkərɪ|ˈkʊkərɪ bʊk
cookie,ciastko,herbatnik|ˈkʊkɪ
cooking,"1.  gotowanie
 2.  kuchnia",ˈkʊkɪŋ
cool,"chłodzić
 2.  studzić się",ku:l
cooped up,zamknięty,ścieśniony|ˌku:pt ˈʌp
cooperate,"1.  współpracować 
 2.  współdziałać",co-operate|kəʊˈɒpəreɪt
cooperation,"1.  współpraca
 2.  współdziałanie",co-operation|kəʊˌɒpəˈreɪʃən
cooperative,co-operative,"kəʊˈɒpərətɪv|posłuszny|spółdzielczy
 2.  uczynny"
coopt,co-opt,dokooptowywać|kəʊˈɒpt
coordinate,co-ordinate,kəʊˈɔ:dɪneɪt
coordination,"1.  koordynacja
 2.  organizacja",kəʊˌɔ:dɪˈneɪʃən
coordinator,"1.  koordynator
 2.  organizator",kəʊˈɔ:dɪneɪtə
cop,kɒp,
cope,dawać radę,kəʊp|radzić sobie
copenhagen,kopenhaga,kəʊpənˈheɪgən
copious,liczny,obfity|ˈkəʊpɪəs
copout,cop-out,miganie się|ˈkɒpaʊt
copper,moniak,ˈkɒpə
copse,gaj,kɒps|zagajnik
copulate,kopulować,spółkować|ˈkɒpjʊleɪt
copulation,kopulacja,ˌkɒpjəˈleɪʃən
copy,spisywać,ˈkɒpɪ
copyright,1.  prawo autorskie,ˌkɒpɪˈraɪt
curb,kerb,krawężnik|kɜ:b
dab,dæb,"perfekcjonista|zdejmować 
ii.    szczypta"
dabble,zabawiać się,ˈdæbəl
dachshund,jamnik,ˈdækshʊnd
dad,dæd,tato
daddy,tatuś,ˈdædɪ
daffodil,żonkil,ˈdæfədɪl
daft,durny,dɑ:ft|przygłupiasty
dagger,sztylet,ˈdægə
daily,ˈdeɪlɪ,
dainty,1.  drobny,"filigranowy
 2.  misterny|ˈdeɪntɪ"
dairy,"i.    mleczarnia
ii.    mleczny",ˈdeərɪ
dais,platforma,podium|ˈdeɪɪs
dakota,dəˈkəʊtə,
dam,dæm,
damage,ˈdæmɪʤ,
dame,damulka,deɪm
damnation,dæmˈneɪʃən,potępienie
damned,jak to zrobię,ˈdæmd
damning,obciążający,potępiający|ˈdæmnɪŋ
damp,dæmp,
dampen,ˈdæmpən,
damson,mirabelka,ˈdæmzən
dance,ˈdɑ:ns,
dancer,tancerz,ˈdɑ:nsə
dandelion,mlecz,mniszek|ˈdændɪlaɪən
dandruff,łupież,ˈdændrəf
dandy,elegant,ˈdændɪ
dane,deɪn,duńczyk
danger,ˈdeɪnʤə,
dangerous,groźny,niebezpieczny|ˈdeɪnʤərəs
dangle,bujać,bujać się|dyndać|dyndać się|ˈdæŋgəl
danish,duński,ˈdeɪnɪʃ
dank,dæŋk,zawilgocony
danube,"the danube 
 - dunaj",ˈdænju:b
danubian,dunajski,dæˈnju:bɪən|naddunajski
dapper,1.  zadbany,"elegancki
 2.  niewielki|ˈdæpə"
dappled,cętkowany,nakrapiany|ˈdæpəld
daring,i.    odważny,"śmiałość|śmiały
ii.    odwaga|ˈdeərɪŋ"
dark,dɑ:k,nie mieć zielonego pojęcia
darken,"przyciemniać
 3.  zachmurzać się",ˈdɑ:kən
darkness,ciemność,ˈdɑ:knəs
darkroom,ciemnia,ˈdɑ:kru:m
darling,pieszczoszek,ˈdɑ:lɪŋ
darn,dɑ:n,
dart,dɑ:t,
darts,dɑ:ts,gra w strzałki
dash,dæʃ,
dashboard,tablica rozdzielcza,ˈdæʃbɔ:d
dashing,dziarski,ˈdæʃɪŋ
data,ˈdeɪtə,ˈdeɪtəbænk|ˌdeɪtə ˈprəʊsəsɪŋ
database,baza danych,ˈdeɪtəbeɪs
date,deɪt,dziewczyna
dated,przestarzały,ˈdeɪtɪd
daub,dɔ:b,rozmazywać|zamazywać
daughter,córka,ˈdɔ:tɚ
daughterinlaw,daughter-in-law,synowa|ˈdɔ:tɚ.ɪn.lɔː
daunt,dɔ:nt,
dawdle,guzdrać się,ˈdɔ:dəl
dawdler,guzdrała,maruda|ˈdɔ:dlə
dawn,ˈdɔ:n,
day,cały dzień,deɪ
daybreak,brzask,ˈdeɪbreɪk
daydream,"i.    marzenia
ii.    marzyć",ˈdeɪdri:m
daylight,1.  światło dzienne,ˈdeɪlaɪt
daytime,the daytime  pora dzienna,ˈdeɪtaɪm
daytoday,codzienny,day-to-day|ˌdeɪ tə ˈdeɪ
daze,deɪz,
dazzle,ˈdæzəl,
dbl,"dbl.
  podwójny",
de luxe,dɪˈlʌks,luksusowy
deacon,diakon,ˈdi:kən
deaden,zagłuszać,ˈdedən
deadline,termin,termin ostateczny|ˈdedlaɪn
deadlock,martwy punkt,pat|ˈdedlɒk
deadly,"i.    śmiertelny
ii.    śmiertelnie",ˈdedlɪ
deadpan,ˈdedpæn,
deadweight,przygniatający ciężar,ˈdedweɪt
deaf,def,
deafen,ogłuszać,ˈdefən
deafmute,deaf-mute,głuchoniemy|ˈdefmju:t
deal,di:l,"great deal 
 - wiele"
dealer,ˈdi:lə,
dealing,1.  postępowanie,"interesy|traktowanie
 2. dealings  business|ˈdi:lɪŋ"
dean,di:n,dziekan
dear,drogi,dɪə|o boże''
dearly,drogo zapłacić,ˈdɪəlɪ
dearth,dɜ:θ,niedostatek
death,deθ,podatek spadkowy|ˈdeθ tæks|ˈdeθ ˌdjʊtɪ|ˈdeθ ˌpenəltɪ
deathly,"i.    śmiertelny
ii.    śmiertelnie",ˈdeθlɪ
debar,dɪˈbɑ:,zakazywać
debase,dɪˈbeɪs,obniżać
debatable,dyskusyjny,dɪˈbeɪtəbəl
debauched,dɪˈbɔ:ʧt,rozpustny
debauchery,dɪˈbɔ:ʧərɪ,rozpusta
debilitate,dɪˈbɪlɪteɪt,osłabiać|paraliżować
debit,ˈdebɪt,
debonair,elegancki,wyrafinowany|ˌdebəˈneə
debris,1.  odłamki,"pozostałości|szczątki
 2.  osad|ˈdebrɪ"
debt,det,
debtor,dłużnik,ˈdetə
debunk,demaskować,dɪˈbʌŋk
debut,ˈdeɪbju:,
dec,"dec.
  grudzień","dec.
  zmarły"
decade,dekada,ˈdekeɪd
decadent,ˈdekədənt,
decaffeinated,bezkofeinowy,dɪˈkæfəneɪtɪd|pozbawiony kofeiny
decagram,deka,dekagram|ˈdekəˌgræm
decanter,dɪˈkæntə,karafka
decapitate,dɪˈkæpɪteɪt,ucinać głowę
decathlon,dziesięciobój,dɪˈkæθlən
decay,dɪˈkeɪ,
deceased,dɪˈsi:st,zmarły
deceit,dɪˈsi:t,oszukiwanie|oszustwo
deceitful,dɪˈsi:tfʊl,oszukujący|podstępny
deceive,dɪˈsi:v,
december,dɪˈsembə,grudzień
decency,przyzwoitość,ˈdi:sənsɪ
decent,"1.  przyzwoity
 2.  porządny",ˈdi:sənt
decentralize,decentralizować,dɪˈsentrəlaɪz
deception,"1.  podstęp
 2.  oszustwo",dɪˈsepʃən
deceptive,dɪˈseptɪv,podstępny
decibel,decybel,ˈdesɪbəl
decide,1.  decydować się,"decydować
 4.  stwierdzać|dɪˈsaɪd"
deciduous,dɪˈsɪdju:əs,liściasty
decimal,ˈdesəməl,
decimate,dziesiątkować,ˈdesəmeɪt
decipher,dɪˈsaɪfə,odszyfrowywać
decision,dɪˈsɪʒən,
decisive,"1.  decydujący
 2.  zdecydowany",dɪˈsaɪsɪv|zdeterminowany
deck,1.  piętro,dek
deckchair,leżak,ˈdekʧeə
deckhand,majtek,ˈdekhænd
declaim,deklamować,dɪˈkleɪm
declamation,deklamacja,ˌdekləˈmeɪʃən
declaration,1.  wyznanie,"deklaracja
 2.  oznajmienie|ˌdekləˈreɪʃən"
declare,"1.  oznajmiać
 2.  deklarować",być|dɪˈkleə|zostać ogłoszonym|zostać ogłoszonym niewinnym
decline,dɪˈklaɪn,i.    zmniejszać się|pogorszenie się|zmniejszenie
declutch,di:ˈklʌʧ,wyłączać sprzęgło
decode,dekodować,di:ˈkəʊd
decompose,rozkładać się,ˌdi:kəmˈpəʊz
decomposition,rozkład,ˌdi:kəmpəˈzɪʃən
decor,décor,wykończenie|ˈdeɪkɔ:
decorate,ˈdekəreɪt,
decoration,ˌdekəˈreɪʃən,
decorative,ozdobny,ˈdekərətɪv
decorous,obyczajny,przyzwoity|ˈdekərəs
decorum,dɪˈkɔ:rəm,obyczajność|przyzwoitość
decoy,i.    przynęta,"odciągać|wabik
ii.    wabić|ˈdi:kɔɪ"
decrease,dɪˈkri:s,"i.    zmniejszać się|spadek|zmniejszać
ii.    zmniejszenie"
decree,"dekretować
ii.    dekret",dɪˈkri:|i.    zarządzać
decrepit,dɪˈkrepɪt,rozpadający się
decry,dɪˈkraɪ,potępiać
dedicate,poświęcać,poświęcać się|ˈdedɪkeɪt
dedicated,1.  oddany,o specjalnym przeznaczeniu|ˈdedɪkeɪtɪd
dedication,1.  ofiarność,"poświęcenie
 2.  dedykacja|poświęcenie się|ˌdedɪˈkeɪʃən"
deduce,dedukować,dɪˈdju:s|wyciągać wnioski
deduct,dɪˈdʌkt,odejmować|potrącać
deduction,1.  dedukcja,"dɪˈdʌkʃən|odliczenie|wnioskowanie
 2.  potrącenie"
deed,di:d,"umowa|wyczyn
 2.  akt"
deem,di:m,domniemywać|sądzić
deep,di:p,dɪ:pˈfri:z|zamrażarka
deepen,ˈdi:pən,
deepseated,deep-seated,dɪ:p ˈsi:tɪd|zakorzeniony
deer,dɪə,jeleń
deface,dɪˈfeɪs,szpecić|zamazywać
defamation,zniesławienie,ˌdefəˈmeɪʃən
defeat,dɪˈfi:t,
defecate,wypróżniać się,ˈdefəkeɪt
defect,"defect
i.    defekt",
defection,dɪˈfekʃən,odłączenie się
defective,dɪˈfektɪv,wadliwy|z defektem
defector,dɪˈfektə,emigrant|uciekinier
defence,defense,dɪˈfens|obrona
defenceless,bezbronny,dɪˈfenslɪs
defend,bronić,dɪˈfend
defendant,dɪˈfendənt,oskarżony|pozwany
defense,defence,dɪˈfens|obrona
defensive,dɪˈfensɪv,obronny
defer,1.  odkładać,"dɪˈfɜ:|liczyć się|odraczać
 2.  ustępować"
deference,szacunek,względy|ˈdefərəns
deferential,pełen szacunku,ˌdefəˈrenʃəl
defiance,dɪˈfaɪəns,wyzwanie
defiant,buntowniczy,dɪˈfaɪənt|wyzywający
deficiency,"1.  niedostatek
 2.  nieefektywność",dɪˈfɪʃənsɪ
deficient,dɪˈfɪʃənt,
deficit,deficyt,ˈdefɪsɪt
defile,brukać,dɪˈfaɪl|kalać
define,definiować,dɪˈfaɪn
definite,przedimek określony,"sprecyzowany
 2.  pewny|ˈdefɪnɪt|ˌdefɪnɪt ˈɑ:tɪkəl"
definitely,i.    z pewnością,"zdecydowanie
ii.    ostatecznie|ˈdefɪnɪtlɪ"
definition,"1.  definicja
 2.  określoność",ˌdefɪˈnɪʃən
definitive,"1.  ostateczny
 2.  podsumowujący",definitywny|dɪˈfɪnɪtɪv
deflate,di:ˈfleɪt,pozbawiać się powietrza|wypuszczać powietrze
deflect,di:ˈflekt,
deform,deformować,di:ˈfɔ:m|zniekształcać
deformity,1.  deformacja,"di:ˈfɔ:mɪtɪ|zniekształcenie
 2.  ułomność"
defrost,1.  odmrażać się,"odmrażać
 2.  rozmrażać|ˌdi:ˈfrɒst"
deft,sprawny,zgrabny
defunct,dɪˈfʌŋkt,zmarły
defuse,dɪˈfju:z,rozbrajać|rozładowywać
deg,"deg.
  stopień",
degenerate,"degenerate
i.    przeradzać się",
degradation,nędza,poniżenie|ˌdegrəˈdeɪʃən
degrade,degradować,dɪˈgreɪd|poniżać
degree,dɪˈgri:,mieć stopień
dehydrate,odwadniać,odwadniać się|wysuszać|wysuszać się|ˌdi:ˈhaɪdreɪt
deign,deɪn,raczyć
deity,bóstwo,ˈdi:ɪtɪ
dejected,dɪˈʤektɪd,przygnębiony
dejection,dɪˈʤekʃən,przygnębienie
dekagram,deka,ˈdekəˌgræm
delaware,ˈdeləweə,
delay,dɪˈleɪ,opóźnienie
delectable,"1.  rozkoszny
 2.  smakowity",dɪˈlektəbəl
delegate,"delegate
i.    delegat",udzielać
delegation,delegacja,ˌdelɪˈgeɪʃən
delete,1.  usuwać,dɪˈli:t
deliberate,"deliberate
i.   1.  rozmyślny",roztrząsać|roztrząsać sprawę
deliberation,dɪˌlɪbəˈreɪʃən,z namaszczeniem
delicacy,"1.  delikatność
 2.  delikates",przysmak|ˈdelɪkəsɪ
delicate,ˈdelɪkɪt,
delicious,dɪˈlɪʃəs,wyborny
delight,dɪˈlaɪt,
delightful,dɪˈlaɪtfʊl,rozkoszny|zachwycający
delimiter,di:ˈlɪmɪtə,ogranicznik|separator
delinquency,dɪˈlɪŋkwənsɪ,przestępczość|przestępczość młodocianych
delinquent,dɪˈlɪŋkwənt,przestępca
delirious,1.  majaczący,"dɪˈlɪərɪəs|w gorączce
 2.  podekscytowany"
delirium,dɪˈlɪərɪəm,majaczenie
deliver,dɪˈlɪvə,odbierać
delivery,1.  doręczanie poczty,dɪˈlɪvərɪ
delude,dɪˈlu:d,łudzić|łudzić się
deluge,ˈdelju:ʤ,
delusion,dɪˈlu:ʒən,złudzenie
delve,delv,
demand,dɪˈmɑ:nd,
demarcation,demarkacja,rozgraniczenie|ˌdi:mɑ:ˈkeɪʃən
demean,dɪˈmi:n,poniżać|poniżać się
demeanor,demeanour,dɪˈmi:nə|postawa|zachowanie się
demeanour,demeanor,dɪˈmi:nə|postawa|zachowanie się
demented,dɪˈmentɪd,szalony
demise,dɪˈmaɪz,zgon
demobilise,demobilize,demobilizować|dɪˈməʊbɪlaɪz
demobilization,demobilizacja,di:ˌməʊbɪlaɪˈzeɪʃən
demobilize,demobilise,demobilizować|dɪˈməʊbɪlaɪz
democracy,dɪˈmɒkrəsɪ,
democrat,demokrata,ˈdeməkræt
democratic,demokratyczny,ˌdeməˈkrætɪk
demolish,dɪˈmɒlɪʃ,
demolition,"1.  zburzenie
 2.  obalenie",ˌdeməˈlɪʃən
demon,ˈdi:mən,
demonic,demoniczny,dɪˈmɒnɪk|złowrogi
demonstrate,demonstrować,ˈdemənstreɪt
demonstration,ˌdemənˈstreɪʃən,
demonstrative,dɪˈmɒnstrətɪv,wylewny
demoralize,dɪˈmɒrəlaɪz,
demote,degradować,dɪˈməʊt
demur,dɪˈmɜ:,odmawiać|sprzeciwiać się
demure,dɪˈmjʊə,skromny|układny
den,nora,
denial,dɪˈnaɪəl,odrzucać
denigrate,ganić,niesłusznie ganić|zniesławiać|ˈdenɪgreɪt
denim,ˈdenɪm,
denmark,dania,ˈdenmɑ:k
denomination,dɪˌnɒmɪˈneɪʃən,wyznanie
denote,"1.  określać
 2.  oznaczać",dɪˈnəʊt
denounce,demaskować,dɪˈnaʊns|oskarżać
dense,dens,
density,gęstość,ˈdensɪtɪ
dental,zębny,zębowy|ˈdentəl
dentist,dentysta,ˈdentɪst
dentures,sztuczne szczęki,sztuczne zęby|ˈdenʧəz
denude,dɪˈnju:d,ogołacać
denunciation,dɪˌnʌnsɪˈeɪʃən,krytyka|zdemaskowanie
deny,"1.  zaprzeczać
 2.  odmawiać",dɪˈnaɪ
deodorant,dezodorant,di:ˈəʊdərənt
depart,"1.  odjeżdżać 
 2.  odbiegać",dɪˈpɑ:t|odstępować
departed,dɪˈpɑ:tɪd,
department,dom towarowy,dɪˈpɑ:tmənt|dɪˈpɑ:tmənt stɔ:
departure,"1.  odjazd
 2.  odstąpienie",di:ˈpɑ:ʧə
depend,dɪˈpend,w zależności od
dependable,dɪˈpendəbəl,niezawodny
dependant,dɪˈpendənt,osoba na czyimś utrzymaniu
dependence,dɪˈpendəns,zależność
dependent,dɪˈpendənt,
depict,dɪˈpɪkt,przedstawiać
depiction,dɪˈpɪkʃən,przedstawienie
deplete,dɪˈpli:t,wyczerpywać
deplorable,dɪˈplɔ:rəbəl,żałosny
deplore,dɪˈplɔ:,potępiać
deploy,dɪˈplɔɪ,rozmieszczać|rozmieszczać w gotowości
deport,deportować,dɪˈpɔ:t
deportation,deportacja,ˌdi:pɔ:ˈteɪʃən
deportment,dɪˈpɔ:tmənt,sposób poruszania się|zachowanie się
depose,dɪˈpəʊz,usuwać|usuwać ze stanowiska
deposit,dɪˈpɒzɪt,pierwsza wpłata
depot,stacja,ˈdepəʊ
depraved,dɪˈpreɪvd,zdemoralizowany|zdeprawowany
depreciate,deprecjonować,deprecjonować się|dɪˈpri:ʃɪeɪt|tracić na wartości
depreciation,deprecjacja,dewaluacja|dɪˌpri:ʃɪˈeɪʃən
depress,1.  deprymować,"dɪˈpres|przygnębiać
 2.  obniżać"
depressed,"1.  przygnębiony
 2.  podupadły",dɪˈprest
depression,depresja,dɪˈpreʃən|przygnębienie
deprive,dɪˈpraɪv,pozbawiać
deprived,dɪˈpraɪvd,
dept,"dept.
  wydział",
depth,depθ,
deputation,delegacja,ˌdepjʊˈteɪʃən
deputize,zastępować,ˈdepjʊtaɪz
deputy,zastępca,ˈdepjʊtɪ
derail,wykolejać,ˌdi:ˈreɪl
deranged,dɪˈreɪnʤd,szalony
derby,dɑ:bɪ,
derelict,opuszczony,zaniedbany|ˈderɪlɪkt
deride,dɪˈraɪd,wyśmiewać
derision,dɪˈrɪʒən,szyderstwo|wyśmiewanie się
derisory,dɪˈraɪsərɪ,śmiesznie mały
derivation,pochodzenie,ˌderɪˈveɪʃən
derivative,dɪˈrɪvətɪv,"i.    pochodny|wtórny
ii.    rzecz pochodna"
derive,1.  pochodzić,dɪˈraɪv|otrzymywać
dermatitis,zapalenie skóry,ˌdɜ:məˈtaɪtɪs
derogatory,dɪˈrɒgətərɪ,lekceważący|negatywny
derrick,dźwig,ˈderɪk
descend,dɪˈsend,
descendant,dɪˈsendənt,potomek
descent,1.  zejście w dół,"dɪˈsent|schodzenie
 2.  pochodzenie"
describe,dɪˈskraɪb,opisywać
description,dɪˈskrɪpʃən,rodzaju
descriptive,dɪˈskrɪptɪv,opisowy
desecrate,bezcześcić,ˈdesɪkreɪt
deserter,dezerter,dɪˈzɜ:tə
deserve,dɪˈzɜ:v,zasługiwać
designation,mianowanie,ˌdezɪˈgneɪʃən
designer,dɪˈzaɪnə,projektant
desirable,"1.  wskazany
 2.  atrakcyjny",dɪˈzaɪərəbəl
desire,dɪˈzaɪə,
desirous,dɪˈzaɪərəs,pragnący
desist,dɪˈzɪst,zaniechać
desk,biurko,
desktop,"biurkowy
ii.  desktop publishing",ˈdesktɒp|ˌdesktɒp ˈpʌblɪʃɪŋ
desolate,"1.  bezludny
 2.  opuszczony",ˈdesələt
desolation,1.  wyludnienie,"pustka
 2.  uczucie opuszczenia|ˌdesəˈleɪʃən"
despair,dɪˈspeə,
despatch,1.  odprawiać,"dispatch|dɪˈspæʧ|wysyłać
 2.  sprawozdanie"
desperate,ˈdespərɪt,
desperation,desperacja,ˌdespəˈreɪʃən
despicable,dɪˈspɪkəbəl,podły
despise,dɪˈspaɪz,pogardzać
despite,dɪˈspaɪt,mimo|pomimo
despondent,dɪˈspɒndənt,zniechęcony
despot,ˈdespɒt,
despotic,despotyczny,dɪˈspɒtɪk
dessert,deser,dɪˈzɜ:t
destination,miejsce przeznaczenia,ˌdestɪˈneɪʃən
destined,przeznaczony,stworzony|ˈdestɪnd
destiny,przeznaczenie,ˈdestɪnɪ
destitute,bez środków do życia,ˈdestɪtju:t
destitution,nędza,ˌdestɪˈtju:ʃən
destroy,"1.  niszczyć
 2.  wybijać",dɪˈstrɔɪ|zabijać
destroyer,dɪˈstrɔɪə,niszczyciel
destruction,dɪˈstrʌkʃən,zniszczenie
destructive,dɪˈstrʌktɪv,niszczycielski
desultory,chaotyczny,zniechęcony|ˈdesəltərɪ
detach,dɪˈtæʧ,odczepiać|odłączać
detachable,dɪˈtæʧəbəl,zdejmowalny
detached,dɪˈtæʧt,zdystansowany
detachment,1.  niezależność,"dɪˈtæʧmənt|obojętność
 2.  oddział"
detail,ˈdi:teɪl,
detain,dɪˈteɪn,zatrzymywać
detect,"1.  wyczuwać
 2.  wykrywać",dɪˈtekt
detection,"1.  wykrywanie
 2.  wykrycie",dɪˈtekʃən
detective,dɪˈtektɪv,"i.    detektyw
ii.    detektywistyczny"
detente,détente,odprężenie|ˈdeɪtɒnt
detention,areszt,dɪˈtenʃən|zatrzymanie
deter,dɪˈtɜ:,odwodzić
detergent,dɪˈtɜ:ʤənt,"i.    detergent
ii.    detergentowy"
deteriorate,dɪˈtɪərɪəreɪt,pogarszać się|psuć się
deterioration,dɪˌtɪərɪəˈreɪʃən,pogarszanie się
determination,1.  determinacja,"dɪˌtɜ:mɪˈneɪʃən|określenie|zdecydowanie
 2.  ustalenie"
determine,"1.  determinować
 2.  określać",dɪˈtɜ:mɪn
determined,dɪˈtɜ:mɪnd,zdecydowany
deterrent,dɪˈterənt,
detest,dɪˈtest,nie cierpieć
detestable,dɪˈtestəbəl,nienawistny
detonate,detonować,ˈdetəneɪt
detour,objazd,ˈdi:tʊə
detract,dɪˈtrækt,umniejszać
detriment,ze szkodą dla,ˈdetrɪmənt
detrimental,szkodliwy,ˌdetrɪˈmentəl
deuce,dju:s,równowaga
devaluation,dewaluacja,di:ˌvæljʊˈeɪʃən
devalue,di:ˈvælju:,
devastate,dewastować,ˈdevəsteɪt
develop,1.  rozwijać się,dɪˈveləp|u komputera występuje defekt
developer,dɪˈvelɒpə,się rozwijać
development,dɪˈvelɒpmənt,wydarzenie
deviant,odbiegający od normy,ˈdi:vɪənt
deviate,i.    odchodzić,ˈdi:vɪeɪt
deviation,dewiacja,ˌdi:vɪˈeɪʃən
device,"1.  urządzenie
 2.  sposób",dɪˈvaɪs
devil,"poor) devil 
 - głupek",u diabła|ˈdevəl
devilish,diabelski,ˈdevəlɪʃ
devious,1.  pokrętny,"kręty
 2.  okrężny|ˈdi:vɪəs"
devise,dɪˈvaɪs,obmyślać|wynajdować
devoid,dɪˈvɔɪd,pozbawiony
devolution,przekazanie uprawnień,ˌdi:vəˈlu:ʃən
devolve,dɪˈvɒlv,przechodzić
devote,dɪˈvəʊt,poświęcać
devoted,dɪˈvəʊtɪd,
devotee,zapaleniec,ˌdevəˈti:
devotion,dɪˈvəʊʃən,
devour,"1.  pożerać
 2.  pochłaniać",dɪˈvaʊə
devout,dɪˈvəʊt,pobożny
dew,dju:,rosa
dexterous,sprawny,ˈdekstərəs
diabetes,cukrzyca,ˌdaɪəˈbɪ:ti:z
diabetic,cukrzycowy,"i.    cukrzyk
ii.    przeciwcukrzycowy|ˌdaɪəˈbetɪk"
diabolical,ˌdaɪəˈbɒlɪkəl,
diag,"diag.
  wykres",
diagnose,diagnozować,ˈdaɪəgnəʊz
diagnosis,diagnoza,ˌdaɪəgˈnəʊsɪs
diagonal,daɪˈægənəl,"i.    poprzeczny|ukośny
ii.    przekątna"
diagram,wykres,ˈdaɪəgræm
dial,wykręcać,"zakres
ii.    wybierać|ˈdaɪəl"
dialect,dialekt,ˈdaɪəlekt
dialog,1.  dialog,"dialogue|porozumienie
 2.  rozmowa|ˈdaɪəlɒg"
dialogue,1.  dialog,"dialog|porozumienie
 2.  rozmowa|ˈdaɪəlɒg"
diameter,daɪˈæmɪtə,średnica
diametrically,diametralnie,ˌdaɪəˈmetrɪklɪ
diamond,1.  diament,ˈdaɪəmənd
diaper,pielucha,ˈdaɪəpə
diaphragm,"1.  przepona
 2.  przegroda",ˈdaɪəfræm
diarrhea,biegunka,diarrhoea|ˌdaɪəˈrɪə
diarrhoea,biegunka,diarrhea|ˌdaɪəˈrɪə
diary,1.  dziennik,ˈdaɪərɪ
dice,daɪs,i.    kostka do gry
dicey,niepewny,ryzykowny|ˈdaɪsɪ
dichotomy,daɪˈkɒtəmɪ,dychotomia
dictate,dyktat,
dictation,"1.  dyktowanie
 2.  dyktando",dɪkˈteɪʃən
dictator,dyktator,dɪkˈteɪtə
dictatorial,dyktatorski,ˌdɪktəˈtɔ:rɪəl
dictatorship,dyktatura,dɪkˈteɪtəʃɪp
diction,dykcja,ˈdɪkʃən
dictionary,słownik,ˈdɪkʃənərɪ
didactic,daɪˈdæktɪk,dydaktyczny
diesel,ˈdi:zəl,
diet,ˈdaɪət,
diff,"diff.
  różnica",
difference,ˈdɪfərəns,
different,różniący się,różny|ˈdɪfərənt
differential,"i.    zróżnicowany
ii.    zróżnicowanie",ˌdɪfəˈrenʃəl
differentiate,1.  rozróżniać,"odróżniać
 2.  różnicować|ˌdɪfəˈrenʃɪeɪt"
difficult,trudny,ˈdɪfɪkəlt
difficulty,w przypadku kłopotów,ˈdɪfɪkəltɪ
diffident,nieśmiały,płochliwy|ˈdɪfɪdənt
dig,dɪg,"wciskać 
ii.    szpilka"
digestion,daɪˈʤesʧən,
digit,ˈdɪʤɪt,
digital,cyfrowy,ˈdɪʤɪtəl
dignified,dostojny,dystyngowany|ˈdɪgnɪfaɪd
dignify,przydawać godności,ˈdɪgnɪfaɪ
dignitary,dostojnik,ˈdɪgnɪtərɪ
dignity,"1.  dostojeństwo
 2.  godność",ˈdɪgnɪtɪ
digress,daɪˈgres,robić dygresję
digression,daɪˈgreʃən,dygresja
dike,daɪk,dyke|grobla
dilapidated,dɪˈlæpɪdeɪtɪd,zniszczony|zrujnowany
dilate,daɪˈleɪt,rozszerzać się
dilemma,dylemat,dɪˈlemə
diligent,pracowity,staranny|ˈdɪlɪʤənt
dilute,daɪˈlu:t,rozcieńczać
dim,dɪm,przygaszać
dime,daɪm,dziesięciocentówka
dimension,daɪˈmenʃən,
diminish,dɪˈmɪnɪʃ,zmniejszać się
diminutive,drobny,dɪˈmɪnjʊtɪv|miniaturowy
dimple,ˈdɪmpəl,
din,dɪn,harmider
dine,daɪn,
diner,1.  gość w restauracji,ˈdaɪnə
dinghy,ponton,ˈdɪŋgɪ
dingy,"1.  obskurny
 2.  wyświechtany",spłowiały|ˈdɪnʤɪ
dining room,"restauracja
 3.  stołówka",ˈdaɪnɪŋ ru:m
dinner,przyjęcie,"przyjęcie z posiłkiem|smoking
iv.  dinner party|ˈdɪnə|ˈdɪnə pɑ:tɪ"
dinosaur,dinozaur,ˈdaɪnəsɔ:
diocese,diecezja,ˈdaɪəsɪs
dip,"dip.
  dyplom",dɪp
diphtheria,błonica,dyfteryt|dɪfˈθɪərɪə
diphthong,dyftong,ˈdɪfθɒŋ
diploma,dyplom,dɪˈpləʊmə
diplomacy,dyplomacja,dɪˈpləʊməsɪ
diplomat,dyplomata,ˈdɪpləmæt
diplomatic,dyplomatyczny,ˌdɪpləˈmætɪk
dire,skrajny,straszny|ˈdaɪə
direct,dɪˈrekt,
direction,dɪˈrekʃən,
directive,dɪˈrektɪv,wytyczna
director,"1.  dyrektor
 2.  reżyser",dɪˈrektə
directory,dɪˈrektərɪ,
dirt,dɜ:t,"kurz
 2.  błoto|ziemia"
dirty,"brudzić
iii.    nieprzyzwoity",ˈdɜ:tɪ
disability,inwalidztwo,ułomność|ˌdɪsəˈbɪlɪtɪ
disable,dɪsˈeɪbəl,okaleczać
disabled,dɪsˈeɪbəld,kaleki|ułomny
disadvantage,1.  strona ujemna,ˌdɪsədˈvɑ:ntɪʤ
disadvantageous,niekorzystny,ˌdɪsədˈvɑ:ntɪʤəs
disagree,ˌdɪsəˈgri:,
disagreeable,"1.  nieprzyjemny
 2.  niemiły",przykry|ˌdɪsəˈgri:əbəl
disagreement,1.  niezgoda,"rozbieżność opinii
 2.  kłótnia|ˌdɪsəˈgri:mənt"
disallow,oddalać,odrzucać|ˌdɪsəˈlaʊ
disappear,ˌdɪsəˈpɪə,
disappearance,zniknięcie,ˌdɪsəˈpɪərəns
disappoint,rozczarowywać,ˌdɪsəˈpɔɪnt
disappointed,rozczarowany,ˌdɪsəˈpɔɪntɪd
disappointment,"1.  rozczarowanie
 2.  zawód",ˌdɪsəˈpɔɪntmənt
disapproval,dezaprobata,ˌdɪsəˈpru:vəl
disapprove,przyjmować z dezaprobatą,ˌdɪsəˈpru:v
disarm,dɪsˈɑ:m,rozbrajać|rozbrajać się
disarmament,dɪsˈɑ:məmənt,rozbrojenie
disarray,ˌdɪsəˈreɪ,
disaster,"1.  klęska
 2.  katastrofa",dɪˈzɑ:stə
disastrous,"1.  katastrofalny
 2.  okropny",dɪˈzɑ:strəs
disband,dɪsˈbænd,rozchodzić|rozchodzić się|rozwiązywać|rozwiązywać się
disbelief,niewiara,ˌdɪsbɪˈli:f
disbelieve,nie dawać wiary,ˌdɪsbɪˈli:v
disc,1.  krążek,disk|dyskietka|dɪsk
discard,dɪsˈkɑ:d,pozbywać się|wyrzucać
discern,"1.  dostrzegać
 2.  spostrzegać",dɪˈsɜ:n
discerning,bystry,dɪˈsɜ:nɪŋ|przenikliwy
discharge,zrzucać,
disciple,dɪˈsaɪpəl,uczeń
disciplinary,dyscyplinarny,ˈdɪsɪplɪnərɪ
discipline,"karność
ii.   1.  zdyscyplinowywać","kontrolować
 2.  karać|ˈdɪsɪplɪn"
disclaim,dɪsˈkleɪm,wypierać się
disclose,dɪsˈkləʊz,ujawniać
disclosure,dɪsˈkləʊʒə,ujawnienie
disco,dyskoteka,ˈdɪskəʊ
discolor,discolour,dɪsˈkʌlə|odbarwiać|odbarwiać się
discolour,discolor,dɪsˈkʌlə|odbarwiać|odbarwiać się
discomfort,dɪsˈkʌmfət,
disconcert,peszyć,zbijać z tropu|ˌdɪskənˈsɜ:t
disconcerting,kłopotliwy,ˌdɪskənˈsɜ:tɪŋ
disconnect,rozłączać,ˌdɪskəˈnekt
disconnected,nie powiązany,niespójny|ˌdɪskəˈnektɪd
disconsolate,dɪsˈkɒnsələt,posępny
discontent,niezadowolenie,ˌdɪskənˈtent
discontented,niezadowolony,ˌdɪskənˈtentɪd
discontinue,przerywać,ˌdɪskənˈtɪnju:
discord,ˈdɪskɔ:d,
discordant,dɪˈskɔ:dənt,
discotheque,dyskoteka,ˈdɪskətek
discount,"discount
i.    obniżka",
discourage,"1.  zniechęcać
 2.  odwodzić",dɪsˈkʌrɪʤ
discourse,ˈdɪskɔ:s,
discover,"1.  odkrywać
 2.  odnajdować",dɪsˈkʌvə
discovery,"1.  odkrycie
 2.  stwierdzenie",dɪsˈkʌvərɪ
discredit,dɪsˈkredɪt,
discreet,dyskretny,dɪˈskri:t
discrepancy,dɪˈskrepənsɪ,rozbieżność
discretion,dɪˈskreʃən,
discriminate,dɪˈskrɪmɪneɪt,
discriminating,dɪˈskrɪmɪneɪtɪŋ,przenikliwy|wnikliwy
discrimination,dobry smak,dɪˌskrɪmɪˈneɪʃən|smak
discursive,dɪˈskɜ:sɪv,rozwlekły
discus,dysk,ˈdɪskəs
discuss,dyskutować,dɪˈskʌs|omawiać
discussion,dɪˈskʌʃən,w toku załatwiania
disdain,dɪsˈdeɪn,
disease,choroba,dɪˈzi:z|schorzenie
diseased,dɪˈzi:zd,
disembark,wysiadać,wyładowywać|ˌdɪsɪmˈbɑ:k
disenchanted,rozczarowany,ˌdɪsɪnˈʧɑ:ntɪd
disenchantment,rozczarowanie,ˌdɪsɪnˈʧɑ:ntmənt
disengage,odłączać,odłączać się|ˌdɪsɪŋˈgeɪʤ
disentangle,odplątywać,rozplątywać|ˌdɪsɪnˈtæŋgəl
disfavor,"1.  dezaprobata
 2.  niełaska",disfavour|dɪsˈfeɪvə
disfavour,"1.  dezaprobata
 2.  niełaska",disfavor|dɪsˈfeɪvə
disfigure,dɪsˈfɪgə,zniekształcać
disgrace,dɪsˈgreɪs,
disgraceful,dɪsˈgreɪsfʊl,haniebny
disgruntled,dɪsˈgrʌntlɪd,sarkający|skwaszony
disguise,dɪsˈgaɪz,przebrany za
disgust,dɪsˈgʌst,
disgusting,dɪsˈgʌstɪŋ,obrzydliwy
dishcloth,ścierka do naczyń,ˈdɪʃklɒθ
disheartened,dɪsˈhɑ:tənd,zniechęcony
disheveled,"1.  rozczochrany
 2.  niechlujny",dishevelled|dɪˈʃevəld
dishevelled,"1.  rozczochrany
 2.  niechlujny",disheveled|dɪˈʃevəld
dishonest,dɪsˈɒnɪst,nieuczciwy
dishonor,dishonour,"dɪsˈɒnə|zniesławienie
ii.    sprowadzać hańbę"
dishonour,dishonor,"dɪsˈɒnə|zniesławienie
ii.    sprowadzać hańbę"
dishwasher,zmywarka do naczyń,ˈdɪʃwɒʃə
disillusion,"i.    rozczarowywać
ii.    rozczarowanie",ˌdɪsɪˈlu:ʒən
disillusionment,rozczarowanie,ˌdɪsɪˈlu:ʒənmənt
disinfect,dezynfekować,ˌdɪsɪnˈfekt
disk,1.  krążek,disc|dyskietka|dɪsk
diskette,dysk elastyczny,dyskietka|dɪˈsket
dislike,dɪsˈlaɪk,powziąć niechęć do
dislocate,hamować,ˈdɪsləkeɪt
dislodge,dɪsˈlɒʤ,przemieszczać
disloyal,dɪsˈlɔɪəl,nielojalny
dismal,1.  ponury,"nędzny|posępny
 2.  słaby|ˈdɪzməl"
dismantle,dɪsˈmæntəl,rozbierać|rozbierać na części
dismay,dɪsˈmeɪ,
dismember,dɪsˈmembə,rozczłonkowywać|rozdzierać
dismiss,dɪsˈmɪs,
dismissal,"1.  zwolnienie
 2.  zbycie",dɪsˈmɪsəl
dismount,dɪsˈmaʊnt,zsiadać
disobedience,nieposłuszeństwo,ˌdɪsəˈbi:dɪəns
disobedient,nieposłuszny,ˌdɪsəˈbi:dɪənt
disobey,być nieposłusznym,nie słuchać się|ˌdɪsəˈbeɪ
disorder,dɪsˈɔ:də,
disorderly,"1.  nieporządny
 2.  burzliwy",dɪsˈɔ:dəlɪ|wzburzony
disorganized,"1.  zdezorganizowany
 2.  chaotyczny",dɪsˈɔ:gənaɪzd|nieporządny
disorientated,dɪsˈɔ:rɪənteɪtɪd,zdezorientowany
disown,dɪsˈəʊn,wyrzekać się
disparage,dyskredytować,dɪˈspærɪʤ
disparity,dɪˈspærɪtɪ,różnica
dispassionate,beznamiętny,bezstronny|dɪsˈpæʃənɪt
dispatch,1.  odprawiać,"despatch|dɪˈspæʧ|wysyłać
 2.  sprawozdanie"
dispel,dɪˈspel,rozwiewać
dispensable,dɪˈspensəbəl,zbyteczny
dispensary,dɪˈspensərɪ,
dispensation,dyspensa,zgoda|ˌdɪspənˈseɪʃən
dispense,dɪˈspens,rozstać się
dispenser,automat,dɪˈspensə|maszyna
dispensing chemist,aptekarz,dɪˌspensɪŋ ˈkemɪst
disperse,1.  rozpraszać się,"dɪˈspɜ:s|rozpraszać
 2.  rozprzestrzeniać się"
dispirited,dɪˈspɪrɪtɪd,przygnębiony
displace,"1.  wypierać 
 2.  przesiedlać",dɪsˈpleɪs|wysiedlać
display,dɪˈspleɪ,wystawiony
displease,drażnić,dɪsˈpli:z|oburzać
displeasure,dɪsˈpleʒə,niezadowolenie|oburzenie
disposable,do wyrzucenia,dɪˈspəʊzəbəl|jednorazowego użytku
disposal,1.  pozbywanie się,dɪˈspəʊzəl
dispose of,dɪˈspəʊz əv,pozbywać się
disposed,1.  skłonny,dɪˈspəʊzd
disposition,"1.  usposobienie
 2.  skłonność",ˌdɪspəˈzɪʃən
dispossess,wysiedlać,wywłaszczać|ˌdɪspəˈzes
disproportionate,nieproporcjonalny,ˌdɪsprəˈpɔ:ʃənɪt
disprove,dɪsˈpru:v,falsyfikować|obalać
dispute,dɪˈspju:t,
disqualify,dɪsˈkwɒlɪfaɪ,
disquiet,dɪsˈkwaɪət,zaniepokojenie
disregard,"i.    lekceważyć
ii.    lekceważenie",niezwracanie uwagi|ˌdɪsrɪˈgɑ:d
disrepair,"in disrepair 
 - zaniedbany",zepsuty|ˌdɪsrɪˈpeə
disreputable,dɪsˈrepjʊtəbəl,o złej reputacji
disrepute,ˌdɪsrɪˈpju:t,
disrespect,brak poważania,brak szacunku|ˌdɪsrɪˈspekt
disrupt,"1.  przerywać
 2.  zaburzać",dɪsˈrʌpt
dissatisfaction,niezadowolenie,ˌdɪssætɪsˈfækʃən
dissatisfied,dɪˈsætɪsfaɪd,niezadowolony
dissect,dɪˈsekt,robić sekcję
disseminate,dɪˈsemɪneɪt,rozpowszechniać|szerzyć
dissension,dɪˈsenʃən,niesnaski|zwada
dissent,dɪˈsent,i.    odstępstwo
dissenter,dysydent,dɪˈsentə
dissertation,dysertacja,ˌdɪsəˈteɪʃən
disservice,dɪˈsɜ:vɪs,szkoda
dissident,dysydent,ˈdɪsɪdənt
dissimilar,dɪˈsɪmɪlə,odmienny
dissipate,1.  rozpraszać się,"rozpraszać
 2.  roztrwaniać|ˈdɪsɪpeɪt"
dissociate,dɪˈsəʊʃeɪt,
dissolute,rozwiązły,ˈdɪsəlu:t
dissolution,rozwiązanie,ˌdɪsəˈlu:ʃən
dissuade,dɪˈsweɪd,odwodzić
distance,ˈdɪstəns,
distant,ˈdɪstənt,
distaste,dɪsˈteɪst,niesmak
distasteful,dɪsˈteɪstfʊl,odstręczający
distended,dɪˈstendɪd,rozszerzony|wydęty
distil,distill,dɪˈstɪl|wypreparowywać
distill,distil,dɪˈstɪl|wypreparowywać
distillery,dɪˈstɪlərɪ,gorzelnia
distinct,dɪˈstɪŋkt,
distinction,dɪˈstɪŋkʃən,
distinctive,dɪˈstɪŋktɪv,wyróżniający|wyróżniający się
distinguish,dɪˈstɪŋgwɪʃ,
distinguishable,dɪˈstɪŋgwɪʃəbəl,rozróżnialny
distinguished,dɪˈstɪŋgwɪʃt,wybitny|znakomity
distort,dɪˈstɔ:t,zniekształcać|zniekształcać się
distract,1.  odciągać,"dɪˈstrækt|rozpraszać
 2.  rozrywać"
distracted,dɪˈstræktɪd,rozproszony
distraction,1.  roztargnienie,dɪˈstrækʃən
distraught,dɪˈstrɔ:t,podekscytowany|zmieszany
distress,dɪˈstres,zadawać cierpienie
distribute,dɪˈstrɪbju:t,
distribution,dystrybucja,rozkład|ˌdɪstrɪˈbju:ʃən
district,dystrykt,dzielnica|ˈdɪstrɪkt
distrust,dɪsˈtrʌst,
distrustful,dɪsˈtrʌstfʊl,niedowierzający|nieufny
disturb,dɪˈstɜ:b,"zmieniać
 4.  zakłócać|zmieniać położenie"
disturbance,"1.  zamieszki
 2.  zaburzenia",dɪˈstɜ:bəns
disturbed,dɪˈstɜ:bd,niedobry
disturbing,dɪˈstɜ:bɪŋ,niepokojący
disuse,dɪsˈju:z,
disused,dɪsˈju:zd,opuszczony
ditch,dɪʧ,wywalać
dither,wahać się,ˈdɪðə
divan,dɪˈvæn,otomana
dive,daɪv,"nurek|w)
ii.    zanurzenie się"
diver,nurek,ˈdaɪvə
diverge,daɪˈvɜ:ʤ,odbiegać|rozchodzić się
diverse,daɪˈvɜ:s,odmienny|różnoraki
diversify,daɪˈvɜ:sɪfaɪ,rozszerzać zakres|urozmaicać
diversion,1.  rozrywka,daɪˈvɜ:ʃən|kierunku
diversity,daɪˈvɜ:sɪtɪ,różnorodność|zróżnicowanie
divert,daɪˈvɜ:t,
divide,"dzielić
 2.  różnić się",dɪˈvaɪd
dividend,ˈdɪvɪdənd,
divine,dɪˈvaɪn,
diving board,trampolina,ˈdaɪvɪŋ bɔ:d
divinity,dɪˈvɪnɪtɪ,religia
divisible,dɪˈvɪzɪbəl,podzielny
division,dɪˈvɪʒən,
divisive,dzielący,dɪˈvaɪsɪv
divorce,divorcé,dɪˈvɔ:s|dɪˌvɔ:ˈsi:|rozwiedziony
divorcee,divorcée,dɪˌvɔ:ˈsi:|rozwiedziona
divorcé,divorce,dɪˌvɔ:ˈsi:|rozwiedziony
divorcée,divorcee,dɪˌvɔ:ˈsi:|rozwiedziona
divulge,daɪˈvʌlʤ,odkrywać|odsłaniać
diy,zrób to sam,
dizziness,zawroty głowy,ˈdɪzɪnɪs
dizzy,ˈdɪzɪ,
docile,potulny,uległy|ˈdəʊsaɪl
dock,dɒk,zmniejszać
doctor,ˈdɒktə,
doctrinaire,doktryner,ˌdɒktrɪˈneə
doctrine,doktryna,ˈdɒktrɪn
document,"i.    dokument
ii.    udokumentowywać",ˈdɒkjʊmənt
documentary,ˌdɒkjʊˈmentərɪ,
documentation,dokumentacja,ˌdɒkjʊmenˈteɪʃən
doddle,pestka,łatwizna|ˈdɒdəl
dodge,1.  uskakiwać przed kimś,"dɒʤ|pozostawiać z boku|uskakiwać
 2.  omijać"
dodgy,dziurawy,ˈdɒʤɪ
doe,dəʊ,królika
dog,dɒg,
dogcollar,"1.  obroża
 2.  koloratka",dog-collar|ˈdɒgkɒlə
dogeared,dog-eared,z oślimi uszami|ˈdɒgɪəd
dogged,dɒgd,uparty|zacięty
dogma,dogmat,ˈdɒgmə
dogmatic,dogmatyczny,dɒgˈmætɪk
dogsbody,popychadło,ˈdɒgzbɒdɪ
doing,ˈdu:ɪŋ,
doityourself,do-it-yourself,majsterkowanie|zrób to sam|ˌdu:ɪtjəˈself
doldrums,ˈdɒldrəmz,
dole,dəʊl,
doleful,posępny,żałosny|ˈdəʊlfʊl
doll,dɒl,lalka
dollar,dolar,ˈdɒlə
dolled up,dɒld ˈʌp,wysztafirowany
dollop,kupka,ociupinka|ˈdɒləp
dolphin,delfin,ˈdɒlfɪn
domain,1.  domena,"dziedzina
 2.  obszar|dəˈmeɪn"
dome,dəʊm,kopuła
domestic,dəˈmestɪk,
domesticate,dəˈmestɪkeɪt,oswajać|udomawiać
domesticity,domatorstwo,ˌdəʊmesˈtɪsɪtɪ
domicile,miejsce stałego zamieszkania,miejsce zamieszkania|ˈdɒmɪsaɪl
dominance,przewaga,ˈdɒmɪnəns
dominant,dominujący,ˈdɒmɪnənt
dominate,1.  zdominowywać,"dominować nad
 2.  panować|ˈdɒmɪneɪt"
domineering,despotyczny,ˌdɒmɪˈnɪərɪŋ
dominion,"1.  dominacja 
 2.  dominium",dəˈmɪnɪən
domino,ˈdɒmɪnəʊ,
don,dɒn,wykładowca
donate,dəʊˈneɪt,ofiarowywać|przekazywać
donation,dar,donacja|dəʊˈneɪʃən
done,dʌn,przyjęte''
donkey,osioł,ˈdɒŋkɪ
donor,ˈdəʊnə,
doodle,mazać,smarować|ˈdu:dəl
doom,du:m,los|zguba|zły los
doomed,1.  skazany na zgubę,aby|du:md|że
door,dɔ:,
doorbell,dzwonek do drzwi,ˈdɔ:bel
doorknob,ˈdɔ:nɒb,
doormat,wycieraczka,ˈdɔ:mæt
doorstep,u progu,ˈdɔ:step
doortodoor,door-to-door,obchodny|od bramy do bramy|ˌdɔ:təˈdɔ:
doorway,drzwi,przejście|ˈdɔ:weɪ
dope,dəʊp,
dopey,1.  zamroczony,ˈdəʊpɪ
dormant,uśpiony,ˈdɔ:mənt
dormitory,"1.  sypialnia
 2.  akademik",internat|ˈdɔ:mɪtərɪ
dosage,dawka,ˈdəʊsɪʤ
dose,"dawka
ii.    dawkować",dəʊs|podawać lekarstwa
doss down,dɒs ˈdaʊn,uwalić się|uwalić się do snu
dossier,akta,ˈdɒsɪeɪ
dot,dɒt,
dote,dəʊt,ubóstwiać
dotmatrix,dot-matrix,ˈdɒtmeɪtrɪks
dotted,kropkowany,ˈdɒtɪd
dotty,stuknięty,ˈdɒtɪ
double,i.    podwójnie,"kontrabas
vii.  double chin|ˈdʌbəl|ˌdʌbəlˈbeɪs|ˌdʌbəlˈʧɪn"
doublebreasted,double-breasted,ˌdʌbəlˈbrestɪd
doublecheck,double-check,sprawdzać powtórnie|ˌdʌbəlˈʧek
doublecross,double-cross,postępować fałszywie|ˌdʌbəlˈkrɒs
doubledecker,autobus piętrowy,double-decker|piętrus|ˌdʌbəlˈdekə
doubleglazing,double-glazing,podwójne oszklenie|ˌdʌbəlˈgleɪzɪŋ
doubly,podwójnie,ˈdʌblɪ
doubt,daʊt,
doubtless,z pewnością,ˈdaʊtlɪs
dough,dəʊ,
doughnut,amerykański pączek,donat|ˈdəʊnʌt
dour,dʊə,odstręczający|ponury
douse,daʊs,
dove,dəʊv,gołąb
dowdy,niemodny,ˈdaʊdɪ
down,daʊn,precz z x''
downandout,down-and-out,rozbitek życiowy|ˌdaʊnəndˈaʊt
downatheel,down-at-heel,ˌdaʊnətˈhi:l
downcast,1.  przygnębiony,ˈdaʊnkɑ:st
downfall,ˈdaʊnfɔ:l,
downgrade,pomniejszać znaczenie,ˈdaʊngreɪd
downhearted,przygnębiony,ˌdaʊnˈhɑ:tɪd
downhill,pogarszać się,ˌdaʊnˈhɪl
download,przesyłać do bufora,ˌdaʊnˈləʊd
downpour,ulewa,ˈdaʊnpɔ:
downright,całkowicie,zupełnie|ˌdaʊnˈraɪt
downstairs,"na parterze
ii.    parterowy",ˌdaʊnˈsteəz
downstream,ˌdaʊnˈstri:m,
downtoearth,down-to-earth,solidny|życiowy|ˌdaʊntəˈɜ:θ
downtown,w centrum,ˌdaʊnˈtaʊn
downtrodden,wdeptany w ziemię,zdeptany|złamany|ˈdaʊnˌtrɒdən
downward,downwards,od w dół|ˈdaʊnwəd
downwards,downward,od w dół|ˈdaʊnwəd
downwind,wraz z wiatrem,z wiatrem|ˌdaʊnˈwɪnd
downy,pokryty meszkiem,ˈdaʊnɪ
dowry,wiano,ˈdaʊərɪ
doz,"doz.
  tuzin",
doze,dəʊz,
dozen,wiele,ˈdʌzən
dozy,śpiący,ˈdəʊzɪ
dphil,d.phil.,doktor|doktor filozofii|ˌdi: ˈfɪl
drab,dræb,poszarzały|szary
draconian,drakoński,dreɪˈkəʊnɪən
draft,drɑ:ft,
draftsman,draughtsman,kreślarz|ˈdrɑ:ftsmən
drafty,draughty,przewiewny|wystawiony na przeciągi|ˈdrɑ:ftɪ
dragon,smok,ˈdrægən
dragonfly,ważka,ˈdrægənflaɪ
drain,dreɪn,
drainage,melioracja,odprowadzanie|ˈdreɪnɪʤ
drainpipe,rynna,ˈdreɪnpaɪp
drake,dreɪk,kaczor
drama,"dramaturgia
 3.  dramatyczność",ˈdrɑ:mə
dramatic,drəˈmætɪk,
dramatise,dramatize,ˈdræmətaɪz
dramatist,dramaturg,ˈdræmətɪst
dramatize,dramatise,ˈdræmətaɪz
drape,dreɪp,
draper,sprzedawca tekstyliów,ˈdreɪpə
drapery,1.  draperie,materiały|ˈdreɪpərɪ
drastic,"1.  drastyczny
 2.  nagły",ˈdræstɪk
draughtsman,draftsman,kreślarz|ˈdrɑ:ftsmən
draughty,drafty,przewiewny|wystawiony na przeciągi|ˈdrɑ:ftɪ
drawback,wada,zła strona|ˈdrɔ:bæk
drawer,szuflada,ˈdrɔ:ə
drawing,ˈdrɔ:ɪŋ,ˈdrɔ:ɪŋ pɪn|ˈdrɔ:ɪŋru:m
drawl,cedzenie,"cedzić
ii.    zaciąganie|drɔ:l|i.    zaciągać"
drawn,"1.  zaciągnięty
 2.  wymęczony",drɔ:n|wynędzniały
dread,dred,
dreadful,"1.  okropny
 2.  straszny",ˈdredfʊl
dream,dri:m,
dreamer,marzyciel,ˈdri:mə
dreamy,"1.  marzycielski
 2.  wymarzony",ˈdri:mɪ
dreary,ponury,posępny|ˈdrɪərɪ
dredge,dreʤ,pogłębiać
dregs,dregz,
drenched,drenʧt,przemoczony
dresden,drezno,ˈdrezdən
dress,dres,
dresscircle,dress-circle,ˈdressɜ:kəl
dresser,1.  komoda,ktoś ubiera się|ˈdresə
dressing,"garderoba
iv.  dressing table","przyprawa
ii.  dressing gown|szlafrok
iii.  dressing room|toaletka|ˈdresɪŋ"
dressingdown,bura,dressing-down|dresɪŋˈdaʊn|zbesztanie
dressmaker,krawcowa,ˈdresmeɪkə
dribble,ˈdrɪbəl,
dried,draɪd,
drier,dryer,suszarka|ˈdraɪə
drift,drɪft,"zdążać
 4.  wędrować"
driftwood,ˈdrɪftwʊd,
drill,drɪl,
drink,drɪŋk,
drinker,alkoholik,pijak|ˈdrɪŋkə
drip,drɪp,
drive,draɪv,robić aluzję
drivein,drive-in,ˈdraɪvɪn
drivel,bzdura,głupoty|ˈdrɪvəl
driver,"sterownik
ii.  driver's licence",ˈdraɪvə|ˈdraɪvəz ˌlaɪsəns
driveway,podjazd,ˈdraɪvweɪ
driving,prowadzenie pojazdu,ˈdraɪvɪŋ|ˈdraɪvɪŋ ˌlaɪsəns
drizzle,"deszczyk
ii.    padać",mżyć|ˈdrɪzəl
droll,drəʊl,zabawny|śmieszny
dromedary,dromader,ˈdrʌmədərɪ
drone,drəʊn,
drool,dru:l,ślinić się
droop,dru:p,obwisać|zwisać
drop,drɒp,"odpadać|wyrzucać|zrzucać
 2.  spadać"
dropout,1.  dziwadło,"drop-out|który nie ukończył uczelni|odszczepieniec
 2.  student|ˈdrɒp aʊt"
droppings,odchody,ˈdrɒpɪŋz
dross,drɒs,śmiecie
drought,draʊt,susza
drove,droves  stada,drəʊv|tabuny
drown,1.  topić się,drəʊn
drowse,draʊz,drzemać
drowsy,senny,ˈdraʊzɪ
drudge,drʌʤ,i.    wół roboczy
drudgery,harówka,kierat|ˈdrʌʤerɪ
drug,drʌg,"usypiać
 2.  dodawać narkotyki"
druggist,aptekarz,ˈdrʌgɪst
drum,drʌm,wybębniać
drummer,dobosz,perkusista|ˈdrʌmə
drunk,drʌŋk,
drunkard,pijak,ˈdrʌŋkəd
drunken,ˈdrʌŋkən,
dry,draɪ,i.    suszyć się|przerywać
dryclean,czyścić chemicznie,dry-clean|ˌdraɪˈkli:n
dryer,drier,suszarka|ˈdraɪə
dsc,d.sc.,doktor|doktor nauk ścisłych
dual,"1.  podwójny
 2.  dwupasmowy",ˈdju:əl
dub,1.  nazywać,"dʌb|mianować
 2.  podkładać dubbing"
dubious,"1.  podejrzany
 2.  wątpliwy",ˈdju:bɪəs
duchess,księżna,ˈdʌʧəs
duck,dʌk,"schylać się
 2.  wskakiwać"
duckling,kaczątko,ˈdʌklɪŋ
duct,1.  przewód,"dʌkt|rura
 2.  kanalik"
duel,pojedynek,ˈdju:əl
duet,dju:ˈet,
duffel coat,duffle coat,skafander|ˈdʌfəl kəʊt
duffle coat,duffel coat,skafander|ˈdʌfəl kəʊt
duke,książę,ˈdju:k
dulcet,miodopłynny,słodki|ˈdʌlsɪt
dull,dʌl,
duly,zgodnie z przewidywaniami,ˈdju:lɪ
dumb,bezsłowny,dʌm
dumbfounded,oniemiały,ˈdʌmfaʊndɪd
dummy,pseudo,ˈdʌmɪ
dump,dʌmp,
dumping ground,składowisko,ˈdʌmpɪŋ ˌgraʊnd
dumpling,kluska,knedel|ˈdʌmplɪŋ
dumpy,przysadzisty,ˈdʌmpɪ
dunce,bałwan,tuman|ˈdʌns
dune,wydma,ˈdju:n
dung,dʌŋ,łajno
dungarees,dʌŋgəˈri:z,ogrodniczki
dungeon,loch,więzienie|ˈdʌnʤən
dunk,dʌŋk,maczać
dup,"dup.
  duplikat",
dupe,dju:p,
duplicate,"duplicate
i.    powielać","duplikować
ii.    duplikat|kopia
iii.   1.  zapasowy|podwójny"
duplicator,kopiarka,powielacz|ˈdju:plɪkeɪtə
durability,trwałość,wytrzymałość|ˌdjʊərəˈbɪlɪtɪ
durable,trwały,wytrzymały|ˈdjʊərəbəl
duration,czas trwania,djʊˈreɪʃən|trwanie
during,podczas,w czasie|ˈdjʊrɪŋ
dusk,dʌsk,zmierzch
dusky,ciemny,ˈdʌskɪ
dust,dʌst,obwoluta|ˈdʌst ˌʤækɪt
dustbin,kosz na śmieci,ˈdʌstbɪn
dustcart,śmieciarka,ˈdʌstkɑ:t
duster,ścierka do kurzu,ˈdʌstə
dustman,śmieciarz,ˈdʌstmən
dustpan,śmietniczka,ˈdʌstpæn
dustup,dust-up,nieporozumienie|sprzeczka|ˈdʌstʌp
dusty,zakurzony,zapylony|ˈdʌstɪ
dutch,dʌʧ,
dutchman,holender,ˈdʌʧmən
dutchwoman,holenderka,ˈdʌʧwʊmən
dutiable,podlegający cłu,ˈdju:tɪəbəl
dutiful,obowiązkowy,ˈdju:tɪfʊl
duty,ˈdju:tɪ,
dutyfree,bezcłowy,duty-free|ˌdju:tɪ ˈfri:
duvet,pierzyna,ˈdu:veɪ
dwarf,dwɔ:f,i.    przygniatać
dwell,dwel,rozważać
dweller,mieszkaniec,ˈdwelə
dwelling,domostwo,ˈdwelɪŋ
dwindle,kurczyć się,ˈdwɪndəl
dye,daɪ,"farbować
ii.    barwnik"
dying,"1.  umierający
 2.  zamierający",obumierający|ˈdaɪɪŋ
dyke,daɪk,dike|grobla
dynamic,daɪˈnæmɪk,
dynamism,dynamiczność,ˈdaɪnəmɪzəm
dynamite,wysadzać,ˈdaɪnəmaɪt
dynamo,ˈdaɪnəməʊ,
dynastic,dynastyczny,dɪˈnæstɪk
dynasty,dynastia,ˈdɪnəstɪ
dysentery,dyzenteria,ˈdɪsəntrɪ
dyspepsia,dɪsˈpepsɪə,niestrawność
dyspeptic,dɪsˈpeptɪk,
décor,decor,wykończenie|ˈdeɪkɔ:
détente,detente,odprężenie|ˈdeɪtɒnt
e,"e
  wschód",wschodni
each,i:ʧ,siebie wzajemnie|się|się wzajemnie
eager,1.  chętny,ˈi:gə
eagle,orzeł,ˈi:gəl
ear,kogoś wysłuchiwać,ɪə
eardrum,bębenek,bębenek uszny|ˈɪədrʌm
earl,hrabia,ɜ:l
earlier,ˈɜ:lɪə,
earlobe,płatek ucha,ˈɪələʊb
earmarked,odłożony,zarezerwowany|ˈɪəmɑ:kt
earn,1.  zarabiać na,"przynosić
 3.  zasłużyć na|zarabiać
 2.  wypracować|ɜ:n"
earnest,1.  poważny,poważnie|ˈɜ:nəst
earnings,zarobki,ˈɜ:nɪŋz
earphone,słuchawka,ˈɪəfəʊn
earplug,zatyczka do ucha,ˈɪəplʌg
earring,kolczyk,ˈɪərɪŋ
earshot,ˈɪəʃɒt,
earsplitting,rozdzierający uszy,ˈɪəsplɪtɪŋ
earthen,ˈɜ:θən,
earthenware,ˈɜ:θənweə,
earthly,najmniejszego powodu,ˈɜ:θlɪ
earthquake,trzęsienie ziemi,ˈɜ:θkweɪk
earthworm,dżdżownica,ˈə:θwɜ:m
earthy,1.  bezwstydny,ˈɜ:θɪ
ease,i:z,postępować ostrożnie|słabnąć
easel,sztalugi,ˈi:zəl
easily,ˈi:zɪlɪ,
east,i:st,
easter,jajko wielkanocne,ˈi:stə|ˈi:stər eg
easterly,ˈi:stəlɪ,
eastern,wschodni,ˈi:stən
eastward,ˈi:stwəd,
easy,fotel,ˈi:zɪ|ˌi:zɪ ˈʧeə
easygoing,easy-going,spokojny|łagodny|ˈi:zɪˌgɔɪŋ
eat,i:t,wyjadać|wyjadać do końca
eatable,jadalny,ˈi:təbəl
eater,kto je,kto wolno je|ˈi:tə
eaves,okap,okap domu|ˈi:vz
eavesdrop,podsłuchiwać,ˈi:vzdrɒp
ebb,eb,
ebony,ˈebənɪ,
ebullient,entuzjastyczny,ɪˈbʌlɪənt
ec,wspólnota europejska,
eccentric,"i.    ekscentryczny
ii.    ekscentryk",ɪkˈsentrɪk
ecclesiastical,eklezjastyczny,kościelny|ɪˌkli:zɪˈæstɪkəl
echo,powtarzać,ˈekəʊ
eclair,eklerka,éclair|ɪˈkleə
eclectic,eklektyczny,ɪˈklektɪk
eclipse,odsuwać w cień,"upadek
ii.    przesłaniać|ɪˈklɪps"
ecologist,ekolog,ɪˈkɒləʤɪst
ecology,ekologia,ɪˈkɒləʤɪ
economic,i.   1.  ekonomiczny,i:kəˈnɒmɪk
economical,i:kəˈnɒmɪkəl,oszczędny
economist,ekonomista,i:ˈkɒnəmɪst
economize,i:ˈkɒnəmaɪz,oszczędzać
economy,i:ˈkɒnəmɪ,robić oszczędności
ecstasy,ekstaza,zachwyt|ˈekstəsɪ
ecstatic,ekstatyczny,ɪksˈtætɪk
ecumenical,ekumeniczny,ˌi:kju:ˈmenɪkəl
ecumenism,ekumenizm,ɪˈkju:mənɪzəm
eczema,egzema,ˈekzɪmə
eddy,ˈedɪ,
edge,eʤ,odsuwać się powoli|tworzyć ramy powoli|zdenerwowany
edgeways,ˈeʤweɪz,
edging,obramowanie,obszycie|ˈeʤɪŋ
edgy,drażliwy,ˈeʤɪ
edible,jadalny,ˈedɪbəl
edict,edykt,rozporządzenie|ˈi:dɪct
edifice,1.  budynek,"gmach
 2.  struktura|ˈedɪfɪs"
edify,działać budująco,pouczać|ˈedɪfaɪ
edinburgh,edynburg,ˈedɪnbeə
edit,redaktor,ˈedɪt
edition,wydanie,ɪˈdɪʃən
editor,1.  redaktor naczelny,ˈedɪtə
editorial,artykuł wstępny,ˌedɪˈtɔ:rɪəl
editorship,redagowanie,redakcja|ˈedɪtəʃɪp
edp,elektroniczne opracowanie danych,
educ,"educ.
  wykształcenie",
educate,"1.  kształcić
 2.  pouczać",informować|ˈedjəkeɪt
education,"1.  szkolnictwo
 2.  wykształcenie",ˌedjəˈkeɪʃən
educational,edukacyjny,ˌedjəˈkeɪʃənəl
educationalist,metodyk,ˌedjəˈkeɪʃənəlɪst
educator,nauczyciel,wychowawca|ˈedjəkeɪtə
eec,ewg,ewg europejska wspólnota gospodarcza
eel,i:l,węgorz
eerie,dziwny,niesamowity|ˈɪərɪ
efface,wymazywać,ścierać|ɪˈfeɪs
effect,come,"rezultat
 2.  efekt|that|zostać wprowadzonym w życie|że"
effective,"1.  efektywny
 2.  faktyczny","rzeczywisty
 3.  obowiązujący|ważny|ɪˈfektɪv"
effeminate,zniewieściały,ɪˈfemɪnət
efficient,efektywny,wydajny|ɪˈfɪʃənt
effigy,ˈefɪʤɪ,
effluent,ściek,ˈeflʊənt
effort,"1.  wysiłek
 2.  dokonanie",ˈefət
effortless,bez wysiłku,ˈefətlɪs
effrontery,bezczelność,grubiaństwo|ɪˈfrʌntərɪ
efl,angielski jako język obcy,
efta,europejskie stowarzyszenie wolnego handlu,ˈeftə
eg,exempli gratia,na przykład|np.
egalitarian,egalitarny,ɪˌgælɪˈteərɪən
egg,eg,podjudzać
eggcup,kieliszek do jajek,ˈegkʌp
egghead,jajogłowy,ˈeghed
eggplant,bakłażan,ˈegplɑ:nt
eggshell,skorupka,skorupka jajka|ˈegʃel
egoist,egoistyczny,ˈi:gəʊɪst
egoistic,egoistical,egoistyczny|ˌi:gəʊˈɪstɪk
egoistical,egoistic,egoistyczny|ˌi:gəʊˈɪstɪk
egypt,egipt,ˈi:ʤɪpt
egyptian,"i.    egipski
ii.    egipcjanin",ɪˈʤɪpʃən
eh,eɪ,jak?
eiderdown,pierzyna,ˈaɪdədaʊn
eight,osiem,ˈeɪt
eighteen,eɪˈti:n,osiemnaście
eighteenth,eɪˈti:nθ,osiemnasty
eighth,ósmy,ˈeɪtθ
eightieth,osiemdziesiąty,ˈeɪtɪθ
eighty,osiemdziesiąt,ˈeɪtɪ
eire,irlandia,irlandia republika irlandzka|ˈeərə
either,jeden,ˈaɪðə|ˈi:ðə
eject,ɪˈʤekt,
eke out,1.  podtrzymywać,"i:k ˈaʊt|uzupełniać
 2.  ledwo zarabiać"
elaborate,opracowywać,
elapse,upływać,ɪˈlæps
elastic,"i.    guma
ii.    elastyczny",ɪˈlæstɪk
elated,podniecony,ɪˈleɪtɪd
elation,podniecenie,uniesienie|ɪˈleɪʃən
elbow,odpychać,ˈelbəʊ
elder,bez,"starcy
 3.  bez czarny|ˈeldə"
elderly,ˈeldəlɪ,
eldest,najstarszy,ˈeldɪst
elect,ɪˈlekt,
election,ɪˈlekʃən,
elector,wyborca,ɪˈlektə
electoral,wyborczy,ɪˈlektərəl
electorate,elektorat,ɪˈlektərət
electric,porażenie prądem,wstrząs elektryczny|ɪˈlektrɪk|ɪˈlektrɪk ʃɒk|ɪˈlektrɪk ʧeə
electrical,ɪˈlektrɪkəl,
electrician,elektryk,ɪˌlekˈtrɪʃən
electricity,elektryczność,ɪˌlekˈtrɪsɪtɪ
electrify,"1.  elektryzować
 2.  elektryfikować",ɪˈlektrɪfaɪ
electrocute,śmiertelnie porazić prądem,ɪˈlektrəkju:t
electrode,elektroda,ɪˈlektrəʊd
electron,elektron,ɪˈlektrɒn
electronic,ɪlekˈtrɒnɪk,ɪlekˌtrɒnɪk ˈmeɪl
electronics,ɪlekˈtrɒnɪks,
elegant,"1.  elegancki
 2.  wytworny",ˈelɪgənt
elegy,elegia,ˈeləʤɪ
element,1.  element,ˈeləmənt
elemental,niepohamowany,żywiołowy|ˌeləˈmentəl
elementary,"1.  elementarny
 2.  podstawowy",ˌeləˈmentərɪ
elephant,słoń,ˈeləfənt
elevate,1.  wywyższać,"podnosić|wynosić   
 2.  wznosić|ˈelɪveɪt"
elevated,wyniosły,ˈelɪveɪtɪd
elevation,1.  wyniesienie,"do)
 2.  wzniesienie|wysokość|wzniesienie (to - na|ˌeləˈveɪʃən"
elevator,winda,ˈelɪveɪtə
eleven,jedenaście,ɪˈlevən
eleventh,ɪˈlevənθ,
elf,krasnoludek,
elicit,"1.  wywoływać 
 2.  wydobywać",ɪˈlɪsɪt
eligible,ˈelɪʤəbəl,
eliminate,eliminować,usuwać|ɪˈlɪmɪneɪt
elite,ɪˈli:t,
elitism,elitarność,ɪˈli:tɪzəm
elixir,eliksir,ɪˈlɪksɪə
elizabeth regina,er,królowa elżbieta
ellipse,elipsa,ɪˈlɪps
elliptic,eliptyczny,elliptical|ɪˈlɪptɪk
elliptical,eliptyczny,elliptic|ɪˈlɪptɪk
elm,wiąz,
elocution,dobra wymowa,ˌeləˈkju:ʃən
elongated,wydłużony,ˈi:lɒŋgeɪtɪd
elope,by wziąć ślub,uciekać|ɪˈləʊp
eloquent,elokwentny,wymowny|ˈeləkwənt
else,albo,els
elsewhere,gdzie indziej,gdziekolwiek|ˈelsweə
elucidate,wyjaśniać,ɪˈlu:sɪdeɪt
elude,ɪˈlu:d,
elusive,nieuchwytny,trudny do uchwycenia|ɪˈlu:sɪv
emaciated,wychudzony,wyniszczony|ɪˈmeɪʃɪeɪtɪd
email,e-mail,poczta elektroniczna|ˈi:meɪl
emanate,pochodzić,ˈeməneɪt
emancipate,emancypować,ɪˈmænsɪpeɪt
emancipation,emancypacja,ɪˌmænsɪˈpeɪʃən
embalm,balsamować,ɪmˈbɑ:m
embankment,nabrzeże,nasyp|ɪmˈbæŋkmənt
embargo,ɪmˈbɑ:gəʊ,
embark,1.  zaczynać,"na pokład)|puszczać się   
 2.  wsiadać|wchodzić (on - na|ɪmˈbɑ:k"
embarrass,1.  kłopotać,"stwarzać kłopoty|zawstydzać
 2.  stwarzać problemy|ɪmˈbærəs"
embarrassed,zakłopotany,ɪmˈbærəst
embarrassing,krępujący,kłopotliwy|ɪmˈbærəsɪŋ
embarrassment,1.  zakłopotanie,"powód skrępowania|skrępowanie
 2.  kłopot|ɪmˈbærəsmənt"
embassy,ambasada,ˈembəsɪ
embattled,osaczony,ɪmˈbætəld
embedded,"1.  uwięzły 
 2.  zakorzeniony",ɪmˈbedɪd
embellish,przystrajać,upiększać|ɪmˈbelɪʃ
ember,niewygasły drewno,niewygasły węgiel|żar|ˈembə
embezzle,przywłaszczać,sprzeniewierzać|ɪmˈbezəl
embitter,gorzknieć,ɪmˈbɪtə
emblazoned,ozdobiony,uwidoczniony|ɪmˈbleɪzənd
emblem,ˈembləm,
embodiment,uosobienie,ɪmˈbɒdəmənt
embody,"1.  ucieleśniać
 2.  włączać",uwzględniać|ɪmˈbɒdɪ
emboldened,ośmielony,ɪmˈbəʊldənd
embossed,tłoczony,ɪmˈbɒst
embrace,i.    obejmować,ɪmˈbreɪs
embroider,haftować,wyszywać|ɪmˈbrɔɪdə
embroidery,1.  wyszywanie,"haftowanie
 2.  haft|ornament|ɪmˈbrɔɪdərɪ"
embroil,wdawać się,ɪmˈbrɔɪl
embryo,embrion,zarodek|ˈembrɪəʊ
embryonic,embrionalny,zarodkowy|ˌembrɪˈɒnɪk
emerald,"i.    szmaragd
ii.    szmaragdowy",ˈemərəld
emerge,1.  wyłaniać się,"wychodzić   
 2.  pojawiać się|ɪˈmɜ:ʤ"
emergency,i.    nagły wypadek,ratunkowy|ɪˈmɜ:ʤənsɪ
emergent,pojawiający się,wyłaniający się|ɪˈmɜ:ʤənt
emigrate,emigrować,ˈemɪgreɪt
emigration,emigracja,ˌemɪˈgreɪʃən
emigre,emigrant,emigrant polityczny|uchodźca|émigré|ˈemɪgreɪ
eminence,ˈemɪnəns,
eminent,wybitny,ˈemɪnənt
eminently,przeważnie,ˈemɪnəntlɪ
emissary,emisariusz,ˈemɪsərɪ
emission,emisja,wydzielanie|ɪˈmɪʃən
emit,emitować,wydzielać|ɪˈmɪt
emotion,emocja,uczucie|ɪˈməʊʃən
emotional,emocjonalny,uczuciowy|ɪˈməʊʃənəl
emotive,odwołujący się do uczuć,ɪˈməʊtɪv
empathy,empatia,wczucie się|ˈempəθɪ
emperor,cesarz,imperator|ˈempərə
emphasis,1.  znaczenie,"nacisk
 2.  akcent|przycisk|ˈemfəsɪs"
emphasize,kłaść nacisk,podkreślać|ˈemfəsaɪz
emphatic,wyrazisty,ɪmˈfætɪk
empire,cesarstwo,imperium|ˈempaɪə
empirical,empiryczny,ɪmˈpɪrɪkəl
empiricism,empiria,ɪmˈpɪrɪsɪzəm
employ,posługiwać się,ɪmˈplɔɪ
employee,pracownik,ɪmplɔɪˈi:
employer,pracodawca,ɪmˈplɔɪə
employment,praca,zatrudnienie|ɪmˈplɔɪmənt
empower,przyznawać prawo,upoważniać|ɪmˈpaʊə
empress,cesarzowa,ˈemprɪs
emptiness,pustka,ˈemtɪnɪs
empty,"opróżniać
 2.  usuwać",wylewać|ˈemtɪ
emptyhanded,empty-handed,z pustymi rękoma|ˌemtɪˈhændɪd
emulate,naśladować,ˈemjəleɪt
en route,po drodze,w drodze|ˌɒn ˈru:t
enable,pozwalać,umożliwiać|ɪˈneɪbəl
enact,ɪˈnækt,
enamel,ɪˈnæməl,
enamored,enamoured,rozmiłowany|ɪˈnæməd
enamoured,enamored,rozmiłowany|ɪˈnæməd
enc,załącznik,
encapsulate,zwięźle obejmować,ɪŋˈkæpsjəleɪt
encase,okrywać,zamykać|ɪŋˈkeɪs
enchanted,"1.  oczarowany
 2.  zaczarowany",ɪnˈʧɑ:ntɪd
encircle,okrążać,otaczać|ɪnˈsɜ:kəl
encl,załącznik,
enclave,enklawa,ˈeŋkleɪv
enclose,1.  zawierać,"otaczać   
 2.  załączać|ɪŋˈkləʊz"
enclosure,ɪŋˈkləʊʒə,
encode,kodować,szyfrować|ɪŋˈkəʊd
encompass,obejmować,ɪŋˈkʌmpəs
encore,ˈɒŋkɔ:,
encounter,ɪŋˈkaʊntə,
encourage,1.  zachęcać,"ośmielać
 2.  popierać|ɪŋˈkʌrɪʤ"
encouraging,ośmielający,zachęcający|ɪŋˈkʌrəʤɪŋ
encroach,wtargnąć,ɪŋˈkrəʊʧ
encrusted,inkrustowany,ɪŋˈkrʌstɪd
encumber,krępować,obarczać|ɪŋˈkʌmbə
encumbrance,obciążenie,skrępowanie|ɪŋˈkʌmbrəns
encyclopaedia,encyclopedia,encyklopedia|ɪnˌsaɪkləˈpi:dɪə
encyclopedia,encyclopaedia,encyklopedia|ɪnˌsaɪkləˈpi:dɪə
endanger,zagrażać,ɪnˈdeɪnʤə
endear,ɪnˈdɪə,
endeavor,endeavour,i.    usiłować|próba|wysiłek|ɪnˈdevə
endeavour,endeavor,i.    usiłować|próba|wysiłek|ɪnˈdevə
endemic,endemiczny,enˈdemɪk
ending,zakończenie,ˈendɪŋ
endless,"1.  bezustanny
 2.  nieskończony",ˈendlɪs
endorse,"1.  popierać
 2.  żyrować",ɪnˈdɔ:s
endow,obdarowywać,obdarzać|ɪnˈdaʊ
endurable,wytrzymały,ɪnˈdjʊərəbəl
endurance,wytrzymałość,ɪnˈdjʊərəns
endure,"1.  wytrzymywać
 2.  trwać",ɪnˈdjʊə
enemy,wróg,ˈenəmɪ
energetic,"1.  energiczny
 2.  dynamiczny",ˌenəˈʤetɪk
energy,energia,ˈenəʤɪ
enfold,otaczać,ɪnˈfəʊld
enforce,ɪnˈfɔ:s,
eng,inżynier,
engage,ɪŋˈgeɪʤ,
engaged,ɪŋˈgeɪʤd,
engagement,ɪŋˈgeɪʤmənt,
engender,powodować,rodzić|ɪnˈʤendə
engine,"1.  silnik
 2.  lokomotywa",ˈenʤɪn
engineering,inżynieria,ˌenʤɪˈnɪərɪŋ
england,anglia,ˈɪŋglənd
englander,anglik,ˈɪŋgləndə
english,ˈɪŋglɪʃ,
englishman,anglik,ˈɪŋglɪʃmən
englishwoman,angielka,ˈɪŋglɪʃwʊmən
engrave,ɪŋˈgreɪv,
engraving,grafika,rycina|ɪŋˈgreɪvɪŋ
engrossed,pogrążony,zatopiony|ɪŋˈgrəʊst
engulf,ogarniać,pochłaniać|ɪŋˈgʌlf
enhance,polepszać,zwiększać|ɪnˈhɑ:ns
enigma,zagadka,ɪˈnɪgmə
enigmatic,enigmatyczny,ˌenɪˈgmætɪk
enjoy,ɪnˈʤɔɪ,
enjoyable,miły,przyjemny|ɪnˈʤɔɪəbəl
enjoyment,"1.  radość
 2.  przyjemność",ɪnˈʤɔɪmənt
enlargement,powiększenie,ɪnˈlɑ:ʤmənt
enlighten,oświecać,ɪnˈlaɪtən
enlightenment,oświecenie,ɪnˈlaɪtənmənt
enlist,1.  zaciągać się,ɪnˈlɪst
enliven,ożywiać,ɪnˈlaɪvən
enmity,wrogość,ˈenmɪtɪ
ennoble,uszlachetniać,ɪˈnəʊbəl
enormity,ogrom,ɪˈnɔ:mɪtɪ
enormous,"1.  gigantyczny
 2.  ogromny",ɪˈnɔ:məs
enough,ɪˈnʌf,
enquire,badać,dociekać|dociekać czegoś|i.    dowiadywać się|inquire
enquiry,"1.  zapytanie
 2.  dociekanie",inquiry|ɪnˈkwaɪərɪ
enrage,rozwścieczać,ɪnˈreɪʤ
enrich,wzbogacać,ɪnˈrɪʧ
enrol,enroll,zapisywać|zapisywać się|ɪnˈrəʊl
enroll,enrol,zapisywać|zapisywać się|ɪnˈrəʊl
ensign,ˈensaɪn,
enslave,ɪnˈsleɪv,
ensue,następować,ɪnˈsju:
ensure,gwarantować,insure|zapewniać|ɪnˈʃʊə
entail,pociągać za sobą,ɪnˈteɪl
entangle,ɪnˈtæŋgəl,
entanglement,poplątanie,ɪnˈtæŋgləmənt
enter,"uczestniczyć 
 2.  mieć rolę",ˈentə
enterprise,"gospodarka
 4.  przedsiębiorczość",przedsiębiorstwo|ˈentəpraɪz
enterprising,przedsiębiorczy,ˈentəpraɪzɪŋ
entertain,"1.  zabawiać
 2.  przyjmować",mieć|ˌentəˈteɪn
entertainer,artysta kabaretowy,ˌentəˈteɪnə
entertainment,ˌentəˈteɪnmənt,
enthuse,entuzjazmować się,ɪnˈθju:z
enthusiasm,ɪnˈθju:zɪæzəm,
enthusiast,entuzjasta,ɪnˈθju:zɪæst
enthusiastic,entuzjastyczny,ɪnˌθju:zɪˈæstɪk
entice,nęcić,wabić|ɪnˈtaɪs
entire,całkowity,cały|ɪnˈtaɪə
entirety,ɪnˈtaɪərətɪ,
entitle,"1.  tytułować
 2.  upoważniać",ɪnˈtaɪtəl
entitled,zatytułowany,ɪnˈtaɪtəld
entitlement,prawo,ɪnˈtaɪtəlmənt
entity,całostka,jednostka|ˈentɪtɪ
entourage,świta,ɒntu:ˈrɑ:ʒ
entrails,wnętrzności,ˈentreɪlz
entrance,wprawiać w trans,
entrant,ˈentrənt,
entrenched,wpojony,zakorzeniony|ɪnˈtrenʧt
entrepreneur,przedsiębiorca,ˌɒntrəprəˈnɜ:
entrust,powierzać,ɪnˈtrʌst
entry,ˈentrɪ,
entwine,splatać,ɪnˈtwaɪn
enumerate,wyliczać,ɪˈnju:məreɪt
enunciate,ɪˈnʌnsɪeɪt,
envelop,otulać,spowijać|ɪnˈveləp
envelope,koperta,ˈenvələʊp
enviable,godny zazdrości,ˈenvɪəbəl
envious,zazdrosny,ˈenvɪəs
environment,1.  otoczenie,środowisko naturalne|ɪnˈvaɪərənmənt
environmental,ɪnˌvaɪərənˈmentəl,
environmentalist,ekolog,ochroniarz|ochroniarz przyrody|ɪnˌvaɪərənˈmentəlɪst
envisage,przewidywać,wyobrażać sobie|ɪnˈvɪzɪʤ
envoy,poseł,wysłannik|wysłannik dyplomatyczny|ˈenvɔɪ
envy,ˈenvɪ,
ephemeral,efemeryczny,ɪˈfemərəl
epic,bohaterski,ˈepɪk
epidemic,epidemia,ˌepɪˈdemɪk
epilepsy,epilepsja,padaczka|ˈepɪlepsɪ
epileptic,epileptyczny,"epileptyk
ii.    padaczkowy|i.    chory na padaczkę|ˌepɪˈleptɪk"
epilogue,epilog,ˈepɪlɒg
episcopal,biskupi,episkopalny|episkopalny kościół|ɪˈpɪskəpəl
episcopalian,episkopalny,ɪˌpɪskəˈpeɪlɪən
episode,1.  epizod,"zdarzenie
 2.  odcinek|ˈepɪsəʊd"
epitaph,epitafium,napis nagrobny|ˈepɪtɑ:f
epithet,epitet,określenie|ˈepɪθet
epitome,the epitome  wzór,uosobienie|ɪˈpɪtəmɪ
epitomise,epitomize,obrazować|przedstawiać|ɪˈpɪtəmaɪz
epitomize,epitomise,obrazować|przedstawiać|ɪˈpɪtəmaɪz
epoch,epoka,ˈi:pɒk
equable,spokojny,zrównoważony|ˈekwəbəl
equal,"jednakowy
 2.  ktoś równorzędny",ˈi:kwəl
equality,równość,ɪˈkwɒlɪtɪ
equalize,dorównywać,zrównywać|zrównywać się|ˈi:kwəlaɪz
equally,jednakowo,tak samo|ˈi:kwəlɪ
equanimity,opanowanie,pogoda ducha|ˌekwəˈnɪmɪtɪ
equate,zrównywać,ɪˈkweɪt
equation,równanie,ɪˈkweɪʒən
equator,równik,ɪˈkweɪtə
equatorial,równikowy,ˌekwəˈtɒrɪəl
equestrian,i.    jeździecki,"konny
ii.    jeździec|ɪˈkwestrɪən"
equidistant,odległy równo,ˌi:kwɪˈdɪstənt
equilibrium,równowaga,ˌi:kwɪˈlɪbrɪəm
equinox,równonoc,zrównanie dnia z nocą|ˈi:kwɪnɒks
equip,1.  ekwipować się,ekwipować|przygotowywać|zaopatrywać się|ɪˈkwɪp
equipment,ekwipunek,sprzęt|wyposażenie|ɪˈkwɪpmənt
equitable,sprawiedliwy,słuszny|ˈekwɪtəbəl
equity,sprawiedliwość,słuszność|ˈekwɪtɪ
equivalence,ekwiwalencja,równoważność|ɪˈkwɪvələns
equivalent,"odpowiadający
ii.    ekwiwalent",odpowiednik|ɪˈkwɪvələnt
equivocal,dwuznaczny,niejednoznaczny|ɪˈkwɪvəkəl
equivocate,niejasno,wyrażać się dwuznacznie|ɪˈkwɪvəkeɪt
er,elizabeth regina,królowa elżbieta
era,okres,ˈɪərə
eradicate,wykorzeniać,ɪˈrædɪkeɪt
erase,"1.  usuwać
 2.  wymazywać",ɪˈreɪz
eraser,gumka,gumka do wymazywania|ɪˈreɪzə
erect,"składać
ii.    wyprostowany",ɪˈrekt
erection,"1.  wzniesienie
 2.  erekcja",wzwód|ɪˈrekʃən
erode,1.  podminowywać,"podkopywać
 2.  poddawać erozji|wydrążać|ɪˈrəʊd"
erosion,ɪˈrəʊʒən,
erotic,erotyczny,ɪˈrɒtɪk
eroticism,erotyka,erotyzm|ɪˈrɒtɪsɪzəm
errand,ˈerənd,
erratic,kapryśny,zmienny|ɪˈrætɪk
erroneous,błędny,ɪˈrəʊnɪəs
error,ˈerə,
erudite,erudycyjny,ˈerʊdaɪt
erupt,eksplodować,ɪˈrʌpt
eruption,wybuch,ɪˈrʌpʃən
escalate,wzmagać,wzmagać się|wzrastać|ˈeskəleɪt
escalator,ruchome schody,ˈeskəleɪtə
escapade,eskapada,ˈeskəpeɪd
escape,ɪˈskeɪp,
escapism,eskapizm,ɪˈskeɪpɪzəm
escort,"escort
i.    eskorta","eskortujący
ii.    eskortować"
esl,angielski jako drugi język,
esoteric,ezoteryczny,ˌesəʊˈterɪk
esp,"esp.
  szczególnie",
especial,specjalny,szczególny|ɪˈspeʃəl
especially,ɪˈspeʃəlɪ,
espionage,szpiegostwo,ˈespɪənɑ:ʒ
esquire,ɪˈskwaɪə,
essay,"1.  wypracowanie
 2.  esej",ˈeseɪ
essayist,eseista,ˈeseɪɪst
essence,1.  istota,ˈesəns
essentially,w zasadzie,ɪˈsenʃəlɪ
est,"est.
  założony",
establish,pojawiać się,ɪˈstæblɪʃ
establishment,grupa rządząca,ɪˈstæblɪʃmənt
esteem,ɪˈsti:m,
esthetic,aesthetic,estetyczny|i:sˈθetɪk
estimate,"estimate
i.    szacować","ocena
 2.  kosztorys|oceniać
ii.   1.  szacunek"
estimation,oszacowanie,ˌestɪˈmeɪʃən
estonia,eˈstəʊnɪə,
estonian,eˈstəʊnɪən,"i.    estoński
ii.    estończyk"
estranged,"1.  odseparowany 
 2.  odosobniony",pokłócony|ɪˈstreɪnʤd
estuary,ujście,ˈestjʊərɪ
et cetera,"et cetera
  itd.",etc.|itp.
eta,szacowany czas przybycia,
etc,"et cetera
  itd.",etc.|itp.
etch,eʧ,
eternal,"1.  wieczny
 2.  odwieczny",ɪˈtɜ:nəl
eternity,wieki,ɪˈtɜ:nɪtɪ
ether,eter,ˈɪθə
ethic,ˈeθɪk,
ethical,etyczny,ˈeθɪkəl
ethiopia,etiopia,ˌi:θɪˈəʊpɪə
ethiopian,ˌi:θɪˈəʊpɪən,
ethnic,etniczny,ˈeθnɪk
etiquette,etykieta,ˈetɪket
eucharist,eucharystia,ˈju:kərɪst
eucharistic,eucharystyczny,ˌju:kəˈrɪstɪk
eulogy,panegiryk,utwór pochwalny|ˈju:ləʤɪ
eunuch,ˈju:nək,
euphemism,eufemizm,ˈju:fəmɪzəm
euphoria,euforia,ju:ˈfɔ:rɪə
euphoric,euforyczny,ju:ˈfɔ:rɪk
europe,europa,ˈjʊərəp
european,"i.    europejski
ii.    europejczyk",ˌjʊərəˈpɪən
euthanasia,eutanazja,ˌju:θəˈneɪzɪə
evacuate,ewakuować,ɪˈvækjʊeɪt
evade,1.  unikać,umykać|ɪˈveɪd
evaluate,oceniać,ɪˈvæljʊeɪt
evaluation,ocena,oszacowanie|ɪˌvæljʊˈeɪʃən
evangelical,"1.  ewangeliczny
 2.  ewangelicki",protestancki|ˌi:vænˈʤelɪkəl
evangelist,ewangelista,ɪˈvænʤelɪst
evaporate,ɪˈvæpəreɪt,
evasion,wykręcanie się,ɪˈveɪʒən
evasive,1.  wykrętny,ɪˈveɪsɪv
eve,"1.  przeddzień
 2.  wigilia",i:v
even,"though 
 - jeżeli nawet",ˈi:vən
evening,zajęcia zaoczne,ˈi:vnɪŋ|ˈi:vnɪŋ dres|ˈi:vnɪŋ klɑ:s
event,1.  wydarzenie,gdy|ɪˈvent
eventful,doniosły,pełen wydarzeń|ɪˈventfʊl
eventual,ostateczny,ɪˈvenʧʊəl
eventuality,ewentualność,możliwość|ɪˌvenʧʊˈælɪtɪ
ever,"such 
 - niezwykle",ˈevə
evergreen,roślina wiecznie zielona,ˈevəgri:n
everlasting,trwały,wieczny|ˌevəˈlɑ:stɪŋ
every,co drugi,ˈevrɪ
everybody,ˈevrɪbɒdɪ,
everyday,codzienny,zwykły|ˈevrɪdeɪ
everyone,ˈevrɪwʌn,
everyplace,wszędzie,ˈevrɪpleɪs
everything,wszystko,ˈevrɪθɪŋ
everywhere,wszędzie,ˈevrɪweə
evict,eksmitować,ɪˈvɪkt
eviction,eksmisja,ɪˈvɪkʃən
evidence,być jasno widocznym,ˈevɪdəns
evident,oczywisty,widoczny|ˈevɪdənt
evil,ˈi:vəl,
evocation,ewokacja,przywołąnie|ˌi:vəˈkeɪʃən
evocative,przywołujący,ɪˈvɒkətɪv
evoke,przywoływać,ɪˈvəʊk
evolution,ewolucja,rozwój|ˌi:vəˈlu:ʃən
evolve,1.  ewoluować,"przekształcać 
 2.  rozwijać się|przekształcać się|rozwijać|ɪˈvɒlv"
ewe,ju:,
exacerbate,pogarszać,ɪgˈzæsəbeɪt
exact,ɪgˈzækt,
exacting,wymagający,ɪgˈzæktɪŋ
exactly,nie całkiem,ɪgˈzæktlɪ
exaggerate,"1.  przesadzać
 2.  wyolbrzymiać",ɪgˈzæʤəreɪt
exalt,ɪgˈzɔ:lt,
exalted,"1.  wysoki
 2.  egzaltowany",ɪgˈzɔ:ltɪd
exam,egzamin,ɪgˈzæm
examination,"oględziny
 4.  rozpatrzenie",ɪgˌzæmɪˈneɪʃən
examine,ɪgˈzæmɪn,
examiner,egzaminator,ɪgˈzæmɪnə
example,ɪgˈzɑ:mpəl,
exasperate,dręczyć,rozjątrzać|ɪgˈzæspəreɪt
exc,"exc.
  z wyjątkiem",
excavate,przeprowadzać wykopaliska,wykopywać|ˈekskəveɪt
excavation,wykopaliska,ˌekskəˈveɪʃən
exceed,przekraczać,ɪkˈsi:d
exceedingly,niezwykle,ɪkˈsi:dɪŋlɪ
excel,przodować,ɪkˈsel
excellence,doskonałość,przodowanie|ˈeksələns
excellency,ˈeksələnsɪ,
excellent,doskonały,znakomity|ˈeksələnt
except,oprócz,ɪkˈsept
excepted,wyjąwszy,ɪkˈseptɪd
excepting,oprócz,prócz|z wyjątkiem|ɪkˈseptɪŋ
exception,ɪkˈsepʃən,
exceptional,wyjątkowy,ɪkˈsepʃənəl
excerpt,fragment,wyjątek|ˈeksɜ:pt
excess,"excess
i.    nadmierny",
excessive,nadmierny,ɪkˈsesɪv
exchange,i.    wymieniać się,ɪksˈʧeɪnʤ
excise,amputować,"excise
i.    akcyza|opłata akcyzowa
ii.    wycinać"
excitable,ekscytujący się,pobudliwy|ɪkˈsaɪtəbəl
excite,"1.  ekscytować
 2.  wzniecać",podniecać|ɪkˈsaɪt
excitement,1.  podniecenie,podnieta|ɪkˈsaɪtmənt
exclaim,wykrzykiwać,zakrzykiwać|ɪkˈskleɪm
exclamation,wykrzyknik,ˌekskləˈmeɪʃən|ˌekskləˈmeɪʃən ˌmɑ:k
exclude,1.  pomijać,"nie włączać 
 2.  wykluczać|wykluczać|ɪkˈsklu:d"
excluding,z wyjątkiem,ɪkˈsklu:dɪŋ
exclusion,1.  wydalenie,ɪkˈsklu:ʒən
exclusive,ɪkˈsklu:sɪv,
excommunicate,ekskomunikować,wyklinać|ˌekskəˈmju:nɪkeɪt
excrement,ekskrementy,stolec|ˈekskrəmənt
excrete,wydzielać,ɪkˈskri:t
excruciating,przygniatający,ɪkˈskru:ʃɪeɪtɪŋ
excursion,"1.  wyprawa
 2.  wycieczka",wypad|ɪkˈskɜ:ʃən
excusable,do wybaczenia,wybaczalny|ɪkˈskju:zəbəl
excuse,"excuse
i.    usprawiedliwienie",
execute,1.  poddawać egzekucji,"przeprowadzać|tracić
 2.  wykonywać|ˈeksɪkju:t"
execution,ˌeksɪkˈju:ʃən,
executioner,kat,ˌeksɪˈkju:ʃənə
executive,i.   1.  wyższy urzędnik,"menadżer
 2.  egzekutywa|organ wykonawczy
ii.    zarządzający|wykonawczy|ɪgˈzekjʊtɪv"
executor,egzekutor,ɪgˈzekjʊtə
exemplary,przykładowy,ɪgˈzemplərɪ
exempli gratia,na przykład,np.
exemplify,podawać przykłady,ɪgˈzemplɪfaɪ
exempt,"i.    zwolniony 
ii.    zwalniać",ɪgˈzempt
exercise,"wywierać
iii.  exercise book",zeszyt|ˈeksəsaɪz|ˈeksəsaɪz ˌbʊk
exert,ɪgˈzɜ:t,
exertion,wysiłek,ɪgˈzɜ:ʃən
exhale,eksˈheɪl,wydychać
exhaust,ɪgˈzɔ:st,
exhaustion,wyczerpanie,ɪgˈzɔ:sʧən
exhaustive,wyczerpujący,ɪgˈzɔ:stɪv
exhibit,pokazywać,ɪgˈzɪbɪt
exhibition,1.  wystawa,ˌegzɪˈbɪʃən
exhibitionism,ekshibicjonizm,ˌegzɪˈbɪʃənɪzəm
exhibitionist,ekshibicjonista,ˌegzɪˈbɪʃənɪst
exhibitor,wystawca,ɪgˈzɪbɪtə
exhilarate,rozradować,rozradować się|rozweselić|rozweselić się|ɪgˈzɪləreɪt
exhort,nawoływać,ɪgˈzɔ:t
exhume,ekshumować,eksˈhju:m
exile,ˈeksaɪl,
exist,istnieć,ɪgˈzɪst
existence,"1.  istnienie
 2.  egzystencja",ɪgˈzɪstəns
existential,egzystencjalny,ˌegzɪˈstenʃəl
exit,i.    wyjście,ˈegzɪt
exodus,eksodus,ˈeksədəs
exonerate,oczyszczać,uwalniać|ɪgˈzɒnəreɪt
exorbitant,wygórowany,ɪgˈzɔ:bɪtənt
exorcise,egzorcyzmować,exorcize|ˈeksɔ:saɪz
exorcism,egzorcyzm,ˈeksɔ:sɪzəm
exorcize,egzorcyzmować,exorcise|ˈeksɔ:saɪz
exotic,egzotyczny,ɪgˈzɒtɪk
expanse,bezmiar,przestwór|ɪkˈspæns
expansion,1.  rozrost,ɪkˈspænʃən
expansionism,ekspansjonizm,ɪkˈspænʃənɪzəm
expansionist,ekspansywny,ɪkˈspænʃənɪst
expansive,wylewny,ɪkˈspænsɪv
expatriate,eksˈpætrɪət,emigrant
expect,myślę,sądzę|że|ɪkˈspekt
expectancy,nadzieja,widoki|ɪkˈspektənsɪ
expectant,spodziewający się,ɪkˈspektənt
expectation,"1.  oczekiwanie
 2.  wyczekiwanie",spodziewanie się|ˌekspekˈteɪʃən
expediency,co korzystne,korzyść|to|ɪkˈspedɪənsɪ
expedient,dogodny,"i.    środek
ii.    stosowny|ɪkˈspedɪənt"
expedite,przyśpieszyć,ˈekspədaɪt
expedition,"1.  ekspedycja
 2.  wyprawa",ˌekspəˈdɪʃən
expel,ɪkˈspel,
expend,wydatkować,zużywać|ɪkˈspend
expendable,zbyteczny,ɪkˈspendəbəl
expenditure,ɪkˈspendɪʧə,
expense,1.  nakłady,"wydatki
 2. expenses  dieta|ɪkˈspens"
expensive,drogi,kosztowny|ɪkˈspensɪv
experience,doświadczać,"fakt
ii.    przeżywać|ɪkˈspɪərɪəns"
experienced,doświadczony,ɪkˈspɪərɪənst
experiment,"doświadczenie
ii.    eksperymentować",i.    eksperyment|ɪkˈsperəmənt
experimental,ɪkˌsperəˈmentəl,
expert,i.    ekspert,"specjalistyczny|znawca
ii.    wyspecjalizowany|ˈekspɜ:t"
expertise,umiejętności specjalistyczne,wiedza specjalistyczne|ˌekspɜ:ˈti:z
expiate,odpokutowywać,ˈekspɪeɪt
expiration,utrata ważności,ˌekspɪˈreɪʃən
expire,ɪkˈspaɪə,
expiry date,data ważności,ɪkˈspaɪərɪ deɪt
explain,ɪkˈspleɪn,
explanation,"1.  wyjaśnienie
 2.  objaśnienie",ˌekspləˈneɪʃən
explanatory,objaśniający,wyjaśniający|ɪkˈsplænətərɪ
explicable,wytłumaczalny,ɪkˈsplɪkəbəl
explicit,jednoznaczny,otwarty|szczery|ɪkˈsplɪsɪt
explode,1.  eksplodować,ɪkˈspləʊd
exploitation,1.  wyzysk,"wykorzystywanie
 2.  eksploatacja|ˌeksplɔɪˈteɪʃən"
exploitative,wyzyskujący,ɪkˈsplɔɪtətɪv
exploiter,wyzyskiwacz,ɪkˈsplɔɪtə
exploratory,badawczy,rozpoznawczy|ɪkˈsplɒrətərɪ
explore,"1.  badać
 2.  przeszukiwać","penetrować
 3.  analizować|przedyskutowywać|ɪkˈsplɔ:"
explorer,badacz,eksplorator|ɪkˈsplɔ:rə
explosion,1.  eksplozja,"wybuch
 2.  gwałtowny przyrost|ɪkˈspləʊʒən"
explosive,1.  środek wybuchowy,"rozrywający
 4.  oszałamiający|ɪkˈspləʊsɪv"
exponent,1.  przedstawiciel,ɪkˈspəʊnənt
exponential,zdwojony,ˌekspəˈnenʃəl
exporter,eksporter,ɪkˈspɔ:tə
expose,ekˈspəʊzeɪ,"exposé|narażać 
 4.  demaskować|zdemaskowanie|ɪkˈspəʊz"
exposition,przedstawienie,wykład|ˌekspəˈzɪʃən
exposure,1.  wystawienie się,kadr|wystawienie|ɪkˈspəʊʒə
exposé,ekˈspəʊzeɪ,expose|zdemaskowanie
expound,objaśniać,przedstawiać|ɪkˈspaʊnd
express,ɪkˈspres,
expression,"przykład
 4.  ekspresja","wyraz
 3.  przejaw|ɪkˈspreʃən"
expressionless,bez wyrazu,ɪkˈspreʃənlɪs
expressive,ɪkˈspresɪv,
expressway,autostrada,droga szybkiego ruchu|ɪkˈspresweɪ
expropriate,konfiskować,zabierać|ɪkˈsprəʊprɪeɪt
expulsion,wydalenie,ɪkˈspʌlʃən
exquisite,"1.  przepiękny
 2.  nadzwyczajny",ˈekskwɪzɪt
extend,1.  rozpościerać się,oferować|ɪkˈstend
extension,1.  dobudówka,ɪkˈstenʃən
extensive,szczegółowy,ɪkˈstensɪv
extent,w jakim,ɪkˈstent
extenuate,łagodzić,ɪkˈstenjʊeɪt
exterior,"wygląd zewnętrzny
ii.    zewnętrzny",ɪkˈstɪərɪə
exterminate,eksterminować,wybijać|ɪkˈstɜ:mɪneɪt
extermination,eksterminacja,ɪkˌstɜ:mɪˈneɪʃən
external,ɪkˈstɜ:nəl,
extinct,"1.  wymarły
 2.  nieczynny",wygasły|ɪkˈstɪŋkt
extinction,"1.  wymarcie
 2.  wygaśnięcie",ɪkˈstɪŋkʃən
extinguish,niweczyć,ɪkˈstɪŋgwɪʃ
extinguisher,gaśnica,ɪkˈstɪŋgwɪʃə
extol,wychwalać,wysławiać|ɪkˈstəʊl
extort,wymuszać,zdzierać|ɪkˈstɔ:t
extortionate,nadmierny,ɪksˈtɔ:ʃənət
extra,ˈekstrə,
extract,ekstrakt,"wyimek
 2.  wyciąg"
extraction,ɪkˈstrækʃən,
extractor,wentylator,wentylator okienny|ɪkˈstræktə
extracurricular,extra-curricular,nadobowiązkowy|ˌekstrə kəˈrɪkjʊlə
extradite,poddawać ekstradycji,ˈekstrədaɪt
extradition,ekstradycja,ˌekstrəˈdɪʃən
extramarital,pozamałżeński,ˌekstrəˈmærɪtəl
extramural,extra-mural,zaoczny|ˌekstrəˈmjʊərəl
extraneous,poboczny,ɪkˈstreɪnɪəs
extraordinary,"1.  nadzwyczajny
 2.  niezwykły",ɪkˈstrɔ:dənərɪ
extravagance,"1.  rozrzutność
 2.  luksus",ɪkˈstrævəgəns
extravagant,"1.  rozrzutny
 2.  luksusowy",ɪkˈstrævəgənt
extravaganza,ekstrawagancja,ɪkˌstrævəˈgænzə
extremist,ekstremista,ɪkˈstri:mɪst
extremity,ɪkˈstremɪtɪ,
extricate,uwalniać,wydobywać|ˈekstrɪkeɪt
extrovert,"i.    ekstrawertyk
ii.    ekstrawertyczny",ˈekstrəvɜ:t
extrude,wyciskać,ɪkˈstru:d
exuberant,pełen życia,ɪgˈzju:bərənt
exude,"1.  emanować
 2.  wydzielać",ɪgˈzju:d
exult,radować się,ɪgˈzʌlt
exultant,rozradowany,ɪgˈzʌltənt
eye,aɪ,"zgadzać się
 13.  shut"
eyeball,gałka oczna,ˈaɪbɔ:l
eyebrow,krzywić się na,marszczyć brew na|marszczyć brew na coś|ˈaɪbraʊ
eyecatching,eye-catching,przykuwający wzrok|ˈaɪkæʧɪŋ
eyelash,rzęsa,ˈaɪlæʃ
eyelid,ˈaɪlɪd,
eyeopener,eye-opener,rewelacja|ˈaɪəʊpənə
eyeshadow,cień do powiek,eye-shadow|ˈaɪʃædəʊ
eyesight,wzrok,ˈaɪsaɪt
eyesore,brzydactwo,okropieństwo|ˈaɪsɔ:
eyewitness,eye-witness,naoczny świadek|ˈaɪwɪtnɪs
fa,związek piłki nożnej,
fable,bajka,ˈfeɪbəl
fabric,1.  materiał,substancja|ˈfæbrɪk
fabricate,ˈfæbrɪkeɪt,
fabulous,ˈfæbjələs,
facade,fasada,fəˈsɑ:d
face,do czegoś),feɪs|feɪs ˈvælju:|przodem w dół|twarzą w górę
faceless,anonimowy,ˈfeɪslɪs
facet,ˈfæsət,
facetious,fəˈsi:ʃəs,żartobliwy
facial,dotyczący twarzy,twarzy|ˈfeɪʃəl
facile,"lekki
 2.  płytki",powierzchowny|ˈfæsaɪl
facilitate,fəˈsɪlɪteɪt,ułatwiać
facility,fəˈsɪlɪtɪ,
facsimile,fækˈsɪmɪlɪ,
fact,fækt,in point of
faction,frakcja,ˈfækʃən
factor,czynnik,ˈfæktə
factory,fabryka,ˈfæktərɪ
factual,rzeczowy,ˈfækʧʊəl
faculty,wydział,ˈfækəltɪ
fad,fæd,przelotna moda
faeces,feces,kał|ˈfɪ:si:z
fag,fæg,
faggot,ˈfægət,
fahrenheit,skala fahrenheita,ˈfærənhaɪt
failing,"słaby
 2.  failing this",ˈfeɪlɪŋ
failure,nieudacznik,ˈfeɪljə
faint,feɪnt,
faintly,ˈfeɪntlɪ,
fair,feə,sprawiedliwość|uczciwość|ˈfeə pleɪ
fairly,fair,naprawdę|ˈfeəlɪ
fairness,ˈfeənɪs,
fairy,ˈfeərɪ,
faith,feɪθ,
faithful,zwolennicy,ˈfeɪθfʊl
faithfully,ˈfeɪθfʊlɪ,
fake,feɪk,"i.   1.  fałszerstwo|naśladować
 2.  udawać"
falcon,sokół,ˈfɔ:kən
fall,cofać się do,dostosowywać się do|fɔ:l|mieście|rozpadać się na kawałki
fallacious,błędny,fəˈleɪʃəs|zwodniczy
fallacy,błąd,błąd logiczny|fałsz|fałsz rozumowania|ˈfæləsɪ
fallible,"1.  omylny
 2.  niedoskonały",ˈfɔ:ləbəl
fallout,opad promieniotwórczy,ˈfɔ:laʊt
fallow,leżący odłogiem,ˈfæləʊ
false,falstart,fɔ:ls|ˈfɔ:ls stɑ:t
falsehood,ˈfɔ:lshʊd,
falsify,fałszować,ˈfɔ:lsɪfaɪ
falsity,fałsz,ˈfɔ:lsətɪ
falter,ˈfɔ:ltə,
fame,feɪm,sława
famed,feɪmd,słynący
familial,fəˈmɪlɪəl,rodzinny
familiar,"1.  znajomy 
 2.  zaznajomiony","fəˈmɪlɪə|obznajomiony 
 3.  poufały"
familiarize,fəˈmɪljəraɪz,zaznajamiać
family,drzewo genealogiczne,ˈfæmɪlɪ|ˌfæmɪlɪ ˈtri:
famine,głód,ˈfæmɪn
famished,głodny jak wilk,ˈfæmɪʃt
famous,słynny,znany|ˈfeɪməs
fan,fæn,
fanatic,fəˈnætɪk,"i.    fanatyk
ii.    fanatyczny"
fanatical,fanatyczny,fəˈnætɪkəl
fanciful,1.  fantastyczny,"urojony
 2.  wymyślny|ˈfænsɪfʊl"
fanfare,fanfara,ˈfænfeə
fanfold paper,papier ciągły,papier ciągły perforowany|składanka|ˌfænˌfəʊld ˈpeɪpə
fang,fæŋ,kieł
fantasize,fantazjować,ˈfæntəsaɪz
fantasy,"1.  fantazjowanie
 2.  fantazja",ˈfæntəsɪ
faraway,ˈfɑ:rəweɪ,
farce,farsa,fɑ:s
farcical,farsowy,ˈfɑ:sɪkəl
fare,feə,
farewell,feəˈwel,"i.    pożegnanie
ii.    żegnaj"
farfetched,far-fetched,fɑ:ˈfeʧt|naciągnięty|przesadny
farflung,far-flung,ˌfɑ:ˈflʌŋ
farm,fɑ:m,gospodarować|i.    gospodarstwo rolne
farmer,chłop,rolnik|ˈfɑ:mə
farmhand,parobek,robotnik rolny|ˈfɑ:mhænd
farming,gospodarka,rolnictwo|ˈfɑ:mɪŋ
farmland,ziemia uprawna,ˈfɑ:mlænd
farmyard,podwórze,ˈfɑ:mjɑ:d
faroff,far-off,odległy|ˌfɑ:rˈɒf
farreaching,dalekosiężny,doniosły|far-reaching|ˌfɑ:ˈri:ʧɪŋ
farsighted,dalekowzroczny,far-sighted|ˌfɑ:ˈsaɪtɪd
fart,ˈfɑ:t,
farthing,ˈfɑ:ðɪŋ,
fascinate,fascynować,ˈfæsɪneɪt
fascination,fascynacja,ˌfæsɪˈneɪʃən
fascism,faszyzm,ˈfæʃɪzəm
fascist,"i.    faszysta
ii.    faszystowski",ˈfæʃɪst
fashion,ˈfæʃən,
fashionable,modny,ˈfæʃənəbəl
fast,fɑ:st,potrawy na poczekaniu|potrawy na poczekaniu ciepłe|ˈfɑ:st fu:d
fastening,klamra,zamocowanie|ˈfɑ:sənɪŋ
fastidious,fæstˈtɪdɪəs,grymaśny|wybredny
fat,cholernie,fæt
fatal,"1.  fatalny
 2.  śmiertelny",ˈfeɪtəl
fatalism,fatalizm,ˈfeɪtəlɪzəm
fatality,fəˈtælɪtɪ,
fate,feɪt,los|przeznaczenie
fated,ˈfeɪtɪd,
fateful,brzemienny w skutki,ˈfeɪtfʊl
father,ˈfɑ:ðə,ˌfɑ:ðə ˈkrɪsməs
fatherhood,ojcostwo,ˈfɑ:ðəhʊd
fatherinlaw,father-in-law,teść|ˈfɑ:ðərɪnlɔ:
fatherless,bez ojca,ˈfɑ:ðəlɪs
fatherly,ojcowski,ˈfɑ:ðəlɪ
fathom,dociekać,ˈfæθəm
fatigue,fəˈti:g,zmęczenie
fatten,i.    tuczyć się,ˈfætən
fatty,"i.    tłusty
ii.    tłuścioch",ˈfætɪ
fatuous,bujający w obłokach,głupi|ˈfætjʊəs
faucet,kran,kurek|ˈfɔ:sət
fault,fɔ:lt,
faultless,bez zarzutu,bezbłędny|ˈfɔ:ltlɪs
faulty,wadliwy,ˈfɔ:ltɪ
fauna,ˈfɔ:nə,
favor,favour,ˈfeɪvə
favorable,favourable,ˈfeɪvərəbəl
favorite,favourite,"i.    ulubiony
ii.    faworyt|ˈfeɪvrɪt"
favoritism,favouritism,faworyzowanie|ˈfeɪvrɪtɪzəm
favour,favor,ˈfeɪvə
favourable,favorable,ˈfeɪvərəbəl
favourite,favorite,"i.    ulubiony
ii.    faworyt|ˈfeɪvrɪt"
favouritism,favoritism,faworyzowanie|ˈfeɪvrɪtɪzəm
fawn,fɔ:n,przypochlebiać się
fax,fæks,
fbi,federalne biuro śledcze,
fco,ministerstwo spraw zagranicznych,msz
fear,fɪə,
fearful,ˈfɪəfʊl,
fearless,nieustraszony,ˈfɪəlɪs
fearsome,straszliwy,ˈfɪəsəm
feasible,osiągalny,wykonalny|ˈfi:zəbəl
feast,fi:st,i.    przyjęcie
feat,fi:t,popis|wyczyn
feather,pióro,ˈfeðə
feathery,pierzasty,ˈfeðərɪ
feature,"cecha
 2.  urządzenie",i.   1.  cecha charakterystyczna|ˈfi:ʧə
feb,"feb.
  luty",
february,luty,ˈfebrʊərɪ
feces,faeces,kał|ˈfɪ:si:z
feckless,nieporęczny,niezgrabny|ˈfeklɪs
federal,ˈfedərəl,
federation,"1.  związek
 2.  federacja",ˌfedəˈreɪʃən
fee,"1.  opłata
 2.  honorarium",fi:|gaża
feeble,"wątły
 2.  kiepski",ˈfi:bəl
feed,fi:d,pokarm
feedback,ˈfi:dbæk,
feel,fi:l,
feeling,ˈfi:lɪŋ,
feign,feɪn,udawać
feint,feɪnt,
feline,ˈfi:laɪn,
fell,fel,zwalać
fellow,no stary,ˈfeləʊ
fellowship,"1.  braterstwo
 2.  stowarzyszenie",związek|ˈfeləʃɪp
felony,zbrodnia,ˈfelənə
felttip pen,felt-tip pen,mazak|pisak|ˌfelttɪp ˈpen
fem,"fem.
  żeński",
female,ˈfi:meɪl,
feminine,ˈfemɪnɪn,
femininity,kobiecość,ˌfemɪˈnɪnətɪ
feminism,feminizm,ˈfemɪnɪzəm
feminist,"i.    feministka
ii.    feministyczny",ˈfemɪnɪst
fencing,ˈfensɪŋ,
fender,błotnik,ˈfendə
fern,fɜ:n,paproć
ferocious,fəˈrəʊʃəs,zajadły|zażarty
ferocity,fəˈrɒsətɪ,zaciekłośc|zajadłość
ferret,ˈferɪt,
ferry,"i.    prom
ii.    transportować",ˈferɪ
fertile,ˈfɜ:taɪl,
fertilise,1.  zapładniać,"fertilize|zapylać
 2.  nawozić|ˈfɜ:tɪlaɪz"
fertilize,1.  zapładniać,"fertilise|zapylać
 2.  nawozić|ˈfɜ:tɪlaɪz"
fertilizer,nawóz,ˈfɜ:tɪlaɪzə
fervent,namiętny,żarliwy|ˈfɜ:vənt
fervor,fervour,namiętność|żarliwość|ˈfɜ:və
fervour,fervor,namiętność|żarliwość|ˈfɜ:və
fester,ˈfestə,
festival,święto,ˈfestɪvəl
festive,świąteczny,ˈfestɪv
festivity,"1.  uroczystość
 2.  świętowanie",feˈstɪvɪtɪ
festoon,feˈstu:n,
fetch,feʧ,i.    sprowadzać
fetching,korzystny,ˈfeʧɪŋ
fete,"festyn
ii.    fetować",feɪt|fête|owacyjnie przyjmować
fetid,cuchnący,ˈfetɪd
fetish,fetysz,ˈfetɪʃ
fetter,kajdany,ˈfetə
fetus,foetus,płód|ˈfi:təs
feud,fju:d,waśń|wendeta
feudal,feudalny,ˈfju:dəl
feudalism,feudalizm,ˈfju:dəlɪzəm
fever,1.  gorączka,"febra
 2.  rozgorączkowanie|ˈfi:və"
feverish,1.  rozgorączkowany,"podniecony
 2.  gorączkujący|ˈfi:vərɪʃ"
ff,i następne linie,i następne strony
fiance,fiancé,fɪˈɒnseɪ|narzeczony
fiancee,fiancée,fɪˈɒnseɪ|narzeczona
fiancé,fiance,fɪˈɒnseɪ|narzeczony
fiancée,fiancee,fɪˈɒnseɪ|narzeczona
fiasco,fiasko,fɪˈæskəʊ|niepowodzenie
fib,fɪb,
fiber,fibre,ˈfaɪbə
fiberglass,fibreglass,włókno szklane|ˈfaɪbəglɑ:s
fibre,fiber,ˈfaɪbə
fibreglass,fiberglass,włókno szklane|ˈfaɪbəglɑ:s
fibrous,włóknisty,ˈfaɪbrəs
fickle,niestały,zmienny|ˈfɪkəl
fiction,1.  literatura,"beletrystyka
 2.  fikcja|ˈfɪkʃən"
fictional,"1.  fikcyjny
 2.  powieściowy",ˈfɪkʃənəl
fictitious,fikcyjny,fɪkˈtɪʃəs
fidelity,fɪˈdelɪtɪ,wierność
fidget,kręcić się,wiercić się|ˈfɪʤɪt
fidgety,nerwowy,wiercący się|ˈfɪʤɪtɪ
field,fi:ld,"lornetka
iv.  field marshal|marszałek polny|teren|ˈfi:ld ˌglɑ:sɪz"
fiend,fi:nd,
fiendish,ˈfi:ndɪʃ,
fierce,"1.  zajadły
 2.  gwałtowny",fɪəs
fiery,ˈfaɪərɪ,
fifteen,piętnaście,ˌfɪfˈti:n
fifteenth,piętnasty,ˌfɪfˈti:nθ
fifth,fɪfθ,piąty
fiftieth,pięćdziesiąty,ˈfɪftɪəθ
fifty,pięćdziesiąt,ˈfɪftɪ
fiftyfifty,fifty fifty,fifty-fifty|pół na pół|ˌfɪftɪ ˈfɪftɪ
fig,figa,fɪg|rycina
fight,faɪt,"stosować kontratak
 2.  powstrzymywać"
fighter,1.  bojownik,"uczestnik walki
 2.  myśliwiec|wojownik|ˈfaɪtə"
figment,płód wyobraźni,ˈfɪgmənt
figurative,metaforyczny,przenośny|ˈfɪgərətɪv
figure,kombinować,ˈfɪgə
figurehead,figurant,ˈfɪgəhed
filament,drucik,drucik w żarówce|włókienko|włókno|ˈfɪləmənt
filch,fɪlʧ,zwędzić
file,faɪl,"kolumna
ii.   1.  ewidencjonować|segregator
 3.  akta|składać|włączać do akt"
filial,synowski,ˈfɪlɪəl
filing cabinet,szafa na kartoteki,ˈfaɪlɪŋ ˌkæbɪnət
filipino,filipińczyk,ˌfɪlɪˈpi:nəʊ
fill,fɪl,
fillet,filet,ˈfɪlɪt
filling,stacja benzynowa,ˈfɪlɪŋ|ˈfɪlɪŋ steɪʃən
film,"błona
ii.    robić zdjęcia",filmować|fɪlm|warstwa
filter,ˈfɪltə,
filth,fɪlθ,sprośność
filthy,1.  brudny,"sprośny|zapaskudzony
 2.  plugawy|ˈfɪlθɪ"
fin,fɪn,płetwa
final,"finalny
 2.  główny",finałowy|ˈfaɪnəl
finalist,finalista,ˈfaɪnəlɪst
finality,faɪˈnælɪtɪ,stanowczość|zdecydowanie
finally,ˈfaɪnəlɪ,
finance,dofinansowanie,fɪˈnæns
financial,finansowy,fɪˈnænʃəl
financier,finansista,fɪˈnænsɪə
finch,czyżyk,fɪnʧ|gil|szczygieł|zięba
find,faɪnd,"stwierdzać
 2.  zdemaskować|stwierdzać
ii.   1.  znalezisko|że coś jest|że coś jest smutne"
finding,rezultat,stwierdzenie|ˈfaɪndɪŋ
finery,precjoza,stroje i kosztowności|ˈfaɪnərɪ
finesse,finezja,fɪˈnes
finger,ˈfɪŋgə,
fingernail,paznokieć,ˈfɪŋgəneɪl
fingerprint,i.    odcisk palca,ˈfɪŋgəprɪnt
finicky,grymaśny,wybredny|ˈfɪnɪkɪ
finish,"kończyć
 2.  dojadać","kończyć
 2.  kończyć zawody|kończyć podróż|ˈfɪnɪʃ"
finished,1.  gotowy,kończyć|ˈfɪnɪʃt
finishing school,pensja,pensja dla panien|ˈfɪnɪʃɪŋ sku:l
finite,ograniczony,skończony|ˈfaɪnaɪt
finland,finlandia,ˈfɪnlənd
finn,fin,fɪn
finnish,fiński,ˈfɪnɪʃ
fir,fɜ:,jodła
firearm,broń,broń palna|ˈfaɪərɑ:m
firebrand,podżegacz,ˈfaɪəbrænd
firefighting,fire-fighting,przeciwpożarowy|ˈfaɪəfaɪtɪŋ
fireguard,ekran,ekran przed ogniem|ˈfaɪəgɑ:d
firelight,światło od ognia,ˈfaɪəlaɪt
fireman,strażak,ˈfaɪəmən
fireplace,kominek,ˈfaɪəpleɪs
fireproof,ognioodporny,ogniotrwały|ˈfaɪəpru:f
fireside,ˈfaɪəsaɪd,
firewood,drewno na podpałkę,drewno opałowe|ˈfaɪəwʊd
firework,fajerwerk,ogień sztuczny|ˈfaɪəwɜ:k
firing squad,ˈfaɪərɪŋ skwɒd,
firm,fɜ:m,
first,fɜ:st,"imię
vi.  first night|imię chrzestne|osiągnięcie|premiera"
firstborn,first-born,pierworodny|ˈfɜ:stbɔ:n
firsthand,first-hand,z pierwszej ręki|ˌfɜ:stˈhænd
firstly,po pierwsze,ˈfɜ:stlɪ
firstrate,first-rate,pierwszorzędny|ˈfɜ:streɪt
fiscal,fiskalny,podatkowy|ˈfɪskəl
fish,fɪʃ,łowić
fisherman,rybak,ˈfɪʃəmən
fishery,obszar połowu,łowisko|ˈfɪʃərɪ
fishing,i.    rybołówstwo,"wędka|wędkarstwo
ii.  fishing rod|ˈfɪʃɪŋ|ˈfɪʃɪŋ rɒd"
fishmonger,ˈfɪʃmʌŋgə,
fishy,ˈfɪʃɪ,
fission,rozbicie,rozbicie atomu|rozszczepienie|ˈfɪʃən
fissure,rozpadlina,szczelina|ˈfɪʃə
fist,fɪst,pięść
fistful,garść,ˈfɪstfʊl
fit,atak,"dopasować|fɪt|napad
 2.  przystęp gniewu|napad szału"
fitful,niespokojny,ˈfɪtfʊl
fitments,ˈfɪtmənts,
fitter,instalator,mechanik|montażysta|ˈfɪtə
fitting,sprzęt,ˈfɪtɪŋ
five,faɪv,pięć
fiver,ˈfaɪvə,
fixation,fiksacja,fɪkˈseɪʃən|mania
fixed,1.  ustalony,ˈfɪkst
fixedly,bez przerwy,z uporem|ˈfɪksɪdlɪ
fixture,impreza,"wyposażenie
 2.  stały akcent|ˈfɪksʧə"
fizz,fɪz,musować
fizzle out,spełzać na niczym,ˌfɪzəl ˈaʊt
fizzy,musujący,ˈfɪzɪ
flabbergasted,oszołomiony,ˈflæbəgɑ:stɪd
flabby,obwisły,sflaczały|ˈflæbɪ
flaccid,zwiotczały,ˈflæksɪd
flag,flæg,
flagon,1.  karafka,"dzban
 2.  flaszka|ˈflægən"
flagpole,maszt,maszt flagowy|ˈflægpəʊl
flagrant,brutalny,rażący|ˈfleɪgrənt
flagship,okręt flagowy,ˈflægʃɪp
flagstaff,maszt,maszt flagowy|ˈflægstɑ:f
flagstone,płyta chodnikowa,ˈflægstəʊn
flail,fleɪl,
flair,1.  talent,"fleə|zmysł 
 2.  wyczucie"
flake,fleɪk,
flamboyant,"1.  przesadny
 2.  jaskrawy",flæmˈbɔɪənt|rzucający się w oczy
flame,fleɪm,
flaming,ˈfleɪmɪŋ,
flamingo,flaming,fləˈmɪŋgəʊ
flammable,łatwo palny,ˈflæməbəl
flan,flæn,
flank,flæŋk,
flannel,flanelka,ˈflænəl
flap,flæp,patka|podniecać się
flare,fleə,i.    rakieta świetlna
flared,fleəd,kloszowy
flashback,retrospekcja,ˈflæʃbæk
flashlight,1.  duża latarka,"latarka
 2.  lampa błyskowa|ˈflæʃlaɪt"
flashy,wyzywający,ˈflæʃɪ
flask,"1.  piersiówka
 2.  termos",flɑ:sk
flat,flæt,
flatmate,współmieszkaniec,ˈflætmeɪt
flatten,i.   1.  spłaszczać się,wygładzać się|ˈflætən
flatter,że,ˈflætə
flattery,pochlebstwo,ˈflætərɪ
flaunt,flɔ:nt,obnosić się
flavor,flavour,przyprawiać|ˈfleɪvə
flavoring,flavouring,przyprawa|przyprawa smakowa|ˈfleɪvərɪŋ
flavour,flavor,przyprawiać|ˈfleɪvə
flavouring,flavoring,przyprawa|przyprawa smakowa|ˈfleɪvərɪŋ
flaw,flɔ:,"niedopatrzenie
 2.  skaza"
flawless,nieskazitelny,ˈflɔ:lɪs
flax,flæks,len
flaxen,lniany,ˈflæksən
flea,fli:,
fleck,cętka,flek
fledgling,początkujący,ˈfleʤlɪŋ
flee,fli:,uciekać
fleece,fli:s,
fleet,fli:t,
fleeting,przelotny,ulotny|ˈfli:tɪŋ
flemish,flamandzki,ˈflemɪʃ
flesh,fleʃ,wypełniać szczegółami
fleshandblood,flesh-and-blood,fleʃənˈblʌd|z krwi i kości
fleshy,"1.  korpulentny
 2.  mięsisty",ˈfleʃɪ
flex,fleks,"kabel
ii.    naprężać"
flexible,giętki,ˈfleksɪbəl
flicker,ˈflɪkə,
flight,flaɪt,"kabina pilota|stewardesa
iii.  flight deck|ˈflaɪt dek|ˌflaɪt əˈtendənt"
flimsy,"1.  wątły
 2.  przewiewny",cienki|ˈflɪmzɪ
flinch,ˈflɪnʧ,
fling,flɪŋ,i.    rzucać się|mieć ubaw
flint,flɪnt,kamień
flip,flɪp,
flippant,kpiący,niepoważny|ˈflɪpənt
flipper,1.  noga upłetwiona,"noga|odnóże pławne
 2.  płetwa|ˈflɪpə"
flirt,flirciarka,flɜ:t
flirtation,flirt,flɜ:ˈteɪʃən
flirtatious,flɜ:ˈteɪʃəs,kokieteryjny
flit,flɪt,przemykać
float,fləʊt,
floating,niestabilny,niezdecydowany|płynny|ˈfləʊtɪŋ
flock,flɒk,gromadzić się
flog,flɒg,opylać
flood,flʌd,wpływać
floodgate,1.  zapora,ˈflʌdgeɪt
floodlight,ˈflʌdlaɪt,
floor,flɔ:,
floorboard,deska podłogowa,ˈflɔ:bɔ:d
flop,fiasko,flɒp|opadać
floppy,dysk elastyczny,ˈflɒpɪ|ˌflɒpɪ ˈdɪsk
flora,ˈflɔ:rə,
floral,"1.  kwiecisty
 2.  ukwiecony",ˈflɔ:rəl
florid,rumiany,ˈflɒrɪd
florida,floryda,ˈflɒrɪdə
floridan,florydzki,ˈflɒrɪdən
floridian,florydzki,flɒˈrɪdɪən
florist,kwiaciarka,kwiaciarz|ˈflɒrɪst
flounce,flaʊns,rzucać się
flounder,1.  szarpać się,co powiedzieć|ˈflaʊndə
flour,mąka,ˈflaʊə
flourish,szeroki gest,ˈflʌrɪʃ
flout,flaʊt,lekceważyć|łamać
flow,fləʊ,
flowchart,schemat blokowy,sieć działań|ˈfləʊʧɑ:t
flower,ˈflaʊə,
flowerbed,klomb,ˈflaʊəbed
flowered,kwiecisty,ˈflaʊəd
flowering,kwiatowy,kwietny|ˈflaʊərɪŋ
flowerpot,doniczka,ˈflaʊəpɒt
flowery,"1.  kwiatowy
 2.  kwiecisty",ˈflaʊərɪ
flu,flu:,grypa
fluctuate,fluktuować,ˈflʌktjʊeɪt
fluctuation,fluktuacja,ˌflʌktjʊˈeɪʃən
flue,flu:,przewód|przewód kominowy
fluency,biegłość,płynność|ˈflu:ənsɪ
fluent,płynnie mówić po,ˈflu:ənt
fluff,flʌf,
fluffy,puchaty,ˈflʌfɪ
fluid,flu:ɪd,ˌflu:ɪd ˈaʊns
fluke,flu:k,fuks|łut szczęścia
fluorescent,"1.  fluorescencyjny
 2.  jarzeniowy",ˌflʊəˈresənt
fluoride,fluorek,ˈflʊəraɪd
flurry,1.  poruszenie,ˈflʌrɪ
flush,flʌʃ,
fluster,"i.    płoszyć
ii.    popłoch",ˈflʌstə
flute,flu:t,
fluted,żłobkowany,ˈflu:tɪd
flutter,dygotanie,ˈflʌtə
flux,flʌks,niepewny stan|płynność
fly,flaɪ,
flyer,lotnik,ˈflaɪə
flying,ˈflaɪɪŋ,
flyover,estakada,wiadukt|ˈflaɪəʊvə
fm,pasmo fm,pasmo fm ukf
fn,"fn.
  przypis",
fo,ministerstwo spraw zagranicznych,msz
foal,fəʊl,źrebak
foam,fəʊm,
fob off,fɒb ˈɒf,odprawić|potraktować na odczepnego
focal point,centralny punkt,ˈfəʊkəl pɔɪnt
focus,ˈfəʊkəs,
fodder,ˈfɒdə,
foe,fəʊ,wróg
foetus,fetus,płód|ˈfi:təs
fog,fɒg,mgła
foggy,ˈfɒgɪ,
foible,dziwactwo,słabostka|ˈfɔɪbəl
foil,fɔɪl,udaremniać
foist,fɔɪst,narzucać
folder,teczka,teczka aktowa|ˈfəʊldə
folding,składany,ˈfəʊldɪŋ
foliage,listowie,liście|ˈfəʊlɪʤ
folk,fəʊlk,
folklore,folklor,ˈfəʊlklɔ:
folks,fəʊlks,kochani
follow,iść za,podążać|ˈfɒləʊ
follower,uczeń,zwolennik|ˈfɒləʊə
following,dalszy ciąg,poniższe|ˈfɒləʊɪŋ
followup,"dalszy
ii.    kontynuacja",follow-up|i.    uzupełniający|ˈfɒləʊ ʌp
folly,szaleństwo,ˈfɒlɪ
fond,1.  kochający,fɒnd
fondle,pieścić,ˈfɒndəl
font,fɒnt,typ czcionki
food,1.  jedzenie,"fu:d|pożywienie
 2.  żywność"
foodstuff,artykuł żywnościowy,ˈfu:dstʌf
foolhardy,ˈfu:lhɑ:dɪ,
foolish,"niemądry
 2.  głupkowaty",ˈfu:lɪʃ
foolproof,nie do zepsucia,niezawodny|ˈfʊ:lpru:f
foot,fʊt,postawić nogę|zawitać do
football,piłka nożna,ˈfʊtbɔ:l
footballer,piłkarz,ˈfʊtbɔ:lə
footbrake,hamulec nożny,ˈfʊtbreɪk
footbridge,kładka,ˈfʊtbrɪʤ
foothills,podnóże,ˈfʊthɪlz
foothold,1.  oparcie dla stóp,ˈfʊthəʊld
footing,"1.  oparcie
 2.  płaszczyzna",ˈfʊtɪŋ
footlights,rampa,światła rampy|ˈfʊtlaɪts
footman,lokaj,ˈfʊtmən
footnote,przypis,ˈfʊtnəʊt
footpath,ścieżka,ˈfʊtpa:θ
footprint,ˈfʊtprɪnt,
footstep,ˈfʊtstep,
footwear,obuwie,ˈfʊtweə
for,całkowicie za,"for.
  zagraniczny|fɔ:|fə"
forage,ˈfɒrɪʤ,
foray,na teren),ˈfɒreɪ
forbearance,cierpliwość,fɔ:ˈbeərəns|pobłażliwość
forbearing,fɔ:ˈbeərɪŋ,pobłażliwy
forbid,fəˈbɪd,"niech bóg broni|powstrzymywać
 3.  god"
forbidden,"1.  zakazany
 2.  wzbroniony",fəˈbɪdən
forbidding,fəˈbɪdɪŋ,odstręczający
force,fɔ:s,w użyciu|wymuszać
forced,"1.  wymuszony
 2.  niewolniczy",ˈfɔ:st
forceful,ˈfɔ:sfʊl,
forceps,kleszcze,ˈfɔ:sɪps
forcible,ˈfɔ:səbəl,
ford,bród,fɔ:d
fore,fɔ:,
forearm,przedramię,ˈfɔ:rɑ:m
foreboding,fɔ:ˈbəʊdɪŋ,złe przeczucie
forecast,i.    przewidywać,"prognozować
ii.    prognoza|ˈfɔ:kɑ:st"
forecourt,przeddziedziniec,wjazd|ˈfɔ:kɔ:t
forefather,przodek,ˈfɔ:fɑ:ðə
forefinger,palec wskazujący,ˈfɔ:fɪŋgə
forefront,w czołówce czegoś,ˈfɔ:frʌnt
forego,forgo,fɔ:ˈgəʊ|zrzekać się
foregoing,fɔ:ˈgəʊɪŋ,"poprzedzająca partia
ii.    poprzedzający"
foregone,ˈfɔ:gɒn,
foreground,pierwszy plan,ˈfɔ:graʊnd
forehand,forhend,ˈfɔ:hænd
forehead,czoło,ˈfɒrɪd
foreign,1.  zagraniczny,ˈfɒrɪn
foreigner,cudzoziemiec,obcokrajowiec|ˈfɒrɪnə
foreman,majster,ˈfɔ:mən
foremost,1.  czołowy,ˈfɔ:məʊst
forename,imię,ˈfɔ:neɪm
forensic,fəˈrensɪk,kryminalny|sądowy
forerunner,prekursor,ˈfɔ:rʌnə
foresee,fɔ:ˈsi:,przewidywać
foreseeable,fɔ:ˈsi:əbəl,
foreshadow,fɔ:ˈʃædəʊ,zapowiadać|zwiastować
foresight,przezorność,ˈfɔ:saɪt
forest,las,ˈfɒrəst
forestall,fɔ:ˈstɔ:l,uprzedzać|wyprzedzać
forestry,gospodarka leśna,leśnictwo|ˈfɒrɪstrɪ
foretaste,przedsmak,ˈfɔ:teɪst
foretell,fɔ:ˈtel,przewidywać
forewarn,fɔ:ˈwɔ:n,przestrzegać
foreword,przedmowa,ˈfɔ:wɜ:d
forfeit,tracić prawo,ˈfɔ:fɪt
forge,fɔ:ʤ,"podrabiać
 2.  formować"
forger,fałszerz,ˈfɔ:ʤə
forgery,fałszerstwo,ˈfɔ:ʤerɪ
forgetful,fəˈgetfʊl,
forgettable,fəˈgetəbəl,nieznaczny
forgivable,fəˈgɪvəbəl,wybaczalny
forgive,fəˈgɪv,wybaczać
forgiveness,fəˈgɪvnɪs,wybaczenie
forgiving,fəˈgɪvɪŋ,pobłażliwy|wybaczający
forgo,forego,fɔ:ˈgəʊ|zrzekać się
fork,fɔ:k,wykładać
forked,fɔ:kt,rozwidlony
forlorn,1.  samotny,fəˈlɔ:n|nieziszczalny
form,fɔ:m,ˈfɔ:m ˌfi:d
formal,ˈfɔ:məl,
formality,"1.  formalność
 2.  oficjalność",ceremonialność|fəˈmælɪtɪ
formalization,formalizacja,ˌfɔ:məlaɪˈzeɪʃən
formalize,formalizować,ˈfɔ:məlaɪz
format,ˈfɔ:mæt,
formation,1.  tworzenie się,formacja|formacja chmur|formowanie się|fəˈmeɪʃən
formative,i.    formujący,ˈfɔ:mətɪv
former,ˈfɔ:mə,
formerly,poprzednio,ˈfɔ:məlɪ
formidable,1.  groźny,"trudny
 2.  niebywały|ˈfɔ:mɪdəbəl"
formless,bezkształtny,ˈfɔ:mlɪs
formula,1.  formuła,"wzór
 2.  recepta|ˈfɔ:mjələ"
formulate,formułować,ˈfɔ:mjəleɪt
forsake,"1.  opuszczać
 2.  porzucać",fəˈseɪk
fort,fɔ:t,
forte,mocna strona,ˈfɔ:teɪ
forth,fɔ:θ,
forthcoming,"1.  nadchodzący
 2.  szczery",ˈfɔ:θkʌmɪŋ
forthright,dobitny,zdecydowany|ˈfɔ:θraɪt
forthwith,bezzwłocznie,ˌfɔ:θˈwɪθ
fortieth,czterdziesty,ˈfɔ:tɪəθ
fortification,fortyfikacja,ˌfɔ:tɪfɪˈkeɪʃən
fortify,"1.  fortyfikować
 2.  wzmacniać",ˈfɔ:tɪfaɪ
fortitude,hart ducha,męstwo|ˈfɔ:tɪtju:d
fortnight,dwa tygodnie,ˈfɔ:tnaɪt
fortnightly,ˈfɔ:tnaɪtlɪ,
fortress,forteca,ˈfɔ:trɪs
fortuitous,fəˈtju:ɪtəs,przypadkowy
fortunate,ˈfɔ:ʧənət,
fortune,ˈfɔ:ʧən,
fortuneteller,fortune-teller,wróżka|ˈfɔ:ʧəntelə
forty,czterdzieści,ˈfɔ:tɪ
forum,płaszczyzna,ˈfɔ:rəm
forward,ekspediować,ˈfɔ:wəd
forwarding,ekspedycyjny,wysyłkowy|ˈfɔ:wədɪŋ
fossil,skamieniałość,ˈfɒsɪl
fossilise,fossilize,kamienieć|zamieniać się w kopalinę|zamieniać w kopalinę|ˈfɒsɪlaɪz
fossilize,fossilise,kamienieć|zamieniać się w kopalinę|zamieniać w kopalinę|ˈfɒsɪlaɪz
foster,pielęgnować,ˈfɒstə
foul,faʊl,ˌfaʊl ˈpleɪ
found,1.  fundować,"zakładać
 2.  opierać|ˈfaʊnd"
foundation,faʊnˈdeɪʃən,
founder,i.    fundator,"iść pod wodę|założyciel
ii.   1.  zawodzić|ˈfaʊndə"
foundry,huta,ˈfaʊndrɪ
fount,faʊnt,krynica|źródło
fountain,pióro wieczne,ˈfaʊntɪn|ˈfaʊntɪn pen
four,fɔ:,
foursome,czwórka,ˈfɔ:səm
fourteen,czternaście,ˌfɔ:ˈti:n
fourteenth,czternasty,ˌfɔ:ˈti:nθ
fourth,czwarty,fɔ:θ
fowl,faʊl,ptak|ptak łowny
fox,fɒks,
fracas,burda,ˈfrækɑ:
fraction,ˈfrækʃən,
fractionally,o ułamki,ˈfrækʃənəlɪ
fracture,ˈfrækʧə,
fragile,kruchy,wątły|ˈfræʤaɪl
fragmentary,fragmentaryczny,ˈfrægməntərɪ
fragmentation,ˌfrægmənˈteɪʃən,
fragrance,aromat,ˈfreɪgrəns
fragrant,aromatyczny,ˈfreɪgrənt
frail,freɪl,kruchy|wątł
frailty,1.  słabość,"słabostka
 2.  wątłość|ˈfreɪltɪ"
frame,freɪm,usposobienie|ˌfreɪm əv ˈmaɪnd
framework,1.  obramowanie,"konstrukcja
 2.  ramy|struktura|ˈfreɪmwɜ:k"
france,francja,frɑ:ns
franchise,koncesja,zezwolenie|ˈfrænʧaɪz
frank,fræŋk,szczery
frankly,ˈfræŋklɪ,
frantic,ˈfræntɪk,
fraternal,braterski,frəˈtɜ:nəl
fraternity,"1.  braterstwo
 2.  bractwo",frəˈtɜ:nɪtɪ
fraud,frɔ:d,
fraudulent,oszukańczy,ˈfrɔ:djʊlənt
fraught,frɔ:t,przejęty
fray,freɪ,pierwsza linia|walka
freak,fri:k,
freakish,cudaczny,dziwaczny|ˈfri:kɪʃ
freckle,pieg,ˈfrekəl
freckled,piegowaty,ˈfrekəld
free,fri:,"z własnej woli|zwalniać
iii.   1.  wolno|ˌfri: ˈentəpraɪz|ˌfri: ˈkɪk"
freeandeasy,bezproblemowy,free-and-easy|luźny|ˌfrɪ: ənˈi:zɪ
freebie,darmocha,ˈfri:bɪ
freedom,ˈfri:dəm,
freeforall,free-for-all,wolna amerykanka|ˈfri:fərɔ:l
freelance,ˈfri:lɑ:ns,
freely,ˈfri:lɪ,
freerange,free-range,wiejski|ˌfri: ˈreɪnʤ
freestyle,styl dowolny,ˈfri:staɪl
freeway,autostrada,autostrada bezpłatna|ˈfri:weɪ
freeze,fri:z,
freezer,zamrażalnik,zamrażarka|ˈfri:zə
freezing,1.  zero stopni,"zero
 2.  punkt zamarzania|ˈfri:zɪŋ|ˈfri:zɪŋ pɔɪnt"
freight,freɪt,"freɪt ˈtreɪn|pociąg towarowy|przesyłka
ii.  freight train"
freighter,frachtowiec,ˈfreɪtə
french,drzwi balkonowe,"drzwi przeszklone|frenʧ|frytki
iii.  french window|ˌfrenʧ ˈfraɪz"
frenchman,francuz,ˈfrenʧmən
frenchwoman,francuzka,ˈfrenʧwʊmən
frenetic,entuzjastyczny,frenetyczny|frəˈnetɪk
frenzy,szał,ˈfrenzɪ
frequency,ˈfri:kwənsɪ,
frequent,bywać,bywać w|uczęszczać
fresco,fresk,ˈfreskəʊ
fresh,freʃ,
freshen,"odświeżać
ii.    wzmagać się",ˈfreʃən
fresher,nowy,nowy student|ˈfreʃə
freshly,świeżo,ˈfreʃlɪ
freshman,nowy,nowy student|ˈfreʃmən
freshness,świeżość,ˈfreʃnɪs
freshwater,ˈfreʃwɔ:tə,
fret,gryźć się,
fretful,niespokojny,strapiony|ˈfretfʊl
fri,"fri.
  piątek",
friar,zakonnik,zakonnik żebrzący|ˈfraɪə
friction,nieporozumienia,ˈfrɪkʃən
friday,piątek,ˈfraɪdə
fridge,frɪʤ,lodówka
friend,1.  przyjaciel,dobry kolega|frend
friendly,ˈfrendlɪ,
friendship,bliskie koleżeństwo,koleżeństwo|przyjaźń|ˈfrendʃɪp
frieze,fri:z,fryz
frigate,fregata,ˈfrɪgɪt
fright,1.  strach,fraɪt
frighten,ˈfraɪtən,
frightened,ˈfraɪtənd,
frightful,okropny,ˈfraɪtfʊl
frigid,oziębły,ˈfrɪʤɪd
frill,frɪl,
frilly,z falbankami,ˈfrɪlɪ
fringe,ubocze,ˈfrɪnʤ
fringed,ˈfrɪnʤd,
frisk,frɪsk,"hasać|przetrzepywać
 2.  brykać"
frisky,rozbawiony,żywy|ˈfrɪskɪ
frivolity,frɪˈvɒlɪtɪ,pustota|płochość
frivolous,1.  płochy,"niepotrzebny|pusty
 2.  bezsensowny|ˈfrɪvələs"
frizzy,kędzierzawy,ˈfrɪzɪ
fro,frəʊ,tędy i owędy
frock,frɒk,sukienka
frogman,płetwonurek,ˈfrɒgmən
frogmarch,doprowadzać,doprowadzać siłą|ˈfrɒgmɑ:ʧ
frolic,i.    baraszkować,"zabawa|zabawiać się
ii.    baraszkowanie|ˈfrɒlɪk"
from,frɒm,frəm
frond,frɒnd,palmy
frontage,fasada,ˈfrʌntɪʤ
frontal,"1.  frontalny
 2.  przedni",z przodu|ˈfrʌntəl
frontier,granica,ˈfrʌntɪə
frontpage,front-page,najważniejszy|pierwszostronicowy|ˌfrʌntˈpeɪʤ
frost,frɒst,
frostbite,odmrożenie,ˈfrɒstbaɪt
frosted,mleczny,ˈfrɒstɪd
frosty,mroźny,ˈfrɒstɪ
froth,frɒθ,
frothy,pienisty,spieniony|ˈfrɒθɪ
frozen,ˈfrəʊzən,
frugal,oszczędny,skromny|ˈfru:gəl
fruit,fru:t,
fruitcake,keks,ˈfru:tkeɪk
fruitful,owocny,ˈfru:tfʊl
fruition,fru:ˈɪʃən,
fruitless,bezowocny,ˈfru:tlɪs
fruity,jędrny,ˈfru:tɪ
frustrate,1.  frustrować,"frʌˈstreɪt|przygnębiać
 2.  niweczyć"
frustration,frustracja,frʌˈstreɪʃən
fry,fraɪ,smażyć|smażyć się
frying pan,ˈfraɪɪŋpæn,
ft,"ft.
  stopa",
fuck,cholera,ˈfɑ:t
fudge,fʌʤ,
fuel,ˈfjʊəl,
fugitive,ˈfju:ʤɪtɪv,
full,fʊl,zapchany|ˌfʊl ˈmu:n
fulllength,full-length,ˌfʊlˈleŋθ
fullness,we właściwym czasie,ˈfʊlnɪs
fulltime,full-time,i.    pełnowymiarowy|ˌfʊlˈtaɪm
fully,przynajmniej,ˈfʊlɪ
fullyfledged,dojrzały,fully-fledged|opierzony|pełnouprawniony|ˌfʊlɪˈfleʤd
fulsome,przesadny,wylewny|ˈfʊlsəm
fumble,1.  grzebać się,ˈfʌmbəl
fume,fju:m,"opary
ii.    szaleć"
fun,fʌn,
function,"ceremonia
ii.   1.  działać","pracować
 2.  funkcjonować|ˈfʌŋkʃən"
functional,"1.  funkcjonalny
 2.  działający",pracujący|ˈfʌŋkʃənəl
functionary,funkcjonariusz,urzędnik|ˈfʌŋkʃənərɪ
fund,fundusz,fʌnd|i.   1. funds  fundusze
fundamental,i.    fundamentalny,"podstawowy
ii.   fundamentals  podstawy|ˌfʌndəˈmentəl"
funeral,pogrzeb,ˈfju:nərəl
funereal,fju:ˈnɪərɪəl,pogrzebowy
fungus,grzyb,ˈfʌŋgəs
funicular,fjʊˈnɪkjʊlə,kolejka linowa
funnel,"przeciskać
 2.  przekazywać",ˈfʌnəl
funnily,1.  dziwnie,ˈfʌnɪlɪ
funny,1.  pocieszny,czuć się niedobrze|ˈfʌnɪ
fur,fɜ:,
furious,"1.  wściekły
 2.  zażarty",rozszalały|ˈfjʊərɪəs
furled,fɜ:ld,złożony
furn,"furn.
  umeblowany",
furnace,piec,ˈfɜ:nɪs
furnish,1.  wyposażać,ˈfɜ:nɪʃ
furnishings,umeblowanie,wyposażenie|ˈfɜ:nɪʃɪŋs
furniture,"1.  meble
 2.  wyposażenie",ˈfɜ:nɪʧə
furor,fjʊəˈrɔ:rɪ,furora|furore|poruszenie
furore,fjʊəˈrɔ:rɪ,furor|furora|poruszenie
furrow,marszczyć,ˈfʌ:rəʊ
furry,"1.  kosmaty
 2.  futrzany",ˈfɜ:rɪ
furtherance,poparcie,wsparcie|ˈfɜ:ðərəns
furthermore,a przy tym,co więcej|ˌfɜ:ðəˈmɔ:
furtive,skryty,ukradkiem|ˈfɜ:tɪv
fury,1.  wściekłość,ˈfjʊərɪ
fuse,fju:z,"stapiać|zespalać
 3.  stapiać się"
fuselage,kadłub,ˈfju:zɪlɑ:ʒ
fusion,1.  zespolenie,ˈfju:ʒən
fuss,fʌs,i.    zamieszanie|robić dużo hałasu|strasznie się przejmować|zawracanie głowy
fussy,"1.  wybredny 
 2.  przesadny",afektowany|ˈfʌsɪ
futile,jałowy,ˈfju:taɪl
future,"i.    przyszłość
ii.    przyszły",ˈfju:ʧə
futuristic,fju:ʧəˈrɪstɪk,futurystyczny|zbyt nowoczesny
fuzzy,1.  puszysty,"kędzierzawy
 2.  nieostry|rozmazany|ˈfʌzɪ"
fête,"festyn
ii.    fetować",fete|feɪt|owacyjnie przyjmować
gab,gæb,
gabble,"mleć językiem
ii.    paplanina",ˈgæbəl
gable,szczyt,ˈgeɪbəl
gadget,urządzenie,ˈgæʤɪt
gaffe,gafa,gæf
gag,gæg,
gaggle,stadko,ˈgægəl
gaiety,wesołość,ˈgeɪətɪ
gaily,"1.  radośnie
 2.  barwnie",ˈgeɪlɪ
gain,geɪn,"zbliżać się|zdobywać
 2.  przybierać"
gait,chód,geɪt|krok
gal,"gal.
  galon",
gala,ˈgɑ:lə,
galaxy,galaktyka,ˈgæləksɪ
gale,geɪl,wicher|wichura
gall,gɔ:l,odwaga
gallant,1.  bohaterski,"dzielny
 2.  szarmancki|ˈgælənt"
gallantry,"1.  odwaga
 2.  szarmanckość",ˈgæləntrɪ
gallbladder,gall-bladder,pęcherzyk żółciowy|ˈgɔ:lblædə
gallery,galeria,"podwyższenie
 3.  jaskółka|ˈgælərɪ"
galley,kambuz,ˈgælɪ
gallop,"i.    galopować
ii.    galop",ˈgæləp
gallows,szubienica,ˈgæləʊz
galosh,gəˈlɒʃ,kalosz
galvanise,galvanize,galwanizować|pobudzać|ˈgælvənaɪz
galvanize,galvanise,galwanizować|pobudzać|ˈgælvənaɪz
gambit,ˈgæmbɪt,
gamble,"grać 
 2.  spekulować",i.   1.  uprawiać hazard|ryzykowna krok|ˈgæmbəl
gambler,gracz,hazardzista|ˈgæmblə
gambling,hazardowy,ˈgæmblɪŋ
gambol,baraszkować,hasać|ˈgæmbəl
game,geɪm,"igrzyska
 3.  spotkanie|mecz
 4.  zwierzyna dzika|zwierzyna
ii.   1.  dzielny"
gamekeeper,leśniczy,ˈgeɪmki:pə
gammon,boczek wędzony,szynka wędzona|ˈgæmən
gamut,ˈgæmət,
gander,gąsior,ˈgændə
gang,gæŋ,zbierać się
gangrene,gangrena,ˈgæŋgri:n
gangster,ˈgæŋstə,
gangway,ˈgæŋweɪ,
gap,gæp,zróżnicowanie
gape,geɪp,zionąć
garage,"salon
 4.  stacja samochodowa","stacja
ii.    garażować|warsztat
 3.  salon samochodowy|ˈgærɑ:ʒ"
garbage,skrzynia na śmieci,ˈgɑ:bɪʤ|ˈgɑ:bɪʤ kæn
garbled,kulawy,zniekształcony|ˈgɑ:bəld
garden,przyjęcie na wolnym powietrzu,ˈgɑ:dən|ˈgɑ:dən pɑ:tɪ
gardener,ogrodnik,ˈgɑ:dənə
gargle,gulgotać,płukać|płukać gardło|ˈgɑ:gəl
garish,jaskrawy,ˈgeərɪʃ
garland,girlanda,ˈgɑ:lənd
garlic,czosnek,ˈgɑ:lɪk
garment,strój,ˈgɑ:mənt
garnish,"i.    przybranie 
ii.    przybierać",ˈgɑ:nɪʃ
garret,mansarda,poddasze|ˈgærɪt
garrison,"i.    garnizon
ii.    obsadzać",ˈgærɪsən
garrulous,gadatliwy,ˈgærələs
garter,podwiązka,ˈgɑ:tə
gas,gæs,ˈgæssteɪʃən
gaseous,gazowy,ˈgæsɪəz
gash,gæʃ,"rana
ii.    nacinać|ranić"
gasoline,benzyna,etylina|ˈgæsəli:n
gasp,gɑ:sp,"i.    dyszenie
ii.    dyszeć"
gassy,gazowany,ˈgæsɪ
gastric,gastryczny,ˈgæstrɪk
gastronomic,gastronomiczny,ˌgæstrəˈnɒmɪk
gastronomy,gastronomia,gæˈstrɒnəmɪ
gate,geɪt,przejście
gatecrash,wpraszać się,włazić na chama|ˈgeɪtkræʃ
gateway,1.  wejście,ˈgeɪtweɪ
gather,1.  gromadzić się,"mniemać|nasilać
 4.  sądzić|ˈgæðə"
gathering,zapadający,ˈgæðərɪŋ
gatt,gæt,
gauche,gəʊʃ,niezręczny|sztywny
gaudy,jarmarczny,jaskrawy|ˈgɔ:dɪ
gauge,miernik,ˈgeɪʤ
gaunt,1.  wychudzony,"bezludny|gɔ:nt|wynędzniały
 2.  posępny"
gauntlet,ˈgɔ:ntlɪt,
gauze,gaza,gɔ:z
gawky,niezdarny,niezgrabny|ˈgɔ:kɪ
gawp,gapić się,gɔ:p
gay,geɪ,"żywy
 2.  barwny"
gaze,geɪz,"i.    spoglądać
ii.    spojrzenie"
gazelle,gazela,gəˈzel
gb,wielka brytania,
gbh,ciężkie obrażenia ciała,
gce,świadectwo maturalne,
gcse,świadectwo maturalne,
gdns,"gdns.
  ogród",ogrody
gear,by coś robić,być nastawionym na|być przygotowanym do czegoś|gɪə|i.   1.  przekładnia zębata
gearbox,skrzynia biegów,ˈgɪəbɒks
gee,jej!,ʤi:
gel,ʤel,
gelatine,żelatyna,ˈʤeləti:n
gem,ʤem,
gemini,ˈʤemɪnaɪ,
gen,"gen.
  generał","gen.
  ogólny"
gender,rodzaj,ˈʤendə
gene,gen,ʤi:n
genealogy,genealogia,ˌʤi:nəˈæləʤɪ
generalise,generalize,generalizować|uogólniać|ˈʤenərəlaɪz
generality,"1.  ogólność
 2.  ogólnik",ˌʤenəˈrælɪtɪ
generalize,generalise,generalizować|uogólniać|ˈʤenərəlaɪz
generate,"generować
 2.  produkować",ˈʤenəreɪt
generation,1.  pokolenie,"generacja
 2.  produkcja|wytwarzanie|ˌʤenəˈreɪʃən"
generator,prądnica,ˈʤenəreɪtə
generosity,hojność,szczodrość|ʤenəˈrɒsɪtɪ
generous,"szczodry
 2.  przychylny",ˈʤenərəs
genetic,genetyczny,ʤɪˈnetɪk
genetics,genetyka,ʤɪˈnetɪks
geneva,genewa,ʤəˈni:va
genial,miły,łagodny|ˈʤi:nɪəl
genitals,genitalia,ˈʤenɪtəlz
genitive,dopełniacz,ˈʤenɪtɪv
genius,"1.  geniusz
 2.  genialność",ˈʤi:nɪəs
genocide,ludobójstwo,ˈʤenəsaɪd
genteel,dobry,dobrze ułożony|ʤenˈti:l
gentle,"1.  łagodny
 2.  delikatny",ˈʤentəl
gentleman,"1.  dżentelmen
 2.  szlachcic",ˈʤentəlmən
gentlemanly,dżentelmeński,ˈʤentəlmənlɪ
gentry,szlachta,ˈʤentrɪ
genuine,1.  prawdziwy,"autentyczny
 2.  szczery|ˈʤenjʊɪn"
genus,rodzaj,ˈʤi:nəs
geographer,geograf,ʤɪˈɒgrəfə
geographic,geograficzny,geographical|ˌʤi:əˈgræfɪk
geographical,geograficzny,geographic|ˌʤi:əˈgræfɪk
geography,geografia,ʤɪˈɒgrəfɪ
geologic,geological,geologiczny|ˌʤi:əˈlɒʤɪk
geological,geologic,geologiczny|ˌʤi:əˈlɒʤɪk
geologist,geolog,ʤɪˈɒləʤɪst
geology,geologia,ʤɪˈɒləʤɪ
geometric,geometrical,geometryczny|ˌʤɪəˈmetrɪk
geometrical,geometric,geometryczny|ˌʤɪəˈmetrɪk
geometry,geometria,ʤɪˈɒmɪtrɪ
georgia,ˈʤɔ:ʤə,
georgian,ˈʤɔ:ʤən,
geriatric,ˌʤerɪˈætrɪk,
germ,ʤɜ:m,
german,ˈʤɜ:mən,
germany,niemcy,ˈʤɜ:mənɪ
germinate,kiełkować,ˈʤɜ:mɪneɪt
gesticulate,gestykulować,ʤəˈstɪkjʊleɪt
gesture,"i.    gest
ii.    gestykulować",ˈʤesʧə
getaway,ucieczka,zbiegnięcie|ˈgetəweɪ
gettogether,get-together,party|spotkanie|ˈget-təˌgeðə
getup,get-up,przebranie|ubiór|ˈgetʌp
geyser,piecyk,ˈgi:zə
ghastly,okropnie,ˈgɑ:stlɪ
ghetto,getto,ˈgetəʊ
ghost,gəʊst,
ghostly,nieziemski,ˈgəʊstlɪ
ghq,kwatera główna,
giant,kolosalny,ˈʤaɪənt
gibber,bełkotać,ˈʤɪbə
gibberish,bełkot,ˈʤɪbərɪʃ
gibe,docinek,jibe|ʤaɪb
giblets,podroby,podroby drobiowe|ˈʤɪblɪts
giddy,1.  oszołomiony,ˈgɪdɪ
gift,gɪft,"podarunek
 2.  zdolność|talent"
gifted,"1.  utalentowany
 2.  zdolny",ˈgɪftɪd
gig,gɪg,występ
gigantic,gigantyczny,ʤaɪˈgæntɪk
giggle,"i.    chichotać
ii.    chichot",ˈgɪgəl
giggler,chichotka,ˈgɪglə
gild,gɪld,złocić
gill,gɪl,skrzele
gilt,gɪlt,"i.    złocony
ii.    złocenie"
gimmick,przynęta,wabik|ˈgɪmɪk
gin,dżin,jałowcówka|ʤɪn
ginger,podpiwek,podpiwek imbirowy|ˈʤɪnʤə|ˌʤɪnʤə ˈbɪə|ˌʤɪnʤər ˈeɪl
gingerly,ostrożnie,płochliwie|ˈʤɪnʤəlɪ
gipsy,cygan,gypsy|ˈʤɪpsɪ
giraffe,żyrafa,ʤəˈrɑ:f
girder,dźwigar,ˈgɜ:də
girdle,i.    pas elastyczny,"pas
ii.    opasywać|ˈgɜ:dəl"
girl,gɜ:l,
girlfriend,1.  dziewczyna,"sympatia
 2.  przyjaciółka|ˈgɜ:lfrend"
girlhood,ˈgɜ:lhʊd,
girlish,dziewczęcy,ˈgɜ:lɪʃ
giro,ˈʤaɪərəʊ,
girth,gɜ:θ,obwód
gist,podstawowe tezy,"sedno|the gist 
 - treść|ʤɪst"
giveandtake,give-and-take,kompromisowość|ˌgɪvənˈteɪk
giveaway,give-away,zdradzenie|zdradzenie się|ˈgɪvəweɪ
given,ˈgɪvən,ˈgɪvən neɪm
glacial,1.  lodowcowy,lodowaty|ˈgleɪsjəl
glacier,lodowiec,ˈglæsɪə
glad,"about 
 - cieszyć się",cieszyć się|glæd|że
gladden,radować,ˈglædən
glade,gleɪd,polana
gladiator,ˈglædɪeɪtə,
glamorous,olśniewający,powabny|zachwycający|ˈglæmərəs
glance,glɑ:ns,ześlizgiwać się
gland,glænd,gruczoł
glare,gleə,
glaring,ˈgleərɪŋ,
glass,glɑ:s,
glasshouse,cieplarnia,ˈglɑ:shaʊs
glassware,szkła,szkło|ˈglɑ:sweə
glassy,ˈglɑ:sɪ,
glaze,gleɪz,
gleam,blask,gli:m|przebłysk
glean,gli:n,
glee,gli:,radość|zadowolenie
gleeful,rozradowany,ˈgli:fʊl
glen,dolina,
glib,glɪb,
glide,1.  przemykać się,"glaɪd|prześlizgiwać się
 2.  szybować"
glider,szybowiec,ˈglaɪdə
gliding,szybownictwo,ˈglaɪdɪŋ
glimmer,ˈglɪmə,
glimpse,ˈglɪmps,
glint,glɪnt,"i.    błyszczeć|lśnienie|zabłyskiwać
ii.    błysk"
glisten,lśnić,ˈglɪsən
glitter,ˈglɪtə,
glittering,ˈglɪtərɪŋ,
gloat,gləʊt,napawać się
global,globalny,ˈgləʊbəl
globe,gləʊb,i.  the globe  glob
globule,kuleczka,kulka|ˈglɒbju:l
gloom,glu:m,ponurość
gloomy,ponury,ˈglu:mɪ
glorify,1.  gloryfikować,"wysławiać
 2.  przechwalać|ˈglɔ:rɪfaɪ"
glorious,"1.  wspaniały
 2.  cudowny",ˈglɔ:rɪəs
glory,ˈglɔ:rɪ,
gloss,glɒs,pomniejszać
glossary,ˈglɒsərɪ,
glossy,1.  błyszczący,"połyskliwy
 2.  ilustrowany|ˈglɒsɪ"
glove,glʌv,"i.    rękawica|rękawiczka
ii.  glove compartment|schowek|ˈglʌv kəmˌpɑ:tmənt"
glow,czerwienić się,gləʊ
glower,patrzeć gniewnie,ˈglaʊə
glowing,entuzjastyczny,ˈgləʊɪŋ
glowworm,glow-worm,robaczek świętojański|ˈgləʊwɜ:m
glucose,glukoza,ˈglu:kəʊz
glue,glu:,"i.    klej
ii.    przyklejać"
glum,chmurny,glʌm|przygaszony
glut,glʌt,
glutinous,kleisty,ˈglu:tɪnəs
glutton,ˈglʌtən,
gluttony,żarłoczność,ˈglʌtənɪ
glycerin,gliceryna,glycerine|ˈglɪsərɪn
glycerine,gliceryna,glycerin|ˈglɪsərɪn
gm,"gm
  gram",
gmt,średni czas greenwich,
gnarled,powykręcany,sękaty|ˈnɑ:ld
gnash,næʃ,zgrzytać
gnat,komar,næt
gnaw,dręczyć,nɔ:
gnome,gnom,nəʊm
goad,1.  bodziec,"gəʊd|podbechtywać|podnieta
 2.  podjudzać"
goahead,go-ahead,zielone światło|ˈgəʊˌəhed
goal,gəʊl,
goalkeeper,bramkarz,ˈgəʊlki:pə
goalpost,słupek,ˈgəʊlpəʊst
goat,gəʊt,koza|kozioł
gob,gęba,gɒb|ryj
gobbledygook,nowomowa,żargon|ˈgɒbəldəgu:k
gobetween,go-between,pośrednik|ˈgəʊbɪtwi:n
goblet,kielich,ˈgɒblɪt
goblin,chochlik,ˈgɒblɪn
godchild,chrześniaczka,chrześniak|ˈgɒdʧaɪld
goddaughter,chrześniaczka,córka chrzestna|ˈgɒddɔ:tə
goddess,bogini,ˈgɒdɪs
godfather,ojciec chrzestny,ˈgɒdfɑ:ðə
godfearing,bogobojny,god-fearing|ˈgɒdfɪərɪŋ
godforsaken,zakazany,zapomniany|ˈgɒdfəseɪkən
godless,bezbożny,ˈgɒdlɪs
godly,pobożny,ˈgɒdlɪ
godmother,matka chrzestna,ˈgɒdmʌðə
godparent,rodzic chrzestny,ˈgɒdpeərənt
godsend,dar niebios,ˈgɒdsend
godson,chrześniak,syn chrzestny|ˈgɒdsʌn
goggle,ˈgɒgəl,
goingson,goings-on,wydarzenia|ˌgəʊɪŋzˈɒn
gold,gəʊld,
golden,ˈgəʊldən,
goldfish,złota rybka,ˈgəʊldfɪʃ
goldmine,żyła złota,ˈgəʊldmaɪn
golf,gɒlf,pole golfowe|ˈgɒlfklʌb|ˈgɒlfkɔ:s
golfer,gracz w golfa,ˈgəʊlfə
gone,gɒn,
gonorrhea,gonorrhoea,rzeżączka|ˌgɒnəˈrɪə
gonorrhoea,gonorrhea,rzeżączka|ˌgɒnəˈrɪə
good,gʊd,"gʊdˈfraɪdɪ|gʊdˈi:vnɪŋ|job  
 - jak dobrze|pociąg towarowy"
goodbye,do widzenia,gʊdˈbaɪ
goodhumored,dobroduszny,good-humored|good-humoured|łagodny|ˌgʊdˈhju:məd
goodhumoured,dobroduszny,good-humored|good-humoured|łagodny|ˌgʊdˈhju:məd
goodlooking,good-looking,przystojny|ˌgʊdˈlʊkɪŋ
goodnatured,dobroduszny,good-natured|życzliwy|ˌgʊdˈneɪʧəd
goodness,na litość boską!'',ˈgʊdnɪs
goodnight,dobranoc,gʊdˈnaɪt
goodtempered,dobroduszny,good-tempered|przyjacielski|ˌgʊdˈtempəd
goodwill,życzliwość,ˈgʊdwɪl
goody,ˈgʊdɪ,
goof,gu:f,skrewić
goose,gu:s,gęsia skórka|ˈgu:spɪmpəlz
gooseberry,ˈgʊzbərɪ,
gooseflesh,gęsia skórka,ˈgu:sfleʃ
gore,gɔ:,
gorgeous,cudowny,wspaniały|ˈgɔ:ʤəs
gorilla,goryl,gəˈrɪlə
gory,krwawy,ˈgɔ:rɪ
gosh,gɒʃ,jejku|ojej
gosling,gąsiątko,ˈgɒzlɪŋ
gospel,ˈgɒspəl,
gossamer,zwiewny,ˈgɒsəmə
gossip,ˈgɒsɪp,
gothic,ˈgɒθɪk,
gouge,gaʊʤ,
gourd,dynia,gʊəd
gout,artretyzm,gaʊt
govern,"1.  rządzić
 2.  kierować",kontrolować|ˈgʌvən
governess,guwernantka,ˈgʌvənɪs
government,ˈgʌvənmənt,
governor,"1.  gubernator
 2.  rządca","zarządca
 3.  dyrektor|ˈgʌvənə"
govt,"govt.
  rząd",rządowy
gown,gaʊn,
gp,internista,
grab,chwytać,"for sth 
 - sięgać|græb"
graceful,1.  wdzięczny,"elegancki|przyjemny
 3.  szarmancki|ˈgreɪsfʊl"
graceless,ˈgreɪslɪs,
gracious,ˈgreɪʃəs,
gradation,gradacja,grəˈdeɪʃən
grade,greɪd,
gradient,nachylenie,spadek|ˈgreɪdɪənt
gradual,stopniowy,ˈgrædjʊəl
graduate,od),
graduation,1.  zakończenie studiów,"zakończenie
 2.  promocja|ˌgrædjʊˈeɪʃən"
graffiti,bazgranina na ścianach,grəˈfi:tɪ
graft,grɑ:ft,
grain,greɪn,iść wbrew naturze
gram,gramme,græm
grammar,ˈgræmə,ˈgræmə sku:l
grammatical,gramatyczny,grəˈmætɪkəl
gramme,gram,græm
gramophone,gramofon,ˈgræməfəʊn
gran,babcia,græn
granary,spichlerz,ˈgrænərɪ
grand,fortepian,fortepian koncertowy|grænd|ˌgrænd pɪˈænəʊ
grandad,dziadek,granddad|ˈgrændæd
grandchild,wnuk,ˈgrænʧaɪld
granddad,dziadek,grandad|ˈgrændæd
granddaughter,wnuczka,ˈgrændɔ:tə
grandeur,1.  wielkość,"świetność
 2.  dostojeństwo|ˈgrænʤə"
grandfather,zegar stojący,ˈgrænfɑ:ðə|ˌgrænfɑ:ðə ˈklɒk
grandiose,pompatyczny,skomplikowany|ˈgrændɪəʊs
grandma,babcia,ˈgrænmɑ:
grandmother,babcia,ˈgrænmʌ:ðə
grandpa,dziadziuś,ˈgrænpɑ:
grandparent,ˈgrænpeərənt,
grandson,wnuk,ˈgrænsʌn
grandstand,główna trybuna,ˈgrændstænd
granite,granit,ˈgrænɪt
grannie,babciunia,granny|ˈgrænɪ
granny,babciunia,grannie|ˈgrænɪ
grant,"granting that 
 - zakładając",grɑ:nt|że
granulated,granulowany,ˈgrænjʊleɪtɪd
granule,granula,ziarno|ˈgrænju:l
grape,greɪp,winogrono
grapefruit,ˈgreɪpfru:t,
grapevine,ˈgreɪpvaɪn,
graph,graf,grɑ:f|wykres
graphic,"1.  graficzny
 2.  plastyczny",ˈgræfɪk
graphite,ˈgræfaɪt,
grapple,zmagać się,ˈgræpəl
grasp,grɑ:sp,i.    chwytać
grasping,zachłanny,ˈgrɑ:spɪŋ
grass,baza,doły|doły partyjne|grɑ:s|podstawa
grasshopper,konik polny,pasikonik|ˈgrɑ:shɒpə
grassland,pastwisko,łąka|ˈgrɑ:slənd
grassy,trawiasty,ˈgrɑ:sɪ
grate,greɪt,
grateful,wdzięczny,ˈgreɪtfʊl
grater,tarka,ˈgreɪtə
gratify,ˈgrætɪfaɪ,
grating,"i.    krata
ii.    zgrzytający",zgrzytliwy|ˈgreɪtɪŋ
gratitude,wdzięczność,ˈgrætɪtju:d
gratuitous,1.  bezpłatny,grəˈtju:ɪtəs
gratuity,grəˈtju:ɪtɪ,odprawa
grave,greɪv,
gravel,żwir,ˈgrævəl
gravestone,nagrobek,ˈgreɪvstəʊn
graveyard,cmentarz,ˈgreɪvjɑ:d
gravitate,grawitować,ˈgrævɪteɪt
gravitation,grawitacja,ˌgrævɪˈteɪʃən
gravity,1.  ciężkość,"siła ciężkości
 2.  powaga|ˈgrævɪtɪ"
gravy,sos,ˈgreɪvɪ
gray,"getting grey* 
 - siwieć",grey|greɪ
graze,greɪz,
grease,gri:s,
greasy,"1.  tłusty
 2.  zatłuszczony",ˈgri:sɪ
great,great-,greɪt
greatly,ogromnie,ˈgreɪtlɪ
greece,grecja,gri:s
greed,gri:d,
greedy,chciwy,łapczywy|ˈgri:dɪ
greek,gri:k,
greenery,roślinność,zieleń|ˈgri:nərɪ
greengrocer,ˈgri:ngrəʊsə,
greenhouse,szklarnia,ˈgri:nhaʊs
greenish,zielonkawy,ˈgri:nɪʃ
greet,gri:t,
greeting,ˈgri:tɪŋ,
gregarious,grɪˈgeərɪəs,towarzyski
grenade,granat,grɪˈneɪd
grey,"getting grey* 
 - siwieć",gray|greɪ
greyhound,chart,ˈgreɪhaʊnd
greyish,popielaty,szarawy|ˈgreɪɪʃ
grid,1.  kratownica,"grɪd|sieć
 2.  siatka geograficzna"
grief,gri:f,
grievance,uraza,ˈgri:vəns
grieve,gri:v,
grievous,dotkliwy,przykry|ˈgri:vəs
grill,grɪl,męczyć kogoś
grille,grɪl,krata|siatka|siatka ochronna
grim,grɪm,surowy
grimace,grɪˈmeɪs,
grime,graɪm,nalot brudu
grimy,brudny,zapaskudzony|ˈgraɪmɪ
grin,grɪn,przyjmować za dobrą monetę
grind,graɪnd,i.  grind up  mielić
grinder,młynek,ˈgraɪndə
grip,grɪp,"torba
 3.  come"
gripe,graɪp,labiedzić|marudzić
grisly,przerażający,straszliwy|ˈgrɪzlɪ
gristle,chrząstka,ˈgrɪsəl
grit,grɪt,
groan,grəʊn,
grocer,1.  sprzedawca sklepu spożywczego,ˈgrəʊsə
grocery,ˈgrəʊsərɪ,
groggy,odurzony,oszołomiony|ˈgrɒgɪ
groin,grɔɪn,pachwina
groom,gru:m,
groomed,ˈgru:md,
groove,gru:v,rowek
grope,grəʊp,
grotesque,grəʊˈtesk,
grotto,grota,ˈgrɒtəʊ
grounding,podstawy,wyszkolenie|ˈgraʊndɪŋ
groundless,bezpodstawny,ˈgraʊndlɪs
groundsheet,płachta nieprzemakalna,ˈgraʊndʃi:t
groundsman,dozorca,dozorca parku|ˈgraʊndzmən
groundwork,podstawa,przygotowanie|ˈgraʊndwɜ:k
group,gru:p,
grouping,grupa,zgrupowanie|ˈgru:pɪŋ
grouse,cietrzew,graʊs|i.    głuszec
grove,grəʊv,zagajnik
grovel,1.  płaszczyć się,"czołgać się|poniżać się
 2.  pełzać|ˈgrɒvəl"
grow,grəʊ,"nie bądź dzieckiem!''|zapuszczać
 4.  stawać się"
grower,hodowca,ˈgrəʊə
grown,dorosły,grəʊn
grownup,dorosły,grown-up|ˌgrəʊnˈʌp
growth,grəʊθ,
grubby,brudny,ˈgrʌbɪ
grudge,grʌʤ,skąpić
grudging,niechętny,nieszczery|ˈgrʌʤɪŋ
gruel,grʊəl,kasza na wodzie|wodzianka
grueling,gruelling,wyczerpujący|wykańczający|ˈgrʊəlɪŋ
gruelling,grueling,wyczerpujący|wykańczający|ˈgrʊəlɪŋ
gruesome,makabryczny,ˈgru:səm
gruff,grʌf,opryskliwy|szorstki
grumble,i.    narzekać,"utyskiwanie|utyskiwać 
ii.    narzekanie|ˈgrʌmbəl"
grumpy,marudzący,wściekły|ˈgrʌmpɪ
grunt,"burczenie
 2.  chrząkanie",grʌnt
gt,wielki,
guarantee,zapewnienie,zaręczać|że|ˌgærənˈti:
guarantor,gwarant,ˌgærənˈtɔ:
guard,gɑ:d,"warta
 5.  osłona|wartownik
 4.  ochrona"
guarded,ostrożny,powściągliwy|ˈgɑ:dɪd
guardian,"1.  opiekun
 2.  strażnik",ˈgɑ:dɪən
guerilla,gəˈrɪlə,partyzant
guess,chyba,ges|i.   1.  przypuszczać
guesswork,domysł,ˈgeswɜ:k
guest,gest,hotelik|ˈgesthaʊs
guffaw,gəˈfɔ:,i.    ryk śmiechu|ryczeć
guidance,pomoc,ˈgaɪdəns
guide,gaɪd,"i.   1.  przewodnik turystyczny|kierować|przewodnik
 2.  doraźna pomoc"
guidebook,przewodnik,ˈgaɪdbʊk
guideline,dyrektywa,wytyczna|ˈgaɪdlaɪn
guild,cech,gildia|gɪld
guile,chytrość,gaɪl|przebiegłość
guileful,chytry,przebiegły|ˈgaɪlfʊl
guileless,prostolinijny,ˈgaɪllɪs
guillotine,"i.    gilotyna
ii.    gilotynować",ˈgɪləti:n
guilt,gɪlt,"poczucie winy
 2.  przewinienie"
guiltless,bez winy,niewinny|wolny od winy|ˈgɪltlɪs
guilty,ˈgɪltɪ,
guinea,świnka morska,ˈgɪnɪ|ˈgɪnɪ pɪg
guise,gaɪz,przebranie|przykrywka
guitar,gitara,gɪˈtɑ:
gulf,gʌlf,
gull,gʌl,mewa
gullet,przełyk,ˈgʌlɪt
gullible,łatwowierny,ˈgʌlɪbəl
gully,parów,ˈgʌlɪ
gulp,gʌlp,przełykać szybko
gum,gʌm,
gumboot,gumiak,kalosz|ˈgʌmbu:t
gumption,chłopski rozum,smykałka|ˈgʌmpʃən
gun,działo,gʌn|zastrzelić
gunboat,kanonierka,ˈgʌnbəʊt
gunfire,obstrzał,ogień|ˈgʌnfaɪə
gunman,rewolwerowiec,ˈgʌnmən
gunner,artylerzysta,strzelec|ˈgʌnə
gunpoint,na muszce,ˈgʌnpɔɪnt
gunpowder,proch,proch strzelniczy|ˈgʌnpaʊdə
gunshot,wystrzał,ˈgʌnʃɒt
gurgle,"paplać
ii.    paplanina",ˈgɜ:gəl
gush,gʌʃ,"i.    tryskać
ii.    wytrysk|potok
iii.    rozpływać się"
gust,1.  powiew,"gʌst|napływ|poryw
 2.  przypływ"
gusto,ze smakiem,ˈgʌstəʊ
gusty,porywisty,ˈgʌstɪ
gutter,ˈgʌtə,
guttural,gardłowy,ˈgʌtərəl
guy,gaɪ,ludziska
guzzle,pochłaniać,ˈgʌzəl
gym,wf,ʤɪm
gymnasium,sala gimnastyczna,ʤɪmˈneɪzɪəm
gymnast,gimnastyk,ˈʤɪmnæst
gymnastic,gimnastyczny,ʤɪmˈnæstɪk
gymnastics,gimnastyka,ʤɪmˈnæstɪks
gynaecological,ginekologiczny,gynecological|ˌgaɪnəkəˈlɒʤɪkəl
gynaecologist,ginekolog,gynecologist|ˌgaɪnəˈkɒləʤɪst
gynaecology,ginekologia,gynecology|ˌgaɪnəˈkɒləʤɪ
gynecological,ginekologiczny,gynaecological|ˌgaɪnəkəˈlɒʤɪkəl
gynecologist,ginekolog,gynaecologist|ˌgaɪnəˈkɒləʤɪst
gynecology,ginekologia,gynaecology|ˌgaɪnəˈkɒləʤɪ
gypsy,cygan,gipsy|ˈʤɪpsɪ
gyrate,obracać się,wirować|ʤaɪˈreɪt
ha,hektar,
haberdashery,ˈhæbədæʃərɪ,
habit,1.  przyzwyczajenie,ˈhæbɪt
habitable,zdatny do zamieszkania,ˈhæbɪtəbəl
habitat,siedlisko,ˈhæbɪtæt
habitation,ˌhæbɪˈteɪʃən,
habitual,1.  zwyczajowy,"həˈbɪtjʊəl|nałogowy|zwykły
 2.  zatwardziały"
hack,hæk,murzyn
hackneyed,wyświechtany,ˈhæknɪd
hacksaw,piła do metalu,ˈhæksɔ:
haddock,łupacz,łupacz ryba|ˈhædək
haemophilia,hemofilia,hemophilia|ˌhi:məˈfɪlɪə
haemophiliac,chory na hemofilię,hemophiliac|ˌhi:məˈfɪlɪæk
haemorrhage,dostawać krowotoku,dostawać krwotoku|hemorrhage|ˈhemərɪʤ
hag,hæg,jędza
haggard,wymęczony,wynędzniały|ˈhægəd
haggle,targować,targować się|ˈhægəl
hague,heɪg,"the hague 
 - haga"
hail,heɪl,"przyzywać
 2.  wysławiać"
hailstone,kulka gradu,ˈheɪlstəʊn
hailstorm,burza gradowa,ˈheɪlstɔ:m
hair,heə,
haircut,"1.  strzyżenie
 2.  fryzura",ˈheəkʌt
hairdo,fryzura,ˈheədu:
hairdresser,fryzjer,ˈheədresə
hairdrier,hairdryer,suszarka|suszarka do włosów|ˈheədraɪə
hairdryer,hairdrier,suszarka|suszarka do włosów|ˈheədraɪə
hairless,nieowłosiony,ˈheəlɪs
hairline,na włos,ˈheəlaɪn
hairnet,siatka do włosów,ˈheənet
hairpin,i.    spinka do włosów,"serpentyna|spinka
ii.  hairpin bend|ˈheəpɪn|ˌheəpɪn ˈbend"
hairrising,hair-rising,jeżący włosy|ˈheəˌreɪzɪŋ
hairs breadth,hair's breadth,ˈheəzbretθ
hairstyle,fryzura,ˈheəstaɪl
hairy,1.  włochaty,ˈheərɪ
halcyon,cichy,spokojny|ˈhælsɪən
hale,heɪl,krzepki
half,hɑ:f,ze zniżką 50|ˈhɑ:f ˌpraɪs
halfbaked,half-baked,hɑ:fˈbeɪkt|niedowarzony
halfcaste,half-caste,mieszany rasowo|ˈhɑ:fkɑ:st
halfhearted,bez zapału,half-hearted|połowiczny|ˌhɑ:fˈhɑ:tɪd
halfpenny,półpensówka,ˈheɪpnɪ
halfterm,ferie,half-term|ˌhɑ:fˈtɜ:m
halftime,half-time,przerwa|przerwa w meczu|ˌhɑ:fˈtaɪm
halfway,ˈhɑ:fweɪ,
hall,1.  korytarz,hɔ:l|przedpokój|sala koncertowa|sala zebrań
hallmark,cecha,ˈhɔ:lmɑ:k
hallowed,czcigodny,uświęcony|ˈhæləʊd
halloween,hallowe'en,przeddzień wszystkich świętych|ˌhaləʊˈi:n
hallucinate,həˈlu:sɪneɪt,mieć halucynacje
hallucination,halucynacja,həˌlu:sɪˈneɪʃən
hallway,korytarz,przedpokój|ˈhɔ:lweɪ
halo,aureola,ˈheɪləʊ
halt,1.  zatrzymywać się,hɔ:lt|zatrzymywać
halting,pełen wahania,wahający się|ˈhɔ:ltɪŋ
halve,1.  przepoławiać się,hɑ:v
ham,hæm,
hamlet,sioło,wioska|ˈhæmlət
hammer,ˈhæmə,
hammock,hamak,ˈhæmək
hamper,i.    ograniczać,koszyk|ˈhæmpə
hampshire,ˈhæmpʃə,
hamster,chomik,ˈhæmstə
hamstring,i.    ścięgno podkolanowe,ˈhæmstrɪŋ
handbag,torebka,ˈhændbæg
handbook,podręcznik,poradnik|ˈhændbʊk
handbrake,hamulec ręczny,ˈhændbreɪk
handcart,wózek,wózek ręczny|ˈhændkɑ:t
handclap,wygwizdywanie,ˈhændklæp
handcuff,zakuwać w kajdanki,ˈhændkʌf
handcuffs,kajdanki,ˈhændkʌfs
handful,psotnica,ˈhændfʊl
handicap,"handikap
ii.    upośledzać",stawiać w trudnym położeniu|ˈhændɪkæp
handicraft,i.    rzemiosło,ˈhændɪkrɑ:ft
handiwork,dzieło,dzieło własnych rąk|ˈhændɪwɜ:k
handkerchief,chusteczka,chusteczka do nosa|ˈhæŋkəʧɪf
handle,ˈhændəl,
handlebar,ˈhændəlbɑ:,
handler,treser,ˈhændlə
handmade,ręcznie robiony,ˌhændˈmeɪd
handout,ulotka,"wsparcie|zapomoga
 2.  folder|ˈhændaʊt"
handpicked,hand-picked,starannie dobrany|wyselekcjonowany|ˌhændˈpɪkt
handshake,uścisk dłoni,ˈhændʃeɪk
handsome,ˈhænsəm,
handtomouth,hand-to-mouth,ˌhændtəˈmaʊθ
handwriting,pismo odręczne,ˈhændˌraɪtɪŋ
handwritten,ręcznie napisany,ˈhændrɪtən
handy,1.  poręczny,ˈhændɪ
handyman,majster do wszystkiego,złota rączka|ˈhændɪmən
hangar,ˈhæŋə,
hanger,wieszak,ˈhæŋə
hangeron,hanger-on,pochlebca|ˌhæŋərˈɒn
hangglider,hang-glider,lotnia|ˈhæŋglaɪdə
hanging,kotara,obicie|ˈhæŋɪŋ
hangman,kat,ˈhæŋmən
hangover,"kociokwik
 2.  przeżytek",ˈhæŋəʊvə
hangup,hang-up,obawa|strach|ˈhæŋʌp
hank,hæŋk,kłąb|zwój
hanker,pragnąć,ˈhæŋkə
hankering,potrzeba,pragnienie|ˈhæŋkərɪŋ
hanky,chusteczka,ˈhæŋkɪ
haphazard,chaotyczny,przypadkowy|ˌhæpˈhæzəd
happen,1.  zdarzać się,tak się złożyło|ˈhæpən
happening,zdarzenie,ˈhæpənɪŋ
happy,ˈhæpɪ,
happygolucky,beztroski,happy-go-lucky|ˌhæpɪgəʊˈlʌkɪ
harangue,həˈræŋ,"perora
ii.    przekonywać"
harass,nękać,prześladować|ˈhærəs
harassment,prześladowanie,znęcanie się|ˈhærəsmənt
harbor,harbour,i.    przystań|ˈhɑ:bə
harbour,harbor,i.    przystań|ˈhɑ:bə
hardandfast,bezwzględny,hard-and-fast|ścisły|ˌhɑ:dənˈfɑ:st
hardback,książka w sztywnej oprawie,w sztywnej oprawie|ˈhɑ:dbæk
hardboard,płyta pilśniowa,ˈhɑ:dbɔ:d
hardboiled,gotowany na twardo,hard-boiled|na twardo|ˌhɑ:dˈbɔɪld
harden,robić twardym,ˈhɑ:dən
hardheaded,hard-headed,niesentymentalny|trzeźwy|ˌhɑ:dˈhedɪd
hardhearted,hard-hearted,nieczuły|o twardym sercu|ˌhɑ:dˈhɑ:tɪd
hardly,ˈhɑ:dlɪ,
hardpressed,hard-pressed,znękany|ˌhɑ:dˈprest
hardship,ciężar,problem|ˈhɑ:dʃɪp
hardup,bez pieniędzy,hard-up|ˌhɑ:dˈʌp
hardware,ˈhɑ:dweə,
hardwearing,hard-wearing,hɑ:dˈweərɪŋ|trwały
hardy,1.  wytrwały,"wytrzymały
 2.  mrozoodporny|ˈhɑ:dɪ"
harebrained,głupi,ˈheəbreɪnd
harm,hɑ:m,nie ma nic złego
harmful,szkodliwy,ˈhɑ:mfʊl
harmless,nieszkodliwy,ˈhɑ:mlɪs
harmonica,harmonijka,hɑ:ˈmɒnɪkə|organki
harmonious,hɑ:ˈməʊnɪəs,
harmonise,harmonize,harmonizować|ˈhɑ:mənaɪz
harmonize,harmonise,harmonizować|ˈhɑ:mənaɪz
harmony,ˈhɑ:mənɪ,
harness,ˈhɑ:nɪs,
harp,hɑ:p,skarżyć się
harpoon,harpun,hɑ:ˈpu:n
harpsichord,klawesyn,ˈhɑ:psɪkɔ:d
harrowing,przygnębiający,ˈhærəʊɪŋ
harsh,hɑ:ʃ,
harvest,zbierać,"zbiór
iii.    zbierać plony|ˈhɑ:vəst"
harvester,kombajn,ˈhɑ:vəstə
hasbeen,has-been,zapomniana sława|ˈhæzbi:n
hash,hæʃ,
hassle,dręczyć,ˈhæsəl
haste,heɪst,
hasten,ˈheɪsən,
hasty,pośpieszny,ˈheɪstɪ
hat,hæt,
hatch,hæʧ,"właz
 2.  wewnętrzne okno"
hatchet,ˈhæʧət,
hate,heɪt,że panu przeszkadzam
hateful,nienawistny,ˈheɪtfʊl
hatred,nienawiść,ˈheɪtrɪd
haughty,wyniosły,ˈhɔ:tɪ
haul,hɔ:l,
haunch,biodro,pośladek|ˈhɔ:nʧ
haunt,hɔ:nt,miejsce
haunting,chwytliwy,urzekający|ˈhɔ:ntɪŋ
haven,przystań,schronienie|ˈheɪvən
haversack,chlebak,plecak|ˈhævəsæk
havoc,niszczyć,pustoszyć|ˈhævək
hawaii,hawaje,həˈwaɪɪ
hawaiian,hawajski,həˈwaɪən
hawk,hɔ:k,
hawthorn,głóg,ˈhɔ:θɔ:n
hay,heɪ,katar sienny|ˈheɪˌfi:və
haystack,kopa,kopa siana|stóg|ˈheɪstæk
haywire,ˈheɪwaɪə,
hazard,"niebezpieczeństwo
ii.    ryzykować",ˈhæzəd
hazardous,niebezpieczny,ryzykowny|ˈhæzədəs
haze,heɪz,mgiełka|opary
hazel,ˈheɪzəl,
hazelnut,orzech laskowy,ˈheɪzəlnʌt
hazy,ˈheɪzɪ,
hbomb,bomba wodorowa,h-bomb|ˈeɪʧ bɒm
he,hi:,hɪ
head,"główkować
 6.  a",hed|przewaga|wbijać komuś do głowy|ˌhedˈstɑ:t
headache,ˈhedeɪk,
headdress,przybranie głowy,ˈheddres
headfirst,głową naprzód,head-first|na głowę|ˌhedˈfɜ:st
headgear,nakrycie głowy,ˈhedgɪə
heading,nagłówek,tytuł|ˈhedɪŋ
headlamp,reflektor przedni,światło przednie|ˈhedlæmp
headland,cypel,ˈhedlənd
headlight,reflektor przedni,światło przednie|ˈhedlaɪt
headline,ˈhedlaɪn,
headlong,ˈhedlɒŋ,
headmaster,dyrektor,dyrektor szkoły|ˈhedmɑ:stə
headmistress,dyrektorka,dyrektorka szkoły|ˈhedmɪstrəs
headon,"1.  czołowy
 2.  bezpośredni",head-on|ˌhedˈɒn
headphones,słuchawki,słuchawki na uszy|ˈhedfəʊnz
headquarters,ˈhedkwɔ:təz,
headroom,dopuszczalna wysokość,dopuszczalna wysokość pojazdu|ˈhedru:m
headstone,płyta nagrobna,ˈhedstəʊn
headway,ˈhedweɪ,
headwind,wiatr czołowy,ˈhedwɪnd
heady,1.  ekscytujący,ˈhedɪ
heal,"goić
 2.  leczyć",hi:l
health,"1.  zdrowie
 2.  powodzenie",helθ
healthy,ˈhelθɪ,
heap,hi:p,
hear,hɪə,
hearing,aparat słuchowy,"rozpatrzyć
ii.  hearing aid|ˈhɪərɪŋ|ˈhɪərɪŋ eɪd"
hearsay,pogłoski,ˈhɪəseɪ
hearse,hɜ:s,karawan
heart,hɑ:t,wziąć coś do serca
heartbeat,bicie serca,ˈhɑ:tbi:t
heartbreak,smutek,zgryzota|ˈhɑ:tbreɪk
heartbreaking,rozdzierający serce,ˈhɑ:tbreɪkɪŋ
heartbroken,ˈhɑ:tbrəʊkən,
heartburn,zgaga,ˈhɑ:tbɜ:n
hearten,dodawać otuchy,pokrzepiać|ˈhɑ:tən
heartfelt,głęboki,szczery|ˈhɑ:tfelt
hearth,hɑ:θ,palenisko
heartless,bez serca,bezlitosny|ˈhɑ:tlɪs
heartrending,rozdzierający serce,ˈhɑ:trendɪŋ
hearty,"1.  serdeczny
 2.  obfity",ˈhɑ:tɪ
heat,1.  ciepło,hi:t|podgrzewać
heated,podekscytowany,rozemocjonowany|ˈhi:tɪd
heater,ogrzewacz,ˈhi:tə
heath,hi:θ,wrzosowisko
heathen,ˈhi:ðən,
heather,wrzos,wrzosiec|ˈheðə
heave,1.  ciągnąć z wysiłkiem,ciągnąć|dźwigać się|hi:v|pociągnięcie
heaven,ˈhevən,
heavenly,niebiański,ˈhevənlɪ
heavenward,do niebios,heavenwards|ˈhevənwəd
heavenwards,do niebios,heavenward|ˈhevənwəd
heavy,używać czegoś za dużo,ˈhevɪ
heavyduty,heavy-duty,o dużej wytrzymałości|ˌhevɪˈdju:tɪ
heavyhanded,heavy-handed,o ciężkiej ręce|ˌhevɪˈhændɪd
heavyweight,wagi ciężkiej,zawodnik wagi ciężkiej|ˈhevɪweɪt
hebrew,"i.    hebrajski
ii.    hebrajczyk",ˈhi:bru:
heckle,przeszkadzać,ˈhekəl
hectic,gorączkowy,rozgorączkowany|ˈhektɪk
hedge,asekurować się,heʤ
hedgehog,jeż,ˈheʤhɒg
hedgerow,żywopłot,ˈheʤrəʊ
heed,mieć wzgląd,"słuchać
 2.  take|ˈhi:d"
heedless,nie zważający,nieuważny|ˈhi:dlɪs
heel,hi:l,następować szybko po czymś
hefty,wielki,zwalisty|ˈheftɪ
heifer,jałówka,ˈhefə
height,haɪt,
heighten,wzmagać,wzmagać się|ˈhaɪtən
heir,dziedzic,eə|spadkobierca
heiress,dziedziczka,spadkobierczyni|ˈeərəs
heirloom,rodzinna pamiątka,ˈeəlu:m
helicopter,helikopter,ˈhelɪkɒptə
hell,hel,
hellish,ˈhelɪʃ,
hello,həˈləʊ,
helm,ster,
helmet,ˈhelmət,
helmsman,sternik,ˈhelmzmən
helper,pomocnik,ˈhelpə
helpful,pomocny,ˈhelpfʊl
helping,porcja,ˈhelpɪŋ
helpless,bezradny,ˈhelplɪs
hem,czymś),
hemisphere,półkula,ˈhemɪsfɪə
hemophilia,haemophilia,hemofilia|ˌhi:məˈfɪlɪə
hemophiliac,chory na hemofilię,haemophiliac|ˌhi:məˈfɪlɪæk
hemorrhage,dostawać krowotoku,dostawać krwotoku|haemorrhage|ˈhemərɪʤ
hemp,konopie,
hence,"dlatego
 2.  od dzisiaj",hens
henceforth,odtąd,ˌhensˈfɔ:θ
henchman,fagas,zausznik|ˈhenʧmən
herald,i.    zwiastun,ˈherəld
heraldry,heraldyka,ˈherəldrɪ
herb,hɜ:b,"zioło
ii.    ziołowy"
herd,hɜ:d,
here,hɪə,za twoje małżeństwo''
hereafter,ˌhɪərˈɑ:ftə,
hereby,niniejszym,ˌhɪəˈbaɪ
hereditary,dziedziczny,həˈredɪtərɪ
heredity,dziedziczenie,dziedziczność|hɪˈredɪtɪ
heresy,herezja,ˈherəsɪ
heretic,heretyk,ˈherətɪk
heretical,heretycki,həˈretɪcal
herewith,z niniejszym,ˌhɪəˈwɪθ
heritage,dziedzictwo,ˈherɪtɪʤ
hermit,pustelnik,ˈhɜ:mɪt
hernia,przepuklina,ˈhɜ:nɪə
hero,ˈhɪərəʊ,
heroic,bohaterski,heroiczny|hɪˈrəʊɪk
heroin,heroina,ˈherəʊɪn
heroine,bohaterka,ˈherəʊɪn
heroism,bohaterstwo,heroizm|ˈherəʊɪzəm
heron,czapla,ˈherən
herring,śledź,ˈherɪŋ
hers,həz,hɜ:z|jej
herself,həˈself,siebie
hesitant,niepewny,wahający się|ˈhezɪtənt
hesitate,ˈhezɪteɪt,
hesitation,1.  zawahanie się,"zawahanie
 2.  niezdecydowanie|ˌhezɪˈteɪʃən"
het up,podniecać się,ˌhetˈʌp
heterogenous,heterogeniczny,różnorodny|ˌhetərəˈʤi:nɪəs
heterosexual,heteroseksualny,ˌhetərəˈsekʃʊəl
hew,ciosać,hju:|kuć|łamać
hexagon,sześciokąt,ˈheksəgən
hey,hej,heɪ
heyday,okres rozkwitu,pełnia|ˈheɪdeɪ
hi,haɪ,
hiatus,haɪˈeɪtəs,luka|puste miejsce
hibernate,zapadać w sen zimowy,ˈhaɪbəneɪt
hiccup,ˈhɪkʌp,
hide,chować się,"haɪd|ukrywać|zakrywać
ii.    skóra"
hideous,obrzydliwy,ohydny|ˈhɪdɪəs
hiding,ˈhaɪdɪŋ,
hierarchy,"1.  hierarchia
 2.  władze",ˈhaɪərɑ:kɪ
hieroglyphics,hieroglify,ˌhaɪərəˈglɪfɪks
high,aby coś było zrobione,"haɪ|haɪ ˈtaɪd|kolacja
vii.  high tide|o wysokości"
highbrow,intelektualny,uczony|ˈhaɪbraʊ
highclass,high-class,wysokiej klasy|ˌhaɪˈklɑ:s
highhanded,arbitralny,despotyczny|high-handed|ˌhaɪˈhændɪd
highheeled,haɪˈhi:ld,high-heeled|na wysokich obcasach
highlands,góry,pogórze|ˈhaɪləndz
highlevel,high-level,na wysokim szczeblu|ˌhaɪˈlevəl
highlight,i.    uwypuklać,"kulminacja|uwydatniać
ii.    najważniejszy punkt|ˈhaɪlaɪt"
highly,1.  bardzo,ˈhaɪlɪ
highlystrung,highly-strung,napięty|nerwowy|ˌhaɪlɪˈstrʌŋ
highminded,high-minded,pryncypialny|ˌhaɪˈmaɪndɪd
highness,jego wysokość,your|ˈhaɪnɪs
highpitched,high-pitched,przenikliwy|przeraźliwy|ˌhaɪˈpɪʧt
highpowered,1.  potężny,"dynamiczny
 2.  efektywny|high-powered|ˌhaɪˈpaʊəd"
highrise,high-rise,ˈhaɪraɪz
highspirited,high-spirited,ożywiony|pełen energii|żywy|ˌhaɪˈspɪrɪtɪd
highway,główna droga,szosa|ˈhaɪweɪ
hijack,porywać,ˈhaɪʤæk
hike,haɪk,"i.    wycieczka
ii.    wędrować"
hilarious,hɪˈleərɪəs,rozśmieszający
hilarity,hɪˈlærɪtɪ,wesołość|zabawa
hill,hɪl,wzgórze
hillside,zbocze,ˈhɪlsaɪd
hilltop,szczyt,szczyt wzgórza|ˈhɪltɒp
hilly,pagórkowaty,ˈhɪlɪ
hilt,hɪlt,
himalayas,"the himalayas 
 - himalaje",ˌhɪməˈleɪəz
himself,hɪmˈself,siebie
hind,haɪnd,tylny|zadni
hinder,wstrzymywać,ˈhɪndə
hindrance,przeszkoda,ˈhɪndrəns
hindsight,doświadczenie,wiedza po fakcie|ˈhaɪndsaɪt
hindu,"i.    hindus
ii.    hinduistyczny",ˈhɪndu:
hint,hɪnt,"napomknienie
 2.  sugestia"
hip,biodro,hɪp
hippie,hipis,ˈhɪpɪ
hippo,hipcio,hipopotam|ˈhɪpəʊ
hippopotamus,hipopotam,ˌhɪpəˈpɒtəməs
hippy,hippis,ˈhɪpɪ
hire,kupno na raty,ˈhaɪə|ˌhaɪə ˈpɜ:ʧəs
his,hɪz,jego
hiss,hɪs,
historian,historyk,hɪˈstɔ:rɪən
historic,historyczny,hɪˈstɒrɪk|przełomowy
historical,historyczny,hɪsˈtɒrɪkəl
history,ˈhɪstərɪ,
histrionic,teatralny,ˌhɪstrɪˈɒnɪk
hitandrun,hit-and-run,którego sprawca zbiegł|ˌhɪtənˈrʌn
hitch,hɪʧ,
hitchhike,hitch-hike,jechać autostopem|jechać stopem|ˈhɪʧhaɪk
hitherto,dotychczas,ˌhɪðəˈtu:
hive,haɪv,rozsadnik
hm,jego wysokość,jej wysokość
hms,okręt jego królewskiej mości,okręt jej królewskiej mości
hoard,hɔ:d,"i.    gromadzić
ii.    zasób"
hoarding,tablica reklamowa,ˈhɔ:dɪŋ
hoarse,hɔ:s,ochrypły
hoary,zamierzchły,ˈhɔ:rɪ
hoax,fałszywy alarm,həʊks|nabieranie
hobble,pętać,"utykać
 2.  krępować|ˈhɒbəl"
hobby,konik,ˈhɒbɪ
hobo,tramp,włóczęga|ˈhəʊbəʊ
hock,białe wino reńskie,hɒk
hockey,hokej,ˈhɒkɪ
hoe,həʊ,"i.    motyka
ii.    okopywać"
hog,hɒg,
hoist,hɔɪst,podnośnik
holdall,torba,ˈhəʊldɔ:l
holder,"1.  opakowanie
 2.  właściciel",okaziciel|posiadacz|ˈhəʊldə
holding,aktywa,ˈhəʊldɪŋ
holdup,1.  napad z bronią,"hold-up|napad
 2.  zator|ˈhəʊldʌp"
hole,həʊl,skrywać się
holiday,urlopowicz,wczasowicz|ˈhɒlədeɪ|ˈhɒlədeɪ kæmp|ˈhɒlədeɪ meɪkə
holiness,wasza świątobliwość,ˈhəʊlɪnɪs
holland,holandia,ˈhɒlənd
holler,ryczeć,ˈhɒlə
hollow,"pusty
 2.  zapadnięty",ˈhɒləʊ
holly,ostrokrzew,ˈhɒlɪ
holster,kabura,pochwa|ˈhəʊlstə
holy,święty,ˈhəʊlɪ
homage,ˈhɒmɪʤ,
homecoming,powrót,powrót do domu|powrót ojczyzny|ˈhəʊmkʌmɪŋ
homeland,ojczyzna,ˈhəʊmlənd
homeless,bezdomny,ˈhəʊmlɪs
homely,zwykły,ˈhəʊmlɪ
homemade,domowy,home-made|ˌhəʊmˈmeɪd
homesick,stęskniony za domem,stęskniony za ojczyzną|ˈhəʊmsɪk
homesickness,nostalgia,ˈhəʊmsɪknɪs
homeward,homewards,ˈhəʊmwəd
homewards,homeward,ˈhəʊmwəd
homework,praca domowa,zadanie domowe|ˈhəʊmwɜ:k
homicide,morderstwo,ˈhɒmɪsaɪd
homing,ˈhəʊmɪŋ,
homogeneity,homogeniczność,jednorodność|ˌhɒməʤɪˈni:ɪtɪ
homogeneous,homogeniczny,jednorodny|ˌhəʊməˈʤi:nɪəs
homosexual,"i.    homoseksualny
ii.    homoseksualista",ˌhəʊməˈsekʃʊəl
homosexuality,homoseksualizm,ˌhəʊməsekʃʊˈælɪtɪ
hone,həʊn,ostrzyć
honest,ˈɒnɪst,
honestly,"1.  szczerze
 2.  naprawdę",ˈɒnɪstlɪ
honesty,"1.  szczerość
 2.  uczciwość",ˈɒnɪstɪ
honey,kochanie'',skarbie''|ˈhʌnɪ
honeycomb,plaster,ˈhʌnɪkəʊm
honeymoon,miesiąc miodowy,ˈhʌnɪmu:n
honk,hɒŋk,trąbić
honor,honour,"proszę sądu|uznawać
 2.  uhonorowywać|wyróżnienie
ii.   1.  honorować|ˈɒnə"
honorable,honourable,"uczciwy
 2.  czcigodny|ˈɒnərəbəl"
honorary,honorowy,ˈɒnərərɪ
honour,honor,"proszę sądu|uznawać
 2.  uhonorowywać|wyróżnienie
ii.   1.  honorować|ˈɒnə"
honourable,honorable,"uczciwy
 2.  czcigodny|ˈɒnərəbəl"
hood,hʊd,
hoodwink,mydlić komuś oczy,mydlić oczy|ˈhʊdwɪŋk
hoof,hu:f,kopyto
hooker,dziwka,ˈhʊkə
hookup,hook-up,połączenie|łącze|ˈhʊkʌp
hooligan,chuligan,ˈhu:lɪgən
hoop,hu:p,obręcz
hooray,hura,həˈreɪ
hoot,dawać sygnał dźwiękowy,hu:t
hooter,sygnał,sygnał dźwiękowy|ˈhu:tə
hoover,"i.    odkurzacz
ii.    odkurzać",ˈhu:və
hop,hɒp,"wskakiwać
ii.   1.  skok"
hope,həʊp,i.    spodziewać się|oczekiwać
hopeful,1.  pełen nadziei,"dobrze się zapowiadający|optymistyczny
 2.  obiecujący|ˈhəʊpfʊl"
hopefully,że wygram,ˈhəʊpfʊlɪ
hopeless,straszliwy,ˈhəʊplɪs
horde,horda,hɔ:d|zgraja
horizon,horyzont,həˈraɪzən
horizontal,horyzontalny,poziomy|ˌhɒrɪˈzɒntəl
hormonal,hormonalny,hɔ:ˈməʊnəl
hormone,hormon,ˈhɔ:məʊn
horn,hɔ:n,sygnał
hornet,szerszeń,ˈhɔ:nɪt
horny,1.  rogowy,"z rogu
 2.  stwardniały|zrogowaciały|ˈhɔ:nɪ"
horoscope,horoskop,ˈhɒrəskəʊp
horrendous,horrendalny,həˈrendəs|straszliwy
horrible,okropny,straszliwy|ˈhɒrəbəl
horrid,okropny,ˈhɒrɪd
horrific,həˈrɪfɪk,przerażający|straszliwy
horrify,przerażać,ˈhɒrɪfaɪ
horror,1.  przerażenie,"makabra|zgroza
 2.  horror|ˈhɒrə"
hors douevre,hors d'ouevre,przystawka|ˌɔ:ˈdɜ:v
horse,hɔ:s,wyścigi konne|ˈhɔ:sreɪsɪŋ
horseback,"on horseback 
 - konno",ˈhɔ:sbæk
horseman,jeździec,ˈhɔ:smən
horsepower,koń mechaniczny,ˈhɔ:spaʊə
horseradish,chrzan,ˈhɔ:srædɪʃ
horseshoe,podkowa,ˈhɔ:sʃu:
horticulture,ogrodnictwo,ˈhɔ:tɪkʌlʧə
hose,həʊz,"polewać wężem|przewód
ii.    skrapiać|zlać|zmyć"
hosiery,wyroby pończosznicze,ˈhəʊzɪərɪ
hosp,"hosp.
  szpital",
hospitable,gościnny,ˈhɒspɪtəbəl
hospital,szpital,ˈhɒspɪtəl
hospitalise,hospitalize,hospitalizować|ˈhɒspɪtəlaɪz
hospitality,gościnność,ˌhɒspɪˈtælɪtɪ
hospitalize,hospitalise,hospitalizować|ˈhɒspɪtəlaɪz
host,həʊst,
hostage,ˈhɒstɪʤ,
hostel,dom wycieczkowy,ˈhɒstəl
hostess,ˈhəʊstɪs,
hostile,ˈhɒstaɪl,
hostility,hɒˈstɪlɪtɪ,wrogie posunięcia
hot,hɒt,
hotbed,rozsadnik,ˈhɒtbed
hotblooded,hot-blooded,krewki|zapalczywy|ˌhɒtˈblʌdɪd
hotel,həʊˈtel,
hotelier,dyrektor hotelu,həʊˈtelɪə|właściciel hotelu
hotheaded,hot-headed,krewki|zapalczywy|ˌhɒtˈhedɪd
hothouse,cieplarnia,ˈhɒthaʊs
hotly,"1.  zapalczywie
 2.  gorąco",ˈhɒtlɪ
hotwater bottle,hot-water bottle,termofor|ˌhɒtˈwɔ:təbɒtəl
hound,haʊnd,prześladować
hour,nad ranem,okres pracy|ˈaʊə
hourly,godzinowy,ˈaʊərlɪ
houseboat,łódź mieszkalna,ˈhaʊsbəʊt
housebreaking,włamanie,ˈhaʊsbreɪkɪŋ
household,"domowy
 2.  obiegowy",powszechnie znany|ˈhaʊshəʊld
householder,główny lokator,ˈhaʊshəʊldə
housekeeper,gosposia,pomoc domowa|ˈhaʊski:pə
housekeeping,pieniądze,ˈhaʊski:pɪŋ
housewife,gospodyni domowa,pani domu|ˈhaʊswaɪf
housework,prace domowe,utrzymanie domu|utrzymanie domu w porządku|ˈhaʊswɜ:k
housing,"mieszkaniowy
ii.  housing estate",osiedle mieszkaniowe|ˈhaʊzɪŋ|ˈhaʊzɪŋ ɪsteɪt
hovel,buda,chałupa|ˈhəʊvəl
hover,ˈhɒvə,
hovercraft,poduszkowiec,ˈhɒvəkrɑ:ft
how,haʊ,
however,haʊˈevə,
howl,haʊl,
hp,koń mechaniczny,na raty
hq,kwatera główna,
hr,godzina,"hr
  godz."
hrh,jego królewska wysokość,jej królewska wysokość
hub,hʌb,
hubbub,wrzawa,zgiełk|ˈhʌbʌb
hubcap,kołpak,kołpak koła|ˈhʌbkæp
huddle,i.    skupiać się,"tulić się
ii.    kupa|ˈhʌdəl"
hue,hju:,protest|wrzawa|ˌhju: ən ˈkraɪ
huff,hʌf,
hug,hʌg,"i.    ściskać|przyciskać
ii.    uścisk"
huge,hju:ʤ,ogromny
huh,co,he|hə|hʌ
hulk,bryła,hʌlk|kolos
hulking,niezgrabny,ˈhʌlkɪŋ
hull,hʌl,kadłub
hullo,halo,hej|həˈləʊ
hum,"brzęczenie
ii.   1.  szumieć","brzęczeć
 2.  melodię nucić|hʌm|mruczeć|nucić"
human,człowiek,ˈhju:mən|ˌhju:mən ˈbi:ɪŋ
humane,hju:ˈmeɪn,ludzki
humanism,humanizm,ˈhju:mənɪzəm
humanitarian,hju:ˌmænɪˈteərɪən,
humanity,hju:ˈmænɪtɪ,
humble,1.  skromny,ˈhʌmbəl
humbug,oszustwo,ˈhʌmbʌg
humdrum,pospolity,zwyczajny|ˈhʌmdrʌm
humid,wilgotny,ˈhju:mɪd
humidity,hju:ˈmɪdɪtɪ,wilgoć
humiliate,hju:ˈmɪlɪeɪt,poniżać
humiliation,hju:ˌmɪlɪˈeɪʃən,poniżenie
humility,hju:ˈmɪlɪtɪ,pokora|skromność
humor,humour,ugłaskać|ˈhju:mə
humorist,humorysta,ˈhju:mərɪst
humorous,1.  humorystyczny,"zabawny
 2.  dowcipny|ˈhju:mərəs"
humour,humor,ugłaskać|ˈhju:mə
hump,hʌmp,targać
hunch,hʌnʧ,
hunchback,garbus,ˈhʌnʧbæk
hunchbacked,garbaty,ˈhʌnʧbækt
hundred,sto,ˈhʌndrɪd
hundredweight,setnar,ˈhʌndrɪdweɪt
hungarian,hʌŋˈgeərɪən,"i.    węgierski
ii.    węgier"
hungary,węgry,ˈhʌŋgərɪ
hunger,ˈhʌŋgə,
hungry,"1.  głodny
 2.  złakniony",ˈhʌŋgrɪ
hunk,hʌŋk,
hunt,hʌnt,upolować
hunter,myśliwy,ˈhʌntə
hurdle,ˈhɜ:dəl,
hurl,hɜ:l,
hurrah,hura,həˈrɑ:
hurray,hura,həˈreɪ
hurricane,huragan,ˈhʌrɪkeɪn
hurried,pośpieszny,ˈhʌrɪd
hurry,ˈhʌrɪ,
hurt,hɜ:t,
hurtful,bolesny,ˈhɜ:tfʊl
hurtle,gnać,pędzić|ˈhɜ:təl
husband,mąż,ˈhʌzbənd
hush,hʌʃ,uciszać
husk,hʌsk,łupina
husky,ˈhʌskɪ,
hustle,i.    popychać,"przepychać
ii.    bieganina|ˈhʌsəl"
hut,hʌt,
hutch,hʌʧ,
hyacinth,hiacynt,ˈhaɪəsɪnθ
hyaena,haɪˈi:nə,hiena|hyena
hybrid,"hybryda
ii.    mieszany",hybrydowy|i.    mieszaniec|ˈhaɪbrɪd
hydrant,ˈhaɪdrənt,
hydraulic,haɪˈdrɔ:lɪk,hydrauliczny
hydroelectric,hydro-electric,hydroelektryczny|ˌhaɪdrəʊ ɪˈlektrɪk
hydrofoil,wodolot,ˈhaɪdrəʊfɔɪl
hydrogen,wodór,ˈhaɪdrəʤən
hyena,haɪˈi:nə,hiena|hyaena
hygiene,higiena,ˈhaɪʤi:n
hymn,hymn religijny,hɪm
hypermarket,dom towarowy,ogromny supermarket|supermarket|ˈhaɪpəmɑ:kɪt
hypnosis,hipnoza,hɪpˈnəʊsɪs
hypnotic,hipnotyczny,hɪpˈnɒtɪk
hypnotism,hipnoza,ˈhɪpnətɪzəm
hypnotize,hipnotyzować,ˈhɪpnətaɪz
hypochondriac,hipochondryk,ˌhaɪpəˈkɒndrɪæk
hypocrisy,hipokryzja,hɪˈpɒkrɪsɪ|obłuda
hypocrite,hipokryta,obłudnik|ˈhɪpəkrɪt
hypocritical,obłudny,ˌhɪpəˈkrɪtɪkəl
hypodermic,podskórny,ˌhaɪpəˈdɜ:mɪk
hypothesis,haɪˈpɒθɪsɪs,hipoteza
hypothetical,hipotetyczny,ˌhaɪpəˈθetɪkəl
hysteria,histeria,hɪˈstɪərɪə
hysterical,histeryczny,hɪˈsterɪkəl
hysterics,atak histerii,hɪˈsterɪks
i,aɪ,"i.
  wyspa|ja"
ib,ib.,"ibidem
  tamże"
iberian,aɪˈbɪərɪən,iberyjski
ibidem,ib.,"ibidem
  tamże"
ic,"c
  pod kierownictwem",
icbm,międzykontynentalny pocisk rakietowy,
ice,aɪs,
icebox,ice-box,lodówka|ˈaɪsbɒks
icecold,ice-cold,lodowaty|ˈaɪskəʊld
icecream,ice-cream,lody|ˌaɪsˈkri:m
iceland,islandia,ˈaɪslənd
icelandic,islandzki,ˌaɪsˈlændɪk
icicle,sopel,ˈaɪsɪkəl
icing,1.  polewa,ˈaɪsɪŋ
icon,piktogram,ˈaɪkən
icy,"1.  lodowaty
 2.  oblodzony",ˈaɪsɪ
id est,tj.,to jest
idaho,ˈaɪdəhəʊ,
idea,aɪˈdɪə,
ideal,aɪˈdɪəl,
idealise,aɪˈdɪəlaɪz,idealize|idealizować
idealization,aɪˌdɪəlaɪˈzeɪʃən,idealizacja
idealize,aɪˈdɪəlaɪz,idealise|idealizować
ideally,aɪˈdɪəlɪ,
identical,aɪˈdentɪkəl,identyczny|jednakowy
identification,aɪˌdentɪfɪˈkeɪʃən,
identify,aɪˈdentɪfaɪ,
identity,aɪˈdentɪtɪ,aɪˈdentɪtɪ kɑ:d|dowód tożsamości
ideological,ideologiczny,ˌaɪdɪəˈlɒʤɪkəl
ideology,ideologia,ˌaɪdɪˈɒlɒʤɪ
idiocy,idiotyzm,ˈɪdɪəsɪ
idiom,ˈɪdɪəm,
idiomatic,idiomatyczny,ˌɪdɪəˈmætɪk
idiosyncrasy,osobliwość,ˌɪdɪəˈsɪŋkrəsɪ
idiosyncratic,jedyny w swoim rodzaju,osobliwy|ˌɪdɪəsɪŋˈkrætɪk
idiot,idiota,ˈɪdɪət
idiotic,idiotyczny,kretyński|ˌɪdɪˈɒtɪk
idle,ˈaɪdəl,
idler,próżniak,ˈaɪdlə
idol,bożek,ˈaɪdəl
idolatry,aɪˈdɒlətrɪ,bałwochwalstwo
idolise,idolize,ubóstwiać|ˈaɪdəlaɪz
idolize,idolise,ubóstwiać|ˈaɪdəlaɪz
idyll,idylla,ˈɪdɪl
idyllic,aɪˈdɪlɪk,idylliczny
ie,id est,tj.|to jest
igloo,ˈɪglu:,
ignite,zapalać,zapalać się|ɪgˈnaɪt
ignition,zapłon,ɪgˈnɪʃən
ignoble,niegodny,ɪgˈnəʊbəl
ignominious,haniebny,niegodny|ˌɪgnəˈmɪnɪəs
ignoramus,ignorant,ˌɪgnəˈreɪməs
ignorance,"1.  nieświadomość
 2.  ignorancja",ˈɪgnərəns
ignorant,"1.  nieświadomy 
 2.  ignorancki",ˈɪgnərənt
ignore,"1.  ignorować
 2.  pomijać",ɪgˈnɔ:
ikon,ikona,ˈaɪkən
ill,ɪl,
illegal,"1.  nielegalny
 2.  bezprawny",ɪˈli:gəl
illegible,nieczytelny,ɪˈleʤɪbəl
illegitimate,"1.  nieślubny
 2.  bezprawny",bez mocy prawnej|ˌɪlɪˈʤɪtɪmɪt
illfated,dramatyczny,ill-fated|niepomyślny|ˌɪlˈfeɪtɪd
illicit,nielegalny,ɪˈlɪsɪt
illinois,ɪləˈnɔɪ,
illinoisan,illinojski,ɪləˈnɔɪən
illiteracy,analfabetyzm,ɪˈlɪtərəsɪ
illiterate,"i.    niepiśmienny
ii.    analfabeta",ɪˈlɪtərət
illness,choroba,ˈɪlnɪs
illogical,nielogiczny,ɪˈlɒʤɪkəl
illtreat,ill-treat,maltretować|znęcać się|ˌɪlˈtri:t
illuminate,"1.  oświetlać
 2.  rozjaśniać",ɪˈlu:mɪneɪt
illumination,ɪˌlu:mɪˈneɪʃən,
illusion,iluzja,złudzenie|ɪˈlu:ʒən
illusory,iluzoryczny,złudny|ɪˈlu:sərɪ
illustrate,"1.  ilustrować
 2.  unaoczniać",obrazować|ˈɪləstreɪt
illustration,"1.  ilustracja
 2.  zobrazowanie",ˌɪləˈstreɪʃən
illustrative,poglądowy,ˈɪləstrətɪv
illustrious,znamienity,ɪˈlʌstrɪəs
illwill,ill-will,wrogość|ˌɪlˈwɪl
ilo,międzynarodowa organizacja pracy,mop
image,odbiór,ˈɪmɪʤ
imagery,"1.  obrazowanie
 2.  motywy",ˈɪmɪʤərɪ
imaginable,wyobrażalny,ɪˈmæʤɪnəbəl
imaginary,wyimaginowany,ɪˈmæʤɪnərɪ
imagination,wyobraźnia,ɪˌmæʤɪˈneɪʃən
imaginative,pełen wyobraźni,ɪˈmæʤɪnətɪv
imagine,wyobrażać sobie,ɪˈmæʤɪn
imbalance,nierównowaga,ˌɪmˈbæləns
imbecile,"i.    imbecyl
ii.    imbecylny",ˈɪmbɪsi:l
imbue,nasycać,przesycać|ɪmˈbju:
imf,międzynarodowy fundusz walutowy,
imitate,imitować,naśladować|ˈɪmɪteɪt
imitation,ˌɪmɪˈteɪʃən,
imitative,naśladowczy,ˈɪmɪtətɪv
imitator,naśladowca,ˈɪmɪteɪtə
immaculate,"1.  nieskazitelny
 2.  bezbłędny",bez zarzutu|ɪˈmækjələt
immaterial,bez znaczenia,ˌɪməˈtɪərɪəl
immature,niedojrzały,ˌɪməˈtjʊə
immeasurable,bezmierny,niezmierny|ɪˈmeʒərəbəl
immediacy,bezpośredniość,naoczność|ɪˈmi:dɪəsɪ
immediate,ɪˈmi:dɪət,
immediately,"od razu
 3.  bezpośrednio",ɪˈmi:dɪətlɪ
immemorial,ˌɪmɪˈmɒrɪəl,
immense,gigantyczny,ogromny|ɪˈmens
immensely,niezwykle,ɪˈmenslɪ
immensity,ogrom,ɪˈmensɪtɪ
immerse,zanurzać,zanurzać się|ɪˈmɜ:s
immersion,grzałka,grzałka do wody|ɪˈmɜ:ʃən|ɪˈmɜ:ʃən hi:tə
immigrant,imigrant,ˈɪmɪgrənt
immigration,imigracja,ˌɪmɪˈgreɪʃən
imminent,bliski,nadciągający|ˈɪmɪnent
immobile,nieruchomy,ɪˈməʊbaɪl
immobilise,"1.  unieruchamiać
 2.  krępować",immobilize|ɪˈməʊbɪlaɪz
immobilize,"1.  unieruchamiać
 2.  krępować",immobilise|ɪˈməʊbɪlaɪz
immodest,nieskromny,ɪˈmɒdɪst
immoral,niemoralny,ɪˈmɒrəl
immortal,nieśmiertelny,ɪˈmɔ:təl
immortalise,immortalize,uwieczniać|ɪˈmɔ:təlaɪz
immortalize,immortalise,uwieczniać|ɪˈmɔ:təlaɪz
immovable,1.  nieprzenośny,"nieruchomy
 2.  niewzruszony|nieugięty|ɪˈmu:vəbəl"
immune,odporny,ɪˈmju:n
immunise,immunize,uodparniać|uodparniać się|ˈɪmjʊnaɪz
immunity,nietykalność,ɪˈmju:nɪtɪ
immunize,immunise,uodparniać|uodparniać się|ˈɪmjʊnaɪz
immutable,niezmienny,ɪˈmju:təbəl
imp,chochlik,ɪmp
impact,wrażenie,ˈɪmpækt
impair,nadwerężać,osłabiać|ɪmˈpeə
impale,nabijać,nasadzać|ɪmˈpeɪl
impart,ɪmˈpɑ:t,
impartial,obiektywny,ɪmˈpɑ:ʃəl
impassable,nie do przebycia,nieprzejezdny|ɪmˈpɑ:səbəl
impasse,impas,pat|ˈɒmpæs
impassioned,roznamiętniony,ɪmˈpæʃənd
impassive,obojętny,spokojny|ɪmˈpæsɪv
impatience,brak cierpliwości,niecierpliwość|ɪmˈpeɪʃəns
impatient,ɪmˈpeɪʃənt,
impeccable,doskonały,nieskazitelny|ɪmˈpekəbəl
impede,hamować,zakłócać|ɪmˈpi:d
impediment,czynnik hamujący,zakłócający|ɪmˈpedɪmənt
impending,nadciągający,ɪmˈpendɪŋ
impenetrable,"1.  nieprzenikniony
 2.  niedostępny",ɪmˈpenɪtrəbəl
imperative,imperatyw,ɪmˈperətɪv
imperceptible,niedostrzegalny,ˌɪmpəˈseptɪbəl
imperfect,niedokonany,ɪmˈpɜ:fɪkt
imperfection,"1.  niedoskonałość
 2.  skaza",ˌɪmpəˈfekʃən
imperial,ɪmˈpɪərɪəl,
imperialism,imperializm,ɪmˈpɪərɪəlɪzəm
imperialist,"i.    imperialista
ii.    imperialistyczny",ɪmˈpɪərɪəlɪst
imperil,zagrażać,ɪmˈperɪl
imperious,władczy,ɪmˈpɪərɪəs
impersonal,"1.  bezosobowy
 2.  nieosobowy",ɪmˈpɜ:sənəl
impersonate,imitować,ɪmˈpɜ:səneɪt
impersonation,personifikacja,uosobianie|ɪmˌpɜ:səˈneɪʃən
impertinent,impertynencki,ɪmˈpɜ:tɪnənt
imperturbable,niewzruszony,ɪmpəˈtɜ:bəbəl
impervious,"1.  niepodatny 
 2.  nieprzenikliwy",nieprzesiąkliwy|ɪmˈpɜ:vɪəs
impetuous,porywczy,ɪmˈpetjʊəs
impetus,impet,impuls|ˈɪmpɪtəs
impinge,oddziaływać,wdzierać się|ɪmˈpɪnʤ
implacable,nieprzejednany,nieubłagany|ɪmˈplækəbəl
implant,"implant
i.    wszczepiać","przeszczepiać   
ii.    przeszczep"
implausible,niewiarygodny,ɪmˈplɔ:zəbəl
implement,i.    urzeczywistniać,"przeprowadzać
ii.    narzędzie|ˈɪmplɪmənt"
implementation,1.  przeprowadzenie,wdrożenie|ˌɪmplɪmənˈteɪʃən
implicate,1.  wplątywać,wmieszać (in - w|ˈɪmplɪkeɪt
implication,aluzja,ˌɪmplɪˈkeɪʃən
implicit,1.  implicytny,"bez zastrzeżeń|domniemany|sugerujący
 2.  absolutny|ɪmˈplɪsɪt"
implore,błagać,ubłagiwać|ɪmˈplɔ:
imply,pociągać za sobą,ɪmˈplaɪ
impolite,niegrzeczny,ˌɪmpəˈlaɪt
impolitic,niedyplomatyczny,ɪmˈpɒlɪtɪk
imponderable,nie dający się oszacować,ɪmˈpɒndərəbəl
importance,"1.  ważność
 2.  znaczenie",waga|ɪmˈpɔ:təns
important,ważny,znaczący|ɪmˈpɔ:tənt
importer,ɪmˈpɔ:tə,
impose,ɪmˈpəʊz,
imposing,imponujący,ɪmˈpəʊzɪŋ
imposition,1.  narzucenie,"narzucanie się
 2.  nałożenie|ˌɪmpəˈzɪʃən"
impossible,"1.  niemożliwy
 2.  beznadziejny",ɪmˈpɒsəbəl
imposter,impostor,oszust|ɪmˈpəʊstə
impostor,imposter,oszust|ɪmˈpəʊstə
impotence,impotencja,ˈɪmpətəns
impotent,ˈɪmpətənt,
impound,konfiskować,rekwirować|zajmować|ɪmˈpaʊnd
impoverish,zubażać,ɪmˈpɒvərɪʃ
impracticable,niewykonalny,ɪmˈpræktɪkəbəl
impractical,niepraktyczny,ɪmˈpræktɪkəl
imprecise,niedokładny,ˌɪmprɪˈsaɪz
impregnable,ɪmˈpregnəbəl,
impregnate,impregnować,ˈɪmpregneɪt
impresario,ˌɪmprɪˈsɑ:rɪəʊ,
impress,ɪmˈpress,
impression,że,ɪmˈpreʃən
impressionable,łatwo ulegający wpływom,ɪmˈpreʃənəbəl
impressive,robiący wrażenie,ɪmˈpresɪv
imprison,uwięzić,ɪmˈprɪzən
imprisonment,uwięzienie,więzienie|ɪmˈprɪzənmənt
improbable,nieprawdopodobny,ɪmˈprɒbəbəl
impromptu,improwizowany,ɪmˈprɒmtju:
improper,niewłaściwy,ˌɪmˈprɒpə
improve,1.  poprawiać się,polepszać się|poprawiać|ɪmˈpru:v
improvement,polepszenie,ulepszenie|ɪmˈpru:vmənt
improvisation,improwizacja,ˌɪmprəvaɪˈzeɪʃən
improvise,improwizować,ˈɪmprəvaɪz
imprudent,nierozważny,ˌɪmˈpru:dənt
impudence,bezczelność,ˈɪmpjədəns
impudent,bezczelny,ˈɪmpjədənt
impulse,ˈɪmpʌls,
impulsive,impulsywny,żywiołowy|ɪmˈpʌlsɪv
impunity,ɪmˈpju:nɪty,
impure,nieczysty,ɪmˈpjʊə
impurity,zanieczyszczenie,ɪmˈpjʊərɪtɪ
in as much,inasmuch as,jako że|na ile|na tyle|ˌɪnəzˈmʌʧ
inability,niemożność,ˌɪnəˈbɪlɪtɪ
inaccessible,niedostępny,ˌɪnəˈksesəbəl
inaccuracy,"1.  niedokładność
 2.  nieścisłość",ɪnˈækjərəsɪ
inaccurate,niedokładny,nieścisły|ɪnˈækjərət
inaction,bezczynność,ɪnˈækʃən
inactive,bezczynny,ɪnˈæktɪv
inadequacy,ɪnˈædɪkwəsɪ,
inadequate,"1.  nieodpowiedni
 2.  niewystarczający",ɪnˈædɪkwət
inadvertent,niechcący,ˌɪnədˈvɜ:tənt
inadvertently,niechcący,ˌɪnədˈvɜ:tənt
inadvisable,nierozsądny,ˌɪnədˈvaɪzəbəl
inalienable,niezbywalny,ɪnˈeɪljənəbəl
inane,bezmyślny,niemądry|ɪnˈeɪn
inanimate,nieżywotny,ɪnˈænɪmət
inapplicable,nieodpowiedni,ˌɪnˈæplɪkəbəl
inappropriate,nieodpowiedni,ˌɪnəˈprəʊprɪət
inarticulate,nieartykułowany,ˌɪnɑ:ˈtɪkjələt
inasmuch as,in as much,jako że|na ile|na tyle|ˌɪnəzˈmʌʧ
inattention,nieuwaga,ˌɪnəˈtenʃən
inattentive,nieuważny,ˌɪnəˈtentɪv
inaudible,niesłyszalny,ɪnˈɔ:dəbəl
inaugural,inauguracyjny,ɪnˈɔ:gjərəl
inaugurate,wprowadzać,ɪnˈɔ:gjəreɪt
inauguration,wprowadzenie,ɪnˌɔ:gjəˈreɪʃən
inborn,wrodzony,ˌɪmˈbɔ:n
inbred,"zakorzeniony
 2.  blisko spokrewniony",ˌɪmˈbred
inbuilt,wbudowany,wszczepiony|ˌɪmˈbɪlt
inc,"inc.
  o osobowości prawnej",
incalculable,nieobliczalny,ɪŋˈkælkjələbəl
incapable,niezdatny,ɪŋˈkeɪpəbəl
incapacitate,"1.  obezwładniać
 2.  uniemożliwiać",ˌɪŋkəˈpæsɪteɪt
incapacity,niezdolność,ˌɪŋkəˈpæsɪtɪ
incarcerate,uwięzić,ɪŋˈkɑ:səreɪt
incarnation,wcielenie,ˌɪŋkɑ:ˈneɪʃən
incautious,nieostrożny,ɪŋˈkɔ:ʃəs
incendiary,zapalający,ɪnˈsendjərɪ
incentive,bodziec,ɪnˈsentɪv
incessant,nieustanny,ɪnˈsesənt
incest,kazirodztwo,ˈɪnsest
incestuous,kazirodczy,ɪnˈsestʊəs
inch,posuwać się,ɪnʧ
incidence,zasięg,zasięg występowania|ˈɪnsɪdəns
incident,incydent,ˈɪnsɪdənt
incidental,"1.  uboczny
 2.  towarzyszący",ɪnsɪˈdentəl
incidentally,przypadkowo,tak w ogóle|ˌɪnsɪˈdentəlɪ
incinerator,piec do spalania śmieci,ɪnˈsɪnəreɪtə
incision,nacięcie,ɪnˈsɪʒən
incisive,cięty,ɪnˈsaɪsɪv
incite,"1.  pobudzać
 2.  podżegać",ɪnˈsaɪt
inclination,inklinacja,skłonność|ˌɪŋklɪˈneɪʃən
incline,"incline
i.    stok",
inclined,"1.  skłonny
 2.  nachylony",opadający|ɪŋˈklaɪnd
include,"1.  zawierać
 2.  włączać",ɪŋˈklu:d
included,a. włączając,ɪŋˈklu:dɪd
including,włączając,włącznie|ɪŋˈklu:dɪŋ
inclusion,włączenie,ɪŋˈklu:ʒən
inclusive,"i.    włącznie
ii.    globalny",ryczałtowy|ɪŋˈklu:sɪv
incoherent,niespójny,ˌɪŋkəʊˈhɪərənt
income,dochody,dochód|ˈɪŋkʌm
incoming,"następujący
ii.  incoming tide",przypływ|ˈɪŋkʌmɪŋ|ˌɪŋkʌmɪŋ ˈtaɪd
incomparable,niezrównany,ɪŋˈkɒmpərəbəl
incompatible,"1.  niezgodny
 2.  niekompatybilny",ˌɪŋkəmˈpætəbəl
incompetent,niesprawny,ɪŋˈkɒmpɪtənt
incomplete,"1.  niekompletny
 2.  niepełny",ˌɪŋkəmˈpli:t
incomprehensible,niepojęty,ˌɪŋkəmprɪˈhensəbəl
incomprehension,niepojmowanie,niezrozumienie|ˌɪŋkəmprɪˈhenʃən
inconceivable,niewyobrażalny,ˈɪŋkənˈsi:vəbəl
inconclusive,1.  nie rozstrzygnięty,"niezakończony
 2.  nie rozstrzygający|ˌɪŋkənˈklu:sɪv"
incongruity,niedopasowanie,niedostosowanie|niedostosowanie się|ˌɪŋkɒŋˈgru:ɪtɪ
incongruous,nie pasujący,wyróżniający się|ɪŋˈkɒŋgru:əs
inconsequential,bez znaczenia,ˌɪŋkɒnsɪˈkwenʃəl
inconsiderable,niepokaźny,nieznaczny|ˌɪŋkənˈsɪdərəbəl
inconsiderate,bez względów,bezceremonialny|ˌɪŋkenˈsɪdərət
inconsistency,"1.  niezgodność
 2.  niespójność",ˌɪŋkənˈsɪstənsɪ
inconsistent,"niespójny
 3.  niezgodny",sprzeczny|ˌɪŋkənˈsɪstənt
inconspicuous,niezauważalny,ˌɪŋkənˈspɪkju:əs
incontinence,ɪŋˈkɒntɪnens,
inconvenience,i.   1.  niedogodność,ˌɪŋkənˈvi:njəns
inconvenient,niedogodny,niewygodny|ˌɪŋkənˈvi:njənt
incorporate,1.  wcielać,"włączać   
 2.  posiadać|ɪŋˈkɔ:pəreɪt"
incorporated,o osobowości prawnej,ɪŋˈkɔ:pəreɪtɪd
incorrect,niepoprawny,niewłaściwy|ˌɪŋkəˈrekt
incorrigible,niepoprawny,ɪŋˈkɒrɪʤəbəl
incorruptible,nieprzekupny,ɪŋkəˈrʌptəbəl
increase,hossa,"increase
i.    wzrastać|zwiększać
ii.    wzrost|zwiększać się"
increasingly,coraz bardziej,ɪŋˈkri:sɪŋlɪ
incredible,1.  niewiarygodny,"niebywały
 2.  nieprawdopodobny|ɪŋˈkredəbəl"
incredulous,niedowierzający,sceptyczny|ɪŋˈkredjələs
increment,dodatek,dodatek płacowy|premia|ˈɪŋkrəmənt
incriminate,inkryminować,obciążać|ɪŋˈkrɪmɪneɪt
incubate,inkubować,ˈɪŋkjʊbeɪt
incubator,inkubator,ˈɪŋkjʊbeɪtə
incur,1.  zaciągać,"robić
 2.  narażać się|ɪŋˈkɜ:"
incurable,"1.  nieuleczalny
 2.  niepoprawny",ɪŋˈkjʊərəbəl
incursion,wtargnięcie,wypad|ɪŋˈkɜ:ʃən
indebted,ɪnˈdetɪd,
indecency,nieprzyzwoitość,ɪnˈdi:sənsɪ
indecent,"1.  nieprzywoity
 2.  niegodny",uwłaczający|ɪnˈdi:sənt
indecision,niepewność,niezdecydowanie|ɪndɪˈsɪʒən
indecisive,niezdecydowany,ˌɪndɪˈsaɪsɪv
indeed,1.  faktycznie,ɪnˈdi:d
indefinable,nieokreślony,nieuchwytny|ˌɪndɪˈfaɪnəbəl
indefinite,przedimek nieokreślony,ɪnˈdefɪnɪt|ɪnˈdefɪnɪt ɑ:tɪkəl
indefinitely,aż do odwołania,ɪnˈdefɪnɪtlɪ
indelible,"1.  niezmywalny
 2.  niezatarty",ɪnˈdeləbəl
indemnify,płacić odszkodowanie,ɪnˈdemnɪfaɪ
indent,1.  obijać,ɪnˈdent
independence,"1.  niezależność
 2.  niepodległość",ˌɪndɪˈpendəns
independent,ˌɪndɪˈpendənt,
indescribable,nieopisany,ˌɪndɪˈskraɪbəbəl
indestructible,niezniszczalny,ˌɪndɪˈstrʌktəbəl
indeterminate,nieokreślony,ˌɪndɪˈtɜ:mɪnət
index,palec wskazujący,ˈɪndeks|ˈɪndeks fɪngə
india,indie,ˈɪndɪə
indian,ˈɪndɪən,
indiana,ɪndɪˈænə,
indianian,ze stanu indiana,ɪndɪˈænən
indicate,ˈɪndɪkeɪt,
indication,znak,ˌɪndɪˈkeɪʃən
indicative,ɪnˈdɪkətɪv,
indicator,ˈɪndɪkeɪtə,
indict,postawić w stan oskarżenia,ɪnˈdaɪt
indictment,oskarżenie,ɪnˈdaɪtmənt
indifferent,przeciętny,ɪnˈdɪfərənt
indigenous,miejscowy,rodzimy (to - dla|ɪnˈdɪʤənəs
indigestible,niestrawny,ˌɪndɪˈʤestəbəl
indigestion,niestrawność,ˌɪndɪˈʤesʧən
indignant,oburzony,wzburzony|ɪnˈdɪgnənt
indignation,"indignation 
  oburzenie",wzburzenie
indignity,obraza,zniewaga|ɪnˈdɪgnɪtɪ
indirect,ˌɪndərekt ˈɒbʤəkt,ˌɪndəˈrekt
indiscreet,niedyskretny,ˌɪndɪˈskri:t
indiscretion,niedyskrecja,ˌɪndɪˈskreʃən
indiscriminate,"1.  niewybredny
 2.  ogólny",bez wyboru|ˌɪndɪˈskrɪmɪnət
indispensable,nieodzowny (to - dla,ˌɪndɪˈspensəbəl
indisputable,niezaprzeczalny,ˌɪndɪˈspju:təbəl
indistinct,niewyraźny,ˌɪndɪˈstɪŋkt
indistinguishable,nieodróżnialny,ˌɪndɪˈstɪŋgwɪʃəbəl
individual,i.    indywidualny,ˌɪndɪˈvɪʤʊəl
individualist,indywidualista,ˌɪndɪˈvɪʤʊəlɪst
individuality,indywidualność,ˌɪndɪvɪʤu:ˈælɪtɪ
individually,indywidualnie,pojedynczo|ˌɪndɪˈvɪʤʊəlɪ
indivisible,niepodzielny,ˌɪndɪˈvɪzəbəl
indoctrinate,indoktrynować,ɪnˈdɒktrɪneɪt
indolent,leniwy,ˈɪndələnt
indonesia,indonezja,ˌɪndəˈni:zɪə
indonesian,"i.    indonezyjski
ii.    indonezyjczyk",ˌɪndəˈni:zɪən
indoor,1.  pokojowy,"domowy
 2.  pod przykryciem|ˈɪndɔ:"
indoors,wewnątrz,ˌɪnˈdɔ:z
indubitable,niezaprzeczalny,ɪnˈdju:bɪtəbəl
induce,"1.  wywoływać
 2.  zachęcać",skłaniać|ɪnˈdju:s
inducement,zachęta,ɪnˈdju:səmənt
indulge,ɪnˈdʌlʤ,
indulgence,1.  pobłażliwość,dogadzanie sobie|zaangażowanie|ɪnˈdʌlʤəns
indulgent,pobłażliwy,ɪnˈdʌlʤənt
industrial,ɪnˈdʌstrɪəl,
industrialise,industrialize,industrializować|uprzemysławiać|ɪnˈdʌstrɪəlaɪz
industrialist,przemysłowiec,ɪnˈdʌstrɪəlɪst
industrialization,industrializacja,ɪnˌdʌstrɪəlaɪˈzeɪʃən
industrialize,industrialise,industrializować|uprzemysławiać|ɪnˈdʌstrɪəlaɪz
industrious,pracowity,ɪnˈdʌstrɪəs
industry,ˈɪndəstrɪ,
inedible,niejadalny,ɪnˈedɪbəl
ineffective,nieskuteczny,ˌɪnɪˈfektɪv
ineffectual,nieefektywny,ˌɪnɪˈfekʧʊəl
inefficiency,nieefektywność,niesprawność|ˌɪnɪˈfɪʃənsɪ
inefficient,1.  niewydajny,"nieefektywny
 2.  energiochłonny|ˌɪnɪˈfɪʃənt"
inelegant,nieelegancki,ɪnˈelɪgənt
ineligible,nie nadający się,ɪnˈelɪʤəbəl
inept,niedorzeczny,nieumiejętny|ɪnˈept
inequality,"1.  nierówność
 2.  niejednakowość",niedopasowanie|ˌɪnɪˈkwɒlɪtɪ
ineradicable,nie do wykorzenienia,ˌɪnɪˈrædɪkəbəl
inert,bezwładny,ɪˈnɜ:t
inertia,apatia,ɪˈnɜ:ʃɪə
inescapable,nieunikniony,ˌɪnɪˈskeɪpəbəl
inessential,nieistotny,ˌɪnɪˈsenʃəl
inestimable,nieoszacowany,ɪnˈestɪməbəl
inevitable,nie do uniknięcia,nieuchronny|ɪnˈevɪtəbəl
inexact,niedokładny,ˌɪnɪgˈzækt
inexcusable,nieusprawiedliwiony,niewybaczalny|ˌɪnɪkˈskju:zəbəl
inexhaustible,niewyczerpany,ˌɪnɪgˈzɔ:stəbəl
inexorable,nieubłagany,ɪnˈeksərəbəl
inexpensive,niedrogi,ˌɪnɪkˈspensɪv
inexperience,brak doświadczenia,ˌɪnɪkˈspɪərɪəns
inexperienced,niedoświadczony,ˌɪnɪkˈspɪərɪənst
inexplicable,niewytłumaczalny,ˌɪnɪksˈplɪkəbəl
inexpressible,niewyrażalny,ˌɪnɪksˈpresəbəl
inextricable,nierozerwalny,ˌɪnɪksˈtrɪkəbəl
infallible,nieomylny,ɪnˈfælɪbəl
infamous,niesławny,o złej sławie|ˈɪnfəməs
infamy,niesława,ˈɪnfəmɪ
infancy,dzieciństwo,niemowlęctwo|ˈɪnfənsɪ
infant,dziecko,niemowlę|ˈɪnfənt
infantile,ˈɪnfəntaɪl,
infantry,piechota,ˈɪnfəntrɪ
infatuated,zadurzony,ɪnˈfæʧʊeɪtɪd
infatuation,zadurzenie,zaślepienie|ɪnˌfæʧʊˈeɪʃən
infect,infekować,zarażać|ɪnˈfekt
infection,infekcja,zakażenie|ɪnˈfekʃən
infectious,infekcyjny,zaraźliwy|ɪnˈfekʃəs
infer,1.  wysnuć wnioski,"wnioskować 
 2.  sugerować|ɪnˈfɜ:"
inference,"1.  wniosek
 2.  wnioskowanie",ˈɪnfərəns
inferior,ɪnˈfɪərɪə,
infernal,piekielny,ɪnˈfɜ:nəl
inferno,morze ognia,piekło|ɪnˈfɜ:nəʊ
infertile,1.  niepłodny,"bezpłodny
 2.  nieurodzajny|ɪnˈfɜ:taɪl"
infertility,"1.  bezpłodność
 2.  nieurodzajność",ˌɪnfəˈtɪlətɪ
infested,opanowany,ɪnˈfestɪd
infidel,niewierny,ˈɪnfɪdəl
infidelity,niewierność,zdrada|ˌɪnfɪˈdelɪtɪ
infighting,in-fighting,wewnętrzne rozgrywki|ˈɪnfaɪtɪŋ
infiltrate,przenikać,ˈɪnflɪtreɪt
infinite,nieskończony,ˈɪnfɪnɪt
infinitive,bezokolicznik,ɪnˈfɪnɪtɪv
infinity,nieskończoność,ɪnˈfɪnɪtɪ
infirm,niedołężny,słaby|ɪnˈfɜ:m
infirmary,szpital,ɪnˈfɜ:mərɪ
inflame,rozjuszać,rozogniać|ɪnˈfleɪm
inflamed,rozogniony,zaogniony|ɪnˈfleɪmd
inflammable,łatwopalny,ɪnˈflæməbəl
inflammation,ˌɪnfləˈmeɪʃən,
inflate,nadmuchiwać,nadymać|nadymać się|ɪnˈfleɪt
inflated,"1.  nadmuchiwany
 2.  nadęty","rozdęty
 3.  zawyżony|ɪnˈfleɪtɪd"
inflation,inflacja,ɪnˈfleɪʃən
inflationary,inflacyjny,ɪnˈfleɪʃənərɪ
inflect,i.    odmieniać się,ɪnˈflekt
inflexible,niezmienny,sztywny|ɪnˈfleksɪbəl
inflict,narzucać,wymierzać|ɪnˈflɪkt
influence,mieć wpływ,ˈɪnflʊəns
influential,wpływowy,ˌɪnflʊˈenʃəl
influenza,grypa,ˌɪnflʊˈenzə
influx,napływ,ˈɪnflʌks
inform,informować,zawiadamiać|ɪnˈfɔ:m
informal,1.  nieformalny,"luźny
 2.  nieoficjalny|ɪnˈfɔ:məl"
informant,"1.  informator
 2.  donosiciel",ɪnˈfɔ:mənt
information,informacja,wiadomości|ˌɪnfəˈmeɪʃən
informative,informacyjny,pouczający|ɪnˈfɔ:mətɪv
informed,dobrze poinformowany,kompetentny|ɪnˈfɔ:md
informer,donosiciel,ɪnˈfɔ:mə
infrared,infra-red,podczerwony|ˌɪnfrəˈred
infrequent,nieczęsty,rzadki|ɪnˈfri:kwent
infringe,naruszać,łamać|ɪnˈfrɪnʤ
infringement,naruszenie,złamanie|ɪnˈfrɪnʤmənt
infuriate,doprowadzać do furii,rozwścieczać|ɪnˈfjʊərɪeɪt
ingenious,pomysłowy,przemyślny|ɪnˈʤi:njəs
ingenuity,pomysłowość,ˌɪnʤɪˈnju:ɪtɪ
ingenuous,niewinny,prostolinijny|ɪnˈʤenjʊəs
ingratiate,wkradać się w łaski,ɪŋˈgreɪʃɪeɪt
ingratitude,niewdzięczność,ɪŋˈgrætɪtju:d
ingredient,składnik,ɪŋˈgri:dɪənt
inhabit,zamieszkiwać,ɪnˈhæbɪt
inhabitant,mieszkaniec,ɪnˈhæbɪtənt
inhale,wdychać,ɪnˈheɪl
inherent,"1.  nieodłączny 
 2.  wrodzony",ɪnˈhɪərənt
inherit,dziedziczyć (from - z,od)|ɪnˈherɪt
inheritance,"1.  dziedzictwo
 2.  dziedziczenie",ɪnˈherɪtəns
inhibit,powstrzymywać,ɪnˈhɪbɪt
inhibition,hamulec,zahamowanie|ˌɪnhɪˈbɪʃən
inhospitable,niegościnny,ˌɪnhɒˈspɪtəbəl
inhuman,nieludzki,ˌɪnˈhju:mən
inhumane,niehumanitarny,nieludzki|ˌɪnhju:ˈmeɪn
inimitable,niepowtarzalny,ɪˈnɪmɪtəbəl
iniquitous,krzywdzący,niegodziwy|ɪˈnɪkwɪtəs
iniquity,niegodziwość,ɪˈnɪkwɪtɪ
initial,ɪˈnɪʃəl,
initiate,1.  inicjować,do)|ɪˈnɪʃɪeɪt
initiative,"1.  inicjatywa
 2.  prowadzenie",ɪˈnɪʃətɪv
inject,"1.  wstrzykiwać 
 2.  wprowadzać",ɪnˈʤekt
injection,zastrzyk,ɪnˈʤekʃən
injunction,zalecenie,ɪnˈʤʌŋkʃən
injure,ranić,ˈɪnʤə
injury,ˈɪnʤərɪ,
injustice,ɪnˈʤʌstɪs,
ink,atrament,ɪŋk
inkjet,ink-jet,ˈɪŋk ʤet
inkling,ˈɪŋklɪŋ,
inlaid,wykładany,ˌɪnˈleɪd
inland,ˈɪnlənd,
inlaws,in-laws,ˈɪnlɔ:z
inlet,odnoga,ˈɪnlet
inmate,mieszkaniec,pensjonariusz|ˈɪnmeɪt
inn,karczma,zajazd|ɪn
innate,wrodzony,ˌɪˈneɪt
inner,wewnętrzny,ˈɪnə
innocence,"1.  niewinność
 2.  naiwność",ˈɪnəsəns
innocent,"naiwny
ii.    naiwna osoba",ˈɪnəsənt
innocuous,nieszkodliwy,ɪnˈɒkjʊəs
innovation,innowacja,ˌɪnəˈveɪʃən
innuendo,aluzja,przytyk|ˌɪnju:ˈendəʊ
innumerable,nieprzeliczony,ɪˈnju:mərəbəl
inoculate,szczepić,szczepić ochronnie|ɪnˈɒkjəleɪt
inopportune,niestosowny,ɪnˈɒpətju:n
inordinate,nadmierny,nieumiarkowany|ɪnˈɔ:dɪnɪt
inorganic,nieorganiczny,ˌɪnɔ:ˈgænɪk
input,ˈɪnpʊt,
inquest,badanie,badanie przyczyny zgonu|śledztwo|ˈɪŋkwest
inquire,badać,dociekać|dociekać czegoś|enquire|i.    dowiadywać się
inquiring,1.  wnikliwy,"dociekliwy
 2.  badawczy|ɪnˈkwaɪərɪŋ"
inquiry,"1.  zapytanie
 2.  dociekanie",enquiry|ɪnˈkwaɪərɪ
inquisitive,ciekawski,wścibski|ɪŋˈkwɪzɪtɪv
inroads,dawać się odczuć,ˈɪnrəʊdz
insane,szalony,ɪnˈseɪn
insanitary,niehigieniczny,ɪnˈsænɪtərɪ
insanity,szaleństwo,ɪnˈsænɪtɪ
insatiable,nienasycony,nieposkromiony|ɪnˈseɪʃəbəl
inscribe,grawerować,ryć|ɪnˈskraɪb
inscription,napis,ɪnˈskrɪpʃən
inscrutable,nieprzenikliwy,ɪnˈskru:təbəl
insect,owad,ˈɪnsekt
insecticide,środek owadobójczy,ɪnˈsektɪsaɪd
insecure,niepewny,ˌɪnsɪˈkjʊə
insecurity,niepewność,ˌɪnsɪˈkjʊərɪtɪ
insensitive,niewrażliwy,ɪnˈsensɪtɪv
inseparable,nieodłączny,ɪnˈsepərəbəl
insert,1.  wsuwać,"wkładać
 2.  wstawiać|ɪnˈsɜ:t"
insertion,"1.  wstawka
 2.  wstawienie",ɪnˈsɜ:ʃən
inshore,ˌɪnˈʃɔ:,
insidious,podstępny,zdradliwy|ɪnˈsɪdɪəs
insight,pojmowanie,wgląd|ˈɪnsaɪt
insignificant,nie liczący się,nieważny|ˌɪnsɪˈgnɪfɪkənt
insincere,nieszczery,ˌɪnsɪnˈsɪə
insinuate,do),ɪnˈsɪnju:eɪt
insipid,ɪnˈsɪpɪd,
insist,ɪnˈsɪst,
insistence,ɪnˈsɪstəns,
insistent,1.  uporczywy,"nalegający
 2.  natarczywy|ɪnˈsɪstənt"
insofar as,na ile,na tyle|ˌɪnsəˈfɑ:rəz
insolent,bezczelny,ˈɪnsələnt
insoluble,nierozwiązalny,ɪnˈsɒljəbəl
insolvent,niewypłacalny,ɪnˈsɒlvənt
insomnia,bezsenność,ɪnˈsɒmnɪə
inspect,"oglądać
 2.  kontrolować",przeprowadzać inspekcję|ɪnˈspekt
inspection,1.  kontrola,"inspekcja
 2.  badanie|oględziny|ɪnˈspekʃən"
inspector,"1.  inspektor
 2.  kontroler",ɪnˈspektə
inspiration,1.  inspiracja,ˌɪnspɪˈreɪʃən
inspire,1.  pobudzać,"budzić 
 3.  inspirować|skłaniać
 2.  natchnąć|ɪnˈspaɪə"
inspired,"1.  natchniony
 2.  błyskotliwy",ɪnˈspaɪəd
instability,niestabilność,ˌɪnstəˈbɪlɪtɪ
install,ɪnˈstɔ:l,
installation,"1.  instalacja
 2.  zainstalowanie",podłączenie|ˌɪnstəˈleɪʃən
instance,ˈɪnstəns,
instantaneous,natychmiastowy,ˌɪnstənˈteɪnɪəs
instep,wnętrze stopy,śródstopie|ˈɪnstep
instigate,podjudzać,poduszczać|ˈɪnstɪgeɪt
instigation,ˌɪnstɪˈgeɪʃən,
instigator,sprawca,sprawca moralny|ˈɪnstɪgeɪtə
instil,instill,wywoływać|zaszczepiać|ɪnˈstɪl
instill,instil,wywoływać|zaszczepiać|ɪnˈstɪl
instinct,"1.  instynkt
 2.  reakcja",ˈɪnstɪŋkt
instinctive,instynktowny,ɪnˈstɪŋktɪv
institute,ˈɪnstɪtju:t,
institution,"1.  instytucja
 2.  zakład",ˌɪnstɪˈtju:ʃən
instruct,ɪnˈstrʌkt,
instruction,ɪnˈstrʌkʃən,
instructive,kształcący,pouczający|ɪnˈstrʌktɪv
instructor,instruktor,ɪnˈstrʌktə
instrument,ˈɪnstrəmənt,
instrumental,ˌɪnstrəˈmentəl,
insubordinate,niesubordynowany,ˌɪnsəˈbɔ:dənɪt
insubordination,nieposłuszeństwo,niesubordynacja|ˌɪnsəbɔ:dɪˈneɪʃən
insufferable,nie do wytrzymania,nieznośny|ɪnˈsʌfərəbəl
insufficient,niewystarczający,ˌɪnsəˈfɪʃənt
insular,odizolowany,prowincjonalny|ˈɪnsjələ
insulate,izolować,ˈɪnsjəleɪt
insulation,izolacja,ˌɪnsjəˈleɪʃən
insult,"insult
i.    obrażać",
insuperable,nieprzezwyciężalny,ɪnˈsu:pərəbəl
insurance,ɪnˈʃʊɜ:rəns,
insure,ensure,gwarantować|zabezpieczać|zapewniać|ɪnˈʃʊə
insurgent,powstaniec,ɪnˈsɜ:ʤənt
insurmountable,niepokonany,nieprzezwyciężony|ˌɪnsəˈmaʊntəbəl
insurrection,powstanie,ˌɪnsəˈrekʃən
intact,nietknięty,ɪnˈtækt
intake,1.  zużycie,"przyjmowanie
 2.  nabór|ˈɪnteɪk"
intangible,nieuchwytny,trudny do opisu|ɪnˈtænʤɪbəl
integer,liczba całkowita,ˈɪntɪʤə
integral,integralny (to - dla,ˈɪntɪgrəl
integrate,ˈɪntɪgreɪt,
integrated,ˈɪntɪgreɪtɪd,ˌɪntɪgreɪtɪd ˈsɜ:kɪt
integrity,ɪnˈtegrɪtɪ,
intellect,intelekt,inteligencja|ˈɪntəlekt
intellectual,ˌɪntəˈlekʧʊəl,
intelligence,"1.  inteligencja
 2.  wywiad",ɪnˈtelɪʤəns
intelligent,inteligentny,ɪnˈtelɪʤənt
intelligible,zrozumiały,ɪnˈtelɪʤəbəl
intend,ɪnˈtend,
intense,1.  gwałtowny,"silny
 2.  poważny|ɪnˈtens"
intensify,intensyfikować,intensyfikować się|wzmagać|wzmagać się|ɪnˈtensɪfaɪ
intensity,intensywność,ɪnˈtensɪtɪ
intensive,intensywny,ɪnˈtensɪv
intent,ɪnˈtent,
intention,zamiar,ɪnˈtenʃən
intentional,intencjonalny,rozmyślny|ɪnˈtenʃənəl
interact,oddziaływać,ˌɪntərˈækt
interactive,interakcyjny,wzajemny|ˌɪntərˈæktɪv
intercede,interweniować,wstawiać się|ˌɪntəˈsi:d
intercept,przechwytywać,zatrzymywać|ˌɪntəˈsept
interchange,wjazd,ˈɪntəʧeɪnʤ
interchangeable,wymienny,ˌɪntəˈʧeɪnʤəbəl
intercom,domofon,ˈɪntəkɒm
intercontinental,międzykontynentalny,ˌɪntəkɒntɪˈnentəl
intercourse,stosunek,stosunek płciowy|ˈɪntəkɔ:s
interdependent,współzależny,ˌɪntədɪˈpendənt
interest,w interesie,ˈɪntrəst
interesting,interesujący,ˈɪntrəstɪŋ
interface,interfejs,sprzęg|ˈɪntəfeɪs
interfere,tykać się,ˌɪntəˈfɪə
interference,1.  interwencja,interferencja|ˌɪntəˈfɪərəns
interim,czasowy,tymczasowy|ˈɪntərɪm
interior,"i.    wnętrze
ii.    wewnętrzny",ɪnˈtɪərɪə
interject,wtrącać,wtrącać się|ˌɪntəˈʤekt
interjection,"wtrącenie
 2.  wykrzyknik",wtrącenie się|ˌɪntəˈʤekʃən
interlock,1.  wiązać,"zespalać
 2.  zaplatać|zespalać się|ˌɪntəˈlɒk"
interloper,intruz,ˈɪntələʊpə
interlude,interludium,przerwa|ˈɪntəlu:d
intermarriage,małżeństwo mieszane,ˌɪntəˈmærɪʤ
intermediary,pośrednik,ˌɪntəˈmi:djərɪ
intermediate,pośredni,średni|ˌɪntəˈmi:dɪət
interminable,nie kończący się,ɪnˈtɜ:mɪnəbəl
intermission,przerwa,ˌɪntəˈmɪʃən
intermittent,okresowy,przerywany|ˌɪntəˈmɪtənt
intern,internować,ɪnˈtɜ:n
internal,wewnętrzny,ɪnˈtɜ:nəl
internally,"i.    wewnątrz
ii.    wewnętrzny",ɪnˈtɜ:nəlɪ
international,ˌɪntəˈnæʃenəl,
internment,internowanie,ɪnˈtɜ:nmənt
interplay,wzajemne oddziaływanie,ˈɪntəpleɪ
interpret,1.  interpretować,tłumaczyć|ɪnˈtɜ:prɪt
interpretation,przekład,ɪnˌtɜ:prɪˈteɪʃən
interpreter,tłumacz,tłumacz ustny|ɪnˈtɜ:prɪtə
interrelate,wiązać,wiązać się|ˌɪntərɪˈleɪt
interrogate,przesłuchiwać,ɪnˈterəgeɪt
interrogation,przesłuchanie,ɪnˌterəˈgeɪʃən
interrogative,pytający,ˌɪntəˈrɒgatɪv
interrogator,przesłuchujący,śledczy|ɪnˈterəgeɪtə
interrupt,przerywać,ˌɪntəˈrʌpt
interruption,przerwanie,ˌɪntəˈrʌpʃən
intersect,1.  przecinać się,ˌɪntəˈsekt
intersection,"1.  skrzyżowanie 
 2.  przecięcie",punkt przecięcia|ˌɪntəˈsekʃən
intersperse,przemieszać,przetykać|ˌɪntəˈspɜ:s
intertwine,splatać,splatać się|ˌɪntəˈtwaɪn
interval,miejscami,w odstępach|ˈɪntəvəl
intervene,1.  interweniować,ˌɪntəˈvi:n
intervening,ˌɪntəˈvi:nɪŋ,
interview,ˈɪntəvju:,
intestinal,jelitowy,ɪnˈtestɪnəl
intestine,jelito,ɪnˈtestɪn
intimacy,intymność,ˈɪntɪməsɪ
intimidate,zastraszać,ɪnˈtɪmɪdeɪt
intimidation,zastraszenie,ɪnˌtɪmɪˈdeɪʃən
into,ˈɪntu:,ˈɪntə
intolerable,nie do wytrzymania,nieznośny|ɪnˈtɒlərəbəl
intolerant,nietolerancyjny,ɪnˈtɒlərənt
intonation,intonacja,ˌɪntəˈneɪʃən
intone,intonować,recytować|ɪnˈtəʊn
intoxicated,ɪnˈtɒksɪkeɪtɪd,
intoxicating,ɪnˈtɒksɪkeɪtɪŋ,
intoxication,oszołomienie,ɪnˌtɒksɪˈkeɪʃən
intractable,"uparty
 2.  niepodatny",ɪnˈtræktəbəl
intransitive,nieprzechodni,ɪnˈtrænsɪtɪv
intrepid,nieustraszony,ɪnˈtrepɪd
intricacy,"1.  skomplikowanie
 2.  zawiłość",ˈɪntrɪkəsɪ
intricate,zawiły,ˈɪntrɪkət
intrinsic,podstawowy,zasadniczy|ɪnˈtrɪnsɪk
intro,wstęp,ˈɪntrəʊ
introduce,"1.  przedstawiać   
 2.  wprowadzać",ˌɪntrəˈdju:s
introduction,1.  wprowadzenie,"prezentacja|wprowadzenie 
 2.  przedmowa|wstęp
 3.  przedstawienie|ˌɪntrəˈdʌkʃən"
introductory,wprowadzający,wstępny|ˌɪntrəˈdʌktərɪ
introspection,introspekcja,ˌɪntrəˈspekʃən
introspective,rozmyślający,rozmyślający nad sobą|ˌɪntrəˈspektɪv
introvert,introwertyk,ˈɪntrəvɜ:t
intrude,1.  przeszkadzać,do czegoś)|nachodzić|ɪnˈtru:d
intruder,intruz,natręt|ɪnˈtru:də
intrusion,ɪnˈtru:ʒən,
intrusive,natrętny,ɪnˈtru:sɪv
intuition,intuicja,ˌɪntjʊˈɪʃən
intuitive,intuicyjny,ɪnˈtju:ɪtɪv
inundate,ˈɪnʌndeɪt,
invade,1.  najeżdżać,ɪnˈveɪd
invalid,"invalid
i.    inwalida","nie wiążący
 2.  bezpodstawny"
invalidate,"1.  unieważniać
 2.  znosić",ɪnˈvælɪdeɪt
invaluable,nieoceniony,ɪnˈvæljʊəbəl
invariable,niezmienny,ɪnˈveərɪəbəl
invasion,najazd,ɪnˈveɪʒən
invective,inwektywa,obelga|ɪnˈvektɪv
invent,1.  wynajdować,"wymyślać
 2.  wynaleźć|ɪnˈvent"
invention,fantazja,ɪnˈvenʃən
inventive,wynalazczy,ɪnˈventɪv
inventor,wynalazca,ɪnˈventə
inventory,inwentarz,spis|ˈɪnvəntərɪ
inverse,"i.    odwrotny
ii.    inwersja",ˌɪnˈvɜ:s
invert,odwracać,ɪnˈvɜ:t
invertebrate,bezkręgowiec,ɪnˈvɜ:tɪbrət
inverted commas,cudzysłów,ɪnˌvɜ:tɪd ˈkɒməz
invest,nakładać,ɪnˈvest
investigate,przeprowadzać dochodzenie,ɪnˈvestɪgeɪt
investigation,dochodzenie,ɪnˌvestɪˈgeɪʃən
investigator,prowadzący dochodzenie,ɪnˈvestɪgeɪtə
investment,"1.  inwestowanie
 2.  inwestycja",ɪnˈvestmənt
investor,inwestor,ɪnˈvestə
invidious,"1.  nienawistny
 2.  nierówny",niekorzystny|ɪnˈvɪdɪəs
invigorating,ożywczy,pobudzający|ɪnˈvɪgəreɪtɪŋ
invincible,niepokonany,niezwyciężony|ɪnˈvɪnsəbəl
invisible,"1.  niewidoczny 
 2.  niewidzialny",ukryty|ɪnˈvɪzəbəl
invitation,zaproszenie,ˌɪnvɪˈteɪʃən
invite,przyzywać,ɪnˈvaɪt
inviting,zachęcający,ɪnˈvaɪtɪŋ
invoice,faktura,ˈɪnvɔɪs
invoke,ɪnˈvəʊk,
involuntary,mimowolny,ɪnˈvɒləntərɪ
involve,1.  obejmować,wciągać|ɪnˈvɒlv
involved,"1.  zaabsorbowany   
 2.  wciągnięty","pogmatwany
 4.  a. odnośny|wplątany
 3.  zawiły|zaczynać romansować z kimś|zainteresowany"
involvement,"1.  zaangażowanie   
 2.  wciągnięcie","stosunki   
 4.  romans|wplątanie
 3.  odniesienie|ɪnˈvɒlvmənt"
invulnerable,ɪnˈvʌlnərəbəl,
inward,"do wewnątrz
 3.  dośrodkowy",ˈɪnwəd
inwards,do wewnątrz,do środka|ˈɪnwədz
iodine,ˈaɪədi:n,
ion,jon,ˈaɪən
iota,aɪˈəʊtə,
iowa,ˈaɪəʊə,
iq,iloraz inteligencji,
ira,irlandzka armia republikańska,
iran,ɪˈrɑ:n,
iranian,"i.    irański
ii.    irańczyk",ɪˈreɪnɪən
iraq,irak,ɪˈrɑ:k
iraqi,iracki,ɪˈrɑ:kɪ
irascible,drażliwy,ɪˈræsɪbəl
irate,aɪˈreɪt,rozgniewany
ire,"ire.
  irlandia",
ireland,irlandia,ˈaɪələnd
iridescent,opalizujący,ˌɪrɪˈdesənt
iris,kosaciec,ˈaɪrɪs
irish,ˈaɪrɪʃ,
irishman,irlandczyk,ˈaɪrɪʃmən
irishwoman,irlandka,ˈaɪrɪʃwʊmən
irksome,dokuczliwy,uciążliwy|ˈɜ:ksəm
iron,pokonywać,ˈaɪən
ironic,aɪˈrɒnɪk,ironical|ironiczny
ironical,aɪˈrɒnɪk,ironic|ironiczny
ironically,aɪˈrɒnɪkəlɪ,
ironing board,deska do prasowania,ˈaɪənɪŋ bɔ:d
irony,ironia,ˈaɪrənɪ
irrational,1.  irracjonalny,"nielogiczny
 2.  nierozumny|ɪˈræʃənəl"
irreconcilable,ɪˌrekənˈsaɪləbəl,
irreducible,nieprzekazywalny,nieredukowalny|ˌɪrɪˈdju:sɪbəl
irrefutable,niezbity,ˌɪrɪˈfju:təbəl
irregular,ɪˈregjələ,
irregularity,"1.  nieregularność
 2.  nieprawidłowość",ɪˌregjəˈlærɪtɪ
irrelevance,brak związku,ɪˈreləvəns
irrelevant,bez związku,nieistotny|zbyteczny|ɪˈreləvənt
irreligious,nie wierzący,niereligijny|ˌɪrɪˈlɪʤəs
irreparable,nie do naprawienia,nieodwracalny|niepowetowany|ɪˈrepərəbəl
irreplaceable,niezastąpiony,ˌɪrɪˈpleɪsəbəl
irrepressible,nie do pognębienia,nieokiełznany|ˌɪrɪˈpresɪbəl
irreproachable,bez zarzutu,nienaganny|ˌɪrɪˈprəʊʧəbəl
irresistible,1.  nieodparty,ˌɪrɪˈzɪstəbəl
irresolute,niezdecydowany,ɪˈrezəlu:t
irrespective,niezależnie,ˌɪrɪˈspektɪv
irresponsible,nieodpowiedzialny,ˌɪrɪˈspɒnsɪbəl
irretrievable,nieodwracalny,ˌɪrɪˈtri:vəbəl
irreverent,bez szacunku,lekceważący|ɪˈrevərənt
irrevocable,nieodwołalny,ɪˈrevəkəbəl
irrigate,irygować,nawadniać|ˈɪrɪgeɪt
irrigation,irygacja,nawodnienie|ˌɪrɪgˈeɪʃən
irritable,nerwowy,ˈɪrɪtəbəl
irritant,środek drażniący,ˈɪrɪtənt
irritate,"1.  irytować
 2.  podrażniać",ˈɪrɪteɪt
irritation,ˌɪrɪˈteɪʃən,
is,"is.
  wyspa",
islam,ˈɪzlɑ:m,
islamic,muzułmański,ɪzˈlæmɪk
island,wyspa,ˈaɪlənd
islander,wyspiarz,ˈaɪləndə
isle,aɪl,ostrów|wyspa
isolate,"1.  izolować
 2.  wyobcowywać","wyobcowywać 
 3.  wyodrębniać|ˈaɪsəleɪt"
isolation,odosobnienie,osamotnienie|ˌaɪsəˈleɪʃən
israel,izrael,ˈɪzreɪl
israeli,"i.    izraelski
ii.    izraelczyk",ɪzˈreɪlɪ
issue,ˈɪʃu:,
isthmus,przesmyk,ˈɪsθməs
it,ona,ɪt
italian,ɪˈtæljən,
italics,kursywa,ɪˈtælɪks
italy,włochy,ˈɪtəlɪ
itch,wielka ochota,ˈɪʧ
itchy,swędzący,ˈɪʧɪ
item,wiadomość,ˈaɪtəm
itemise,itemize,sporządzać listę|ˈaɪtəmaɪz
itemize,itemise,sporządzać listę|ˈaɪtəmaɪz
itinerant,wędrowny,ɪˈtɪnərənt
itinerary,marszruta,plan podróży|ɪˈtɪnərərɪ
its,ich,jego|jej|ɪts
itself,ɪtˈself,
itv,telewizja niezależna,
ivory,ˈaɪvərɪ,
ivy,bluszcz,ˈaɪvɪ
jab,ʤæb,
jabber,ˈʤæbə,
jack,ʤæk,
jacket,1.  marynarka,ˈʤækɪt
jackknife,ˈʤæknaɪf,
jackpot,najwyższa wygrana,pula|ˈʤækpɒt
jade,jadeit,ʤeɪd
jaded,sterany,ˈʤeɪdɪd
jagged,poszarpany,wyszczerbiony|ˈʤægd
jaguar,ˈʤægjʊə,
jam,być w tarapatach,zablokowywać się|ʤæm
jamaica,jamajka,ʤəˈmeɪkə
jamaican,"i.    jamajski
ii.    jamajczyk",ʤəˈmeɪkən
jan,"jan.
  styczeń",
jangle,ˈʤæŋgəl,
janitor,dozorca,portier|ˈʤænɪtə
january,styczeń,ˈʤænjʊərɪ
japan,japonia,ʤəˈpæn
japanese,"i.    japoński
ii.    japończyk",ʤæpəˈni:z
jar,ʤɑ:,
jargon,żargon,ˈʤɑ:gən
jaundice,żółtaczka,ˈʤɔ:ndɪs
jaundiced,zgorzkniały,ˈʤɔ:ndɪst
jaunt,wycieczka,ʤɔ:nt
jaunty,beztroski,swobodny|ˈʤɔ:ntɪ
javelin,oszczep,ˈʤævəlɪn
jaw,1.  szczęka,ʤɔ:
jazz,ʤæz,
jazzy,"1.  jazowy
 2.  wystrzałowy",ˈʤæzɪ
jealous,zawistny,zazdrosny|ˈʤeləs
jealousy,zazdrość,ˈʤeləsɪ
jeans,dżinsy,ʤi:nz
jeep,dżip,gazik|ʤi:p
jell,ʤel,
jelly,ˈʤelɪ,
jellyfish,meduza,ˈʤelɪfɪʃ
jemmy,łom,ˈʤemɪ
jeopardise,jeopardize,narażać na niebezpieczeństwo|ˈʤepədaɪz
jeopardize,jeopardise,narażać na niebezpieczeństwo|ˈʤepədaɪz
jeopardy,niebezpieczeństwo,ˈʤepədɪ
jerk,"rzucać się
ii.    szarpnięcie",ʤɜ:k
jerky,konwulsyjny,spazmatyczny|trzęsący|trzęsący się|ˈʤɜ:kɪ
jersey,ˈʤɜ:zɪ,
jest,ʤest,
jet,"struga
 2.  gagat",ʤet
jetblack,jet-black,kruczoczarny|ˌʤetˈblæk
jettison,wyzbywać się,ˈʤetɪsən
jetty,falochron,nabrzeże|ˈʤetɪ
jew,żyd,ʤu:
jewel,klejnot,ˈʤu:əl
jeweled,jewelled,ozdobiony klejnotami|ˈʤu:əld
jeweler,jeweller,jubiler|ˈʤu:ələ
jewelled,jeweled,ozdobiony klejnotami|ˈʤu:əld
jeweller,jeweler,jubiler|ˈʤu:ələ
jewellery,biżuteria,ˈʤu:əlrɪ
jewess,żydówka,ˈʤʊɪs
jewish,żydowski,ˈʤu:ɪʃ
jibe,docinek,gibe|ʤaɪb
jiffy,ˈʤɪfɪ,
jiggle,kręcić,kręcić się|machać|ˈʤɪgəl
jilt,porzucać,ʤɪlt
jingle,ˈʤɪŋgəl,
jinx,ʤɪŋks,
jittery,roztrzęsiony,ˈʤɪtərɪ
jnr,"jnr.
  junior",
jobless,bezrobotny,ˈʤɒblɪs
jockey,ˈʤɒkɪ,
jocular,"1.  żartobliwy
 2.  dowcipny",ˈʤɒkjələ
jog,ʤɒg,
join,ʤɔɪn,
joiner,stolarz,ˈʤɔɪnə
joint,ʤɔɪnt,
joke,ʤəʊk,
joker,1.  dowcipniś,"żartowniś
 2.  dżoker|ˈʤəʊkə"
jokingly,żartem,ˈʤəʊkɪŋlɪ
jolly,szalenie,ˈʤɒlɪ
jolt,"szarpać
 2.  wstrząsać się",ʤəʊlt
jordan,ˈʤɔ:dən,
jordanian,"i.    jordański
ii.    jordańczyk",ʤɔ:ˈdeɪnɪən
jostle,"przepychać
 3.  walczyć",przepychać się|rozpychać|ˈʤɒsəl
jot,napisać,ʤɒt
journal,1.  magazyn,"czasopismo
 2.  dziennik|ˈʤɜ:nəl"
journalism,dziennikarstwo,ˈʤɜ:nəlɪzəm
journalist,dziennikarz,ˈʤɜ:nəlɪst
journalistic,dziennikarski,ˌʤɜ:nəˈlɪstɪk
journey,ˈʤɜ:nɪ,
jovial,jowialny,ˈʤəʊvɪəl
joy,ʤɔɪ,
joyful,radosny,szczęśliwy|ˈʤɔɪfʊl
joyless,ponury,ˈʤɔɪlɪs
joyride,ˈʤɔɪraɪd,
joystick,drążek,dżojstik|ˈʤɔɪstɪk
jp,sędzia pokoju,
jr,"jr.
  junior",
jubilant,rozradowany,triumfujący|ˈʤu:bɪlənt
jubilation,świętowanie,ˌʤu:bɪˈleɪʃən
jubilee,jubileusz,ˈʤu:bɪlɪ
judaism,judaizm,ˈʤu:deɪɪzəm
judge,ˈʤʌʤ,
judgement,wydawać ocenę co do,wydawać werdykt|ˈʤaʤmənt
judicial,oceniający,ʤu:ˈdɪʃəl
judiciary,sądownictwo,the judiciary  władza jurysdykcyjna|ʤu:ˈdɪʃərɪ
judicious,rozsądny,rozważny|ʤu:ˈdɪʃəs
jug,dzbanek,ʤʌg
juggernaut,tir,wielka ciężarówka|ˈʤʌgənɔ:t
juggle,"1.  żonglować
 2.  przestawiać",ˈʤʌgəl
juggler,żongler,ˈʤʌglə
juice,ʤu:s,
juicy,ˈʤu:sɪ,
jukebox,szafa grająca,ˈʤu:kbɒks
jul,"jul.
  lipiec",
july,lipiec,ʤʊˈlaɪ
jumble,"splątywać
iii.  jumble sale",wyprzedaż|wyprzedaż dobroczynna|ˈʤʌmbəl|ˈʤʌmbəl seɪl
jumbo,ˈʤʌmbəʊ,
jump,ʤʌmp,
jumper,ˈʤʌmpə,
jumpy,nerwowy,niespokojny|ˈʤʌmpɪ
junction,1.  połączenie,ˈʤʌŋkʃən
juncture,ˈʤʌŋkʧə,
june,czerwiec,ʤu:n
jungle,dżungla,ˈʤʌŋgəl
junk,"1.  rupiecie
 2.  starocie",ʤʌŋk
junkie,narkoman,ˈʤʌŋkɪ
jurisdiction,jurysdykcja,władza sądownicza|ˌʤʊərɪsˈdɪkʃən
jurist,prawnik,ˈʤʊərɪst
juror,ˈʤʊərə,
jury,ˈʤʊərɪ,
justice,ˈʤʌstɪs,ˌʤʌstɪs əv ðə ˈpi:s
justifiable,usprawiedliwiony,uzasadniony|ˌʤastɪˈfaɪəbəl
justification,1.  uzasadnienie,justowanie|ˌʤʌstɪfɪˈkeɪʃən
justify,1.  uzasadniać,justować|ˈʤʌstɪfaɪ
jut,wychodzić,wychodzić na zewnątrz|ʤʌt
juvenile,ˈʤu:vənaɪl,
juxtapose,porównywać,zestawiać|ˌʤʌkstəˈpəʊz
kaleidoscope,kalejdoskop,kəˈlaɪdəskəʊp
kangaroo,kangur,ˌkæŋgəˈru:
kansas,ˈkænzəs,
karate,kəˈrɑ:tɪ,
keel,ki:l,
keen,ki:n,
keenly,ˈki:nlɪ,
keeper,ˈki:pə,
keg,beczułka,
kennel,ˈkenəl,
kentucky,kenˈtʌkɪ,
kenya,kenia,ˈkenjə
kenyan,"i.    kenijski
ii.    kenijczyk",ˈkenjən
kerb,curb,krawężnik|kɜ:b
kernel,ˈkɜ:nəl,
kerosene,nafta,ˈkerəsi:n
kestrel,pustułka,ˈkestrəl
ketchup,keczup,ˈkeʧʌp
kettle,czajnik,ˈketəl
kettledrum,kettle-drum,kocioł|ˈketəldrʌm
key,ki:,
keyboard,klawiatura,ˈki:bɔ:d
keyhole,dziurka od klucza,ˈki:həʊl
keynote,hasło,program|ˈki:nəʊt
keyword,słowo kluczowe,ˈki:wɜ:d
khaki,ˈkɑ:kɪ,
kickoff,kick-off,początek|początek meczu piłkarskiego|ˈkɪkɒf
kid,kɪd,
kidnap,"i.    porywać
ii.    porwanie",kidnaping|ˈkɪdnæp
kidney,nerka,ˈkɪdnɪ
kill,kɪl,przyjaźń
killer,zabójca,ˈkɪlə
killing,ˈkɪlɪŋ,
kiln,kɪln,piec|piec garncarski
kilo,kilogram,ˈki:ləʊ
kilogram,kilogramme,ˈkɪləgrəm
kilogramme,kilogram,ˈkɪləgrəm
kilometer,kilometr,kilometre|ˈkɪləmi:tə
kilometre,kilometer,kilometr|ˈkɪləmi:tə
kilt,kɪlt,
kin,kɪn,
kind,kaɪnd,"uprzejmy 
iii.   1.  miło"
kindergarten,przedszkole,ˈkɪndəgɑ:tən
kindhearted,dobrotliwy,kind-hearted|życzliwy|ˌkaɪndˈhɑ:tɪd
kindle,rozniecać,rozpalać|ˈkɪndəl
kindling,drewno na rozpałkę,ˈkɪndlɪŋ
kindly,i.    uprzejmy,ˈkaɪndlɪ
kindness,ˈkaɪndnɪs,
kindred,braterski,pokrewny|ˈkɪndrɪd
king,król,kɪŋ
kingdom,królestwo,ˈkɪŋdəm
kingfisher,zimorodek,ˈkɪŋfɪʃə
kink,skręt,zwój|ˈkɪŋk
kinky,perwersyjny,ˈkɪŋkɪ
kiosk,budka,ˈki:ɒsk
kipper,wędzony śledź,ˈkɪpə
kiss,"1.  całować
 2.  pocałunek",kɪs
kit,kɪt,ubiór
kitchen,"i.    kuchnia
ii.    kuchenny",ˈkɪʧən
kite,kaɪt,latawiec
kitten,kociak,ˈkɪtən
kitty,pula,wspólne pieniądze|ˈkɪtɪ
kiwi,ˈki:wɪ,ˈki:wɪ ˌfru:t
knack,næk,talent
knave,neɪv,szelma
knead,miesić,ni:d
knee,ni:,
kneecap,ˈni:kæp,
kneedeep,knee-deep,po kolana|ˌnɪ:ˈdi:p
knickers,majtki,majtki luźniejsze|ˈnɪkəz
knicksknacks,knicks-knacks,ozdóbki|ˈnɪksnæks
knight,"konik
iii.    uszlachcać",naɪt
knighthood,szlachectwo,ˈnaɪthʊd
knit,i.    dziergać,marszczyć brwi|nɪt
knitting,dzierganie,ˈnɪtɪŋ
knitwear,dzianina,ˈnɪtweə
knob,nɒb,
knobbly,guzowaty,zwęźlony|ˈnɒblɪ
knocker,kołatka,ˈnɒkə
knockout,knock-out,ˈnɒkaʊt
knoll,nəʊl,wzgórek
knotty,poplątany,zawiły|ˈnɒtɪ
know,nəʊ,wiesz''
knowhow,know-how,wiedza|ˈnəʊhaʊ
knowing,porozumiewawczy,ˈnəʊɪŋ
knowingly,ˈnəʊɪŋlɪ,
knowledge,ˈnɒlɪʤ,
knowledgeable,dobrze poinformowany,poinformowany|ˈnɒlɪʤebəl
knt,"knt.
  rycerz",szlachcic
knuckle,ˈnʌkəl,
ko,nokaut,
koran,kɔ:ˈrɑ:n,"the koran 
 - koran"
korea,kəˈrɪə,
korean,"i.    koreański
ii.    koreańczyk",kəˈrɪən
kosher,koszerny,ˈkəʊʃə
kph,godz,km
kt,"kt.
  rycerz",szlachcic
kudos,sława,ˈkju:dəs
kuwait,kuwejt,kʊˈweɪt
kuwaiti,"i.    kuwejcki
ii.    kuwejtczyk",kʊˈweɪtɪ
lab,"lab.
  partia pracy",laboratorium|læb|pracy
label,"oznaczać
 2.  obdarzać etykietą",ˈleɪbəl
labor,labour,ˈleɪbə
laboratory,laboratorium,ləˈbɒrətərɪ
laborer,labourer,pracownik|pracownik fizyczny|ˈleɪbərə
laborious,ləˈbɔ:rɪəs,pracochłonny
labour,labor,ˈleɪbə
labourer,laborer,pracownik|pracownik fizyczny|ˈleɪbərə
labyrinth,labirynt,ˈlæbɪrɪnθ
lace,leɪs,
lacerate,kaleczyć,przecinać|ˈlæsəreɪt
lack,læk,
lackey,pachołek,sługus|ˈlækɪ
laconic,lakoniczny,ləˈkɒnɪk
lacquer,"i.    lakier
ii.    lakierować",ˈlækə
lacy,koronkowy,ˈleɪsɪ
lad,læd,młodzieniec
ladder,ˈlædə,
laden,obładowany,ˈleɪdən
ladle,nabierać,ˈleɪdəl
lady,ˈleɪdɪ,
ladylike,dystyngowany,ˈleɪdɪlaɪk
lager,ˈlɑ:gə,
lagoon,laguna,ləˈgu:n
lair,legowisko,leə|pieczara
lake,jezioro,leɪk
lamb,læm,
lame,kulawy,leɪm
lament,"biadać
ii.    biadanie",ləˈment
lamentable,ləˈmentəbəl,opłakany
lamp,lampa,læmp
lamppost,lamp-post,słup latarni|ˈlæmppəʊst
lampshade,abażur,ˈlæmpʃeɪd
landed,posiadający ziemię,ˈlændɪd
landing,ˈlændɪŋ,
landlady,ˈlændleɪdɪ,
landlocked,otoczony lądem,ˈlændlɒkt
landlord,ˈlændlɔ:d,
landmark,punkt zwrotny,ˈlændmɑ:k
landscape,kształtować,ˈlændskeɪp
landslide,ˈlændslaɪd,
lane,1.  alejka,leɪn
lang,"lang.
  język",
language,język,ˈlæŋgwɪʤ
languid,apatyczny,ˈlæŋgwɪd
languor,apatyczność,ˈlæŋgə
lanky,kościsty,ˈlæŋkɪ
lantern,latarnia,ˈlæntən
lap,læp,
lapel,klapa,ləˈpel
lapse,læps,
laptop,przenośny,ˈlæpˌtɒp
larceny,ˈlɑ:sənɪ,
larch,lɑ:ʧ,modrzew
lard,lɑ:d,smalec
larder,spiżarnia,ˈlɑ:də
largely,ˈlɑ:ʤlɪ,
largescale,large-scale,ˈlɑ:ʤskeɪl
lark,lɑ:k,
larva,larwa,ˈlɑ:və
laryngitis,zapalenie gardła,ˌlærɪnˈʤaɪtɪs
lascivious,ləˈsɪvɪəs,pożądliwy
laser,ˈleɪzə,
lass,dziewczyna,læs
lasting,trwały,ˈlɑ:stɪŋ
lastly,ˈlɑ:stlɪ,
lastminute,last-minute,w ostatniej chwili|ˌlɑ:stˈmɪnɪt
lat,"lat.
  szerokość",łacina|łaciński
latch,læʧ,
late,leɪt,niedawno zmarły
latecomer,spóźnialski,ˈleɪtkʌmə
lately,ostatnio,ˈleɪtlɪ
latent,ukryty,ˈleɪtənt
lateral,boczny,ˈlætərəl
lathe,ˈleɪð,
lather,mydlić się,ˈlɑ:ðə
latitude,1.  szerokość geograficzna,ˈlætɪtju:d
latrine,latryna,ləˈtri:n
latter,i.    drugi z dwóch,ten ostatni|ˈlætə
latterday,latter-day,nowoczesny|współczesny|ˌlætəˈdeɪ
lattice,kratka,kratownica|ˈlætɪs
laudable,chwalebny,ˈlɔ:dəbəl
laugh,lɑ:f,
laughable,groteskowy,śmieszny|ˈlɑ:fəbəl
laughing stock,pośmiewisko,ˈlɑ:fɪŋ stɒk
laughter,śmiech,ˈlɑ:ftə
launch,lɔ:nʧ,
launder,prać,ˈlɔ:ndə
launderette,pralnia samoobsługowa,ˌlɔ:ndˈret
laundry,ˈlɔ:ndrɪ,
laurel,laur,wawrzyn|ˈlɔ:rəl
lava,lawa,ˈlɑ:və
lavatory,ubikacja,ˈlævətərɪ
lavender,lawenda,ˈlævɪndə
lavish,zarzucać,ˈlævɪʃ
law,lɔ:,sąd|ˈlɔ:breɪkə|ˈlɔ:kɔ:t
lawabiding,law-abiding,praworządny|ˈlɔ: əbaɪdɪŋ
lawful,legalny,ˈlɔ:fʊl
lawless,"1.  nielegalny
 2.  samowolny",ˈlɔ:lɪs
lawn,lɔ:n,trawnik
lawnmower,kosiarka,kosiarka do trawników|ˈlɔ:nməʊə
lawsuit,postępowanie sądowe,proces sądowy|ˈlɔ:su:t
lawyer,adwokat,prawnik|ˈlɔ:jə
lax,luźny,læks|nieścisły
laxative,środek przeczyszczający,ˈlæksətɪv
lay,leɪ,
layabout,nicpoń,ˈleɪəbaʊt
layby,lay-by,zatoka|zatoka drogi|ˈleɪbaɪ
layer,powłoka,warstwa|ˈleɪə
layman,amator,nieprofesjonalista|ˈleɪmən
layoff,zwolnienie,ˈleɪɒf
layout,rozmieszczenie,rozplanowanie|ˈleɪaʊt
laze,leniuchować,leɪz
lazy,leniwy,ˈleɪzɪ
lb,"libra
  funt",
lea,wydział oświaty,
lead,rysik,
leaden,ciężki,ˈledən
leader,prowadzący,"przywódca
 2.  lider|ˈli:də"
leadership,ˈli:dəʃɪp,
leading,czołowy,wiodący|ˈli:dɪŋ
leaf,li:f,
leaflet,ulotka,ˈli:flɪt
leafy,ˈli:fɪ,
league,li:g,w sprzymierzeniu z
leak,li:k,
leaky,cieknący,nieszczelny|ˈli:kɪ
lean,li:n,
leaning,1.  ciągota,"pochylony|skłonność
 2.  krzywy|ˈli:nɪŋ"
leap,li:p,li:p ˈjɪə|rok przestępny
learn,1.  uczyć się,lɜ:n
learned,uczony,ˈlɜ:nɪd
learning,głęboka wiedza,wiedza|ˈlɜ:nɪŋ
lease,dzierżawić,"i.    dzierżawa|li:s|najem
ii.    wynajmować"
leash,li:ʃ,smycz
least,li:st,
leather,skóra,ˈleðə
leathery,"1.  skórzasty
 2.  łykowaty",ˈleðərɪ
leave,li:v,
lebanese,"i.    libański
ii.    libańczyk",lebəˈni:z
lebanon,liban,ˈlebənɒn
lecherous,lubieżny,ˈleʧərəs
lectern,pulpit,ˈlektən
lecture,ˈlekʧə,
lecturer,docent,wykładowca|ˈlekʧərə
ledge,1.  półka skalna,"leʤ|półka
 2.  parapet"
ledger,księga główna,księga rachunkowa|ˈleʤə
leech,li:ʧ,pijawka
leek,li:k,por
leer,lɪə,
leeway,luz,rezerwa|ˈli:weɪ
lefthand,"1.  lewostronny
 2.  lewy",left-hand|ˈlefthænd
lefthanded,left-handed,leworęczny|ˌleftˈhændɪd
leftist,"i.    lewicowiec
ii.    lewicowy",ˈleftɪst
leftluggage office,biuro rzeczy znalezionych,left-luggage office|ˌleft ˈlʌgɪʤ ɒfɪs
leftover,ˈleftəʊvə,
leftwing,left-wing,lewicowy|ˌleftˈwɪŋ
leftwinger,left-winger,lewicowiec|ˌleftˈwɪŋə
leg,część,
legacy,1.  spadek,"legat
 2.  spuścizna|ˈli:gəsɪ"
legal,ˈli:gəl,
legality,legalność,lɪˈgælɪtɪ
legalize,legalizować,ˈli:gəlaɪz
legend,legenda,ˈleʤənd
legendary,legendarny,ˈleʤəndərɪ
leggings,getry,ˈlegɪŋz
legible,czytelny,ˈleʤɪbəl
legion,ˈli:ʤən,
legislate,ustanawiać prawa,ˈleʤɪsleɪt
legislation,prawodawstwo,ustawodawstwo|ˌleʤɪˈsleɪʃən
legislative,legislacyjny,prawny|ˈleʤɪslətɪv
legislature,legislatura,ˈleʤɪsləʧə
legitimate,lɪˈʤɪtɪmət,właściwy
leipzig,lipsk,ˈlaɪptsɪg
leisure,ˈleʒə,
leisurely,"i.    nieśpieszny
ii.    nieśpiesznie",ˈleʒəlɪ
lemon,cytryna,ˈlemən
lemonade,lemoniada,ˌleməˈneɪd
lender,kredytodawca,ˈlendə
lengthen,wydłużać,ˈleŋθən
lengthy,długi,wydłużony|ˈleŋkθɪ
lenient,pobłażliwy,ˈli:nɪənt
lens,"1.  soczewka
 2.  obiektyw",lenz
lent,wielki post,
lentil,soczewica,ˈlentɪl
leo,ˈli:əʊ,
leopard,lampart,ˈlepəd
leotard,trykot,ˈlɪətɑ:d
leper,trędowaty,ˈlepə
leprosy,trąd,ˈleprəsɪ
lesbian,"i.    lesbijski
ii.    lesbijka",ˈlezbɪən
less,les,niż
lessen,zmniejszać,zmniejszać się|ˈlesən
lesser,"1.  mniejszy
 2.  pomniejszy",ˈlesə
lesson,korzyść,ˈlesən
lest,aby nie,
letdown,rozczarowanie,zawód|ˈletdaʊn
lethal,zabójczy,ˈli:θəl
lethargic,letargiczny,lɪˈθɑ:ʤɪk
letter,ˈletə,
letterbox,skrzynka pocztowa,ˈletəbɒks
lettering,liternictwo,ˈletərɪŋ
letterquality,letter-quality,ˌletə ˈkwɒlətɪ
lettuce,sałata,ˈletəs
letup,let-up,zelżenie|ˈletʌp
leukaemia,białaczka,leukemia|lu:ˈki:mɪə
leukemia,białaczka,leukaemia|lu:ˈki:mɪə
levelheaded,level-headed,zimnokrwisty|zrównoważony|ˌlevəl ˈhedɪd
lever,"rączka
ii.    podważać",ˈli:və
leverage,ˈli:vərɪʤ,
levity,lekkomyślność,płochość|ˈlevɪtɪ
levy,"i.    pobranie
ii.    pobierać",ściągać|ˈlevɪ
lewd,pożądliwy,ˈlu:d
liability,laɪəˈbɪlɪtɪ,zobowiązania pieniężne
liable,ˈlaɪəbəl,
liaise,lɪˈeɪz,współpracować
liaison,1.  porozumienie,lɪˈeɪzən
liar,kłamca,ˈlaɪə
lib,"lib.
  liberalny",
libel,oszczerstwo,zniesławienie|ˈlaɪbəl
libellous,libelous,oszczerczy|ˈlaɪbələs
libelous,libellous,oszczerczy|ˈlaɪbələs
liberal,"obfity
ii.    liberał",ˈlɪbərəl
liberate,"1.  uwalniać
 2.  oswobadzać",spod czegoś)|ˈlɪbəreɪt
liberated,wyzwolony,ˈlɪbəreɪtɪd
liberation,spod czegoś),ˌlɪbəˈreɪʃən
libra,lb,"libra
  funt|ˈli:brə"
librarian,bibliotekarz,laɪˈbreərɪən
library,biblioteka,ˈlaɪbrərɪ
libya,libia,ˈlɪbɪə
libyan,"i.    libijski
ii.    libijczyk",ˈlɪbɪən
licence,license,ˈlaɪsəns
license,licence,wydawać zezwolenie|wydawać zezwolenie licencję|ˈlaɪsəns
licensed,koncesjonowany,ˈlaɪsənst
licentious,laɪˈsenʃəs,rozwiązły
lick,lɪk,"położyć
ii.   1.  polizanie"
lid,"1.  pokrywka
 2.  powieka",lɪd
liedown,lie-down,wypoczynek|ˌlaɪˈdaʊn
lieut,"lieut.
  porucznik",
lieutcol,"lieut.-col.
  podpułkownik",
lieutenant,lefˈtenənt,porucznik
life,kamizelka ratunkowa,laɪf|ˈlaɪfʤækɪt|ˌlaɪf ɪksˈpektənsɪ|ˌlaɪf ɪmˈprɪzənmənt
lifebelt,pas ratunkowy,ˈlaɪfbelt
lifeboat,łódź ratunkowa,ˈlaɪfbəʊt
lifeguard,ratownik,ˈlaɪfgɑ:d
lifeless,ˈlaɪflɪs,
lifelike,jak żywy,ˈlaɪflaɪk
lifeline,lina ratunkowa,ˈlaɪflaɪn
lifelong,na całe życie,na życie|ˈlaɪflɒŋ
lifesize,life-size,naturalnej wielkości|ˌlaɪfˈsaɪz
lifespan,1.  długość życia,"trwanie|życie
 2.  żywotność|ˈlaɪfspæn"
lifetime,1.  całe życie,"życie
 2.  trwanie|ˈlaɪftaɪm"
lift,lɪft,
ligament,wiązadło,ˈlɪgəmənt
light,laɪt,"żarówka
v.  light guide|ˈlaɪt gaɪd|ˈlaɪt pen|ˈlaɪtbʌlb"
lighten,1.  rozjaśniać się,"rozjaśniać
 2.  zmniejszać wagę|ˈlaɪtən"
lighter,"lighter
   zapalniczka",
lightheaded,light-headed,oszołomiony|ˌlaɪtˈhedɪd
lighthearted,"1.  beztroski
 2.  wesoły",humorystyczny|light-hearted|ˌlaɪtˈhɑ:tɪd
lighthouse,latarnia morska,ˈlaɪthaʊs
lighting,oświetlenie,ˈlaɪtɪŋ
lightly,beztrosko,lekkomyślnie|ˈlaɪtlɪ
lightning,ˈlaɪtnɪŋ,ˈlaɪtnɪŋ kəndʌktə|ˈlaɪtnɪŋ rɒd
lightweight,lekki,ˈlaɪtweɪt
lightyear,light-year,rok świetlny|ˈlaɪtjɪə
likable,likeable,miły|sympatyczny|ˈlaɪkəbəl
likeable,likable,miły|sympatyczny|ˈlaɪkəbəl
likelihood,możliwość,prawdopodobieństwo|ˈlaɪklɪhʊd
likely,"most likely 
 - najprawdopodobniej",ˈlaɪklɪ
likeminded,laɪkˈmaɪndɪd,like-minded|podobnie myślący
liken,przyrównywać,ˈlaɪkən
likeness,podobieństwo,ˈlaɪknɪs
likewise,podobnie,ˈlaɪkwaɪz
liking,upodobanie,ˈlaɪkɪŋ
lilac,ˈlaɪlək,
lilt,lɪlt,zaśpiew
lily,lilia,ˈlɪlɪ
limb,kończyna,lɪm|odnóże
limber up,przygotowywać się,ćwiczyć|ˌlɪmbərˈʌp
limbo,zapomnienie,zawieszenie|ˈlɪmbəʊ
lime,laɪm,limeta
limelight,światła rampy,ˈlaɪmlaɪt
limerick,limeryk,ˈlɪmərɪk
limitation,ograniczenie,ˌlɪmɪˈteɪʃən
limited,ˈlɪmɪtɪd,
limitless,nieograniczony,ˈlɪmɪtlɪs
limousine,limuzyna,ˌlɪməˈzi:n
limp,"kuśtykać
ii.    kulenie",lɪmp
linear,"1.  linearny
 2.  liniowy",ˈlɪnɪə
linen,"płócienny
 2.  bieliźniany",ˈlɪnɪn
liner,1.  liniowiec,ˈlaɪnə
linesman,sędzia liniowy,ˈlaɪnzmən
lineup,line-up,skład|ugrupowanie|ˈlaɪnʌp
linger,bawić,ˈlɪŋgə
lingerie,bielizna damska,ˈlɒnʒərɪ
linguistic,językoznawczy,lɪŋgˈwɪstɪk
linguistics,językoznawstwo,lɪŋgˈwɪstɪks
lining,1.  podszewka,"podbicie
 2.  wyściółka|ˈlaɪnɪŋ"
link,lɪŋk,
linkage,związek,ˈlɪŋkɪʤ
links,boisko do golfa,lɪŋks
linkup,połączenie,ˈlɪŋkʌp
lion,lew,ˈlaɪən
lioness,lwica,ˈlaɪənɪs
lip,lɪp,warga
lipread,czytać z warg,lip-read|ˈlɪpri:d
lipservice,lip-service,ˈlɪpsɜ:vɪs
lipstick,kredka do ust,ˈlɪpstɪk
liquefy,ˈlɪkwɪfaɪ,
liqueur,likier,lɪˈkjʊə
liquid,płynny,ˈlɪkwɪd
liquidate,likwidować,ˈlɪkwɪdeɪt
liquidcrystal display,"liquid-crystal display 
  ekran ciekłokrystaliczny",
liquor,alkohol,trunek|ˈlɪkə
lisbon,lizbona,ˈlɪzbən
lisp,"i.    seplenić
ii.    seplenienie",lɪsp
list,lɪst,"spis
ii.   1.  wypisywać"
listen,ˈlɪsən,
listener,słuchacz,ˈlɪsənə
listless,osowiały,ˈlɪstlɪs
litany,litania,ˈlɪtənɪ
liter,litr,litre|ˈli:tə
literacy,umiejętność czytania i pisania,ˈlɪtərəsɪ
literal,"1.  dosłowny
 2.  literalny",ˈlɪtərəl
literary,"1.  literacki
 2.  poetycki",ˈlɪtərərɪ
literate,ˈlɪtərət,
literature,"1.  literatura
 2.  piśmiennictwo",ˈlɪtrəʧə
lithuania,litwa,ˌlɪθjʊˈeɪnɪə
lithuanian,"i.    litewski
ii.    litwin",ˌlɪθjʊˈeɪnɪən
litigate,procesować się,ˈlɪtɪgeɪt
litigation,sprawa,spór sądowy|ˌlɪtɪˈgeɪʃən
litre,liter,litr|ˈli:tə
litter,"lęg
ii.    zaśmiecać",ˈlɪtə
liturgy,liturgia,ˈlɪtəʤɪ
livelihood,źródło utrzymania,ˈlaɪvlɪhʊd
lively,ˈlaɪvlɪ,
liven up,ożywiać,ożywiać się|ˌlaɪvən ˈʌp
liver,wątroba,ˈlɪvə
livestock,trzoda,ˈlaɪvstɒk
livid,ˈlɪvɪd,
living,pokój dzienny,salonik|ˈlɪvɪŋ|ˈlɪvɪŋ ru:m
lizard,jaszczurka,ˈlɪzəd
llama,ˈlɑ:mə,
lmt,czas lokalny,
loaded,1.  załadowany,ˈləʊdɪd
loaf,bochenek,ləʊf
loan,"kredyt
 2.  pożyczenie",kredyt bankowy|ləʊn
loathe,ləʊð,nie cierpieć
loathing,obrzydzenie,wstręt|ˈləʊðɪŋ
lobby,"westybul
 2.  lobby",ˈlɒbɪ
lobe,ləʊb,
lobster,homar,ˈlɒbstə
local,"1.  lokalny
 2.  miejscowy",ˈləʊkəl
locality,ləʊˈkælɪtɪ,miejsce
locate,"1.  wynajdować
 2.  lokować",ləʊˈkeɪt
location,ləʊˈkeɪʃən,
loch,jezioro,ˈlɒk
lock,"and barrel 
 - wszystko",lɒk|stock
locker,schowek,schowek na bagaż|ˈlɒkə
locket,medalion,ˈlɒkɪt
locomotive,lokomotywa,ˌləʊkəˈməʊtɪv
locust,szarańcza,ˈləʊkəst
lodge,"domek
ii.   1.  lokować",i.    domek dozorcy|lɒʤ
lodger,lokator,sublokator|ˈlɒʤə
lodging,ˈlɒʤɪŋ,
loft,lɒft,strych
lofty,ˈlɒftɪ,
loggerheads,ˈlɒgəhedz,
logic,logika,ˈlɒʤɪk
logical,logiczny,ˈlɒʤɪkəl
logistics,logistyka,ləˈʤɪstɪks
loins,"1.  lędźwie
 2.  genitalia",lɔɪnz
loiter,marudzić,zwlekać|ˈlɔɪtə
loll,lɒl,"wywieszać|zwieszać
 3.  wywieszać się"
lollipop,lizak,ˈlɒlɪpɒp
lolly,ˈlɒlɪ,
london,"i.    londyn
ii.    londyński",ˈlʌndən
londoner,londyńczyk,ˈlʌndənə
lone,jedyny,ləʊn|pojedynczy
lonely,"1.  samotny
 2.  osamotniony",ˈləʊnlɪ
loner,samotnik,ˈləʊnə
lonesome,osamotniony,ˈləʊnsəm
long,"long.
  długość",
longdistance,"1.  długodystansowy
 2.  zamiejscowy",long-distance|ˌlɒŋ ˈdɪstəns
longevity,długowieczność,lɒnˈʤevɪtɪ
longitude,długość,długość geograficzna|ˈlɒŋɪtju:d
longlife,długotrwały,long-life|o przedłużonej trwałości|ˌlɒŋˈlaɪf
longlived,długowieczny,long-lived|ˌlɒŋˈlɪvd
longplaying,long-playing,ˌlɒŋ ˈpleɪɪŋ
longrange,dalekiego zasięgu,dalekosiężny|long-range|ˌlɒŋˈreɪnʤ
longsighted,dalekowzroczny,long-sighted|ˌlɒŋˈsaɪtɪd
longstanding,długotrwały,long-standing|ˌlɒŋˈstændɪŋ
longterm,long-term,ˌlɒŋˈtɜ:m
longwinded,long-winded,rozwlekły|ˌlɒŋˈwɪndɪd
loo,lu:,ubikacja
lookout,1.  czujka,wyglądać|ˈlʊkaʊt
loom,budzić duże zaniepokojenie,"i.   1.  zarysowywać się|lu:m|wyłaniać się
 2.  nadciągać"
loony,"i.    szajbnięty
ii.    szajbus",ˈlu:nɪ
loop,lu:p,
loophole,furtka,luka|ˈlu:phəʊl
loose,lu:s,
loosen,1.  rozluźniać się,"poluźniać
 2.  poluzowywać|poluźniać się|rozluźniać|ˈlu:sən"
loot,lu:t,
lop,lɒp,
lopsided,koślawy,krzywy|ˌlɒpˈsaɪdɪd
lord,boże ty mój!'',lɔ:d
lore,folklor,lɔ:|tradycja
lorry,ciężarówka,ˈlɒrɪ
loser,ˈlu:zə,
loss,1.  strata,lɒs|nie znajdować
lost,lɒst,"rzeczy zagubione|spływaj!''
ii.  lost property|ˌlɒst ˈprɒpətɪ"
lotion,balsam,płyn kosmetyczny|ˈləʊʃən
lottery,loteria,ˈlɒtərɪ
loud,laʊd,
loudspeaker,głośnik,ˌlaʊdˈspi:kə
louisiana,lu:ˌi:zɪˈænə,
lounge,laʊnʤ,ubranie na co dzień|ˈlaʊnʤsu:t
louse,laʊs,wesz
lousy,ˈlaʊzɪ,
lout,chuligan,laʊt
lovable,uroczy,ˈlʌvəbəl
loveless,ˈlʌvlɪs,
lovely,cudowny,wspaniały|ˈlʌvlɪ
lovemaking,love-making,ˈlʌvmeɪkɪŋ
lover,"1.  kochanek
 2.  miłośnik",ˈlʌvə
loving,ˈlʌvɪŋ,
lowcut,głęboko wycięty,low-cut|wydekoltowany|ˈləʊkʌt
lower,ˈləʊə,
lowkey,dyskretny,low-key|z rezerwą|ˌləʊˈki:
lowlands,niziny,ˈləʊləndz
lowly,niski,skromny|ˈləʊlɪ
loyal,lojalny,ˈlɔɪəl
loyalty,"1.  lojalność
 2.  wierność",przywiązanie|ˈlɔɪəltɪ
lozenge,tabletka,tabletka do ssania|ˈlɒzɪnʤ
lp,płyta długogrająca,płyta długogrająca analogowa
lst,czas lokalny,
lt,"lt.
  porucznik",
ltcol,"lt.-col.
  podpułkownik",
ltd,z ograniczoną odpowiedzialnością,
lubricate,smarować,ˈlu:brɪkeɪt
lucid,ˈlu:sɪd,
luck,lʌk,powodzenia''
luckily,na szczęście,ˈlʌkɪlɪ
lucky,ˈlʌkɪ,
lucrative,lukratywny,ˈlu:krətɪv
ludicrous,groteskowy,śmieszny|ˈlu:dɪkrəs
lug,lʌg,tachać|taskać
luggage,bagaż,ˈlʌgɪʤ
lugubrious,ləˈgu:brɪəs,pogrzebowy|żałobny
lukewarm,"1.  letni
 2.  niezainteresowany",obojętny|ˌlu:kˈwɔ:m
lull,i.    przerwa,lʌl
lullaby,kołysanka,ˈlʌləbaɪ
lumber,ˈlʌmbə,
luminous,fosforyzujący,luminescencyjny|ˈlu:mɪnəs
lump,"bryła
 2.  narośl","guz
 3.  kostka cukru|kwota ogólna|lʌmp|włączać   
iii.  lump sum"
lumpy,"1.  wyboisty
 2.  grudowaty",ˈlʌmpɪ
lunacy,szaleństwo,ˈlu:nəsɪ
lunar,księżycowy,ˈlu:nə
lunatic,ˈlu:nətɪk,
lunch,i.    lekki obiad,obiad|pora obiadowa|ˈlʌnʧ|ˈlʌnʧaʊə
luncheon,lunch,ˈlʌnʧ
lung,lʌŋ,płuco
lunge,szarpnięcie,ˈlʌnʤ
lurch,lɜ:ʧ,
lure,lʊə,
lurid,"1.  okropny
 2.  krzykliwy",ˈlʊərɪd
lurk,czaić się,lɜ:k
luscious,"1.  smakowity
 2.  rewelacyjny",ˈlʌʃəs
lush,lʌʃ,"wybujały
 2.  luksusowy"
lustful,pożądliwy,ˈlʌstfʊl
lustre,ˈlʌstə,
lusty,krzepki,pełen wigoru|ˈlʌstɪ
lute,lu:t,lutnia
luxuriant,lʌgˈʒʊərɪənt,
luxuriate,dobrze się czuć,lʌgˈʒʊərɪeɪt|rozkoszować się
luxurious,lʌgˈʒʊərɪəs,swobodny
luxury,"i.    luksus
ii.    luksusowy",ˈlʌkʃərɪ
lw,"lw
  fale długie",
lynch,linczować,lɪnʧ
lynx,lɪŋks,ryś
lyre,lira,ˈlaɪə
lyric,liryczny,ˈlɪrɪk
lyrical,liryczny,ˈlɪrɪkəl
lyrics,słowa,słowa pieśni|ˈlɪrɪks
ma,magister,magister nauk humanistycznych
mac,mæk,płaszcz przeciwdeszczowy
macabre,makabryczny,məˈkɑ:bə
macaroni,makaron rurki,ˌmækəˈrəʊnɪ
macedonia,mæsɪˈdəʊnɪə,
macedonian,"i.    macedoński
ii.    macedończyk",mæsɪˈdəʊnɪən
machete,maczeta,məˈʧetɪ
machine,karabin maszynowy,"məˈʃi:n|məˈʃi:n gʌn|obrabiać
iii.  machine gun"
machinery,1.  urządzenia mechaniczne,"maszyny
 2.  maszyneria|mechanizm|məˈʃi:nərɪ"
macintosh,płaszcz przeciwdeszczowy,ˈmækɪntɒʃ
mackerel,makrela,ˈmækərəl
mackintosh,płaszcz przeciwdeszczowy,ˈmækɪntɒʃ
mad,1.  zwariowany,mæd
madame,"madame
  pani",mme
madden,rozwścieczać,ˈmædən
made,meɪd,zrobiony
madetomeasure,made-to-measure,zrobiony na miarę|zrobiony na zamówienie|ˌmeɪdtəˈmeʒə
madly,"1.  szalenie
 2.  szaleńczo",ˈmædlɪ
madman,"1.  szaleniec
 2.  wariat",ˈmædmən
madness,"1.  szaleństwo
 2.  obłęd",ˈmædnɪs
madrid,madryt,mədˈrɪd
magazine,magazyn,miesięcznik|ˌmægəˈzi:n
maggot,czerw,ˈmægət
magic,"czar
ii.    magiczny",czarodziejski|czary|ˈmæʤɪk
magical,czarodziejski,magiczny|ˈmæʤɪkəl
magician,1.  iluzjonista,"məˈʤɪʃən|prestidigitator
 2.  czarownik"
magistrate,sędzia pokoju,ˈmæʤɪstreɪt
magnanimous,mægˈnænɪməs,wielkoduszny
magnate,magnat,ˈmægneɪt
magnet,magnes,ˈmægnɪt
magnetic,magnetyczny,mægˈnetɪk
magnetism,magnetyzm,ˈmægnətɪzəm
magnification,powiększenie,ˌmægnɪfɪˈkeɪʃən
magnificent,mægˈnɪfɪsənt,wspaniały
magnify,"1.  powiększać
 2.  wyolbrzymiać",ˈmægnɪfaɪ
magnitude,duży rozmiar,rozmiar|wielkość|ˈmægnɪtju:d
magpie,sroka,ˈmægpaɪ
mahogany,mahoń,məˈhɒgənɪ
maid,meɪd,pokojówka|służąca
maiden,nazwisko panieńskie,ˈmeɪdən|ˈmeɪdən neɪm
mail,meɪl,meɪl ˈɔ:də|zamówienie pocztowe
mailbox,skrzynka pocztowa,ˈmeɪlbɒks
mailman,listonosz,ˈmeɪlmən
maim,meɪm,okaleczać
maine,meɪn,
mainframe,komputer główny,komputer główny duży|ˈmeɪnfreɪm
mainland,"i.    kontynent
ii.    kontynentalny",ˈmeɪnlənd
mainly,głównie,zasadniczo|ˈmeɪnlɪ
mainspring,główna przyczyna,główna przyczyna sprężyna|ˈmeɪnsprɪŋ
mainstay,podstawa,ˈmeɪnsteɪ
mainstream,uważany za podstawowy,ˈmeɪnstri:m
maintain,"1.  utrzymywać 
 2.  konserwować",dbać|meɪnˈteɪn
maintenance,"1.  utrzymanie
 2.  konserwacja",ˈmeɪntənəns
maisonette,małe mieszkanie dwupoziomowe,mieszkanie dwupoziomowe|ˌmeɪzəˈnet
maize,kukurydza,meɪz
maj,"maj.
  major",
majestic,majestatyczny,məˈʤestɪk
major,dur,ˈmeɪʤə
majority,məˈʤɒrɪtɪ,
makebelieve,make-believe,poza|udawanie|ˌmeɪkbəˈli:v
maker,producent,ˈmeɪkə
makeshift,doraźny,tymczasowy|ˈmeɪkʃɪft
makeup,make-up,ˈmeɪkʌp
making,1.  wytwarzanie,mieć zadatki czegoś|ˈmeɪkɪŋ
maladjusted,niedostosowany,ˌmæləˈʤʌstɪd
malady,choroba,ˈmælədɪ
malaise,məˈleɪz,niepokój
malaria,məˈlærɪə,
malay,məˈleɪ,
malaysia,malezja,məˈleɪzɪə
malaysian,malezyjski,məˈleɪzɪən
male,meɪl,
malevolent,məˈlevələnt,nieżyczliwy
malfunction,ˌmælˈfʌŋkʃən,
malice,złośliwość,ˈmælɪs
malicious,məˈlɪʃəs,złośliwy
malign,məˈlaɪn,oczerniać|zniesławiać
malignant,məˈlɪgnənt,złośliwy
malinger,məˈlɪŋgə,symulować chorobę
mall,centrum handlowe,mɔ:l
mallet,młotek drewniany,ˈmælɪt
malnutrition,niedożywienie,ˌmælnjʊˈtrɪʃən
malpractice,zaniedbanie,ˌmælˈpræktɪs
malt,mɔ:lt,
maltreat,maltretować,znęcać się|ˌmælˈtri:t
mammal,ssak,ˈmæməl
mammoth,"i.    mamut
ii.    gigantyczny",ˈmæməθ
manage,1.  zdołać,ˈmænɪʤ
manageable,wykonalny,ˈmænɪʤəbəl
management,1.  kierownictwo,"władza|zarządzanie
 2.  kontrola|ˈmænɪʤmənt"
manager,1.  dyrektor,"kierownik
 2.  menadżer|ˈmænɪʤə"
managerial,kierowniczy,ˌmænɪˈʤɪərɪəl
managing,główny dyrektor,ˈmænɪʤɪŋ
mandarin,mandarynka,ˈmændərɪn
mandate,1.  poparcie,"mandat
 2.  zadanie|upoważnienie|ˈmændeɪt"
mandatory,nakazany prawem,ˈmændətərɪ
mane,grzywa,meɪn
maneuver,"i.    manewr
ii.    manewrować",manoeuvre|məˈnu:və
manfully,namiętnie,z determinacją|ˈmænfʊlɪ
mangle,ˈmæŋgəl,
mango,ˈmæŋgəʊ,
manhandle,poturbować,ˈmænhʌndəl
manhole,właz,ˈmænhəʊl
manhood,"1.  męskość
 2.  dojrzałość",ˈmænhʊd
manhour,man-hour,roboczogodzina|ˈmænaʊə
manhunt,obława,pościg|ˈmænhʌnt
mania,ˈmeɪnɪə,
maniac,maniak,ˈmeɪnɪæk
manic,maniakalny,szaleńczy|ˈmænɪk
manicure,i.    pielęgnować paznokcie,"pielęgnacja|pielęgnować
ii.    pielęgnacja paznokci|ˈmænɪkjʊə"
manifest,i.    oczywisty,"przejawiać|unaoczniony
ii.    przedstawiać|ˈmænɪfest"
manifestation,objaw,przejaw|ˌmænɪfeˈsteɪʃən
manifesto,manifest,ˌmænɪˈfestəʊ
manifold,różnoraki,ˈmænɪfəʊld
manila,manilla,məˈnɪlə|papier pakowy
manilla,manila,məˈnɪlə|papier pakowy
manipulate,manipulować,məˈnɪpjəleɪt
manipulation,manipulacja,məˌnɪpjəˈleɪʃən
mankind,ludzkość,ˌmænˈkaɪnd
manly,męski,ˈmænlɪ
manmade,man-made,przekształcony przez człowieka|ˌmænˈmeɪd
manner,ˈmænə,
mannerism,dziwactwo,zmanierowanie|ˈmænərɪzəm
manoeuvre,"i.    manewr
ii.    manewrować",maneuver|məˈnu:və
manor,1.  dwór obronny,"dwór
 2.  majątek|ˈmænə"
manpower,siła robocza,ˈmænpaʊə
mansion,rezydencja,ˈmænʃən
manslaughter,zabójstwo,ˈmænslɔ:tə
mantelpiece,półka nad kominkiem,ˈmæntəlpi:s
mantle,płaszcz,ˈmæntəl
manual,"i.    ręczny
ii.    instrukcja",podręcznik|ˈmænjʊəl
manufacture,ˌmænjəˈfækʧə,
manufacturer,producent,ˌmænjəˈfækʧərə
manure,gnój,məˈnjʊə
manuscript,rękopis,ˈmænjəskrɪpt
many,ile,ˈmenɪ
map,mæp,rozkładać|rozkładać w czasie
maple,klon,ˈmeɪpəl
mar,"mar.
  marzec",mɑ:|niszczyć
marathon,"i.    maraton
ii.    maratoński",ˈmærəθən
marauder,maruder,məˈrɔ:də|rabuś
marauding,məˈrɔ:dɪŋ,plądrujący|rabujący
marble,kulki,ˈmɑ:bəl
march,marzec,ˈmɑ:ʧ
mare,klacz,kobyła|ˈmeə
margarine,margaryna,ˌmɑ:ʤəˈri:n
margin,brzeg,ˈmɑ:ʤɪn
marginal,marginesowy,ˈmɑ:ʤɪnəl
marigold,nagietek,ˈmærɪgəʊld
marijuana,marihuana,ˌmærɪˈwɑ:nə
marina,məˈri:nə,przystań
marinate,marynować,marynować się|ˈmærɪneɪt
marine,məˈri:n,
marital,ˈmærɪtəl,
maritime,morski,ˈmærɪtaɪm
marjoram,majeranek,ˈmɑ:ʤərəm
mark,mɑ:k,
marked,wyraźny,ˈmɑ:kt
marker,znacznik,znak|ˈmɑ:kə
market,dostępny,ˈmɑ:kɪt
marketable,dający się sprzedać,rynkowy|ˈmɑ:kɪtəbəl
marketing,ˈmɑ:kɪtɪŋ,
marksman,strzelec wyborowy,ˈmɑ:ksmən
marmalade,marmolada z owoców cytrusowych,ˈmɑ:məleɪd
maroon,kasztanowy,məˈru:n
marooned,məˈru:nd,odcięty od świata
marq,"marq.
  markiz",
marquee,duży namiot,mɑ:ˈki:
marquess,markiz,marquis|ˈmɑ:kwɪs
marquis,markiz,marquess|ˈmɑ:kwɪs
marriage,małżeństwo,ˈmærɪʤ
married,1.  żonaty,wychodzić za mąż|ˈmærɪd
marrow,ˈmærəʊ,
marry,1.  pobierać się,żenić się|ˈmærɪ
marsh,bagno,mɑ:ʃ
marshal,ˈmɑ:ʃəl,
marshy,bagnisty,ˈmɑ:ʃɪ
martial,i.    wojskowy,ˈmɑ:ʃəl
martyr,męczennik,ˈmɑ:tə
martyrdom,męczeństwo,ˈmɑ:tədəm
marvel,ˈmɑ:vəl,
marvellous,cudowny,marvelous|ˈmɑ:vələs
marvelous,cudowny,marvellous|ˈmɑ:vələs
maryland,ˈmeərɪlənd,
marzipan,marcepan,ˈmɑ:zɪpæn
masc,"masc.
  męski",
mascara,mæˈskɑ:rə,tusz do rzęs
mascot,maskotka,ˈmæskət
masculine,"1.  męski
 2.  zmaskulinizowany",ˈmæskjəlɪn
mash,mæʃ,tłuc
mask,mɑ:sk,
masochism,masochizm,ˈmæsəkɪzəm
masochist,masochista,ˈmæsəkɪst
mason,kamieniarz,ˈmeɪsən
masonry,"1.  kamieniarstwo
 2.  murarka",ˈmeɪsənrɪ
masquerade,ˌmæskəˈreɪd,
massachusetts,ˌmæsəˈʧu:səts,
massacre,"i.    masakra
ii.    masakrować",ˈmæsəkə
massage,ˈmæsɑ:ʒ,
massive,rozległy,ˈmæsɪv
massproduce,mass-produce,produkować na masową skalę|ˌmæs prəˈdju:s
mast,maszt,mɑ:st
master,konferansjer,ˈmɑ:stə
masterful,władczy,ˈmɑ:stəfʊl
masterly,mistrzowski,ˈmɑ:stəlɪ
mastermind,główny organizator,"i.    planować|przeprowadzać
ii.    dusza|ˈmɑ:stəmaɪnd"
masterpiece,arcydzieło,ˈmɑ:stəpi:s
mastery,ˈmɑ:stərɪ,
masturbate,onanizować się,ˈmæstəbeɪt
masturbation,masturbacja,ˌmæstəˈbeɪʃən
masuria,mazury,məˈsjʊərɪə
masurian,mazurski,məˈsjʊərɪən
mat,chodnik,"mæt|podkładka
 2.  dywanik"
match,mæʧ,
matchbox,pudełko zapałek,ˈmæʧbɒks
matching,odpowiadający,pasujący|ˈmæʧɪŋ
matchless,niedościgniony,ˈmæʧlɪs
mate,meɪt,
material,"i.    materiał
ii.    materialny",məˈtɪərɪəl
materialise,materialize,materializować się|məˈtɪərɪəlaɪz
materialism,materializm,məˈtɪərɪəlɪzəm
materialistic,materialistyczny,məˈtɪərɪəlɪstɪk
materialize,materialise,materializować się|məˈtɪərɪəlaɪz
maternal,macierzyński,matczyny|məˈtɜ:nəl
maternity,"1.  macierzyński
 2.  położniczy",məˈtɜ:nɪtɪ
math,mæθ,
mathematical,matematyczny,ˌmæθəˈmætɪkəl
mathematician,matematyk,ˌmæθəməˈtɪʃən
mathematics,matematyka,ˌmæθəˈmætɪks
matinee,matinée,popołudniówka|przedstawienie|ˈmætɪneɪ
mating,godowy,rozrodczy|ˈmeɪtɪŋ
matinée,matinee,popołudniówka|przedstawienie|ˈmætɪneɪ
matriculate,immatrykulować się,məˈtrɪkjəleɪt
matriculation,immatrykulacja,məˌtrɪkjəˈleɪʃən
matrimonial,matrymonialny,ˌmætrɪˈməʊnɪəl
matrimony,małżeństwo,ˈmætrɪmənɪ
matrix,matryca,ˈmeɪtrɪks
matron,"pielęgniarka
 3.  matrona",ˈmeɪtrən
matt,matowy,mæt
matted,skołtuniony,zmierzwiony|ˈmætɪd
matter,ˈmætə,
matteroffact,chłodny,matter-of-fact|rzeczowy|ˌmætərəvˈfækt
matting,mata,ˈmætɪŋ
mattress,materac,ˈmætrəs
mature,"i.    dojrzewać
ii.    dojrzały",məˈʧʊə
maturity,dojrzałość,dorosłość|məˈʧʊərɪtɪ
maudlin,rzewny,sentymentalny|ˈmɔ:dlɪn
maul,mɔ:l,szarpać
mausoleum,mauzoleum,ˌmɔ:səˈlɪəm
mauve,fiołkowy,məʊv
maverick,dysydencki,"dysydent
ii.    niezależny|i.    samotnik|ˈmævərɪk"
max,maksymalny,"max.
  maksimum"
maxi,ˈmæksɪ,
maxim,maksyma,ˈmæksɪm
maximise,maximize,zwiększać maksymalnie|ˈmæksɪmaɪz
maximize,maximise,zwiększać maksymalnie|ˈmæksɪmaɪz
maximum,"i.    maksymalny
ii.    maksimum",ˈmæksɪməm
may,maj,meɪ
maybe,być może,może|ˈmeɪbɪ
mayonnaise,majonez,ˌmeɪəˈneɪz
mayor,burmistrz,meə
maze,"1.  labirynt
 2.  gmatwanina",meɪz
md,doktor medycyny,medicinae doctor
me,mi:,mɪ
mead,mi:d,miód|miód pitny
meadow,łąka,ˈmedəʊ
meager,meagre,niewielki|skąpy|ˈmi:gə
meagre,meager,niewielki|skąpy|ˈmi:gə
meal,mi:l,posiłek
mealtime,pora posiłku,ˈmi:ltaɪm
mean,"małostkowy
 3.  wielkość przeciętna","mi:n|przeciętna|średnia
iii.   1.  umiar"
meander,mɪˈændə,"wędrować
ii.    meander"
meaning,ˈmi:nɪŋ,
meaningful,posiadający znaczenie,znaczący|ˈmi:nɪŋfʊl
meaningless,bezsensowny,ˈmi:nɪŋlɪs
means,mi:nz,
meantime,w międzyczasie,ˈmi:ntaɪm
meanwhile,tymczasem,ˈmi:nwaɪl
measles,odra,ˈmi:zəlz
measly,nędzny,ˈmi:zlɪ
measurable,dostrzegalny,ˈmeʒərəbəl
measure,i.    mierzyć,ˈmeʒə
measured,"1.  odmierzony
 2.  rozważny",ˈmeʒəd
measurement,1.  wymiar,ˈmeʒəmənt
meat,mi:t,mięso
mechanic,mechanik,mɪˈkænɪk
mechanical,"1.  mechaniczny
 2.  techniczny",mɪˈkænɪkəl
mechanics,mɪˈkænɪks,
mechanise,mechanize,mechanizować|ˈmekənaɪz
mechanism,"1.  mechanizm
 2.  sposób",ˈmekənɪzəm
mechanize,mechanise,mechanizować|ˈmekənaɪz
medal,odznaczenie,ˈmedəl
medalist,medalista,medallist|ˈmedəlɪst
medallion,medalion,mɪˈdælɪən
medallist,medalist,medalista|ˈmedəlɪst
meddle,mieszać się,ˈmedəl
media,środki masowego przekazu,ˈmi:dɪə
mediaeval,medieval,średniowieczny|ˌmedɪˈi:vəl
mediate,pośredniczyć,ˈmi:dɪeɪt
medical,ˈmedɪkəl,
medication,lekarstwo,ˌmedɪˈkeɪʃən
medicinae doctor,doktor medycyny,md
medicinal,leczniczy,meˈdɪsɪnəl
medicine,"1.  medycyna
 2.  lekarstwo",ˈmedɪsɪn
medieval,mediaeval,średniowieczny|ˌmedɪˈi:vəl
mediocre,mierny,pośledni|ˌmi:dɪˈəʊkə
meditate,ˈmedɪteɪt,
meditation,medytacja,ˌmedɪˈteɪʃən
mediterranean,ˌmedɪtəˈreɪnɪən,
medium,"materiał
 2.  medium",ˈmi:dɪəm
meek,mi:k,potulny
meet,1.  spotykać się,dochodzić|mi:t
meeting,"1.  spotkanie
 2.  zebranie",ˈmi:tɪŋ
megaphone,megafon,ˈmegəfəʊn
melancholy,"i.    melancholia
ii.    melancholijny",ˈmelənkɒlɪ
mellow,"głęboki
ii.    dojrzewać","soczysty
 2.  pełny|łagodnieć|ˈmeləʊ"
melodious,melodyjny,mɪˈləʊdɪəs
melodrama,melodramat,ˈmelədrɑ:mə
melodramatic,melodramatyczny,ˌmelədrəˈmætɪk
melody,melodia,ˈmelədɪ
melon,arbuz,ˈmelən
melt,"topić
 3.  wtapiać się",
member,"członek parlamentu
ii.    członkowski",ˈmembə
membership,członkostwo,ˈmembəʃɪp
membrane,błona,błona śluzowa|ˈmembreɪn
memento,mɪˈmentəʊ,pamiątka
memo,memorandum,raport|ˈmeməʊ
memoirs,memuary,pamiętniki|ˈmemwɑ:z
memorable,pamiętny,ˈmemərəbəl
memorandum,ˌmeməˈrændəm,
memorial,"i.    pomnik 
ii.    pamiątkowy",mɪˈmɒrɪəl|upamiętniający
memorise,memorize,zapamiętywać|ˈmeməraɪz
memorize,memorise,zapamiętywać|ˈmeməraɪz
memory,ˈmemərɪ,
menace,ˈmenɪs,
menacing,groźny,ˈmenɪsɪŋ
mend,1.  naprawiać się,
menial,ˈmi:nɪəl,
meningitis,zapalenie opon mózgowych,ˌmenɪnˈʤaɪtɪs
menopause,klimakterium,menopauza|ˈmenəpɔ:z
menstrual,menstruacyjny,ˈmenstrʊəl
menstruate,menstruować,miesiączkować|ˈmenstrʊeɪt
menstruation,menstruacja,ˌmenstrʊˈeɪʃən
mental,ˈmentəl,
mentality,mentalność,menˈtælɪtɪ|umysłowość
mention,nie ma za co'',ˈmenʃən
mentor,ˈmentɔ:,
menu,lista opcji,ˈmenju:
mercenary,"i.    najemnik
ii.    wyrachowany",ˈmɜ:rsɪnərɪ
merchandise,towar,towary|ˈmɜ:ʧəndaɪz
merchant,bank komercyjny,ˈmɜ:ʧənt|ˌmɜ:ʧənt  ˈbæŋk
merciful,1.  litościwy,"miłosierny
 2.  zbawczy|ˈmɜ:sɪfʊl"
merciless,bezlitosny,ˈmɜ:sɪlɪs
mercury,rtęć,ˈmɜ:kjərɪ
mercy,1.  litość,ˈmɜ:sɪ
mere,ˈmɪə,
merely,jedynie,tylko|ˈmɪəlɪ
merest,czysty,najmniejszy|ˈmɪərɪst
merge,1.  scalać się,"scalać|stapiać
 2.  wtapiać się|stapiać się|ˈmɜ:ʤ"
merger,fuzja,ˈmɜ:ʤə
meridian,məˈrɪdɪən,południk
meringue,beza,məˈræŋ
merit,ˈmerɪt,
mermaid,syrena,ˈmɜ:meɪd
merriment,wesołość,ˈmerɪmənt
merry,wesołych świąt,ˈmerɪ
merrygoround,karuzela,merry-go-round|ˈmerɪgəʊraʊnd
mesh,meʃ,
mesmerise,hipnotyzować,mesmerize|oczarowywać|ˈmezməraɪz
mesmerize,hipnotyzować,mesmerise|oczarowywać|ˈmezməraɪz
message,"1.  wiadomość
 2.  przesłanie",idea|ˈmesɪʤ
messenger,posłaniec,ˈmesənʤə
messy,1.  brudny,ˈmesɪ
metabolism,metabolizm,mɪˈtæbəlɪzəm
metal,ˈmetəl,
metallic,metaliczny,mɪˈtælɪk
metamorphosis,metamorfoza,ˌmetəˈmɔ:fəsɪs
metaphor,metafora,przenośnia|ˈmetəfə
metaphysics,metafizyka,ˌmetəˈfɪzɪks
meteor,ˈmi:tɪə,
meteoric,błyskawiczny,ˌmi:tɪˈɒrɪk
meteorite,meteoryt,ˈmi:tɪəraɪt
meteorological,meteorologiczny,ˌmi:tɪərəˈlɒʤɪkəl
meteorology,meteorologia,ˌmi:tɪəˈrɒləʤɪ
meter,metr,metre|ˈmi:tə
method,metoda,ˈmeθəd
methodical,metodyczny,mɪˈθɒdɪkəl
methodist,metodysta,ˈmeθədɪst
methodology,metodyka,ˌmeθəˈdɒləʤɪ
meticulous,dokładny,drobiazgowy|mɪˈtɪkjələs
metre,meter,metr|ˈmi:tə
metric,metryczny,ˈmetrɪk
metro,ˈmetrəʊ,
metropolis,metropolia,mɪˈtrɒpəlɪs
metropolitan,wielkomiejski,ˌmetrəˈpɒlɪtən
mettle,krewkość,temperament|ˈmetəl
mew,miauczeć,mju:
mexican,"i.    meksykański
ii.    meksykanin",ˈmeksɪkən
mexico,meksyk,ˈmeksɪkəʊ
mgr,wasza dostojność,
mi,wywiad wojskowy,
miaow,mɪˈaʊ,
michigan,ˈmɪʃɪgən,
mickey,nabierać,ˈmɪkɪ
microbe,drobnoustrój,mikrob|ˈmaɪkrəʊb
microchip,płytka półprzewodnika,układ scalony|ˈmaɪkrəʧɪp
microphone,mikrofon,ˈmaɪkrəfəʊn
microprocessor,mikroprocesor,ˈmaɪkrəprəʊsesə
microscope,mikroskop,ˈmaɪkrəskəʊp
microscopic,ˌmaɪkrəˈskɒpɪk,
microwave,kuchenka mikrofalowa,ˈmaɪkrəweɪv
mid,1.  środkowy,mɪd
midday,południe,ˌmɪdˈdeɪ
middle,"średniowiecze
v.  middle class",ˈmɪdəl|ˌmɪdəl ˈeɪʤ|ˌmɪdəl ˈeɪʤɪz|ˌmɪdəl ˈklɑ:s
middleaged,middle-aged,w średnim wieku|ˌmɪdəl ˈeɪʤd
middleman,pośrednik,ˈmɪdəlmæn
middleofthe road,centrowy,middle-of-the road|umiarkowany|ˌmɪdəl əv ðə ˈrəʊd
middling,przeciętny,średni|ˈmɪdlɪŋ
midge,komar,mɪʤ
midget,karzeł,ˈmɪʤɪt
midi,ˈmɪdɪ,
midnight,przebiegający w środku nocy,w środku nocy|ˈmɪdnaɪt
midriff,ˈmɪdrɪf,
midst,mɪdst,w trakcie
midsummer,kanikuła,środek lata|ˌmɪdˈsʌmə
midway,pomiędzy,w środku|ˈmɪdweɪ
midweek,i.    środek tygodnia,w środku tygodnia|ˈmɪdwi:k
midwife,położna,ˈmɪdwaɪf
mighty,bardzo,ˈmaɪtɪ
migraine,migrena,ˈmi:greɪn
migrant,przybysz,ˈmaɪgrənt
migrate,migrować,wędrować|ˈmaɪgreɪt
migration,maɪˈgreɪʃən,migracja|wędrówka
mike,maɪk,mikrofon
mild,"1.  łagodny
 2.  niewielki",maɪld
mildew,pleśń,ˈmɪldju:
mile,maɪl,
mileage,dystans,ˈmaɪlɪʤ
mileometer,licznik mil,maɪˈlɒmɪtə
milestone,kamień milowy,ˈmaɪlstəʊn
milieu,otoczenie,ˈmi:ljɜ:
militant,"bojowy
ii.    bojownik",i.    wojowniczy|ˈmɪlɪtənt
military,i.    wojskowy,ˈmɪlɪtərɪ
militate,zapobiegać,ˈmɪlɪteɪt
militia,milicja,mɪˈlɪʃə|straż miejska
milk,eksploatować,mɪlk
milkman,mleczarz,ˈmɪlkmən
milkshake,koktail,koktail mleczny|milk-shake|ˌmɪlkˈʃeɪk
milky,ˈmɪlkɪ,
mill,mielić,"mɪl|zakład
ii.    mleć"
millennium,mɪˈlenɪəm,tysiąclecie
miller,młynarz,ˈmɪlə
millet,proso,ˈmɪlɪt
milligram,miligram,milligramme|ˈmɪlɪgrəm
milligramme,miligram,milligram|ˈmɪlɪgrəm
milliliter,mililitr,millilitre|ˈmɪlɪli:tə
millilitre,mililitr,milliliter|ˈmɪlɪli:tə
millimeter,milimetr,millimetre|ˈmɪlɪmi:tə
millimetre,milimetr,millimeter|ˈmɪlɪmi:tə
milliner,modysta,modystka|ˈmɪlɪnə
millinery,modniarstwo,ˈmɪlɪnərɪ
million,milion,ˈmɪljən
millionaire,milioner,ˌmɪljəˈneə
millionth,milionowy,ˈmɪljənθ
millstone,ˈmɪlstəʊn,
milometer,licznik mil,maɪˈlɒmɪtə
mime,maɪm,naśladować
mimeograph,"i.    powielacz
ii.    powielać",ˈmɪmɪəgrɑ:f
mimic,i.    naśladować,"przedrzeźniać
ii.    mimik|ˈmɪmɪk"
mimicry,"1.  naśladownictwo
 2.  mimikra",ˈmɪmɪkrɪ
min,minuta,
minaret,ˌmɪnəˈret,
mince,mɪns,
mincemeat,ˈmɪnsmi:t,
minder,opiekun,ˈmaɪndə
mindful,ˈmaɪndfʊl,
mindless,"1.  bezsensowny
 2.  bezmyślny",ˈmaɪndlɪs
mine,"kopać 
 2.  zaminowywać",maɪn
minefield,pole minowe,ˈmaɪnfi:ld
miner,górnik,ˈmaɪnə
mineral,"i.    minerał
ii.    mineralny",ˈmɪnərəl
mingle,mieszać się,ˈmɪŋgəl
mini,ˈmɪnɪ,
miniature,"i.    miniaturowy
ii.    miniatura",ˈmɪnɪʧə
minibus,mikrobus,ˈmɪnɪbʌs
minimal,minimalny,ˈmɪnɪməl
minimise,minimalizować,minimize|ˈmɪnɪmaɪz
minimize,minimalizować,minimise|ˈmɪnɪmaɪz
minimum,"i.    minimalny
ii.    minimum",ˈmɪnɪməm
mining,"i.    górnictwo
ii.    górniczy",ˈmaɪnɪŋ
miniskirt,mini,minispódniczka|ˈmɪnɪskɜ:t
minister,"1.  minister
 2.  duchowny",pastor|ˈmɪnɪstə
ministerial,ministerialny,ˌmɪnɪˈstɪərɪəl
ministry,"1.  ministerstwo
 2.  duchowieństwo",ˈmɪnɪstrɪ
mink,mɪŋk,
minnesota,ˌmɪnɪˈsəʊtə,
minor,"minorowy
 4.  niepełnoletni",ˈmaɪnə
minority,maɪˈnɒrɪtɪ,
minster,katedra,ˈmɪnstə
minstrel,bard,ˈmɪnstrəl
mint,mɪnt,
minuet,menuet,ˌmɪnjʊˈet
minus,znak odejmowania,ˈmaɪnəs|ˈmaɪnəs saɪn
minute,najdrobniejszy,
minutely,"1.  drobiazgowo
 2.  nieco",maɪˈnju:tlɪ
miracle,ˈmɪrəkəl,
miraculous,cudowny,mɪˈrækjələs
mirage,ˈmɪrɑ:ʒ,
mirror,odzwierciedlać,ˈmɪrə
mirth,mɜ:θ,radość|wesołość
misadventure,nieszczęśliwy wypadek,wypadek|ˌmɪsədˈvenʧə
misapprehension,błędne mniemanie,złudzenie|ˌmɪsæprɪˈhenʃən
misappropriate,przywłaszczać,ˌmɪsəˈprəʊprɪeɪt
misbehave,źle zachowywać się,ˌmɪsbɪˈheɪv
misbehavior,misbehaviour,złe zachowanie się|ˌmɪsbɪˈheɪvɪə
misbehaviour,misbehavior,złe zachowanie się|ˌmɪsbɪˈheɪvɪə
misc,"misc.
  różne",
miscalculate,przeliczyć,przeliczyć się|ˌmɪsˈkælkjəleɪt
miscarriage,poronienie,ˌmɪsˈkærɪʤ
miscarry,nie wypalać,ˌmɪsˈkærɪ
miscellaneous,różnorodny,ˌmɪsəˈleɪnɪəs
mischief,i.    figlarność,"psotliwość
ii.   1.  dokazywanie|ˈmɪsʧɪf"
mischievous,1.  psotliwy,"złośliwy
 2.  dokuczliwy|ˈmɪsʧɪvəs"
misconceived,nieprzemyślany,źle pomyślany|ˌmɪskənˈsi:vd
misconception,błędne zrozumienie,nieporozumienie|ˌmɪskənˈsepʃən
misconduct,niewłaściwe postępowanie,wykroczenie|ˌmɪsˈkɒndʌkt
misconstruction,błędne zrozumienie,nieporozumienie|ˌmɪskənˈstrʌkʃən
misconstrue,źle zrozumieć,ˌmɪskənˈstru:
misdemeanor,misdemeanour,wykroczenie|występek|ˌmɪsdɪˈmi:nə
misdemeanour,misdemeanor,wykroczenie|występek|ˌmɪsdɪˈmi:nə
misdirect,źle kierować,ˌmɪsdɪˈrekt
miser,skąpiec,ˈmaɪzə
miserable,ˈmɪzərəbəl,
miserly,skąpy,ˈmaɪzəlɪ
misery,ˈmɪzərɪ,
misfire,nie wypalać,ˌmɪsˈfaɪə
misfit,osoba nie na miejscu,ˈmɪsfɪt
misfortune,mɪsˈfɔ:ʧən,nieszczęście
misgiving,mɪsˈgɪvɪŋ,złe przeczucie
misguided,błędny,fałszywy|mɪsˈgaɪdɪd
mishandle,zaniedbywać,zaprzepaszczać|ˈmɪshændəl
mishap,przypadek,zły przypadek|ˈmɪshæp
misinform,błędnie poinformować,ˌmɪsɪnˈfɔ:m
misinformation,błędna informacja,ˌmɪsɪnfəˈmeɪʃən
misinterpret,opacznie interpretować,opacznie rozumieć|ˌmɪsɪnˈtɜ:prɪt
misjudge,mylnie oceniać,mylnie osądzać|ˌmɪsˈʤʌʤ
mislay,zapodziewać,ˌmɪsˈleɪ
mislead,mylić,mɪsˈli:d|wprowadzać w błąd
mismanage,niewłaściwie prowadzić,ˌmɪsˈmænɪʤ
misnomer,niewłaściwy termin,ˌmɪsˈnəʊmə
misplaced,niewłaściwy,źle skierowany|ˌmɪsˈpleɪst
misprint,omyłka druku,ˈmɪsprɪnt
misread,niewłaściwie odczytywać,ˌmɪsˈri:d
misrepresent,fałszywie przedstawiać,ˌmɪsreprəˈzent
miss,i.    nietrafienie,mɪs|pomijać
misshapen,zniekształcony,ˌmɪsˈʃeɪpən
missile,1.  rakieta,"pocisk rakietowy
 2.  pocisk|ˈmɪsaɪl"
missing,"1.  zaginiony
 2.  brakujący",ˈmɪsɪŋ
mission,ˈmɪʃən,
missionary,"i.    misjonarz
ii.    misyjny",ˈmɪʃənərɪ
mississippi,ˌmɪsɪˈsɪpɪ,
missouri,mɪˈsʊərɪ,
misspell,zrobić błąd ortograficzny,ˌmɪsˈspel
misspend,marnować,ˌmɪsˈspend
mist,mɪst,pokrywać mgiełką
mistake,i.    pomyłka,"mylić
 2.  mylić|mɪsˈteɪk"
mistaken,mɪsˈteɪkən,
mistletoe,jemioła,ˈmɪsəltəʊ
mistress,ˈmɪstrɪs,
mistrust,nie dowierzać,ˌmɪsˈtrʌst
misty,zamglony,ˈmɪstɪ
misunderstand,mylnie rozumieć,ˌmɪsʌndəˈstænd
misunderstanding,"1.  nieporozumienie
 2.  sprzeczka",ˌmɪsʌndəˈstændɪŋ
mite,ˈmaɪt,
miter,mitra,mitre|ˈmaɪtə
mitigate,mitygować,łagodzić|ˈmɪtɪgeɪt
mitre,miter,mitra|ˈmaɪtə
mitten,mitenka,rękawica z jednym palcem|ˈmɪtən
mix,mylić,mɪks
mixed,"pomieszany
 2.  zamieszany",ˈmɪkst
mixer,"1.  mikser
 2.  betoniarka",ˈmɪksə
mixture,"1.  mieszanka
 2.  mieszanina",ˈmɪksʧə
ml,"ml.
  mililitr",
mme,"madame
  pani",
mo,lekarz rejonowy,"mo.
  poniedziałek"
moan,jęczenie,məʊn
moat,fosa,məʊt
mob,mɒb,"otaczać|tłuszcza
ii.    otaczać tłumem"
mobile,ˈməʊbaɪl,
mobility,"1.  mobilność
 2.  ruchliwość",məʊˈbɪlɪtɪ
mobilize,mobilizować,ˈməʊbɪlaɪz
moccasin,mokasyn,ˈmɒkəsɪn
mock,mɒk,"pseudo-
 2.  pozorowany"
mockery,kpić,ˈmɒkərɪ
mod cons,ˌmɒdˈkɒnz,
mode,məʊd,rodzaj
model,brać za model,pracować jako model|występować jako modelka|ˈmɒdəl
modem,ˈməʊdem,
moderate,miarkować,
moderation,umiar,umiarkowanie|ˌmɒdəˈreɪʃən
modern,"1.  współczesny
 2.  nowoczesny",ˈmɒdən
modernise,modernize,modernizować|ˈmɒdənaɪz
modernize,modernise,modernizować|ˈmɒdənaɪz
modest,skromny,ˈmɒdɪst
modesty,skromność,ˈmɒdɪstɪ
modicum,minimum,ˈmɒdɪkəm
modification,modyfikacja,ˌmɒdɪfɪˈkeɪʃən
modifier,określenie,ˈmɒdɪfaɪə
modify,modyfikować,ˈmɒdɪfaɪ
modulate,modulować,ˈmɒdjʊleɪt
module,moduł,ˈmɒdju:l
mohair,moher,ˈməʊheə
moist,mɔɪst,wilgotny
moisten,zwilżać,ˈmɔɪsən
moisture,wilgoć,ˈmɔɪsʧə
molar,trzonowy,ząb trzonowy|ˈməʊlə
mold,mould,məʊld
moldy,mouldy,spleśniały|ˈməʊldɪ
mole,məʊl,
molecule,cząsteczka,molekuła|ˈmɒlɪkju:l
molehill,ˈməʊlhɪl,
molest,məˈlest,
mollify,udobruchiwać,ˈmɒlɪfaɪ
mollusc,mięczak,mollusk|ˈmɒləsk
mollusk,mięczak,mollusc|ˈmɒləsk
molt,moult,"məʊlt|pierzyć się
ii.    linienie"
molten,stopiony,ˈməʊltən
mom,mamuśka,mɒm
moment,1.  chwila,ˈməʊmənt
momentary,chwilowy,ˈməʊməntərɪ
momentous,doniosły,məˈmentəs
momentum,məˈmentəm,
mon,"mon.
  poniedziałek",
monarch,monarcha,ˈmɒnək
monarchist,monarchista,ˈmɒnəkɪst
monarchy,monarchia,ˈmɒnəkɪ
monastery,klasztor,ˈmɒnəstrɪ
monastic,klasztorny,məˈnæstɪk
monday,poniedziałek,ˈmʌndɪ
monetary,monetarny,pieniężny|ˈmʌnɪtərɪ
money,ˈmʌnɪ,
mongol,"i.    mongoloid
ii.    mongoloidalny",mongoł|ˈmɒŋgəl
mongolia,mɒŋˈgəʊlɪə,
mongolian,mongolski,mɒŋˈgəʊlɪən
mongrel,kundel,ˈmʌŋgrəl
monitor,ˈmɒnɪtə,
monk,mnich,mʌŋk|zakonnik
monkey,małpa,ˈmʌŋkɪ
mono,i.    monofoniczny,"mono
ii.    sprzęt mono|nagranie mono|ˈmɒnəʊ"
monogamy,jednożeństwo,monogamia|məˈnɒgəmɪ
monolithic,monolityczny,ˌmɒnəˈlɪθɪk
monolog,monologue,ˈmɒnəlɒg
monologue,monolog,ˈmɒnəlɒg
monopolistic,monopolistyczny,məˌnɒpəˈlɪstɪk
monopoly,monopol,məˈnɒpəlɪ
monotone,ˈmɒnətəʊn,
monotonous,"1.  monotonny
 2.  jednostajny",məˈnɒtənəs
monsoon,monsun,mənˈsu:n
monster,i.    monstrum,"potwór
ii.    monstrualny|ˈmɒnstə"
monstrosity,monstrualność,mɒnˈstrɒsɪtɪ
monstrous,monstrualny,potworny|ˈmɒnstrəs
montana,mɒnˈtænə,
month,miesiąc,mʌnθ
monthly,"i.    comiesięczny
ii.    miesięcznik",ˈmʌnθlɪ
monument,1.  pomnik,"statua 
 2.  zabytek|ˈmɒnjəmənt"
monumental,"1.  monumentalny
 2.  gigantyczny",ˌmɒnjəˈmentəl
moo,mu:,
mood,1.  nastrój,"humor
 2.  zły nastrój|mu:d"
moody,1.  kapryśny,ˈmu:dɪ
moon,mu:n,
moonless,bezksiężycowy,ˈmu:nlɪs
moonlight,ˈmu:nlaɪt,
moonlit,księżycowy,rozświetlony księżycem|ˈmu:nlɪt
moor,"i.    wrzosowisko
ii.    cumować",mʊə
mooring,stanowisko cumowania,ˈmʊərɪŋ
moorland,region wrzosowisk,ˈmʊələnd
moose,mu:s,łoś
mop,mɒp,
mope,məʊp,upadać na duchu
moped,motorower,ˈməʊped
moral,ˈmɒrəl,
morale,məˈrɑ:l,
moralise,moralize,moralizować|ˈmɒrəlaɪz
moralist,moralista,ˈmɒrəlɪst
moralistic,moralistyczny,ˌmɒrəˈlɪstɪk
morality,moralność,məˈrælɪtɪ
moralize,moralise,moralizować|ˈmɒrəlaɪz
morally,moralnie,ˈmɒrəlɪ
morass,bagno,məˈræs
moratorium,co do),moratorium (on - na|ˌmɒrəˈtɔ:rɪəm
moravia,morawy,məˈreɪvɪə
morbid,chorobliwy,ˈmɔ:bɪd
moreover,co więcej,mɔ:rˈəʊvə
morgue,kostnica,mɔ:g
mormon,ˈmɔ:mən,
morning,"poranek
ii.    ranny",poranny|ˈmɔ:nɪŋ
moroccan,"i.    marokański
ii.    marokańczyk",məˈrɒkən
morocco,maroko,məˈrɒkəʊ
moron,kretyn,ˈmɔ:rɒn
moronic,kretyński,məˈrɒnɪk
morose,məˈrəʊs,ponury
morphine,morfina,ˈmɔ:fi:n
morsel,kawałek,kąsek|ˈmɔ:səl
mortal,"i.    śmiertelny
ii.    śmiertelnik",ˈmɔ:təl
mortality,mɔ:ˈtælɪtɪ,śmiertelność
mortar,ˈmɔ:tə,
mortgage,i.    pożyczka,wpisać dług hipoteczny|ˈmɔ:gɪʤ
mortify,upokarzać,ˈmɔ:tɪfaɪ
mortuary,kostnica,ˈmɔ:ʧʊərɪ
mosaic,mozaika,məʊˈzeɪɪk
moscow,moskwa,ˈmɒskəʊ
mosque,meczet,mɒsk
mosquito,komar,moskit|məsˈki:təʊ
moss,mech,mɒs
mossy,omszały,ˈmɒsɪ
mostly,przede wszystkim,w większości|ˈməʊstlɪ
motel,məʊˈtel,
moth,mɒθ,
mothball,kulka naftaliny,ˈmɒθbɔ:l
motheaten,moth-eaten,zżarty przez mole|ˈmɒθi:tən
mother,język ojczysty,"ojczyzna
iv.  mother tongue|ˈmʌðə|ˈmʌðə kʌntrɪ|ˌmʌðə ˈtʌŋ"
motherhood,macierzyństwo,ˈmʌðəhʊd
motherinlaw,mother-in-law,teściowa|ˈmʌðərɪnlɔ:
motherless,bez matki,pozbawiony matki|ˈmʌðəlɪs
motherly,matczyny,ˈmʌðəlɪ
motherofpearl,macica perłowa,mother-of-pearl|ˌmʌðərəfˈpɜ:l
mothertobe,mother-to-be,przyszła matka|ˌmʌðətəˈbi:
motif,motyw,məʊˈti:f
motion,być wdrożonym,ˈməʊʃən
motionless,nieruchomy,ˈməʊʃənlɪs
motivate,1.  a. spowodować,dawać motywację|ˈməʊtɪveɪt
motivation,motywacja,məʊtɪˈveɪʃən
motive,motyw,powód|ˈməʊtɪv
motley,różnorodny,ˈmɒtlɪ
motor,ˈməʊtə,
motorbike,motocykl,motor|ˈməʊtəbaɪk
motorcar,samochód,ˈməʊtəkɑ:
motorcycle,motocykl,ˈməʊtəsaɪkəl
motoring,drogowy,samochodowy|ˈməʊtərɪŋ
motorist,automobilista,samochodziarz|ˈməʊtərɪst
motorway,autostrada,ˈməʊtəweɪ
mottled,plamisty,ˈmɒtəld
motto,ˈmɒtəʊ,
mould,mold,məʊld
mouldy,moldy,spleśniały|ˈməʊldɪ
moult,molt,"məʊlt|pierzyć się
ii.    linienie"
mound,góra,maʊnd
mount,maʊnt,
mountain,góra,ˈmaʊntɪn
mountaineer,alpinista,ˌmaʊntɪˈnɪə
mountaineering,alpinistyka,ˌmaʊntɪˈnɪərɪŋ
mountainous,zwalisty,ˈmaʊntɪnəs
mountainside,zbocze,ˈmaʊntɪnsaɪd
mourn,1.  boleć po stracie,"boleć|mɔ:n|nosić żałobę 
 2.  opłakiwać"
mourner,żałobnik,ˈmɔ:nə
mournful,grobowy,żałobny|ˈmɔ:nfʊl
mourning,żałoba,ˈmɔ:nɪŋ
mouse,maʊs,mysz
mousse,mu:s,mus
moustache,mustache,məsˈtɑ:ʃ|wąs|wąsy
mousy,mysi,ˈmaʊsɪ
mouth,maʊθ,
mouthful,haust,kęs|ˈmaʊθfʊl
mouthorgan,mouth-organ,organki|ˈmaʊθɔ:gən
mouthpiece,ˈmaʊθpi:s,
mouthwash,płyn do ust,ˈmaʊθwɒʃ
mouthwatering,apetyczny,mouth-watering|pobudzający apetyt|ˈmaʊθwɔ:tərɪŋ
movable,przenośny,ruchomy|ˈmu:vəbəl
move,mu:v,poruszać się|przenosić się|przeprowadzać|przetasowanie służbowe
moveable,przenośny,ruchomy|ˈmu:vəbəl
movement,ˈmu:vmənt,
movie,ˈmu:vɪ,
moving,"1.  poruszający
 2.  ruchomy",ˈmu:vɪŋ
mow,məʊ,
mower,lawnmower  kosiarka do trawy,ˈməʊə
mozambican,"i.    mozambikański
ii.    mozambikańczyk",ˌməʊzəmˈbi:kən
mozambique,mozambik,ˌməʊzəmˈbi:k
mph,godz.,mil
mrs,ˈmɪsɪz,
ms,mɪz,
msc,m.sc.,magister nauk|magister nauk przyrodniczych
mt,"mt.
  góra",
mth,"mth.
  miesiąc",
much,mʌʧ,
mucky,"1.  ubabrany
 2.  świński",ˈmʌkɪ
mucus,śluz,ˈmju:kəs
mud,błoto,mʌd
muddle,"bałagan
 2.  pomieszanie","i.   1.  zamieszanie|mieszać|mylić|zamęt
ii.   1.  pomieszać"
muddy,ˈmʌdɪ,
mudguard,błotnik,ˈmʌdgɑ:d
muesli,ˈmju:zlɪ,
muffin,ˈmʌfɪn,
muffle,zagłuszać,ˈmʌfəl
mug,mʌg,łupić
mugger,chuligan,zbój|ˈmʌgə
muggy,duszny,wilgotny|ˈmʌgɪ
mule,mju:l,muł
mull over,mʌl ˈəʊvə,przemyśliwać
multiaccess,wielodostępność,ˌmʌltɪˈæksəs
multifarious,różnorodny,ˌmʌltɪˈfeərɪəs
multilateral,wielostronny,ˌmʌltɪˈlætərəl
multinational,ˌmʌltɪˈnæʃənəl,
multiple,ˈmʌltɪpəl,
multiplication,"1.  mnożenie
 2.  rozrost",rozmnażanie się|ˌmʌltɪplɪˈkeɪʃən
multiplicity,wielość,ˌmʌltɪˈplɪsɪtɪ
multiply,ˈmʌltɪplaɪ,
multitasking,wielozadaniowość,ˌmʌltɪˈtɑ:skɪŋ
multitude,wielość,ˈmʌltɪtju:d
mum,mʌm,
mumble,mamrotać,ˈmʌmbəl
mummify,mumifikować,ˈmʌmɪfaɪ
mummy,"mamuśka
 2.  mumia",ˈmʌmɪ
mumps,mʌmps,świnka
munch,mʌnʧ,przeżuwać
mundane,przyziemny,ˌmʌnˈdeɪn
munich,monachium,ˈmju:nɪk
municipal,miejski,mju:ˈnɪsɪpəl
municipality,mju:ˌnɪsɪˈpælɪtɪ,samorząd|samorząd miejski
munificence,mju:ˈnɪfɪsəns,szczodrość
munitions,amunicja,mju:ˈnɪʃənz
mural,fresk,malowidło ścienne|ˈmjʊərəl
murder,"i.    morderstwo
ii.    mordować",ˈmɜ:də
murderer,morderca,ˈmɜ:dərə
murderous,"1.  morderczy
 2.  krwawy",ˈmɜ:dərəs
murky,ˈmɜ:kɪ,
murmur,ˈmɜ:mə,
muscle,do),ˈmʌsəl
muscular,ˈmʌskjələ,
muse,mju:z,
museum,mju:ˈzɪəm,muzeum
mush,ciapa,mʌʃ|papka
mushroom,mnożyć się,ˈmʌʃru:m
mushy,1.  rozgnieciony,"przejrzały
 2.  ckliwy|ˈmʌʃɪ"
music,ˈmju:zɪk,
musical,ˈmju:zɪkəl,
musician,mju:ˈzɪʃən,muzyk
musk,mʌsk,piżmo
muslim,"i.    muzułmanin
ii.    muzułmański",ˈmʊzlɪm
muslin,muślin,ˈmʌzlɪn
mussel,małż,ˈmʌsəl
must,məs,mʌst
mustache,moustache,məsˈtɑ:ʃ|wąs|wąsy
mustard,"1.  musztarda
 2.  gorczyca",ˈmʌstəd
muster,ześrodkowywać się,ˈmʌstə
musty,stęchły,ˈmʌstɪ
mutate,mjʊˈteɪt,mutować|przekształcać się
mute,mju:t,
muted,"1.  przytłumiony
 2.  przygaszony",ˈmju:tɪd
mutilate,ˈmju:tɪleɪt,
mutilated,okaleczony,zniekształcony|ˈmju:tɪleɪtɪd
mutinous,buntowniczy,rebeliancki|ˈmju:tɪnəs
mutiny,"rebelia
ii.    buntować się",ˈmju:tɪnɪ
mutter,"i.    mamrotać
ii.    mruczenie",ˈmʌtə
mutton,baranina,ˈmʌtən
mutual,ˈmju:ʧʊəl,
mutually,"1.  wzajemnie
 2.  nawzajem",ˈmju:ʧʊəlɪ
muzzle,"wylot
ii.    nakładać kaganiec",ˈmʌzəl
mw,"mw
  fale średnie",
my,maɪ,mój
myopic,krótkowzroczny,maɪˈɒpɪk
myriad,"i.    mnóstwo
ii.    niezliczony",ˈmɪrɪəd
myself,maɪˈself,sam|siebie
mysterious,mɪsˈtɪərɪəs,tajemniczy
mystery,"i.    tajemnica
ii.    tajemniczy",ˈmɪstərɪ
mystic,"i.    mistyk
ii.    mistyczny",ˈmɪstɪk
mysticism,mistycyzm,ˈmɪstɪsɪzəm
mystify,wprowadzać w błąd,zaskakiwać|ˈmɪstɪfaɪ
mystique,mistyka,mɪsˈti:k
myth,mit,mɪθ
mythic,mityczny,mythical|ˈmɪθɪk
mythical,mityczny,mythic|ˈmɪθɪk
mythology,mitologia,mɪˈθɒləʤɪ
n,"n
  północ",północny
nab,næb,przyłapywać
nadir,zenit,ˈneɪdɪə
nag,1.  nudzić,næg
nail,neɪl,ˈneɪlfaɪl
naive,naiwny,naïve|naɪˈi:v
naked,ˈneɪkɪd,
namedropping,name-dropping,ˈneɪmdrɒpɪŋ
nameless,ˈneɪmlɪs,
namely,mianowicie,to jest|ˈneɪmlɪ
namesake,imiennik,ˈneɪmseɪk
nanny,koza,ˈnænɪ|ˈnænɪ gəʊt
nap,næp,
nape,kark,neɪp
napkin,serwetka,ˈnæpkɪn
naples,neapol,ˈneɪplz
napoleon,napoleonka,nəˈpəʊlɪən
nappy,pieluszka,ˈnæpɪ
narcissus,narcyz,nɑ:ˈsɪsəs
narcotic,narkotyk,nɑ:ˈkɒtɪk
narrate,nəˈreɪt,opowiadać|przedstawiać
narration,fabularyzacja,narracja|nəˈreɪʃən
narrative,"i.    narracja
ii.    narracyjny",ˈnærətɪv
narrow,ˈnærəʊ,
narrowminded,narrow-minded,o ciasnych horyzontach|ograniczony|ˌnærəʊˈmaɪndɪd
nasal,nosowy,ˈneɪzəl
nasty,1.  paskudny,"do niczego
 3.  ciężki|nieprzyjemny
 2.  obrzydliwy|ˈnɑ:stɪ"
nation,ˈneɪʃən,
national,ˈnæʃənəl,ˌnæʃənəl ˈsɜ:vɪs
nationalise,nacjonalizować,nationalize|upaństwawiać|ˈnæʃənəlaɪz
nationalism,"1.  nacjonalizm
 2.  patriotyzm",ˈnæʃənəlɪzəm
nationalist,ˈnæʃənəlɪst,
nationalistic,nacjonalistyczny,patriotyczny|ˌnæʃənəˈlɪstɪk
nationality,narodowość,ˌnæʃəˈnælɪtɪ
nationalize,nacjonalizować,nationalise|upaństwawiać|ˈnæʃənəlaɪz
nationwide,ˈneɪʃənwaɪd,
native,ˈneɪtɪv,
nato,pakt północnoatlantycki,ˈneɪtəʊ
natter,ˈnætə,
natural,ˈnæʧərəl,
naturalised,naturalized,naturalizowany|ˈnæʧərəlaɪzd
naturalist,przyrodnik,ˈnæʧərəlɪst
naturalized,naturalised,naturalizowany|ˈnæʧərəlaɪzd
naturally,"1.  naturalnie
 2.  oczywiście",ˈnæʧərəlɪ
nature,ˈneɪʧə,
naught,nɔ:t,
naughty,"1.  niegrzeczny
 2.  nieładny",ˈnɔ:tɪ
nausea,nudności,ˈnɔ:sɪə
nauseate,przyprawiać o nudności,ˈnɔ:sɪeɪt
nautical,żeglarski,ˈnɔ:tɪkəl
naval,morski,ˈneɪvəl
nave,nawa,neɪv
navel,pępek,ˈneɪvəl
navigable,spławny,żeglowny|ˈnævɪgəbəl
navigate,"1.  żeglować
 2.  prowadzić",pilotować|ˈnævɪgeɪt
navigation,"1.  żegluga
 2.  nawigacja",ˌnævɪˈgeɪʃən
navigator,nawigator,ˈnævɪgeɪtə
navy,i.    marynarka wojenna,"marynarka
ii.   navy-blue  granatowy|ˈneɪvɪ"
nay,neɪ,
naïve,naive,naiwny|naɪˈi:v
nb,nota bene,notabene
nco,podoficer,
ne,"ne
  płn.-wsch.",północno-wschodni
near,bliski wschód,nɪə|ˌnɪərˈi:st
nearby,pobliski,ˈnɪəbaɪ
nearly,ˈnɪəlɪ,
neat,ni:t,
nebraska,nəˈbræskə,
nebulous,mglisty,ˈnebjələs
necessarily,-zownie,nieod|ˈnesəsərɪlɪ
necessary,1.  potrzebny,ˈnesəsərɪ
necessitate,czynić koniecznym,nɪˈsesɪteɪt
necessity,nɪˈsesɪtɪ,
necklace,kolia,naszyjnik|ˈneklɪs
neckline,wycięcie,ˈneklaɪn
necktie,krawat,ˈnektaɪ
nectar,nektar,ˈnektə
nee,née,z domu|ˈniː
need,ni:d,
needle,wbijać szpilki,ˈni:dəl
needless,nie trzeba mówić,oczywiście|ˈni:dlɪs
needlework,robótki,ˈni:dəlwɜ:k
needy,potrzebujący,ˈni:dɪ
negate,negować,nɪˈgeɪt
negation,negacja,nɪˈgeɪʃən
negative,ˈnegətɪv,
neglect,niedopatrzenie,nɪˈglekt
neglectful,nɪˈglektfʊl,
negligee,negligée,prześwitujący szlafrok|szlafroczek|szlafrok|ˈneglɪʒeɪ
negligent,niedbały,opieszały|ˈneglɪʤənt
negligible,mało znaczący,nieistotny|ˈneglɪʤəbəl
negligée,negligee,prześwitujący szlafrok|szlafroczek|szlafrok|ˈneglɪʒeɪ
negotiable,możliwy do ustalenia,możliwy do zrealizowania|nɪˈgəʊʃəbəl
negotiate,nɪˈgəʊʃɪeɪt,
negotiation,negotiations  negocjacje,nɪˌgəʊʃɪˈeɪʃən
negotiator,negocjator,nɪˈgəʊʃɪeɪtə
negress,murzynka,ˈni:grɪs
negro,ˈni:grəʊ,
neigh,neɪ,rżeć
neighbor,neighbour,ˈneɪbə
neighborhood,neighbourhood,sąsiedni|ˈneɪbəhʊd
neighboring,neighbouring,sąsiadujący|sąsiedni|ˈneɪbərɪŋ
neighborly,dobrosąsiedzki,neighbourly|przyjazny|ˈneɪbəlɪ
neighbour,neighbor,ˈneɪbə
neighbourhood,neighborhood,sąsiedni|ˈneɪbəhʊd
neighbouring,neighboring,sąsiadujący|sąsiedni|ˈneɪbərɪŋ
neighbourly,dobrosąsiedzki,neighborly|przyjazny|ˈneɪbəlɪ
neither,i.    żaden z dwóch,ˈnaɪðə|ˈni:ðə
neon,ˈni:ɒn,ˈni:ɒn laɪt
nepal,nɪˈpɔ:l,
nepalese,"i.    nepalski
ii.    nepalczyk",ˌnepəˈli:z
nepali,"i.    nepalski
ii.    nepalczyk",nəˈpɔ:lɪ
nephew,bratanek,siostrzeniec|ˈnefju:|ˈnevjʊ:
nerve,nɜ:v,
nerveracking,denerwujący,nerve-racking|nerwowy|ˈnɜ:vrækɪŋ
nervous,nerwowy,ˈnɜ:vəs
nestle,1.  wtulać się,być usadowiony|ˈnesəl
net,firanka,"osiągać
v.  net curtain|ˌnet ˈkɜ:tən"
netherlands,holandia,"the netherlands 
 - niderlandy|ˈneðələndz"
netting,siatka,ˈnetɪŋ
nettle,pokrzywa,ˈnetəl
network,ˈnetwɜ:k,
neurosis,nerwica,njʊəˈrəʊsɪs
neurotic,neurotyczny,njʊəˈrɒtɪk|znerwicowany
neuter,ˈnju:tə,
neutral,ˈnju:trəl,
neutralise,blokować,neutralize|ˈnju:trəlaɪz
neutrality,neutralność,nju:ˈtrælɪtɪ
neutralize,blokować,neutralise|ˈnju:trəlaɪz
neutron,ˈnju:trən,
nevada,newada,nɪˈvɑ:də
never,ˈnevə,
nevertheless,jednak,niemniej|ˌnevəðəˈles
newborn,nowonarodzony,ˈnju:bɔ:n
newcomer,przybysz,ˈnju:kʌmə
newfangled,new-fangled,nowomodny|ˌnju:ˈfæŋgəld
newly,nowo,ˈnju:lɪ
news,agencja prasowa,nju:z|ˈnju:zeɪʤənsɪ
newsagent,kiosk,kioskarz|newsagent's|ˈnju:zˌeɪʤənt
newsagents,kiosk,kioskarz|newsagent|newsagent's|ˈnju:zˌeɪʤənt
newscaster,prezenter,ˈnju:zkɑ:stə
newsdealer,kiosk,kioskarz|ˈnju:zˌdi:lər
newsflash,wiadomość z ostatniej chwili,ˈnju:zflæʃ
newsletter,biuletyn,ˈnju:zletə
newspaper,gazeta,ˈnju:zpeɪpə
newsprint,papier gazetowy,ˈnju:zprɪnt
newsreel,kronika filmowa,ˈnju:zri:l
newt,nju:t,traszka
nhs,państwowa służba zdrowia,
nib,nɪb,stalówka
nibble,ˈnɪbəl,
nic,nɪk,
nice,naɪs,
nicely,dobrze,ˈnaɪslɪ
nicety,subtelność,szczegół|ˈnaɪsɪtɪ
niche,ni:ʃ,
nick,nɪk,
nickel,"1.  nikiel
 2.  pięciocentówka",ˈnɪkəl
nickname,i.    przezwisko,"nadawać przydomek|przydomek
ii.    przezywać|ˈnɪkneɪm"
nicotine,nikotyna,ˈnɪkəti:n
niece,bratanica,ni:s|siostrzenica
nigeria,naɪˈʤɪərɪə,
nigerian,"i.    nigeryjski
ii.    nigeryjczyk",naɪˈʤɪərɪən
niggardly,powściągliwy,"szczupły
 2.  skąpy|ˈnɪgədlɪ"
niggle,ˈnɪgəl,
nightcap,kieliszek przed spaniem,ˈnaɪtkæp
nightdress,koszula nocna,ˈnaɪtdres
nightfall,zmierzch,ˈnaɪtfɔ:l
nightgown,koszula nocna,ˈnaɪtgaʊn
nightie,koszulka nocna,ˈnaɪtɪ
nightingale,słowik,ˈnaɪtɪŋgeɪl
nightlife,życie nocne,ˈnaɪtlaɪf
nightly,wieczorem,wieczorny|ˈnaɪtlɪ
nightmare,ˈnaɪtmeə,
nightmarish,koszmarny,ˈnaɪtmeərɪʃ
nighttime,ciemność,night-time|noc|ˈnaɪttaɪm
nightwatchman,night-watchman,stróż nocny|ˌnaɪtˈwɒʧmən
nil,nɪl,zero
nimble,ˈnɪmbəl,
nine,dziewięć,naɪn
nineteen,dziewiętnaście,ˌnaɪnˈti:n
nineteenth,dziewiętnasty,ˌnaɪnˈti:nθ
ninetieth,dziewięćdziesiąty,ˈnaɪntɪɪθ
ninety,dziewięćdziesiąt,ˈnaɪntɪ
ninth,dziewiąty,naɪnθ
nip,nɪp,ukąszenie
nipple,ˈnɪpəl,
nippy,ˈnɪpɪ,
nit,nɪt,
nitrogen,azot,ˈnaɪtrəʤən
no,no.,"numer|numero
  nr|nəʊ"
nobility,nəʊˈbɪlɪtɪ,wyższe warstwy
noble,"imponujący
ii.    szlachcic",ˈnəʊbəl
nobleman,szlachcic,ˈnəʊbəlmən
nobody,nikt,ˈnəʊbədɪ
nocturnal,nocny,nɒkˈtɜ:nəl
nod,nɒd,"skinąć
 2.  wskazywać głową"
node,nəʊd,węzeł
nodule,guzek,węzeł|ˈnɒdju:l
noise,nɔɪz,zakłócenia
noiseless,bezgłośny,cichy|ˈnɔɪzlɪs
noisy,hałaśliwy,ˈnɔɪzɪ
nomad,ˈnəʊmæd,
nomadic,nomadyczny,nəʊˈmædɪk|wędrowny
nomans land,no-man's land,pogranicze|ziemia niczyja|ˈnəʊmænzlænd
nominate,mianować,ˈnɒmɪneɪt
nomination,"1.  nominacja 
 2.  mianowanie",ˌnɒmɪˈneɪʃən
nominee,elekt,nominat|ˌnɒmɪˈni:
nonalcoholic,bezalkoholowy,non-alcoholic|ˌnɒnælkəˈhɒlɪk
nonchalant,nonszalancki,ˈnɒnʃələnt
noncommittal,pełen rezerwy,wymijający|ˌnɒnkəˈmɪtəl
nondescript,nieokreślonego rodzaju,ˈnɒndɪskrɪpt
none,nʌn,
nonentity,nikt,nikt ważny|nɒnˈentɪtɪ
nonetheless,ˌnʌnðəˈles,
nonevent,nic ciekawego,non-event|żadne wydarzenie|ˌnɒnɪˈvent
nonexistent,nieistniejący,non-existent|ˌnɒnɪgˈzɪstənt
nonfiction,literatura faktu,non-fiction|ˌnɒnˈfɪkʃən
nonplussed,zakłopotany,ˌnɒnˈplʌst
nonsense,1.  nonsens,czynić coś bezsensownym|ˈnɒnsəns
nonsensical,nonsensowny,nɒnˈsensɪkəl
nonsmoker,niepalący,non-smoker|ˌnɒnˈsməʊkə
nonstarter,niewypał,non-starter|ˌnɒnˈstɑ:tə
nonviolent,bez przemocy,non-violent|pokojowy|ˌnɒnˈvaɪələnt
noodles,makaron,makaron nitki|ˈnu:dəlz
nook,kącik,kąt|nu:k
noon,nu:n,południe
noone,nikt,no-one|ˈnəʊwʌn
noose,nu:s,pętla
nor,ani ona,nɔ:
norm,norma,nɔ:m
normal,normalny,zwyczajny|ˈnɔ:məl
normality,normalność,nɔ:ˈmælɪtɪ
normally,"1.  normalnie
 2.  zazwyczaj",ˈnɔ:məlɪ
north,nɔ:θ,
northeast,north-east,ˌnɔ:θˈi:st
northeastern,north-eastern,północno-wschodni|ˌnɔ:θˈi:stən
northerly,północny,ˈnɔ:ðəlɪ
northern,północny,ˈnɔ:ðən
northward,ˈnɔ:θwəd,
northwest,north-west,ˌnɔ:θˈwest
northwestern,north-western,północno-zachodni|ˌnɔ:θˈwestən
norway,norwegia,ˈnɔ:weɪ
norwegian,"i.    norweski
ii.    norweg",nɔ:ˈwi:ʤən
nos,"nos.
  numery",
nosebleed,krwotok z nosa,ˈnəʊzbli:d
nosedive,"pikowanie
 2.  gwałtowne spadanie",spadanie|ˈnəʊzdaɪv
nosey,wścibski,ˈnəʊzɪ
nostalgia,nɒsˈtælʤɪə,
nostalgic,cierpiący na nostalgię,nostalgiczny|nɒsˈtælʤɪk
nostril,nozdrza,ˈnɒstrɪl
nosy,wścibski,ˈnəʊzɪ
nota bene,notabene,
notable,godny uwagi,ˈnəʊtəbəl
notably,ˈnəʊtəblɪ,
notarial,notarialny,nəʊˈtærɪal
notary,notariusz,ˈnəʊtərɪ
notation,nəʊˈteɪʃən,zapis
notch,nɒʧ,osiągać
note,nəʊt,
notebook,notatnik,notes|ˈnəʊtbʊk
noted,znany,ˈnəʊtɪd
notepaper,papier listowy,ˈnəʊtpeɪpə
noteworthy,godny uwagi,ˈnəʊtwɜ:ðɪ
notice,ˈnəʊtɪs,
noticeable,widoczny,ˈnəʊtɪsəbəl
noticeboard,tablica ogłoszeń,ˈnəʊtɪsbɔ:d
notification,zawiadomienie,ˌnəʊtɪfɪˈkeɪʃən
notify,zawiadamiać,ˈnəʊtɪfaɪ
notion,opinia,pojęcie|ˈnəʊʃən
notoriety,notoryczność,rozgłos|ˌnəʊtəˈraɪətɪ
notorious,być znanym z czegoś,nəˈtɔ:rɪəs
notwithstanding,jednakże,mimo to|pomimo|ˌnɒtwɪθˈstændɪŋ
nought,nɔ:t,zero
noun,naʊn,rzeczownik
nourish,piastować,ˈnʌrɪʃ
nourishing,odżywczy,ˈnʌrɪʃɪŋ
nourishment,pożywienie,ˈnʌrɪʃmənt
nov,"nov.
  listopad",
novel,"i.    powieść
ii.    nowatorski",ˈnɒvəl
novelist,powieściopisarz,ˈnɒvəlɪst
novelty,ˈnɒvəltɪ,
november,listopad,nəʊˈvembə
novice,nowicjusz,ˈnɒvɪs
nowadays,obecnie,ˈnaʊədeɪz
nowhere,1.  nigdzie,"coś prowadzi donikąd|donikąd
 2.  *from|ˈnəʊweə"
noxious,szkodliwy,trujący|ˈnɒkʃəs
nozzle,dysza,ssawka|wylot|ˈnɒzəl
nr,"nr
  blisko",w pobliżu
nt,nowy testament,
nuance,niuans,ˈnju:ɑ:ns
nuclear,atomowy,nuklearny|ˈnju:klɪə
nucleus,ˈnju:klɪəs,
nude,nju:d,
nudge,nʌʤ,
nudity,nagość,ˈnju:dɪtɪ
nugget,1.  rodzynek,"interesująca wiadomość|wiadomość
 2.  bryłka|ˈnʌgɪt"
nuisance,1.  a. utrapienie,ˈnju:səns
null,bez znaczenia,nʌl
numb,nʌm,"powodować kostnienie
 2.  paraliżować"
number,"pomyłka''
iii.  number plate",ˈnʌmbə|ˈnʌmbəpleɪt
numeral,"i.    liczbowy
ii.    liczebnik",ˈnju:mərəl
numerate,ˈnju:mərət,
numerical,liczbowy,nju:ˈmerɪkəl
numero,no.,"numer|numero
  nr"
numerous,ˈnju:mərəs,
nun,nʌn,zakonnica
nurse,i.    pielęgniarka,nɜ:s
nursery,przedszkole,ˈnɜ:sərɪ|ˈnɜ:sərɪ raɪm|ˈnɜ:sərɪ sku:l
nursing,"karmiący
iii.  nursing home",prywatny szpital|szpital|ˈnɜ:sɪŋ|ˈnɜ:sɪŋ həʊm
nurture,1.  doglądać,"wychowywać
 2.  dopomagać|ˈnɜ:ʧə"
nut,nʌt,
nutcase,szajbus,ˈnʌtkeɪs
nutcracker,dziadek do orzechów,nutcrackers|ˈnʌtkrækə
nutcrackers,dziadek do orzechów,nutcracker|ˈnʌtkrækə
nutmeg,gałka muszkatołowa,ˈnʌtmeg
nutrient,substancja odżywcza,ˈnju:trɪənt
nutrition,nju:ˈtrɪʃən,odżywianie się
nutritious,nju:ˈtrɪʃəs,odżywczy
nutshell,ˈnʌʧel,
nutty,ˈnʌtɪ,
nuzzle,ocierać się,ˈnʌzəl
nw,"nw
  płn.-zach.",północno-zachodni
ny,nowy jork,
nyc,miasto nowy jork,
nylon,ˈnaɪlən,
nz,nowa zelandia,
née,nee,z domu|ˈniː
o,əʊ,
oaf,bęcwał,əʊf
oak,dąb,əʊk
oar,wiosło,
oas,organizacja państwa amerykańskich,
oasis,oaza,əʊˈeɪsɪs
oath,əʊθ,
oatmeal,ˈəʊtmi:l,
oau,organizacja jedności afrykańskiej,
obedient,posłuszny,əˈbi:dɪənt
obese,otyły,əʊˈbi:s
obey,być posłusznym,stosować się|əˈbeɪ
obituary,nekrolog,əˈbɪtjʊərɪ
object,"obiekt
 2.  cel","object
i.   1.  przedmiot"
objection,1.  wątpliwość,əbˈʤekʃən
objectionable,niestosowny,niewłaściwy|əbˈʤekʃənəbəl
objective,əbˈʤektɪv,
obligation,1.  zobowiązanie,ˌɒblɪˈgeɪʃən
obligatory,obowiązkowy,əˈblɪgətərɪ
oblige,əˈblaɪʤ,
obliging,uczynny,əˈblaɪʤɪŋ
oblique,1.  pośredni,"skośny|wymijający
 2.  ukośny|əˈbli:k"
obliterate,unicestwiać,əˈblɪtəreɪt
oblivion,"1.  nieświadomość
 2.  zapomnienie",əˈblɪvɪən
oblivious,nieświadomy,əˈblɪvɪəs
oblong,ˈɒblɒŋ,
obnoxious,nieznośny,przykry|əbˈnɒkʃəs
oboe,obój,ˈəʊbəʊ
obscene,nieprzyzwoity,obsceniczny|əˈbsi:n
obscenity,əˈbsenɪtɪ,
obscure,"niejasny
 3.  zamazany","niewyraźny
ii.    zaciemniać|əbˈskjʊə"
obsequious,służalczy,əbˈsi:kwɪəs
observable,dostrzegalny,əbˈzɜ:vəbəl
observance,przestrzeganie,əbˈzɜ:vəns
observant,spostrzegawczy,əbˈzɜ:vənt
observation,ˌɒbzəˈveɪʃən,
observatory,obserwatorium,əbˈzɜ:vətərɪ
observe,əbˈzɜ:v,
observer,komentator,əbˈzɜ:və
obsess,əbˈses,
obsession,obsesja,əbˈseʃən
obsessional,obsesyjny,əbˈseʃənəl
obsessive,obsesyjny,əbˈsesɪv
obsolete,przestarzały,ˈɒbsəli:t
obstacle,przeszkoda,ˈɒbstəkəl
obstetrics,położnictwo,əbˈstetrɪks
obstinate,uparty,ˈɒbstɪnət
obstruct,"1.  tarasować
 2.  blokować",əbˈstrʌkt
obstruction,1.  przeszkoda,"zator
 2.  obstrukcja|əbˈstrʌkʃən"
obtain,osiągać,uzyskiwać|əbˈteɪn
obtainable,osiągalny,əbˈteɪnəbəl
obtrusive,narzucający się,natrętny|əbˈtru:sɪv
obtuse,əbˈtju:s,
obvious,oczywisty,ˈɒbvɪəs
obviously,ˈɒbvɪəslɪ,
occasion,czasami,əˈkeɪʒən
occasional,okazjonalny,okresowy|əˈkeɪʒənəl
occult,magiczny,sekretny|ˈɒkʌlt
occupant,osoba,ˈɒkjəpənt
occupation,ˌɒkjəˈpeɪʃən,
occupational,zawodowy,ˌɒkjəˈpeɪʃənəl
occupier,mieszkaniec,posiadacz|ˈɒkjəpaɪə
occupy,ˈɒkjəpaɪ,
occur,1.  zdarzać się,əˈkɜ:
occurrence,əˈkʌrəns,
ocean,ˈəʊʃən,
ocr,"ocr
  optyczne rozpoznawianie znaków",
oct,"oct.
  październik",
octagon,ośmiokąt,ˈɒktəgən
octave,oktawa,ˈɒktɪv
october,październik,ɒkˈtəʊbə
octopus,ośmiornica,ˈɒktəpəs
oculist,okulista,ˈɒkjəlɪst
odd,klamoty,ɒd|ˌɒdzənˈendz
oddity,"1.  dziwactwo
 2.  dziwaczność",ˈɒdɪtɪ
oddments,różności,ˈɒdmənts
oddson,odds-on,prawie pewne|ədzˈɒn
oder,"the oder 
 - odra",ˈəʊdə
odious,nienawistny,wstrętny|ˈəʊdɪəs
odor,odour,zapach|ˈəʊdə
odour,odor,zapach|ˈəʊdə
of,miasto,wybór|ɒv|əv
offal,podroby,ˈɒfəl
offcolour,niezdrowy,off-colour|ˌɒfˈkʌlə
offence,offense,əˈfens
offend,əˈfend,
offender,"sprawca wykroczenia
 2.  winowajca",əˈfendə
offense,offence,əˈfens
offensive,əˈfensɪv,
offering,1.  propozycja,"oferta
 2.  ofiara|ˈɒfərɪŋ"
offhand,od razu,off-hand|ɒfˈhænd
office,ˈɒfɪs,
officer,ˈɒfɪsə,
official,urzędnik,əˈfɪʃəl
officious,nadgorliwy,əˈfɪʃəs
offing,ˈɒfɪŋ,
offlicence,off-licence,sklep monopolowy|ˈɒflaɪsəns
offline,1.  tryb rozłączny,nie podlegający systemowi operacyjnemu|off-line|rozłączny|ˈɒfˌlaɪn
offload,przerzucać,ˌɒfˈləʊd
offpeak,off-peak,ˌɒfˈpi:k
offputting,odstręczający,off-putting|ˈɒfpʊtɪŋ
offset,i.    wyrównywać,"równoważyć
ii.    druk offsetowy|ˈɒfset"
offshoot,odrośl,ˈɒfʃu:t
offshore,ˌɒfˈʃɔ:,
offside,na spalonym,ˌɒfˈsaɪd
offspring,potomstwo,ˈɒfsprɪŋ
often,ˈɒfən,
ogle,przypatrywać się lubieżnie,ˈəʊgəl
ogre,ogr,potwór|ˈəʊgə
oh,ach,əʊ
ohio,əˈhaɪəʊ,
ohms,w służbie państwa,
oil,"obraz olejny
iv.  oilrig",szyb naftowy|ɔɪl|ˈɔɪlpeɪntɪŋ|ˈɔɪlrɪg
oilfield,złoże ropy,ˈɔɪlfi:ld
oily,1.  zatłuszczony,ˈɔɪlɪ
ointment,ˈɔɪntmənt,
okay,ˌəʊˈkeɪ,
oklahoma,ˌəʊkləˈhəʊmə,
old,ile lat pani ma?,stara panna|əʊld|ˌəʊldˈmeɪd
oldfashioned,"1.  staromodny
 2.  staroświecki",old-fashioned|ˌəʊldˈfæʃənd
olevel,o-level,ˈəʊˌlevəl
olive,ˈɒlɪv,
olympic,igrzyska olimpijskie,ðə əˌlɪmpɪk ˈgeɪmz|əˈlɪmpɪk
omelet,omelette,omlet|ˈɒmlɪt
omelette,omelet,omlet|ˈɒmlɪt
omen,ˈəʊmən,
ominous,przerażający,złowieszczy|ˈɒmɪnəs
omission,1.  opuszczenie,"luka
 2.  pominięcie|əˈmɪʃən"
omit,zaniedbywać,əˈmɪt
omnibus,antologia,zbiór|ˈɒmnɪbəs
on to,onto,ˈɒntʊ
once,już,wʌns
oncoming,nadchodzący,nadciągający|ˈɒnkʌmɪŋ
one,się,wʌn
oneman,jednoosobowy,one-man|wʌnˈmæn
oneoff,one-off,wʌnˈɒf
onerous,ciężki,uciążliwy|ˈɒnərəs
ones,one's,swój|wʌnzˈ
oneself,1.  siebie,wʌnˈself
onesided,jednostronny,one-sided|wʌnˈsaɪdɪd
onetime,niegdysiejszy,niegdyś|one-time|wʌnˈtaɪm
oneway,one-way,wʌnˈweɪ
ongoing,trwający,zachodzący|ˈɒngəʊɪŋ
onion,cebula,ˈʌnjən
online,1.  tryb bezpośredni,on-line|podległy systemowi operacyjnemu|ˈɒnˌlaɪn
onlooker,widz,ˈɒnlʊkə
only,gdy,ˈəʊnlɪ
onrush,przypływ,ˈɒnrʌʃ
onset,początek,ˈɒnset
onshore,ˌɒnˈʃɔ:,
onslaught,atak,ˈɒnslɔ:t
onto,on to,ˈɒntʊ
onus,ciężar,obowiązek|ˈəʊnəs
onward,dalej,onwards|wprzód|ˈɒnwəd
onwards,dalej,onward|wprzód|ˈɒnwəd
oops,bęc,ʊps
ooze,szlam,u:z
opal,ˈəʊpəl,
opaque,1.  nieprzezroczysty,əʊˈpeɪk
opec,ˈəʊpek,
open,powstawać,sklep|ˈəʊpən
openended,open-ended,otwarty|otwarty na wszystko|ˌəʊpənˈendɪd
opener,otwieracz,ˈəʊpənə
opening,godziny otwarcia,"godziny pracy|miejsce|praca
iii.  opening hours|szansa
 5.  miejsce pracy"
openly,otwarcie,ˈəʊpənlɪ
openminded,o otwartym umyśle,open-minded|światły|ˌəʊpənˈmaɪndɪd
opera,ˈɒpərə,
operate,przeprowadzać operację,ˈɒpəreɪt
operatic,operowy,ˌɒpəˈrætɪk
operating system,system operacyjny,ˈɒpəˌreɪtɪŋ ˌsɪstəm
operation,ˌɒpəˈreɪʃən,
operational,do zastosowania,ˌɒpəˈreɪʃənəl
operative,ˈɒpərətɪv,
operator,"1.  operator
 2.  telefonista","telefonistka
 3.  przedsiębiorca|ˈɒpəreɪtə"
operetta,operetka,ˌɒpəˈretə
opinion,əˈpɪnjən,
opinionated,lepiej wiedzący,əˈpɪnjəneɪtɪd
opium,ˈəʊpɪəm,
opp,"opp.
  naprzeciw",
opponent,oponent,przeciwnik|əˈpəʊnənt
opportune,w samą porę,zbawczy|ˈɒpətju:n
opportunism,oportunizm,ˈɒpətju:nɪzəm
opportunity,sposobność,ˌɒpəˈtju:nɪtɪ
oppose,sprzeciwiać się,əˈpəʊz
opposed,"1.  przeciwny 
 2.  przeciwstawny",əˈpəʊzd
opposing,przeciwstawny,əˈpəʊzɪŋ
opposite,ˈɒpəzɪt,
opposition,ˌɒpəˈzɪʃən,
oppress,1.  prześladować,"przygniatać|uciskać
 2.  działać opresyjnie|əˈpres"
oppression,1.  prześladowanie,"ucisk|ucisk
 2.  opresja|əˈpreʃən"
oppressive,"1.  przygniatający
 2.  uciskający",əˈpresɪv
opt,i.    optować,nie udzielać się|ɒpt
optical,ˈɒptɪkəl,ˌɒptɪkəl ˈkærəktə ˌrekəˈgnɪʃən
optician,optyk,ɒpˈtɪʃən
optimism,optymizm,ˈɒptɪmɪzəm
optimistic,optymistyczny,ˌɒptɪˈmɪstɪk
optimum,optymalny,ˈɒptɪməm
option,możliwość,opcja|ˈɒpʃən
optional,do wyboru,opcjonalny|ˈɒpʃənəl
opulent,bogaty,ˈɒpjələnt
or,albo,
oracle,wyrocznia,ˈɔ:rəkəl
oral,ˈɔ:rəl,
orange,ˈɒrɪnʤ,
orangutan,orangutang,ɔ:ˌræŋu:ˈtæn
orangutang,orangutan,ɔ:ˌræŋu:ˈtæn
oration,oracja,przemówienie|ɔ:ˈreɪʃən
orbit,krążyć,ˈɔ:bɪt
orch,"orch.
  orkiestra",
orchard,sad,ˈɔ:ʧəd
orchestra,ˈɔ:kɪstrə,
orchestrate,1.  aranżować,"organizować
 2.  zorkiestrować|orkiestrować|ˈɔ:kɪstreɪt"
orchid,orchidea,ˈɔ:kɪd
ordain,ɔ:ˈdeɪn,
ordeal,ciężkie przeżycie,ɔ:ˈdi:l
orderly,ˈɔ:dəlɪ,
ordinarily,zwykle,ˈɔ:dənərɪlɪ
ordinary,ˈɔ:dɪnərɪ,
ordination,wyświęcenie,ˌɔ:dɪˈneɪʃən
ore,ruda,
oregon,ˈɒrɪgən,
organ,ˈɔ:gən,
organic,"1.  organiczny
 2.  naturalny",ɔ:ˈgænɪk
organisation,"1.  organizacja
 2.  uorganizowanie",organization|ˌɔ:gənaɪˈzeɪʃən
organisational,organizacyjny,organizational|ˌɔ:gənaɪˈzeɪʃənəl
organise,organize,zrzeszać się|ˈɔ:gənaɪz
organism,organizm,ˈɔ:gənɪzəm
organist,organista,ˈɔ:gənɪst
organization,"1.  organizacja
 2.  uorganizowanie",organisation|ˌɔ:gənaɪˈzeɪʃən
organizational,organisational,organizacyjny|ˌɔ:gənaɪˈzeɪʃənəl
organize,organise,zrzeszać się|ˈɔ:gənaɪz
orgasm,orgazm,szczytowanie|ˈɔ:gəzəm
orgy,"1.  orgia
 2.  rozpasanie",ˈɔ:ʤɪ
oriental,orientalny,wschodni|ˌɔ:rɪˈentəl
orientate,ˈɔ:rɪenteɪt,
origin,origins,pochodzenie|ˈɒrɪʤɪn
original,əˈrɪʤɪnəl,
originate,brać początek,əˈrɪʤɪneɪt
originator,autor,twórca|əˈrɪʤɪneɪtə
origins,origin,pochodzenie|ˈɒrɪʤɪn
ornament,ˈɔ:nəmənt,
ornamental,ornamentalny,ozdobny|ˌɔ:nəˈmentəl
ornate,ozdobny,ɔ:ˈneɪt
ornithology,ornitologia,ˌɔ:nɪˈθɒləʤɪ
orphan,ˈɔ:fən,
orphanage,sierociniec,ˈɔ:fənɪʤ
orthodox,ˈɔ:θədɒks,
orthodoxy,ˈɔ:θədɒksɪ,
orthopaedic,ˌɔ:θəˈpi:dɪk,
oscillate,oscylować,ˈɒsɪleɪt
ostensible,rzekomy,ɒsˈtensɪbəl
ostentation,ostentacja,ˌɒstənˈteɪʃən
ostentatious,1.  wystawny na pokaz,"bogaty
 3.  ostentacyjny|ˌɒstənˈteɪʃəs"
ostracise,ostracize,ˈɒstrəsaɪz
ostracize,ostracise,ˈɒstrəsaɪz
ostrich,struś,ˈɒstrɪʧ
ot,stary testament,
other,ˈʌðə,
otherwise,ˈʌðəwaɪz,
otter,wydra,ˈɒtə
ouch,au,aʊʧ
ought,powinien,ɔ:t
ounce,aʊns,
our,nasz,ˈaʊə
ours,nasz,ˈaʊəz
ourselves,aʊəˈselvz,"siebie|sobie
 2.  sami"
oust,aʊst,usuwać|wypierać
outandout,kompletny,out-and-out|zupełny|ˌaʊtənˈaʊt
outback,pustkowie,ˈaʊtbæk
outbreak,wybuch,ˈaʊtbreɪk
outbuilding,budynek gospodarczy,dobudówka|ˈaʊtbɪldɪŋ
outburst,"1.  wybuch
 2.  eksplozja",przypływ|ˈaʊtbɜ:st
outcast,wyrzutek,ˈaʊtkɑ:st
outclass,deklasować,przewyższać|ˈaʊtklɑ:s
outcome,wynik,ˈaʊtkʌm
outcry,wrzawa,wybuch oburzenia|ˈaʊtkraɪ
outdated,przestarzały,ˌaʊtˈdeɪtɪd
outdo,pokonywać,przewyższać|ˌaʊtˈdu:
outdoor,"1.  wyjściowy
 2.  zewnętrzny",na wolnym powietrzu|ˌaʊtˈdɔ:
outdoors,ˌaʊtˈdɔ:z,
outer,przestrzeń kosmiczna,ˈaʊtə|ˌaʊtə ˈspeɪs
outermost,najbardziej zewnętrzny,ˈaʊtəməʊst
outfit,placówka,ˈaʊtfɪt
outgoing,ˌaʊtˈgəʊɪŋ,
outgrow,wyrastać,ˌaʊtˈgrəʊ
outing,wycieczka,wyprawa|ˈaʊtɪŋ
outlandish,aʊtˈlændɪʃ,dziwaczny
outlast,przetrwać,przeżyć|ˌaʊtˈlɑ:st
outlaw,ˈaʊtlɔ:,
outlay,inwestycja,ˈaʊtleɪ
outlet,ˈaʊtlɪt,
outline,szkic,ˈaʊtlaɪn
outlive,przetrwać,przeżyć|ˌaʊtˈlɪv
outlook,1.  poglądy,"światopogląd
 2.  prospekt|ˈaʊtlʊk"
outlying,odległy,prowincjonalny|ˈaʊtlaɪɪŋ
outmoded,przestarzały,ˌaʊtˈməʊdɪd
outnumber,przewyższać liczebnie,ˌaʊtˈnʌmbə
outoftheway,odludny,out-of-the-way|ˌaʊtəvðəˈweɪ
outpatient,out-patient,pacjent ambulatoryjny|ˈaʊtpeɪʃənt
outpost,placówka,ˈaʊtpəʊst
output,ˈaʊtpʊt,
outrage,i.    gniewać,"szokować
ii.   1.  rozgniewanie|ˈaʊtreɪʤ"
outrageous,aʊtˈreɪʤəs,szokujący|wzburzający
outright,ˈaʊtraɪt,
outset,od razu,ˈaʊtset
outside,i.    zewnętrze,tuż za|ˌaʊtˈsaɪd
outsider,1.  człowiek niezależny,ˌaʊtˈsaɪdə
outsize,ˌaʊtˈsaɪz,
outskirts,the outskirts  przedmieścia,ˈaʊtskɜ:ts
outsmart,przechytrzać,ˌaʊtˈsmɑ:t
outspoken,otwarty,szczery|ˌaʊtˈspəʊkən
outstanding,"1.  wybitny
 2.  znakomity",ˌaʊtˈstændɪŋ
outstretched,wyciągnięty,ˌaʊtˈstreʧt
outstrip,przewyższyć,prześcignąć|ˌaʊtˈstrɪp
outward,outwards,podróż za granicę|ˈaʊtwəd
outwards,outward,podróż za granicę|ˈaʊtwəd
outweigh,przeważać,ˌaʊtˈweɪ
outwit,przechytrzać,ˌaʊtˈwɪt
outworn,zużyty,ˌaʊtˈwɔ:n
oval,ˈəʊvəl,
ovary,jajnik,ˈəʊvərɪ
ovation,aplauz,oklaski|əˈveɪʃən
oven,kuchenka,piecyk|piekarnik|ˈʌvən
over,ˈəʊvə,
overall,"fartuch
 2. overalls  kombinezon",ogrodniczki
overawe,przerażać,ˌɒvərˈɔ:
overbalance,przeważać,ˌəʊvəˈbæləns
overbearing,apodyktyczny,ˌəʊvəˈbeərɪŋ
overboard,za burtę,ˈəʊvəbɔ:d
overcast,zaciągnięty chmurami,ˈəʊvəkɑ:st
overcharge,brać za dużo,liczyć za dużo|ˌəʊvəˈʧɑ:ʤ
overcoat,gruby płaszcz,płaszcz|ˈəʊvəkəʊt
overcome,ˌəʊvəˈkʌm,
overcrowded,przeludniony,zatłoczony|ˌəʊvəˈkraʊdɪd
overcrowding,przeludnienie,ˌəʊvəˈkraʊdɪŋ
overdo,przesadzać,ˌəʊvəˈdu:
overdone,za długo gotowany,za długo smażony|ˌəʊvəˈdʌn
overdose,zbyt duża dawka,ˈəʊvədəʊz
overdraft,przekroczenie salda,ˈəʊvədrɑ:ft
overdraw,przekroczyć saldo,ˈəʊvədrɔ:
overdue,"1.  opóźniony
 2.  zaległy",ˌəʊvəˈdju:
overestimate,przeceniać,ˌəʊvərˈestɪmeɪt
overgrown,zarosły,ˌəʊvəˈgrəʊn
overhang,ˌəʊvəˈhæŋ,
overhaul,modernizacja,"modernizować
ii.    reforma|ˌəʊvəˈhɔ:l"
overhead,ˌəʊvəˈhed,
overhear,podsłuchiwać,ˌəʊvəˈhɪə
overheat,przegrzewać się,ˌəʊvəˈhi:t
overjoyed,zachwycony,ˌəʊvəˈʤɔɪd
overland,ˈəʊvəlænd,
overlap,część wspólna,
overload,przeciążać,ˌəʊvəˈləʊd
overlook,ignorować,ˌəʊvəˈlʊk
overnight,ˌəʊvəˈnaɪt,
overpass,przejazd,wiadukt|ˈəʊvəpɑ:s
overpopulated,przeludniony,ˌəʊvəˈpɒpjəleɪtɪd
overpower,"i.    przemóc
ii.    owładnąć",ˌəʊvəˈpaʊə
overrate,przeceniać,ˌəʊvəˈreɪt
override,nie stosować się do,ˌəʊvəˈraɪd
overriding,naczelny,najważniejszy|ˌəʊvəˈraɪdɪŋ
overrule,"1.  uchylać
 2.  przegłosowywać",ˌəʊvəˈru:l
overrun,przekraczać,ˌəʊvəˈrʌn
overseas,ˌəʊvəˈsi:z,
oversee,mieć pieczę,mieć pieczę nad czymś|nadzorować|ˌəʊvəˈsi:
overseer,nadzorca,ˈəʊvəsi:ə
overshadow,ˌəʊvəˈʃædəʊ,
overshoot,przenosić,udawać się za daleko|ˌəʊvəˈʃʊt
oversight,niedopatrzenie,ˈəʊvəsaɪt
oversimplify,upraszczać,ˌəʊvəˈsɪmplɪfaɪ
oversize,nadmiarowy,oversized|większy niż zwykle|ˈəʊvəsaɪz
oversized,nadmiarowy,oversize|większy niż zwykle|ˈəʊvəsaɪz
oversleep,przesypiać,spać za długo|ˌəʊvəˈsli:p
overstate,przesadzać,wyolbrzymiać|ˌəʊvəˈsteɪt
overt,otwarty,əʊˈvɜ:t
overtake,1.  wyprzedzać,ˌəʊvəˈteɪk
overthrow,"odrzucać
ii.    obalenie","overthrow
i.   1.  obalać|przewrót|zrzucać
 2.  porzucać"
overtime,ˈəʊvətaɪm,
overtone,nuta,sugestia|ˈəʊvətəʊn
overture,ˈəʊvətjʊə,
overturn,1.  przewracać się,pozbawiać władzy|ˌəʊvəˈtɜ:n
overview,przegląd,ˈəʊvəvju:
overweight,nadwaga,ˈəʊvəweɪt
overwhelm,miażdżyć,przytłaczać|ˌəʊvəˈwelm
overwhelming,przygniatający,ˌəʊvəˈwelmɪŋ
overwork,i.   1.  przepracowywać się,zapracowywać się|ˌəʊvəˈwɜ:k
overwrought,napięty,spięty|ˌəʊvəˈrɔ:t
ow,au,aʊ
owe,əʊ,
owing to,dzięki,z powodu|ˈəʊɪŋtʊ
owl,aʊl,sowa
own,i.    posiadać,"mieć
ii.    własny|ˈəʊn"
owner,właściciel,ˈəʊnɚ
ownership,własność,ˈəʊnəʃɪp
ox,wół,ɒks
oxford,oksford,ˈɒksfəd
oxide,tlenek,ˈɒksaɪd
oxygen,tlen,ˈɒksɪʤən
oyster,ostryga,ˈɔɪstə
oz,"oz.
  uncja",
pa,per annum,rocznie
pace,peɪs,przejść dwa kroki|stymulator serca|zrobić kroki|ˈpeɪsmeɪkə
pacific,pacyfik,pəˈsɪfɪk
pacifism,pacyfizm,ˈpæsɪfɪzəm
pacify,uspokajać,ˈpæsɪfaɪ
pack,pæk,
package,ˈpækɪʤ,
packaging,opakowanie,ˈpækɪʤɪŋ
packed,"1.  zatłoczony
 2.  napchany",pækt
packet,opakowanie,paczka|ˈpækɪt
packing,skrzynia na rzeczy,ˈpækɪŋ|ˈpækɪŋkeɪs
pact,pækt,
pad,pæd,
padding,podbicie,wyściółka|ˈpædɪŋ
paddle,ˈpædəl,
paddock,wybieg,wybieg dla koni|ˈpædək
paddy,pole ryżowe,ˈpædɪ
padlock,kłódka,ˈpædlɒk
pagan,"i.    pogański
ii.    poganin",ˈpeɪgən
page,peɪʤ,
pageant,uroczysta scena,ˈpæʤənt
pageantry,uroczystość,ˈpæʤəntrɪ
pagoda,pəˈgəʊdə,
paid,peɪd,
paidup,paid-up,pełnopłatny|ˌpeɪdˈʌp
pail,peɪl,wiadro
pain,peɪn,
pained,urażony,zbolały|ˈpeɪnd
painful,1.  obolały,"bolący
 2.  bolesny|ˈpeɪnfʊl"
painkiller,środek przeciwbólowy,ˈpeɪnkɪlə
painless,"1.  bezbolesny
 2.  łatwy",ˈpeɪnlɪs
painstaking,drobiazgowy,sumienny|ˈpeɪnzteɪkɪŋ
paint,peɪnt,
paintbrush,pędzel,pędzel do malowania|ˈpeɪntbrʌʃ
painter,malarz,ˈpeɪntə
painting,ˈpeɪntɪŋ,
paintwork,farba,lakier|ˈpeɪntwɜ:k
pair,peə,
pajamas,piżama,pyjamas|pəˈʤɑ:məz
pakistan,ˌpɑ:kɪˈstɑ:n,
pakistani,"i.    pakistański
ii.    pakistańczyk",ˌpɑ:kɪˈstɑ:nɪ
pal,kolega,kumpel|pæl
palace,pałac,ˈpælɪs
palatable,ˈpælətəbəl,
palate,"1.  podniebienie
 2.  smak",ˈpælɪt
palatial,"1.  wspaniały
 2.  pałacowy",pəˈleɪʃəl
pale,peɪl,
paleness,bladość,ˈpeɪlnɪs
palestine,palestyna,ˈpæləstaɪn
palestinian,"i.    palestyński
ii.    palestyńczyk",ˌpæləˈstɪnɪən
palette,paleta,ˈpælɪt
pall,i.    wyświechtywać się,"kir|nudzić się
ii.    całun|pæl"
pallid,blady,ˈpælɪd
palm,pɑ:m,
palpable,oczywisty,widoczny|ˈpælpəbəl
palpitation,dygotanie,palpitacja|ˌpælpɪˈteɪʃən
paltry,mizerny,ˈpɔ:ltrɪ
pamper,dogadzać,rozpieszczać|ˈpæmpə
pamphlet,broszura,ˈpæmflɪt
pan,patelnia,pæn
panacea,panaceum,ˌpænəˈsɪə
panache,dobra forma,pəˈnæʃ|styl
pancake,naleśnik,ˈpænkeɪk
panda,ˈpændə,
pandemonium,piekło,rozgardiasz|ˌpændəˈməʊnɪəm
pander,zaspokajać wszystkie zachcianki,ˈpændə
pane,peɪn,szyba
panel,ˈpænəl,
paneled,panelled,ˈpænəld
paneling,boazeria,panelling|ˈpænəlɪŋ
panelled,paneled,ˈpænəld
panelling,boazeria,paneling|ˈpænəlɪŋ
pang,1.  ukłucie,"ból
 2.  wyrzut|pæŋ"
panic,"i.    panika
ii.    panikować",ˈpænɪk
panicstricken,ogarnięty paniką,panic-stricken|ˈpænɪk strɪkən
pannier,sakwa,ˈpænɪə
panorama,widok,ˌpænəˈrɑ:mə
panoramic,panoramiczny,ˌpænəˈræmɪk
panpipes,fletnia pana,ˈpænpaɪps
pansy,bratek,ˈpænzɪ
pant,pænt,
panther,pantera,ˈpænθə
panties,majtki,ˈpæntɪz
pantihose,pantyhose,rajstopy|ˈpæntɪhəʊz
pantomime,(bajkowy musikal dla dzieci,rodzaj szopki)|ˈpæntəmaɪm
pantry,spiżarnia,ˈpæntrɪ
pantyhose,pantihose,rajstopy|ˈpæntɪhəʊz
papal,papieski,ˈpeɪpəl
paper,spinacz,ˈpeɪpə|ˈpeɪpəklɪp
paperback,książka w broszurowej oprawie,książka w miękkiej oprawie|ˈpeɪpəbæk
paperweight,przycisk do papierów,ˈpeɪpəweɪt
paperwork,praca papierkowa,ˈpeɪpəwɜ:k
papiermache,papier-mache,papier-mâché|papierowy|ˌpæpɪeɪˈmæʃeɪ
papiermâché,papier-mache,papier-mâché|papierowy|ˌpæpɪeɪˈmæʃeɪ
paprika,papryka,papryka sproszkowana|ˈpæprɪkə
papyrus,papirus,pəˈpaɪərəs
par,"par.
  akapit",paragraf|pɑ:
parable,przypowieść,ˈpærəbəl
parachute,spadochron,ˈpærəʃu:t
parade,pəˈreɪd,
paradise,raj,ˈpærədaɪs
paradox,paradoks,ˈpærədɒks
paradoxical,paradoksalny,ˌpærəˈdɒksɪkəl
paraffin,ˈpærəfɪn,
paragon,model,wzór|ˈpærəgən
paragraph,akapit,ˈpærəgrɑ:f
paraguay,paragwaj,ˈpærəgwaɪ
paraguayan,"i.    paragwajski
ii.    paragwajczyk",ˌpærəˈgwaɪən
parallel,nie mieć odpowiednika,ˈpærəlel
paralyse,paraliżować,paralyze|ˈpærəlaɪz
paralysis,paraliż,pəˈræləsɪs
paralyze,paraliżować,paralyse|ˈpærəlaɪz
parameter,czynnik,parametr|pəˈræmi:tə
paramilitary,paramilitarny,ˌpærəˈmɪlɪtərɪ
paramount,ˈpærəmaʊnt,
paranoia,paranoja,ˌpærəˈnɔɪə
paranoid,paranoidalny,ˈpærənɔɪd
parapet,ˈpærəpɪt,
paraphernalia,przedmioty osobistego użytku,ˌpærəfəˈneɪlɪə
paraphrase,"i.    parafraza
ii.    parafrazować",ˈpærəfreɪz
parasite,pasożyt,ˈpærəsaɪt
parasitic,pasożytniczy,ˌpærəˈsɪtɪk
parasol,parasol przeciwsłoneczny,ˈpærəsɒl
paratroop,ˈpærətru:p,
paratrooper,spadochroniarz,ˈpærətru:pə
parcel,paczka,pakunek|ˈpɑ:səl
parched,1.  wysuszony,ˈpɑ:ʧt
parchment,pergamin,ˈpɑ:ʧmənt
pardon,przepraszam'',słucham?''|ˈpɑ:dən
pardonable,do wybaczenia,wybaczalny|ˈpɑ:dənəbəl
pare,obierać,peə
parent,ˈpeərənt,
parenthesis,pəˈrenθɪsɪs,
parenthood,rodzicielstwo,ˈpeərənthʊd
paris,paryż,ˈpærɪs
parish,"i.    parafia
ii.    parafialny",ˈpærɪʃ
parishioner,parafianin,pəˈrɪʃənə
parisian,"i.    paryski
ii.    paryżanin",pəˈrɪzɪən
parity,równowaga,równość|ˈpærɪtɪ
park,pɑ:k,
parka,skafander,ˈpɑ:kə
parking,licznik czasu parkowania,ˈpɑ:kɪŋ|ˈpɑ:kɪŋ lɒt|ˈpɑ:kɪŋ mi:tə
parkland,park,ˈpɑ:klənd
parlance,mowa,ˈpɑ:ləns
parliament,parlament,ˈpɑ:ləmənt
parliamentary,parlamentarny,ˌpɑ:ləˈmentərɪ
parlor,parlour,salon|ˈpɑ:lə
parlour,parlor,salon|ˈpɑ:lə
parochial,parafiański,pəˈrəʊkɪəl
parody,"i.    parodia
ii.    parodiować",ˈpærədɪ
parole,pəˈrəʊl,zwolnienie warunkowe
paroxysm,1.  paroksyzm,"wybuch
 2.  napad|ˈpærəksɪzəm"
parquet,"i.    parkiet
ii.    parkietowy",ˈpɑ:keɪ
parrot,ˈpærət,
parry,odparowywać,ˈpærɪ
parsimonious,oszczędny,ˌpɑ:sɪˈməʊnɪəs
parsley,pietruszka,ˈpɑ:slɪ
parsnip,pasternak,ˈpɑ:snɪp
parson,proboszcz,ˈpɑ:sən
parsonage,probostwo,ˈpɑ:sənɪʤ
partial,lubić coś,ˈpɑ:ʃəl
partially,częściowo,ˈpɑ:ʃəlɪ
participant,pɑ:ˈtɪsɪpənt,uczestnik
participate,pɑ:ˈtɪsɪpeɪt,uczestniczyć
participation,pɑ:ˌtɪsɪˈpeɪʃən,uczestnictwo
participial,imiesłowowy,ˌpɑ:tɪˈsɪpɪəl
participle,imiesłów,ˈpɑ:tɪsɪpəl
particle,"1.  cząstka
 2.  partykuła",ˈpɑ:tɪkəl
particularly,pəˈtɪkjələlɪ,szczególnie
parting,ˈpɑ:tɪŋ,
partisan,ˌpɑ:tɪˈzæn,
partition,dzielić,"przedzielać
 2.  przeprowadzać rozbiór|pɑ:ˈtɪʃən"
partly,częściowo,ˈpɑ:tlɪ
partner,partnerem,ˈpɑ:tnə
partnership,"1.  partnerstwo
 2.  współudział","uczestnictwo
 3.  spółka|ˈpɑ:tnəʃɪp"
partridge,kuropatwa,ˈpɑ:trɪʤ
parttime,part-time,ˌpɑ:tˈtaɪm
party,brać udział w czymś,ˈpɑ:tɪ
pass,pɑ:s,
passable,1.  do przyjęcia,"możliwy
 2.  przejezdny|ˈpɑ:səbəl"
passage,ˈpæsɪʤ,
passenger,pasażer,ˈpæsɪnʤə
passerby,passer-by,przechodzień|ˌpɑ:səˈbaɪ
passing,1.  przelotny,ˈpɑ:sɪŋ
passion,"1.  namiętność
 2.  pasja","uczucie
 3.  zamiłowanie|ˈpæʃən"
passionate,"1.  zapamiętały
 2.  namiętny",ˈpæʃənət
passive,ˈpæsɪv,
passport,"1.  paszport
 2.  gwarancja",ˈpɑ:spɔ:t
password,hasło,ˈpɑ:swɜ:d
past,czas przeszly,pɑ:st|pɑ:st ˈpɑ:tɪsɪpəl|pɑ:st ˈtens
pasta,makaron,ˈpæstə
paste,peɪst,
pastel,ˈpæstəl,
pasteurized,pasteryzowany,ˈpɑ:stəraɪzd
pastille,pastylka,pæˈsti:l
pastime,rozrywka,ˈpɑ:staɪm
pastor,duszpasterz,ˈpɑ:stə
pastoral,"1.  duszpasterski
 2.  pasterski",ˈpɑ:stərəl
pastry,ˈpeɪstrɪ,
pasture,pastwisko,ˈpɑ:sʧə
pasty,"niezdrowy
ii.    pasztecik",
pat,"odrobina
iii.    standardowy",pæt|rutynowy
patch,"naprawić
 2.  załagadzać",pæʧ
patchwork,ˈpæʧwɜ:k,
patchy,1.  łaciaty,"plamisty
 2.  dziurawy|z lukami|ˈpæʧɪ"
pate,pasztet,pâté|ˈpæteɪ
patent,"bezsporny
iv.  patent leather",skóra lakierowana|ˈpeɪtənt|ˌpeɪtənt ˈleðə
paternal,ojcowski,pəˈtɜ:nəl
paternity,ojcostwo,pəˈtɜ:nɪtɪ
path,pɑ:θ,
pathetic,"1.  żałosny
 2.  wzruszający",pəˈθetɪk|smutny
pathological,"1.  patologiczny
 2.  chorobliwy",ˌpæθəˈlɒʤɪkəl
pathology,medycyna patologiczna,patologia|pəˈθɒləʤɪ
pathos,patos,ˈpeɪθɒs
patience,ˈpeɪʃəns,
patient,"i.    cierpliwy
ii.    pacjent",ˈpeɪʃənt
patio,taras,weranda|ˈpætɪəʊ
patriot,patriota,ˈpætrɪət
patriotic,patriotyczny,ˌpætrɪˈɒtɪk
patriotism,patriotyzm,ˈpætrɪətɪzəm
patrol,"i.    patrolować
ii.    patrol",pəˈtrəʊl
patrolman,policjant posterunkowy,pəˈtrəʊlmən
patron,"gość
ii.  patron saint",ˈpeɪtrən|ˌpeɪtrənˈseɪnt
patronage,patronat,ˈpætrənɪʤ
patronise,patronize,ˈpætrənaɪz
patronize,patronise,ˈpætrənaɪz
patter,"bębnienie
 2.  gadanina","stukać
ii.   1.  stukot|ˈpætə"
pattern,ˈpætən,
paunch,brzuch,duży brzuch|pɔ:nʧ
pauper,nędzarz,ˈpɔ:pə
pause,pɔ:z,
pave,1.  utwardzać,peɪv|wykładać kamieniami
pavement,ˈpeɪvmənt,
pavilion,pəˈvɪljən,szatnia
paving stone,płyta chodnikowa,ˈpeɪvɪŋstəʊn
paw,bić,drapać łapą|pɔ:
pawn,"i.    zastawiać
ii.    pionek",pɔ:n
pawnbroker,właściciel lombardu,ˈpɔ:nbrəʊkə
pawnshop,lombard,ˈpɔ:nʃɒp
pay,"opłacać
 2.  być opłacanym",peɪ|zwracać|ˈpeɪpækɪt
payable,ˈpeɪəbəl,
payday,dzień wypłaty,ˈpeɪdeɪ
payee,odbiorca wypłaty,peɪˈi:
payment,wypłata,zapłata|ˈpeɪmənt
payoff,1.  rezultat,"wynik
 2.  rekompensata|ˈpeɪɒf"
payroll,ˈpeɪrəʊl,
pd,"pd.
  zapłacony",per diem
pe,wf,wychowanie fizyczne
pea,groszek,pi:
peaceable,pokojowy,ˈpi:səbəl
peaceful,1.  spokojny,"cichy
 2.  pokojowy|ˈpi:sfʊl"
peacetime,okres pokoju,ˈpi:staɪm
peach,"i.    brzoskwinia
ii.    brzoskwiniowy",pi:ʧ
peacock,paw,ˈpi:kɒk
peak,pi:k,punkt szczytowy
peal,pi:l,wybuch
peanut,masło orzechowe,ˈpi:nʌt|ˌpi:nʌt ˈbʌtə
pear,gruszka,peə
pearl,perła,pɜ:l
pearly,perłowy,ˈpɜ:lɪ
peasant,chłop,ˈpezənt
peasantry,chłopi,chłopstwo|ˈpezəntrɪ
peat,pi:t,torf
pebble,kamyk,otoczak|ˈpebəl
peck,"muskać
ii.   1.  dziobanie",muskać ustami|pek|pocałunek
peculiar,1.  osobliwy,pɪˈkju:lɪə
peculiarity,pɪˌkju:lɪˈærɪtɪ,
pecuniary,pieniężny,pɪˈkju:nɪərɪ
pedagogic,pedagogiczny,ˌpedəˈgɒʤɪk
pedagogy,pedagogika,ˈpedəgɒʤɪ
pedal,ˈpedəl,
pedant,ˈpedənt,
pedantic,pedantyczny,pɪˈdæntɪk
peddle,1.  handlować narkotykami,"handlować
 2.  rozpowszechniać|ˈpedəl"
peddler,handlarz,handlarz narkotykami|ˈpedlə
pedestal,piedestał,postument|ˈpedɪstəl
pedestrian,"i.    przechodzień
ii.    przyziemny","prozaiczny
iii.  pedestrian crossing|pɪˈdestrɪən|pɪˌdestrɪən ˈkrɒsɪŋ"
pedigree,ˈpedɪgri:,
pee,pi:,siusianie
peek,pi:k,spojrzenie
peel,pi:l,
peelings,obierki,ˈpi:lɪŋz
peep,pi:p,
peephole,judasz,ˈpi:phəʊl
peer,pɪə,równy|równy komuś
peerage,ˈpɪərɪʤ,
peeved,ˈpi:vd,
peevish,zirytowany,ˈpi:vɪʃ
pejorative,pejoratywny,pəˈʤɒrətɪv
pekinese,pekińczyk,ˌpɪ:kɪˈni:z
peking,pekin,ˌpi:ˈkɪŋ
pelican,pelikan,ˈpelɪkən
pellet,kula,kulka|ˈpelɪt
pelvis,miednica,ˈpelvɪs
pen,długopis,"mazak
 2.  zagroda|pseudonim literacki|ˈpenneɪm"
penal,karny,penitencjarny|ˈpi:nəl
penalise,karać,penalize|ˈpi:nəlaɪz
penalize,karać,penalise|ˈpi:nəlaɪz
penalty,punkt karny,rzut karny|ˈpenəltɪ
penance,pokuta,ˈpenəns
pencil,ˈpensɪl,
pendant,wisiorek,ˈpendənt
pending,ˈpendɪŋ,
pendulum,"1.  wahadło
 2.  tendencja",ˈpendjələm
penetrate,docierać,przez coś)|ˈpenətreɪt
penetrating,przenikliwy,ˈpenətreɪtɪŋ
penetration,przenikliwość,ˌpenəˈtreɪʃən
penfriend,pen-friend,znajomy korespondencyjny|ˈpenfrend
penguin,pingwin,ˈpeŋgwɪn
penicillin,penicylina,ˌpenɪˈsɪlɪn
peninsula,półwysep,pɪˈnɪnsjʊlə
penis,członek,ˈpi:nɪs
penitent,pokutniczy,skruszony|ˈpenɪtənt
penitentiary,zakład penitencjarny,ˌpenɪˈtenʃərɪ
penknife,scyzoryk,ˈpennaɪf
pennant,bez grosza,ˈpenənt
penniless,bez grosza,ˈpenɪlɪs
pennsylvania,pensylwania,ˌpensɪlˈveɪnɪə
penny,pens,ˈpenɪ
pension,ˈpenʃən,ˈpenʃənfʌnd
pensionable,uprawniony do emerytury,ˈpenʃənəbəl
pensioner,emeryt,ˈpenʃənə
pensive,zadumany,ˈpensɪv
pentagon,ˈpentəgən,
pentathlon,penˈtæθlən,pięciobój
pentecost,zielone świątki,ˈpentɪkɒst
penthouse,ˈpenthaʊs,
pentup,pent-up,spętany|ˌpentˈʌp
penultimate,przedostatni,pɪnˈʌltəmət
people,ˈpi:pəl,
pep,i.    animusz,"werwa
ii.  pep talk|ˈpeptɔ:k"
peppermint,miętus,ˈpepəmɪnt
per annum,rocznie,
per procurationem,"per procurationem
  w zastępstwie",
perceive,1.  dostrzegać,"postrzegać
 2.  widzieć|pəˈsi:v"
percentage,procent,pəˈsentɪʤ|udział procentowy
perceptible,dostrzegalny,pəˈseptɪbəl
perception,"1.  wnikliwość
 2.  widzenie","dostrzeganie
 3.  percepcja|pəˈsepʃən"
perceptive,pəˈseptɪv,wnikliwy
perch,pɜ:ʧ,
percolator,ekspres do kawy,maszynka do kawy|ˈpɜ:kəleɪtə
percussion,perkusja,pəˈkʌʃən
peremptory,natarczywy,pəˈremptərɪ|władczy
perennial,bylina,pɪˈrenɪəl
perfection,doskonałość,pəˈfekʃən
perfectionist,perfekcjonista,pəˈfekʃənɪst
perfectly,1.  całkowicie,"zupełnie
 2.  doskonale|ˈpɜ:fəktlɪ"
perforate,perforować,ˈpɜ:fəreɪt
perforation,perforacja,ˌpɜ:fəˈreɪʃən
perform,pəˈfɔ:m,
performance,1.  wykonanie,pəˈfɔ:məns
performer,"1.  wykonawca
 2.  artysta",pəˈfɔ:mə
perfume,woń,ˈpɜ:fjʊm
perfunctory,niedbały,powierzchowny|pəˈfʌŋktərɪ
perhaps,być może,może|pəˈhæps
peril,ˈperɪl,
perilous,niebezpieczny,ˈperɪləs
perimeter,obwód,pəˈrɪmɪtə
period,historyczny,ˈpɪərɪəd
periodic,okresowy,periodyczny|ˌpɪərɪˈɒdɪk
periodical,"i.    periodyk
ii.    periodyczny",okresowy|ˌpɪərɪˈɒdɪkəl
peripheral,pəˈrɪfərəl,"wobec)
 2.  peryferyjny"
periphery,1. the periphery  peryferia,pəˈrɪfərɪ
periscope,peryskop,ˈperɪskəʊp
perish,ˈperɪʃ,
perishable,łatwo psujący się,ˈperɪʃəbəl
perishing,"przeraźliwy
 2.  okropnie zimny",ˈperɪʃɪŋ
perjure,perjure oneself  popełniać krzywoprzysięstwo,ˈpɜ:ʤə
perjury,krzywoprzysięstwo,ˈpɜ:ʤərɪ
perk,i.    dodatek do pensji,pɜ:k
perky,ożywiony,ˈpɜ:kɪ
perm,i.    trwała ondulacja,pɜ:m
permanent,ˈpɜ:mənənt,
permeate,przenikać,ˈpɜ:mɪeɪt
permissible,dopuszczalny,pəˈmɪsəbəl
permission,pəˈmɪʃən,zezwolenie
permissive,przyzwalający,pəˈmɪsɪv
pernicious,pəˈnɪʃəs,szkodliwy|zgubny
pernickety,drobiazgowy,persnickety|pəˈnɪkɪtɪ|wybredny
perpendicular,pionowy,prostopadły|ˌpɜ:pənˈdɪkjʊlə
perpetrate,popełniać,ˈpɜ:pɪtreɪt
perpetual,pəˈpetjʊəl,ustawiczny|wieczny
perpetuate,kontynuować,pəˈpetju:eɪt
perpetuity,pəpɪˈtju:ɪtɪ,wieczność
perplexed,pəˈplekst,zakłopotany|zmieszany
perplexing,kłopotliwy,pəˈpleksɪŋ
perplexity,pəˈpleksɪtɪ,zakłopotanie|zmieszanie
persecute,prześladować,ˈpɜ:sɪkju:t
persecution,prześladowanie,ˌpɜ:sɪˈkju:ʃən
perseverance,wytrwałość,ˌpɜ:sɪˈvɪərəns
persevere,nie poddawać się,trwać|ˌpɜ:sɪˈvɪə
persia,persja,ˈpɜ:ʃə
persian,ˈpɜ:ʃən,
persist,pəˈsɪst,upierać się
persistent,pəˈsɪstənt,uporczywy
persnickety,drobiazgowy,pernickety|pəˈnɪkɪtɪ|wybredny
person,ˈpɜ:sən,
personable,sympatyczny,ˈpɜ:sənəbəl
personage,osobistość,ˈpɜ:sənɪʤ
personal,ˈpɜ:sənəl,
personality,"1.  osobowość
 2.  osobistość",ˌpɜ:səˈnælɪtɪ
personally,osobiście,ˈpɜ:sənəlɪ
personify,personifikować,pəˈsɒnɪfaɪ|uosabiać
personnel,obsługa,personel|ˌpɜ:səˈnel
perspective,pəˈspektɪv,
perspicacious,bystry,przenikliwy|ˌpɜ:spɪˈkeɪʃəs
perspiration,pot,ˌpɜ:spəˈreɪʃən
perspire,pocić się,pəˈspaɪə
persuade,by coś zrobił),pəˈsweɪd
persuasion,pəˈsweɪʒən,
persuasive,przekonujący,pəˈsweɪsɪv
pert,impertynencki,pɜ:t|zuchwały
pertain,odnosić się,pəˈteɪn
pertinent,odnoszący się,ˈpɜ:tɪnənt
perturbed,pəˈtɜ:bd,zafrasowany
peru,pəˈru:,
peruse,czytać,czytać uważnie|pəˈru:z
peruvian,"i.    peruwiański
ii.    peruwiańczyk",pəˈru:vɪən
pervade,przenikać,pəˈveɪd|szerzyć się
pervasive,panujący,przygniatający|pəˈveɪsɪv
perverse,pəˈvɜ:s,
perversion,1.  zboczenie,"perwersja
 2.  negowanie|pəˈvɜ:ʃən"
perversity,przewrotność,pəˈvɜ:sɪtɪ
pervert,"wypaczać
 2.  demoralizować",
perverted,"1.  zboczony
 2.  wypaczony",pəˈvɜ:tɪd|zdegenerowany
pessimism,pesymizm,ˈpesɪmɪzəm
pester,gnębić,męczyć|ˈpestə
pesticide,pestycyd,środek owadobójczy|ˈpestɪsaɪd
pestle,tłuczek,ˈpesəl
petal,płatek,ˈpetəl
peter out,dochodzić do końca,ˈpi:təraʊt
petite,drobny,pəˈti:t
petition,pɪˈtɪʃən,składać skargę
petrified,zastygły,ˈpetrɪfaɪd
petrol,ˈpetrəl,ˈpetrəlsteɪʃən
petroleum,pəˈtrəʊlɪəm,ropa naftowa
petticoat,halka,półhalka|ˈpetɪkəʊt
petty,ˈpetɪ,ˌpetɪˈkæʃ|ˌpetɪˈɒfɪsə
petulant,nadąsany,ˈpetjələnt
pew,pju:,stale|ławka|ławka kościelna
pewter,ˈpju:tə,
phantom,złudny,ˈfæntəm
pharmaceutical,ˌfɑ:məˈsju:tɪkəl,
pharmacist,farmaceuta,ˈfɑ:məsɪst
pharmacy,apteka,ˈfɑ:məsɪ
phase,feɪz,"i.    faza
ii.    stopniować|stopniowo zaprzestawać"
phd,doktor,doktor filozofii|doktor nauk humanistycznych
pheasant,bażant,ˈfezənt
phenomenal,fenomenalny,fɪˈnɒmɪnəl
phenomenon,fɪˈnɒmɪnən,zjawisko
phew,fju:,uff
philadelphia,filadelfia,ˌfɪləˈdelfɪə
philanthropist,filantrop,fɪˈlænθrəpɪst
philanthropy,filantropia,fɪˈlænθrəpɪ
philatelic,filatelistyczny,ˌfɪləˈtelɪk
philately,filatelistyka,fɪˈlætəlɪ
philharmonic,ˌfɪlɑ:ˈmɒnɪk,
philippine,filipiński,ˈfɪlɪpi:n
philippines,"the philippines 
 - filipiny",ˈfɪlɪˈpi:nz
philistine,i.    filister,"kołtun
ii.    filisterski|kołtuński|ˈfɪlɪstaɪn"
philological,filologiczny,ˌfɪləʊˈlɒʤɪkəl
philology,filologia,fɪˈlɒləʤɪ
philosopher,filozof,fɪˈlɒsəfə
philosophic,filozoficzny,philosophical|ˌfɪləˈsɒfɪk
philosophical,filozoficzny,philosophic|ˌfɪləˈsɒfɪk
philosophise,filozofować,fɪˈlɒsəfaɪz|philosophize
philosophize,filozofować,fɪˈlɒsəfaɪz|philosophise
philosophy,fɪˈlɒsəfɪ,
phlegm,flegma,flem
phlegmatic,flegmatyczny,flegˈmætɪk
phobia,fobia,ˈfəʊbɪə
phone,fəʊn,
phonetic,fonetyczny,fəˈnetɪk
phonetics,fonetyka,fəˈnetɪks
phoney,"i.    fałszywy
ii.    szalbierz",phony|ˈfəʊnɪ
phony,"i.    fałszywy
ii.    szalbierz",phoney|ˈfəʊnɪ
phosphorescent,fosforyzujący,ˌfɒsfəˈresənt
phosphorus,fosforyzujący,ˈfɒsfərəs
photo,fotka,fotografia|ˈfəʊtəʊ
photocopier,fotokopiarka,ˈfəʊtəʊkɒpɪə
photocopy,i.    fotokopia,"kopiować|kserokopia
ii.    kopiować kserograficznie|ˈfəʊntəʊkɒpɪ"
photogenic,fotogeniczny,ˌfəʊtəˈʤenɪk
photograph,ˈfəʊtəgrɑ:f,
photographer,fotograf,fəˈtɒgrəfə
photographic,fotograficzny,ˌfəʊtəˈgræfɪk
photography,fəˈtɒgrəfɪ,
photostat,fotokopia,ˈfəʊtəstæt
phrasal verb,czasownik złożony,ˌfreɪzəl ˈvɜ:b
phrase,freɪz,rozmówki|ˈfreɪzbʊk
phraseological,frazeologiczny,ˌfreɪzɪəˈlɒʤɪkəl
phraseology,frazeologia,ˌfreɪzɪˈɒləʤɪ
physician,fɪˈzɪʃən,internista|lekarz
physicist,fizyk,ˈfɪzɪsɪst
physics,fizyka,ˈfɪzɪks
physiological,fizjologiczny,ˌfɪzɪəˈlɒʤɪkəl
physiology,fizjologia,ˌfɪzɪˈɒləʤɪ
physiotherapeutic,fizykoterapeutyczny,ˌfɪzɪəθerəˈpju:tɪk
physiotherapist,fizykoterapeuta,ˌfɪzɪəʊˈθerəpɪst
physiotherapy,fizykoterapia,ˌfɪzɪəʊˈθerəpɪ
physique,budowa ciała,fɪˈzi:k|wygląd
pianist,pianista,ˈpɪənɪst
piano,fortepian,ˈpɪənəʊ
pick,pɪk,
picker,zbieracz,ˈpɪkə
picket,"i.    pikietować
ii.    pikieta",ˈpɪkɪt
pickle,ˈpɪkəl,
pickpocket,złodziej kieszonkowy,ˈpɪkpɒkɪt
pickup,pick-up,pikap|ˈpɪkʌp
picnic,ˈpɪknɪk,
pictorial,obrazkowy,pɪkˈtɔ:rɪəl
picture,o co chodzi,ˈpɪkʧə
picturesque,malowniczy,ˌpɪkʧəˈresk
piddling,błahy,ˈpɪdlɪŋ
pidgin,język mieszany,pidżin|ˈpɪʤɪn
pie,paɪ,warzywa w cieście
piebald,srokaty,ˈpaɪbɔ:ld
piece,kompletować,pi:s
piecemeal,kawałek po kawałku,ˈpɪ:smi:l
piecework,praca akordowa,ˈpi:swɜ:k
pier,molo,pɪə
pierce,przebijać,pɪəs
piercing,ˈpɪəsɪŋ,
piety,pobożność,ˈpaɪətɪ
pig,pɪg,świnia
pigeon,gołąb,ˈpɪʤɪn
pigeonhole,pigeon-hole,przegródka|ˈpɪʤɪnhəʊl
piggyback,ˈpɪgɪbæk,
piggybank,skarbonka-świnka,ˈpɪgɪbaŋk
pigheaded,uparty,uparty jak osioł|ˌpɪgˈhedɪd
piglet,prosiak,ˈpɪglɪt
pigment,barwnik,ˈpɪgmənt
pigsty,chlew,ˈpɪgstaɪ
pigtail,kucyk,ˈpɪgteɪl
pike,paɪk,
pilchard,sardynka,ˈpɪlʧəd
pileup,karambol,pile-up|ˈpaɪlʌp
pilfer,podwędzić,rąbnąć|ˈpɪlfə
pilgrim,pielgrzym,ˈpɪlgrɪm
pilgrimage,pielgrzymka,ˈpɪlgrɪmɪʤ
pill,1.  pigułka,pɪl
pillage,ˈpɪlɪʤ,
pillar,ˈpɪlə,ˈpɪləbɒks
pillion,ˈpɪljən,
pillow,poduszka,ˈpɪləʊ
pillowcase,poszewka,ˈpɪləʊkeɪs
pillowslip,poszewka,ˈpɪləʊslɪp
pilot,wieczny płomyk,ˈpaɪlət|ˈpaɪlət laɪt
pimp,alfons,pɪmp
pimple,pryszcz,ˈpɪmpəl
pimply,pryszczaty,ˈpɪmplɪ
pin,pɪn,
pinafore,bezrękawnik,ˈpɪnəfɔ:
pincers,1.  szczypce,"obcęgi
 2.  kleszcze|ˈpɪnsəz"
pinch,pɪnʧ,
pinched,wyczerpany,znękany|ˈpɪnʧt
pincushion,poduszeczka do igieł,ˈpɪnkʊʃən
pine,paɪn,
pineapple,ananas,ˈpaɪnæpəl
ping,pɪŋ,
pink,pɪŋk,
pinkish,różowawy,ˈpɪŋkɪʃ
pinnacle,"1.  sterczyna
 2.  szczyt",ˈpɪnəkəl
pinpoint,"1.  wskazywać
 2.  wykazywać",ˈpɪnpɔɪnt
pinstripe,pin-stripe,pin-striped|prążkowany|ˈpɪnstraɪp
pinstriped,pin-stripe,pin-striped|prążkowany|ˈpɪnstraɪp
pint,paɪnt,pół litra piwa
pinup,pin-up,ˈpɪnʌp
pioneer,wprowadzać,ˌpaɪəˈnɪə
pious,pobożny,ˈpaɪəs
pip,pɪp,sygnał
pipe,mrzonka,paɪp|ˈpaɪpdri:m
piped music,muzyka w podkładzie,muzyka w tle|ˌpaɪptˈmju:zɪk
pipeline,rurociąg,ˈpaɪplaɪn
piper,dudziarz,kobziarz|ˈpaɪpə
piping,wrzący,ˈpaɪpɪŋ|ˈpaɪpɪŋhɒt
piquant,"1.  pikantny
 2.  atrakcyjny",apetyczny|ˈpi:kənt
pique,pi:k,urażona duma
piqued,urażony,ˈpi:kt
piracy,piractwo,ˈpaɪrəsɪ
piranha,pirania,pɪˈrɑ:njə
pirate,"nielegalny
iii.    kopiować nielegalnie",ˈpaɪərət
pirouette,piruet,ˌpɪrʊˈet
pisces,ˈpaɪsi:z,
piss,pɪs,
pissed,pɪst,zalany
pistol,pistolet,ˈpɪstəl
piston,tłok,ˈpɪstən
pit,"glinianka
 5.  kanał orkiestry",kanał|pɪt
pitch,pɪʧ,
pitchblack,czarny jak smoła,pitch-black|ˌpɪʧtˈblæk
pitched battle,zażarta walka,ˌpɪʧt ˈbætəl
pitcher,ˈpɪʧə,
pitchfork,widły,ˈpɪʧfɔ:k
piteous,żałosny,ˈpɪtɪəs
pitfall,niebezpieczeństwo,pułapka|ˈpɪtfɔ:l
pith,miękisz,pɪθ
pithy,jędrny,ˈpɪθɪ
pitiable,żałosny,ˈpɪtɪəbəl
pitiful,żałosny,ˈpɪtɪfʊl
pitiless,bezlitosny,ˈpɪtɪlɪs
pittance,żałosne wynagrodzenie,ˈpɪtəns
pitted,dziobaty,podziurkowany|ˈpɪtɪd
pity,ˈpɪtɪ,
pivot,kręcić się,kręcić się wokół osi|obracać się|ˈpɪvət
pixel,element obrazu,ˈpɪksəl
pixie,chochlik,ˈpɪksɪ
pk,"pk.
  park",
pkt,"pkt.
  paczka",
pl,"pl.
  miejsce",
placard,plakat,transparent|ˈplækəd
placate,pləˈkeɪt,zadowalać
place,pleɪs,
placed,być w położeniu,ˈpleɪst
placement,ˈpleɪsmənt,
placid,spokojny,ˈplæsɪd
plagiarise,plagiarize,popełniać plagiat|ˈpleɪʤəraɪz
plagiarism,plagiat,ˈpleɪʤərɪsm
plagiarize,plagiarise,popełniać plagiat|ˈpleɪʤəraɪz
plague,ˈpleɪg,
plaice,flądra,pleɪs|płastuga
plain,pleɪn,zwykła sprawa|ˌpleɪnˈseɪlɪŋ
plainclothes,nieumundurowany,plain-clothes|w cywilnym ubraniu|ˌpleɪnˈkləʊðz
plainly,ˈpleɪnlɪ,
plaintiff,powód,ˈpleɪntɪf
plaintive,żałosny,ˈpleɪntɪv
plait,plæt,
plan,"planować 
 2.  zamierzać podjąć","plæn|program
ii.   1.  planować"
plane,pleɪn,powietrzem
planet,planeta,ˈplænɪt
planetarium,ˌplænɪˈteərɪəm,
planetary,planetarny,ˈplænɪtərɪ
plank,plæŋk,
plankton,ˈplæŋktən,
planner,planista,ˈplænə
planning,ˈplænɪŋ,
plant,plɑ:nt,podstawiać
plantation,plantacja,plɑ:nˈteɪʃən
planter,plantator,ˈplɑ:ntə
plaque,plæk,
plasma,osocze,ˈplæzmə
plaster,gips,"tynk
 2.  plaster opatrunkowy|ˈplɑ:stə|ˌplɑ:stər əv ˈpærɪs|ˌplɑ:stəˈkɑ:st"
plastered,ˈplɑ:stəd,
plastic,ˈplæstɪk,
plasticine,plastelina,ˈplæstɪsi:n
plate,naczynia,pleɪt|szkło taflowe|ˌpleɪtˈglɑ:s
plateau,ˈplætəʊ,
platform,"1.  platforma
 2.  podwyższenie",ˈplætfɔ:m
platinum,"i.    platyna
ii.    platynowy",ˈplætɪnəm
platitude,banał,ˈplætɪtju:d
platonic,platoniczny,pləˈtɒnɪk
platoon,pluton,pləˈtu:n
platter,półmisek,ˈplætə
plausible,przekonujący,ˈplɔ:zəbəl
play,pleɪ,ˌpleɪ ɒn ˈwɜ:dz
playact,grać komedię,play-act|ˈpleɪækt
playback,odtworzenie,ˈpleɪbæk
player,ˈpleɪə,
playful,ˈpleɪfʊl,
playground,plac zabaw,podwórko|ˈpleɪgraʊnd
playing card,boisko,stadion|ˈpleɪɪŋfi:ld|ˈpleɪɪŋkɑ:d
playmate,kolega,towarzysz zabawy|ˈpleɪmeɪt
playoff,dogrywka,ˈpleɪɒf
playpen,kojec,kojec dla dziecka|ˈpleɪpen
plaything,zabawka,ˈpleɪθɪŋ
playtime,ˈpleɪtaɪm,
playwright,dramaturg,ˈpleɪraɪt
plea,nieprzyznanie się do winy,pli:
plead,pli:d,
pleading,"i.    błagalny
ii.    błaganie",ˈpli:dɪŋ
pleasant,miły,przyjemny|ˈplezənt
pleasantry,uprzejmość,ˈplezəntrɪ
please,pli:z,
pleased,pli:zd,
pleasing,przyjemny,zadowalający|ˈpli:zɪŋ
pleasurable,radosny,ˈpleʒərəbəl
pleasure,1.  radość,to ja dziękuję''|ˈpleʒə
pleat,pli:t,plisa
pleated,plisowany,ˈpli:tɪd
plebeian,"i.    plebejski
ii.    plebejusz",plɪ:ˈbi:ən
plebiscite,plebiscyt,ˈplebɪsɪt
pledge,i.    zobowiązanie,"pleʤ|przyrzeczenie
ii.   1.  deklarować|się do zrobienia czegoś)"
plenipotentiary,pełnomocnik,ˌplenɪpəˈtenʃərɪ
plentiful,obfity,ˈplentɪfʊl
plenty,dużo,ˈplentɪ
plethora,nadmiar,ˈpleθərə
pleurisy,zapalenie opłucnej,ˈplʊərɪsɪ
pliable,podatny,ˈplaɪəbəl
pliers,kombinerki,ˈplaɪəz
plight,dola,plaɪt|trudne położenie
plimsoll,adidas,tenisówka|ˈplɪmsəl
plinth,cokół,plɪnθ
plod,plɒd,
plodder,ˈplɒdə,
plonk,plɒŋk,
plop,"i.    pluśnięcie
ii.    pluskać",plɒp
plot,plɒt,wykreślać
plotter,pisak,ploter|ˈplɒtə
plough,plaʊ,plow
plow,plaʊ,plough
ploy,chwyt,plɔɪ
pluck,plʌk,
plum,plʌm,rewelacyjny
plumage,upierzenie,ˈplu:mɪʤ
plumb,i.    sondować,plʌm|zgłębiać coś
plumber,hydraulik,ˈplʌmə
plumbing,ˈplʌmɪŋ,
plume,pióro,ˈplu:m
plummet,spadać w dół,ˈplʌmɪt
plump,plʌmp,wytrzepywać
plunder,"łupienie
 2.  łup","łupić
ii.   1.  plądrowanie|ˈplʌndə"
plunge,plʌnʤ,
plunger,przepychacz do rur,ˈplʌnʤə
pluperfect,zaprzeszły,zaprzeszły czas|ˌplu:ˈpɜ:fɪkt
plural,ˈplʊərəl,
plus,plʌs,znak dodawania|ˈplʌssaɪn
plush,luksusowy,plʌʃ
plutonium,plu:ˈtəʊnɪəm,
ply,plaɪ,
plywood,sklejka,ˈplaɪwʊd
pm,post meridiem,premier
pneumatic,nju:ˈmætɪk,
pneumonia,nju:ˈməʊnɪə,zapalenie płuc
po,upt,
poach,"gotować
 4.  dusić",pəʊʧ
poacher,kłusownik,ˈpəʊʧə
pob,skrytka pocztowa,skrzynka pocztowa
pocket,kieszonkowe,"scyzoryk
v.  pocket money|ˈpɒkɪt|ˈpɒkɪtmʌnɪ|ˈpɒkɪtnaɪf"
pocketbook,ˈpɒkɪtbʊk,
pocketful,kieszeń,pełna kieszeń|ˈpɒkɪtfʊl
pockmark,blizna po ospie,ˈpɒkmɑ:k
pod,pɒd,strączek
podgy,tłustawy,ˈpɒʤɪ
poem,wiersz,ˈpəʊɪm
poet,poeta,ˈpəʊɪt
poetic,"1.  poetyczny
 2.  poetycki",poetical|pəʊˈetɪk
poetical,"1.  poetyczny
 2.  poetycki",poetic|pəʊˈetɪk
poetry,poezja,ˈpəʊətrɪ
poignant,dojmujący,przejmujący|ˈpɔɪnjənt
pointblank,point-blank,ˌpɔɪntˈblæŋk
pointed,"1.  zaostrzony
 2.  znaczący",ˈpɔɪntɪd
pointer,wskazówka,ˈpɔɪntə
pointless,bezsensowny,ˈpɔɪntlɪs
poise,i.    opanowanie,pɔɪz
poised,"na)
 2.  zrównoważony",opanowany|ˈpɔɪzd
poison,"otruwać
 2.  zatruwać",ˈpɔɪzən
poisonous,ˈpɔɪzənəs,
poker,"1.  poker
 2.  pogrzebacz",ˈpəʊkə
poky,maluśki,przymały|ˈpəʊkɪ
polack,polaczek,ˈpəʊlæk
poland,polska,ˈpəʊlənd
polar,niedźwiedź polarny,ˈpəʊlə|ˌpəʊləˈbeə
polarise,polarize,polaryzować|polaryzować się|ˈpəʊləraɪz
polarity,przeciwieństwo,pəˈlærɪtɪ|sprzeczność
polarize,polarise,polaryzować|polaryzować się|ˈpəʊləraɪz
pole,polak,pəʊl|skok o tyczce|ˈpəʊlstɑ:|ˈpəʊlvɔ:lt
polecat,ˈpəʊlkæt,
police,"chronić
iii.  police officer","komisariat|policjant
iv.  police station|pəˈli:s|pəˈli:s steɪʃən"
policeman,policjant,pəˈli:smən
policewoman,policjantka,pəˈli:swʊmən
policy,ˈpɒlɪsɪ,
polio,paraliż dziecięcy,ˈpəʊlɪəʊ
polish,zakończyć,ˈpɒlɪʃ|ˈpəʊlɪʃ
polished,dystyngowany,ˈpɒlɪʃt
polite,pəˈlaɪt,
politic,1.  dyplomatyczny,"rozważny
 2.  rozsądny|ˈpɒlətɪk"
political,"1.  polityczny
 2.  upolityczniony",pəˈlɪtɪkəl
politician,polityk,ˌpɒlɪˈtɪʃən
politics,ˈpɒlətɪks,
polka,ˌpɒlkə,
poll,i.   1.  ankietowanie,pəʊl
pollen,pyłek,pyłek kwiatowy|ˈpɒlən
pollinate,zapylać,ˈpɒlɪneɪt
polling,głosowanie,ˈpəʊlɪŋ
pollutant,pəˈlu:tənt,substancja zanieczyszczająca środowisko
pollute,pəˈlu:t,zanieczyszczać
pollution,pəˈlu:ʃən,
polo,ˈpəʊləʊ,
polonecked,polo-necked,ˈpɒləʊnekt
poly,politechnika,ˈpɒlɪ
polyester,poliester,ˌpɒlɪˈestə
polyethylene,polietylen,ˌpɒlɪˈeθəli:n
polygamy,poligamia,pəˈlɪgəmɪ
polygon,wielokąt,ˈpɒlɪgən
polystyrene,polistyren,ˌpɒlɪˈstaɪri:n
polytechnic,politechnika,ˌpɒlɪˈteknɪk
polythene,polietylen,ˈpɒlɪθi:n
pomegranate,ˈpɒmɪgrænɪt,
pomp,pɒmp,
pompous,pompatyczny,ˈpɒmpəs
pond,pɒnd,staw
ponder,rozmyślać,rozpatrywać|ˈpɒndə
ponderous,"1.  ciężki
 2.  niezgrabny",ˈpɒndərəs
pong,pɒŋ,
pontiff,"1.  arcykapłan
 2.  papież",ˈpɒntɪf
pontoon,ˌpɒnˈtu:n,
pony,kucyk,ˈpəʊnɪ
ponytail,koński ogon,kucyk|ˈpəʊnɪteɪl
poodle,pudel,ˈpu:dəl
pooh,fe,pu:
pool,gromadzić,pu:l
poor,pɔ:,
pop,populacja,pɒp
popcorn,prażona kukurydza,ˈpɒpkɔ:n
pope,papież,pəʊp
poplar,topola,ˈpɒplə
popper,zatrzask,ˈpɒpə
poppy,mak,ˈpɒpɪ
populace,populacja,ˈpɒpjələs
popular,ˈpɒpjələ,
popularise,popularize,popularyzować|ˈpɒpjʊləraɪz
popularity,popularność,wzięcie|ˌpɒpjəˈlærɪtɪ
popularize,popularise,popularyzować|ˈpɒpjʊləraɪz
popularly,ˈpɒpjələlɪ,
populate,zasiedlać,ˈpɒpjəleɪt
population,"1.  ludność
 2.  populacja",ˌpɒpjəˈleɪʃən
populous,ludny,ˈpɒpjələs
popup menu,menu rozwijane,pop-up menu|ˌpɒpˈʌp ˌmenju:
porcelain,porcelana,ˈpɔ:səlɪn
porch,pɔ:ʧ,
porcupine,jeżozwierz,ˈpɔ:kjəpaɪn
pore,pɔ:,
pork,pɔ:k,wieprzowina
porn,pornografia,pɔ:n
pornography,pornografia,pɔ:ˈnɒgrəfɪ
porous,porowaty,ˈpɔ:rəs
porpoise,morświn,ˈpɔ:pəs
porridge,owsianka,ˈpɒrɪʤ
port,pɔ:t,
portable,przenośny,ˈpɔ:təbəl
portal,ˈpɔ:təl,
portcullis,ˈpɔ:tkʌlɪs,
portend,pɔ:ˈtend,wróżyć|zwiastować
portent,znak,zwiastun|ˈpɔ:tent
portentous,pɔ:ˈtentəs,wróżący
porter,"1.  portier
 2.  bagażowy",ˈpɔ:tə
porthole,okienko,ˈpɔ:thəʊl
portico,portyk,ˈpɔ:tɪkəʊ
portion,ˈpɔ:ʃən,
portly,przysadzisty,ˈpɔ:tlɪ
portrait,ˈpɔ:trɪt,
portray,"1.  przedstawiać
 2.  portretować",pɔ:ˈtreɪ
portrayal,"1.  przedstawienie
 2.  portret",pɔ:ˈtreɪəl
portugal,portugalia,ˈpɔ:ʧʊgəl
portuguese,"i.    portugalski
ii.    portugalczyk",ˌpɔ:ʧʊˈgi:z
pose,pəʊz,
posh,1.  elegancki,"modny
 2.  znakomity|pɒʃ|z wyższej klasy"
position,pəˈzɪʃən,
positive,ˈpɒzɪtɪv,
positively,ˈpɒzɪtɪvlɪ,
possess,pəˈzes,
possession,pəˈzeʃən,
possessive,pəˈzesɪv,
possessor,posiadacz,pəˈzesə
possibility,możliwość,ˌpɒsɪˈbɪlɪtɪ
possible,ˈpɒsɪbəl,
possibly,ˈpɒsɪblɪ,
postage,znaczek,ˈpəʊstɪʤ|ˈpəʊstɪʤ stæmp
postal,ˈpəʊstəl,ˈpəʊstəl ˌɔ:də
postbox,post-box,skrzynka pocztowa|ˈpəʊstbɒks
postcard,kartka pocztowa,widokówka|ˈpəʊstkɑ:d
postcode,kod pocztowy,ˈpəʊstkəʊd
postdate,postdatować,ˌpəʊstˈdeɪt
poster,plakat,ˈpəʊstə
posterity,potomność,pəˈsterɪtɪ
postgraduate,ˌpəʊstˈgrædju:ət,
posthumous,pośmiertny,ˈpɒstjʊməs
postman,listonosz,ˈpəʊstmən
postmark,stempel pocztowy,ˈpəʊstmɑ:k
postmaster,naczelnik poczty,poczmistrz|ˈpəʊstmɑ:stə
postmortem,post-mortem,sekcja zwłok|ˌpəʊstˈmɔ:təm
postpone,odkładać,odraczać|pəstˈpəʊn
postscript,postscriptum,ˈpəʊstskrɪpt
posture,ˈpɒsʧə,
postwar,post-war,powojenny|ˌpəʊstˈwɔ:
posy,bukiecik,wiązanka|ˈpəʊzɪ
pot,pɒt,sadzić
potato,pəˈteɪtəʊ,ziemniak
potency,"potęga
 2.  potencja",ˈpəʊtənsɪ
potent,potężny,ˈpɒtənt
potentate,potentat,ˈpəʊtənteɪt
potential,pəˈtenʃəl,"zdolności
 2.  potencjał"
potentiality,możliwości,pəˌtenʃˈɪælɪty
pothole,dziura,dziura w jezdni|ˈpɒthəʊl
potholing,sport speleologiczny,ˈpɒthəʊlɪŋ
potion,napój,ˈpəʊʃən
potted,ˈpɒtɪd,
pottery,ˈpɒtərɪ,
potty,ˈpɒtɪ,
pouch,paʊʧ,worek
pouf,pouffe,pu:f
pouffe,pouf,pu:f
poultry,drób,ˈpəʊltrɪ
pounce,paʊns,rzucać się
pound,paʊnd,
pour,pɔ:,"sypać
 2.  lać się"
pout,paʊt,wydymać|wydymać wargi
poverty,bieda,ubóstwo|ˈpɒvətɪ
povertystricken,cierpiący biedę,poverty-stricken|ˈpɒvətɪ strɪkən
pow,jeniec wojenny,
powder,pył,toaleta damska|ˈpaʊdə|ˈpaʊdəru:m
powdered,"1.  sproszkowany
 2.  upudrowany",ˈpaʊdəd
powdery,"1.  sproszkowany
 2.  sypki",ˈpaʊdərɪ
power,elektrownia,ˈpaʊə|ˈpaʊə steɪʃən
powerful,"1.  potężny
 2.  rewelacyjny",wielki|ˈpaʊəfʊl
powerless,bezsilny,ˈpaʊəlɪs
pp,"per procurationem
  w zastępstwie",strony
pr,służba informacyjna,
practicable,możliwy,ˈpræktɪkəbəl
practical,dowcip,ˈpræktɪkəl
practice,practise,ćwiczyć|ˈpræktɪs
practise,practice,ćwiczyć|ˈpræktɪs
practised,wprawny,ˈpræktɪst
practitioner,praktyk,praktykujący|praktykujący lekarz|prækˈtɪʃənə
pragmatic,pragmatyczny,prægˈmætɪk
pragmatism,pragmatyzm,ˈprægmətɪzəm
prairie,preria,ˈpreərɪ
praise,preɪz,
praiseworthy,godny pochwały,ˈpreɪzwɜ:ðɪ
pram,præm,wózek|wózek dziecięcy
prance,"1.  paradować
 2.  tańczyć",prɑ:ns
prank,præŋk,psikus
prattle,i.    gaworzyć,"paplanina|paplać
ii.    gaworzenie|ˈprætəl"
prawn,krewetka,prɔ:n
pray,modlić się,preɪ
prayer,modlitwa,ˈpreə
preach,pri:ʧ,
preacher,kaznodzieja,ˈpri:ʧə
preamble,pri:ˈæmbəl,wstęp
prearrange,pri:əˈreɪnʤ,przygotować z góry
precarious,"1.  niebezpieczny
 2.  niepewny",prɪˈkeərɪəs
precaution,prɪˈkɔ:ʃən,środek ostrożności|środek zapobiegawczy
precautionary,prɪˈkɔ:ʃənərɪ,zapobiegawczy
precede,poprzedzać,prɪˈsi:d
precedence,pierwszeństwo,ˈpresɪdəns
precedent,precedens,ˈpresɪdənt
precept,reguła,ˈpri:sept
precinct,teren,ˈpri:sɪŋkt
precious,"few 
 - zupełnie niewiele",ˈpreʃəs
precipice,przepaść,ˈpresɪpɪs
precipitate,pochopny,prɪˈsɪpɪteɪt
precipitous,przepastny,prɪˈsɪpɪtəs|stromy
precis,précis,skrót|streszczenie|ˈpreɪsɪ
precise,1.  dokładny,prɪˈsaɪz
precisely,1.  dokładnie,prɪˈsaɪslɪ
precision,dokładność,precyzja|prɪˈsɪʒən
preclude,nie dopuszczać,prɪˈklu:d
precocious,prɪˈkəʊʃəs,wcześnie rozwinięty
preconceived,z góry powzięty,ˌprɪ:kənˈsi:vd
preconception,z góry przyjęta opinia,ˌpri:kənˈsepʃən
precondition,warunek wstępny,ˌpri:kənˈdɪʃən
precursor,prekursor,pri:ˈkɜ:sə
predator,drapieżnik,ˈpredətə
predatory,drapieżny,ˈpredətərɪ
predecessor,poprzednik,ˈpri:dɪsesə
predestination,predestynacja,pri:ˌdestɪˈneɪʃən
predestined,predestynowany,ˌpri:ˈdestɪnd
predetermined,z góry ustalony,ˌpri:dɪˈtɜ:mɪnd
predicament,prɪˈdɪkəmənt,złe położenie
predicate,orzeczenie,ˈpredɪkət
predicative,predykatywny,prɪˈdɪkətɪv
predict,"1.  przewidywać
 2.  przepowiadać",prɪˈdɪkt
predictable,przepowiadalny,prɪˈdɪktəbəl
prediction,przepowiednia,prɪˈdɪkʃən
predilection,predylekcja,ˌpri:dɪˈlekʃən
predispose,usposabiać,ˌpri:dɪˈspəʊz
predisposition,predyspozycja,ˌpri:dɪspəˈzɪʃən
predominance,dominacja,przewaga|prɪˈdɒmɪnəns
predominant,dominujący,prɪˈdɒmɪnənt
predominantly,przeważnie,prɪˈdɒmɪnəntlɪ
predominate,dominować,prɪˈdɒmɪneɪt
preeminent,dominujący,pre-eminent|pri:ˈemɪnənt
preen,pri:n,
prefab,dom z prefabrykatów,ˈpri:fæb
prefabricated,prefabrykowany,prɪˈfæbrɪkeɪtɪd
preface,"i.    przedmowa
ii.    poprzedzać",ˈprefɪs
prefect,dyżurny,dyżurny klasowy|prefekt|ˈpri:fekt
prefer,"preferować 
 2.  chcieć",pri:ˈfɜ:
preferable,lepszy,ˈprefərəbəl
preference,1.  preferencja,"preferencje|upodobanie
 2.  pierwszeństwo|ˈprefərəns"
preferential,uprzywilejowany,ˌprefəˈrenʃəl
prefix,prefiks,przedrostek|ˈpri:fɪks
pregnancy,ciąża,ˈpregnənsɪ
pregnant,ciężarny,ˈpregnənt
prehistoric,prehistoryczny,prymitywny|ˌpri:hɪˈstɒrɪk
prejudge,oceniać z góry,pri:ˈʤʌʤ
prejudice,"1.  uprzedzenie
 2.  preferencja",ˈpreʤʊdɪs
prejudiced,"1.  uprzedzony 
 2.  stronniczy",ˈpreʤʊdɪst
prelate,prałat,ˈprelət
preliminary,prɪˈlɪmɪnərɪ,
prelude,preludium,ˈprelju:d
premarital,przedmałżeński,ˌpri:ˈmærɪtəl
premature,przedwczesny,ˈpreməʧʊə
premier,najważniejszy,ˈpremjə
premiere,premiera,ˈpremɪeə
premise,ˈpremɪs,
premonition,przeczucie,ˌpreməˈnɪʃən
preoccupation,główne zajęcie,troska|ˌpri:ɒkjˈʊpeɪʃən
preoccupied,pri:ˈɒkjəpaɪd,zajęty
preparation,ˌprepəˈreɪʃən,
preparatory,i.    przygotowawczy,"przygotowujący
ii.  preparatory school|prɪˈpærətərɪ|prɪˈpærətərɪ sku:l"
prepare,przygotowywać,prɪˈpeə
prepared,"1.  przygotowany 
 2.  gotowy",prɪˈpeəd
prepay,opłacać z góry,ˌprɪˈpeɪ
preponderance,przewaga,prɪˈpɒndərəns
preposition,przyimek,ˌprepəˈzɪʃən
prepositional,przyimkowy,ˌprepəˈzɪʃənəl
preposterous,niedorzeczny,prɪˈpɒstərəs
prerequisite,warunek wstępny,warunek zasadniczy|ˌpri:ˈrekwɪzɪt
prerogative,prerogatywa,prɪˈrɒgətɪv
pres,"pres.
  prezydent",prezes
presbyterian,prezbiterianin,ˌprezbɪˈtɪərɪən
prescribe,prɪˈskraɪb,
prescription,prɪˈskrɪpʃən,
presence,przytomność umysłu,ˈprezəns|ˌprezəns əvˈmaɪnd
presentable,dobrze się prezentujący,prɪˈzentəbəl
presentation,"ceremonia ofiarowania
 4.  inscenizacja",ˌprezənˈteɪʃən
presentday,obecny,present-day|ˈprezəntdeɪ
presenter,prezenter,prɪˈzentə
presently,ˈprezəntlɪ,
preservation,ˌprezɜ:ˈveɪʃən,
preservative,prɪˈzɜ:vətɪv,środek konserwujący
preserve,przetwory,prɪˈzɜ:v
preside,prezydować,przewodniczyć|prɪˈzaɪd
presidency,prezydentura,ˈprezɪdənsɪ
president,"1.  prezydent
 2.  przewodniczący",prezes|ˈprezɪdənt
presidential,prezydencki,ˌprezɪˈdenʃəl
press,pres,ˈpres kɒnfərəns|ˈpres kʌtɪŋ
pressed,ˈprest,
pressing,nagły,ˈpresɪŋ
pressure,grupa nacisku,"szybkowar
iv.  pressure group|ˈpreʃə|ˈpreʃə gru:p|ˈpreʃə kʊkə"
pressurise,pressurize,skłaniać naciskiem|ˈpreʃəraɪz
pressurised,ciśnieniowy,hermetyczny|pressurized|ˈpreʃəraɪzd
pressurize,pressurise,skłaniać naciskiem|ˈpreʃəraɪz
pressurized,ciśnieniowy,hermetyczny|pressurised|ˈpreʃəraɪzd
prestige,prestiż,preˈsti:ʒ
prestigious,prestiżowy,preˈstɪʤɪəs
presumably,przypuszczalnie,prɪˈzju:məblɪ
presume,1.  przypuszczać,prɪˈzju:m|że a jest|że a jest chory
presumption,mniemanie,przypuszczenie|prɪˈzʌmpʃən
presumptuous,arogancki,prɪˈzʌmpʧʊəs|zarozumiały
presuppose,zakładać z góry,ˌpri:səˈpəʊz
presupposition,założenie,ˌpri:sʌpəˈzɪʃən
pretence,1.  pretekst,pretense|prɪˈtens|że się coś robi
pretend,prɪˈtend,udawać
pretense,1.  pretekst,pretence|prɪˈtens|że się coś robi
pretension,aspiracje,pretensje|prɪˈtenʃən
pretentious,pretensjonalny,prɪˈtenʃəs
pretext,pretekst,ˈpri:tekst
pretty,"well 
 - prawie",ˈprɪtɪ
prevail,"1.  panować
 2.  przeważać",prɪˈveɪl
prevalent,dominujący,panujący|ˈprevələnt
prevent,"1.  zapobiegać 
 2.  powstrzymywać",prɪˈvent
prevention,prɪˈvenʃən,zapobieganie
preventive,profilaktyka,prɪˈventɪv
preview,przegląd,prɪˈvju:
previous,poprzedni,ˈpri:vɪəs
previously,"1.  poprzednio
 2.  wcześniej",ˈpri:vjəslɪ
prewar,pre-war,przedwojenny|ˌpri:ˈwɔ:
prey,preɪ,
price,praɪs,
priceless,bezcenny,ˈpraɪslɪs
prick,prɪk,
prickle,"uczucie kłucia
ii.    kłuć",ˈprɪkəl
prickly,"1.  kłujący
 2.  drażliwy",ˈprɪklɪ
pride,praɪd,
priest,duchowny,pri:st
priestess,kapłanka,ˈpri:stəs
priesthood,kapłaństwo,the priesthood  stan kapłański|ˈpri:sthʊd
prig,prɪg,zarozumialec
prim,prɪm,sztywny
primaeval,pierwotny,praɪˈmi:vəl|primeval
primarily,przede wszystkim,zasadniczo|ˈpraɪmərɪlɪ
primary,ˈpraɪmərɪ,
primate,ˈpraɪmɪt,
prime,praɪm,premier|ˌpraɪm ˈmɪnɪstə
primeaval,pierwotny,praɪˈmi:vəl|primeval
primer,"1.  elementarz
 2.  grunt",podkład|ˈpraɪmə
primeval,pierwotny,praɪˈmi:vəl|primaeval|primeaval
primitive,"1.  prymitywny
 2.  pierwotny",ˈprɪmɪtɪv
primrose,pierwiosnek,ˈprɪmrəʊz
prince,książę,prɪns
princely,książęcy,ˈprɪnslɪ
princess,księżna,księżniczka|prɪnˈses
principal,"główny
ii.    dyrektor",i.    zasadniczy|ˈprɪnsɪpəl
principality,księstwo,ˌprɪnsɪˈpælɪtɪ
principally,głównie,ˈprɪnsɪpəlɪ
principle,na gruncie zasad,ˈprɪnsɪpəl
principled,pryncypialny,ˈprɪnsɪpəld
print,prɪnt,
printer,1.  drukarz,ˈprɪntə
printout,wydruk,ˈprɪntaʊt
prior,ˈpraɪə,
prioress,przeorysza,ˈpraɪərɪs
priority,praɪˈɒrɪty,
priory,klasztor,ˈpraɪərɪ
prise,oswobodzić,otworzyć|otworzyć wyłamując|praɪz|prize
prism,"1.  pryzmat
 2.  graniastosłup",ˈprɪzəm
prison,więzienie,ˈprɪzən
prisoner,jeniec wojenny,ˈprɪzənə|ˌprɪzənər əv ˈwɔ:
pristine,nieskazitelny,ˈprɪsti:n
privacy,1.  odosobnienie,"osobność
 2.  życie osobiste|życie prywatne|ˈpraɪvəsɪ"
private,genitalia,"indywidualny
 4.  odosobniony|ˈpraɪvɪt|ˌpraɪvɪt ˈpɑ:ts"
privation,brak,niedostatek|praɪˈveɪʃən
privatise,privatize,prywatyzować|ˈpraɪvətaɪz
privatization,prywatyzacja,ˌpraɪvətaɪˈzeɪʃən
privatize,privatise,prywatyzować|ˈpraɪvətaɪz
privilege,"1.  przywilej
 2.  zaszczyt",honor|ˈprɪvɪlɪʤ
privileged,uprzywilejowany,ˈprɪvɪlɪʤd
privy,wtajemniczony,ˈprɪvɪ
prize,oswobodzić,otworzyć|otworzyć wyłamując|praɪz|prise
pro,prəʊ,rzecznik prasowy
pro tem,pro tem.,pro tempore|tymczasowo|ˌprəʊˈtem
pro tempore,pro tem.,tymczasowo|ˌprəʊˈtem
probability,ˌprɒbəˈbɪlɪtɪ,
probable,możliwy,prawdopodobny|ˈprɒbəbəl
probably,prawdopodobnie,ˈprɒbəblɪ
probation,kurator sądowy,prəˈbeɪʃən|prəˈbeɪʃən ˌɒfɪsə
probationer,osoba pod nadzorem sądowym,prəˈbeɪʃənə
probe,prəʊb,
probity,uczciwość,ˈprəʊbɪtɪ
problem,ˈprɒbləm,
problematic,problematical,problematyczny|ˌprɒbləˈmætɪk
problematical,problematic,problematyczny|ˌprɒbləˈmætɪk
procedural,proceduralny,prəˈsi:djʊrəl
procedure,procedura,prəˈsi:ʤə
proceed,prəˈsi:d,
proceedings,prəˈsi:dɪŋz,
proceeds,dochód,ˈprəʊsi:dz
procession,procesja,prəˈseʃən
processor,procesor,ˈprəʊsesə
proclaim,ogłaszać,prəˈkleɪm
proclamation,proklamacja,ˌprɒkləˈmeɪʃən
procrastinate,prəˈkræstɪneɪt,zwlekać
procreate,rodzić,rozmnażać się|ˈprəʊkrɪeɪt
procure,prəˈkjʊə,uzyskać
prod,prɒd,
prodigal,marnotrawny,ˈprɒdɪgəl
prodigious,prəˈdɪʤɪs,zadziwiająco wielki
prodigy,ˈprɒdɪʤɪ,
producer,producent,prəˈdju:sə
product,"produkt
 2.  wytwór",ˈprɒdʌkt
production,prəˈdʌkʃən,
productive,"1.  produktywny
 2.  owocny",prəˈdʌktɪv
productivity,produktywność,ˌprɒdʌkˈtɪvɪtɪ
prof,"prof.
  profesor",
profane,prəˈfeɪn,
profess,"1.  wyznawać
 2.  twierdzić",prəˈfes
profession,1.  profesja,prəˈfeʃən
professional,"fachowiec
 2.  zawodowiec","i.    profesjonalny|prəˈfeʃənəl|zawodowy
ii.   1.  profesjonalista"
professionalism,profejonalizm,prəˈfeʃənəlɪzəm
professor,profesor,prəˈfesə
proffer,"1.  przedstawiać
 2.  ofiarowywać",ˈprɒfə
proficiency,biegłość,prəˈfɪʃənsɪ
proficient,biegły,prəˈfɪʃənt|wprawny
profile,ˈprəʊfaɪl,
profit,ˈprɒfɪt,
profitable,"1.  dochodowy
 2.  korzystny",ˈprɒfɪtəbəl
profound,głęboki,prəˈfaʊnd
profuse,obfity,prəˈfju:s
profusion,obfitość,prəˈfju:ʒən
progeny,potomstwo,ˈprɒʤənɪ
prognosis,prɒˈgnəʊsɪs,
program,"i.    program
ii.    programowy",programme|ˈprəʊgræm
programmable,programowalny,prəʊˈgræməbəl
programme,"i.    program
ii.    programowy",program|ˈprəʊgræm
progress,"progress
i.   1.  postępy",
progression,"1.  przejście
 2.  progresja",prəˈgreʃən
progressive,1.  postępowy,"progresywny
 2.  stopniowy|prəˈgresɪv"
prohibit,prəˈhɪbɪt,zabraniać
prohibition,zakaz,ˌprəʊhɪˈbɪʃən
prohibitive,prəˈhɪbɪtɪv,zbyt duży
project,pokazywać,wystawać
projection,"część wystająca
 3.  projekcja",prəˈʤekʃən
projector,projektor,prəˈʤektə
proletarian,"i.    proletariacki
ii.    proletariusz",ˌprəʊləˈteərɪən
proletariat,ˌprəʊləˈteərɪət,
proliferate,mnożyć się,prəˈlɪfəreɪt|rozprzestrzeniać się
prolific,prəˈlɪfɪk,płodny
prolog,prologue,wstęp|ˈprəʊləʊg
prologue,prolog,wstęp|ˈprəʊləʊg
prolong,przedłużać,prəˈlɒŋ
prolonged,długi,przedłużający się|prəˈlɒŋd
promenade,ˌprɒməˈnɑ:d,
prominent,ˈprɒmɪnənt,
promiscuity,promiskuityzm,ˌprɒmɪsˈkju:ɪtɪ
promiscuous,nie przebierający,prəˈmɪskjʊəs|swobodny
promise,ˈprɒmɪs,
promising,dobrze się zapowiadający,obiecujący|ˈprɒmɪsɪŋ
promontory,cypel,ˈprɒməntərɪ
promote,"1.  propagować
 2.  promować",awansować|prəˈməʊt
promoter,"1.  sponsor
 2.  propagator",prəˈməʊtə
promotion,prəˈməʊʃən,
prompt,znacznik programowy,ˈprɒmt
prompter,sufler,ˈprɒmtə
prompting,podpowiadanie,wskazówka|ˈprɒmtɪŋ
promptly,"1.  natychmiast
 2.  dokładnie",ˈprɒmtlɪ
prone,"na brzuchu
 2.  skłonny",prəʊn
prong,prɒŋ,
pronominal,prəʊˈnɒmɪnəl,zaimkowy
pronoun,zaimek,ˈprəʊnaʊn
pronounce,prəˈnaʊns,
pronounced,prəˈnaʊnst,wyraźnie się odznaczający
pronouncement,prəˈnaʊnsmənt,wypowiedź
pronunciation,prəˌnʌnsɪˈeɪʃən,wymowa
proof,pru:f,
prop,prɒp,
propaganda,ˌprɒpəˈgændə,
propagate,ˈprɒpəgeɪt,
propel,"1.  wyrzucać
 2.  popychać",prəˈpel
propeller,prəˈpelə,
propensity,prəˈpensɪtɪ,skłonność
proper,rzeczownik własny,ˈprɒpə|ˌprɒpə ˈnaʊn
properly,odpowiednio,właściwie|ˈprɒpəlɪ
property,ˈprɒpətɪ,
prophecy,proroctwo,ˈprɒfɪsɪ
prophesy,prorokować,wieszczyć|ˈprɒfɪsaɪ
prophet,prorok,ˈprɒfɪt
prophetic,proroczy,prəˈfetɪk
proportion,1.  pewna część,prəˈpɔ:ʃən
proportional,proporcjonalny,prəˈpɔ:ʃənəl
proportionate,proporcjonalny,prəˈpɔ:ʃənət
proposal,1.  propozycja,"prəˈpəʊzəl|sugestia
 2.  oświadczyny"
propose,1.  sugerować,"proponować
 2.  wysuwać|prəˈpəʊz"
proposition,ˌprɒpəˈzɪʃən,
propound,proponować,przedkładać|prəˈpaʊnd
proprietary,prawnie zastrzeżony,prəˈpraɪətərɪ
proprietor,prəˈpraɪətə,właściciel
propriety,przyzwoitość,prəˈpraɪətɪ
propulsion,napęd,prəˈpʌlʃən
prosaic,prozaiczny,prəʊˈzæɪk
prose,proza,prəʊz
prosecute,oskarżać,ścigać sądownie|ˈprɒsɪkju:t
prosecution,1.  ściganie sądowe,ˌprɒsɪˈkju:ʃən
prosecutor,oskarżyciel,ˈprɒsɪkju:tə
prospective,potencjalny,prəˈspektɪv
prospectus,prospekt,prəˈspektəs
prosper,prosperować,ˈprɒspə
prosperity,koniunktura,powodzenie|prɒˈsperɪtɪ
prosperous,dobrze prosperujący,ˈprɒspərəs
prostitute,"i.    prostytutka
ii.    prostytuować",ˈprɒstɪtju:t
prostitution,prostytucja,ˌprɒstɪˈtju:ʃən
prot,"prot.
  protestancki",
protagonist,"1.  propagator
 2.  bohater",protagonista|prəˈtægənɪst
protect,chronić,prəˈtekt
protection,ochrona,osłona|prəˈtekʃən
protective,"1.  ochronny
 2.  opiekuńczy",prəˈtektɪv
protege,protegowany,protégé|ˈprɒtɪʒeɪ
protegee,protegowana,protégée|ˈprɒtɪʒeɪ
protein,białko,ˈprəʊti:n
protestant,"i.    protestant
ii.    protestancki",ˈprɒtɪstənt
protestation,zapewnienie,ˌprɒtəˈsteɪʃən
protocol,konwencje protokolarne,ˈprəʊtəkɒl
prototype,prototyp,ˈprəʊtətaɪp
protracted,przeciągający się,prəˈtræktɪd
protrude,prəˈtru:d,wystawać
protuberance,prəˈtju:bərəns,wypukłość
protégé,protege,protegowany|ˈprɒtɪʒeɪ
protégée,protegee,protegowana|ˈprɒtɪʒeɪ
proud,dumny,praʊd
prov,"prov.
  prowincja",województwo
prove,1.  udowadniać,"pru:v|wykazywać
 2.  okazywać się"
proverb,przysłowie,ˈprɒvɜ:b
proverbial,przysłowiowy,prəˈvɜ:bɪəl
provide,i.    zaopatrywać,prəˈvaɪd
provided,pod warunkiem,prəˈvaɪdɪd|że
providence,opatrzność,ˈprɒvɪdəns
providential,opatrznościowy,ˌprɒvɪˈdenʃəl
providing,pod warunkiem,prəˈvaɪdɪŋ|że
province,1.  prowincja,ˈprɒvɪns
provincial,"i.    prowincjonalny
ii.    prowincjusz",prəˈvɪnʃəl
provision,1.  dostarczanie,"prəˈvɪʒən|udzielanie
 2.  postanowienie"
provisional,prowizoryczny,prəˈvɪʒənəl|tymczasowy
proviso,prəˈvaɪzəʊ,
provocation,prowokacja,zaczepka|ˌprɒvəˈkeɪʃən
provocative,1.  prowokujący,"drażniący|prəˈvɒkətɪv|wyzywający
 2.  prowokacyjny"
provoke,prəˈvəʊk,
prow,praʊ,
prowess,możliwości,zdolności|ˈpraʊɪs
prowl,praʊl,skradać się
proximity,bliskość,prɒkˈsɪmɪtɪ
proxy,ˈprɒksɪ,
prude,osoba pruderyjna,pru:d|świętoszek
prudent,rozsądny,roztropny|ˈpru:dənt
prudish,pruderyjny,ˈpru:dɪʃ
prune,obcinać,pru:n
prussia,ˈprʌʃə,
prussian,ˈprʌʃən,
pry,praɪ,wtrącać się
précis,precis,skrót|streszczenie|ˈpreɪsɪ
ps,postscriptum,"ps.|ps.
  psalm"
psalm,sɑ:m,
pseudonym,pseudonim,ˈsju:dənɪm
pst,strefowy czas pacyfiku,
psyche,psychika,ˈsaɪkɪ
psychiatric,psychiatryczny,ˌsaɪkɪˈætrɪk
psychiatrist,psychiatra,saɪˈkaɪətrɪst
psychiatry,psychiatria,saɪˈkaɪətrɪ
psychic,nadnaturalny,psychical|ˈsaɪkɪk
psychical,nadnaturalny,psychic|ˈsaɪkɪk
psycho,psychiczny,wariat|ˈsaɪkəʊ
psychoanalyse,psychoanalyze,stosować psychoanalizę|ˌsaɪkəʊˈænəlaɪz
psychoanalyze,psychoanalyse,stosować psychoanalizę|ˌsaɪkəʊˈænəlaɪz
psychological,psychologiczny,ˌsaɪkəˈlɒʤɪkəl
psychology,saɪˈkɒləʤɪ,
psychopath,psychopata,ˈsaɪkəpæθ
psychosis,psychoza,saɪˈkəʊsɪs
psychotherapy,psychoterapia,ˌsaɪkəʊˈθerəpɪ
pt,wf,wychowanie fizyczne
pto,verte,
pty,"pty.
  prawnie zastrzeżony",
pub,bar,pab|pʌb
puberty,dojrzewanie,ˈpju:bətɪ
pubes,ˈpju:bi:z,
pubic,łonowy,ˈpju:bɪk
public,"pab
viii.  public relations",szkoła powszechna|ˈpʌblɪk|ˌpʌblɪk dəˌmeɪn ˈsɒftweə|ˌpʌblɪk kənˈvi:nɪəns
publican,barman,właściciel pabu|ˈpʌblɪkən
publication,publikacja,ˌpʌblɪˈkeɪʃən
publicise,publicize,rozreklamowywać|ˈpʌblɪsaɪz
publicist,publicysta,ˈpʌblɪsɪst
publicity,pʌbˈlɪsɪtɪ,
publicize,publicise,rozreklamowywać|ˈpʌblɪsaɪz
publicspirited,public-spirited,społecznikowski|ˌpʌblɪkˈspɪrɪtɪd
publish,"1.  publikować
 2.  wydawać",ˈpʌblɪʃ
publisher,wydawca,ˈpʌblɪʃə
puce,pju:s,purpurowoczerwony
pucker,marszczyć się,wzdymać się|ˈpʌkə
pudding,1.  pudding,ˈpʊdɪŋ
puddle,kałuża,ˈpʌdəl
puerile,dziecięcy,ˈpjʊəraɪl
puerto rico,portoryko,ˌpwɜ:təʊˈri:kəʊ
puff,ciasto francuskie,pʌf|ˌpʌfˈpeɪstrɪ
puffin,ˈpʌfɪn,
puffy,obrzmiały,ˈpʌfɪ
pull,"odjeżdżać
 2.  wychodzić","pʊl|to pieces* 
 - rozbierać"
pulley,blok,krążek|ˈpʊlɪ
pullover,pulower,ˈpʊləʊvə
pulp,pʌlp,
pulpit,ambona,ˈpʊlpɪt
pulsate,pulsować,pʌlˈseɪt
pulse,pʌls,
pulverize,ˈpʌlvəraɪz,
puma,ˈpju:mə,
pumice,pumeks,ˈpʌmɪs
pummel,bić pięściami,ˈpʌməl
pump,pʌmp,
pumpkin,dynia,ˈpʌmpkɪn
pun,gra słów,kalambur|pʌn
punch,"dziurkarka
 3.  poncz",pʌnʧ
punchline,pointa,punch-line|ˈpʌnʧlaɪn
punchup,bijatyka,punch-up|ˈpʌnʧʌp
punchy,dobitny,ˈpʌnʧɪ
punctual,punktualny,ˈpʌŋkʧʊəl
punctuate,ˈpʌŋkʧʊeɪt,
punctuation,znak interpunkcyjny,ˌpʌŋkʧʊˈeɪʃən|ˌpʌŋkʧʊˈeɪʃən mɑ:k
puncture,"przebicie dętki
ii.    dziurawić",ˈpʌŋkʧə
pundit,mędrzec,znawca|ˈpʌndɪt
pungent,ostry,ˈpʌnʤənt
punish,karać,ˈpʌnɪʃ
punishable,karalny,ˈpʌnɪʃəbəl
punishment,kara,ˈpʌnɪʃmənt
punitive,karny,karzący|ˈpju:nɪtɪv
punk,pʌŋk,
punt,pʌnt,
punter,klient,ˈpʌntə
puny,maleńki,ˈpju:nɪ
pup,pʌp,
pupil,ˈpju:pəl,
puppet,"i.    marionetka
ii.    marionetkowy",ˈpʌpɪt
puppy,szczenię,ˈpʌpɪ
purchase,ˈpɜ:ʧəs,
purchaser,nabywca,ˈpɜ:ʧəsə
pure,pjʊə,zupełny
puree,purée,ˈpjʊəreɪ
purely,całkowicie,ˈpjʊəlɪ
purgatory,czyściec,ˈpɜ:gətərɪ
purge,"od czegoś)
ii.    czystka",pɜ:ʤ
purify,oczyszczać,ˈpjʊərɪfaɪ
purist,purysta,ˈpjʊərɪst
puritan,"i.    purytanin
ii.    purytański",ˈpjʊərɪtən
puritanical,purytański,ˌpjʊərɪˈtænɪkəl
purity,czystość,ˈpjʊərɪtɪ
purple,ˈpɜ:pəl,
purport,i.    twierdzić,"pəˈpɔ:t|zapewniać
ii.    istota|znaczenie"
purpose,rozmyślnie,ˈpɜ:pəs
purposebuilt,purpose-built,specjalnie zbudowany|ˌpɜ:pəsˈbɪlt
purposeful,celowy,ˈpɜ:pəsfʊl
purposeless,bezcelowy,ˈpɜ:pəslɪs
purposely,celowo,rozmyślnie|ˈpɜ:pəslɪ
purr,pɜ:,
purse,pɜ:s,
purser,płatnik,ˈpɜ:sə
pursue,pəˈsju:,
pursuit,hobby,pəˈsju:t
purvey,dostarczać,pɜ:ˈveɪ
purée,puree,ˈpjʊəreɪ
pus,pʌs,ropa
pushchair,wózek spacerowy,ˈpʊʃʧeə
pushed,ˈpʊʃt,
pusher,handlarz narkotykami,ˈpʊʃə
pushover,igraszka,zabawka|ˈpʊʃəʊvə
pushy,idący po trupach,ˈpʊʃɪ
puss,kicia,pʊs
putrid,zgniły,ˈpju:trɪd
putty,kit,ˈpʌtɪ
puzzle,"łamigłówka
 2.  zagadka",ˈpʌzəl
pvc,pcw,polichlorek winylu
pygmy,ˈpɪgmɪ,
pyjamas,pajamas,piżama|pəˈʤɑ:məz
pylon,maszt,słup|słup wysokiego napięcia|ˈpaɪlən
pyramid,"1.  piramida
 2.  ostrosłup",ˈpɪrəmɪd
pyrenees,"the pyrenees 
 - pireneje",ˌpɪrəˈni:z
pyrex,szkło żaroodporne,ˈpaɪreks
python,pyton,ˈpaɪθən
pâté,pasztet,pate|ˈpæteɪ
qt,cicho,"qt.
  kwarta|ˌkju:ˈti:"
quack,kwæk,
quadrangle,kwadratowy plac,kwadratowy podwórze|plac|podwórze|ˈkwɒdræŋgəl
quadruped,zwierzę czworonożne,ˈkwɒdrʊpəd
quadruple,i.    zwiększać się czterokrotnie,ˈkwɒdrʊpəl
quadruplets,czworaczki,ˈkwɒdrʊplɪts
quagmire,trzęsawisko,ˈkwɒgmaɪə
quail,kweɪl,przepiórka
quaint,kweɪnt,przedziwny
quake,kweɪk,
quaker,kwakier,ˈkweɪkə
qualification,ˌkwɒlɪfɪˈkeɪʃən,
qualified,1.  wykwalifikowany,by coś robić|ˈkwɒlɪfaɪd
qualify,1.  otrzymywać dyplom,ˈkwɒlɪfaɪ
qualitative,jakościowy,ˈkwɒlɪtətɪv
quality,ˈkwɒlɪtɪ,
qualm,kwɑ:m,skrupuły|wątpliwość
quandary,ˈkwɒndərɪ,
quantitative,ilościowy,ˈkwɒntɪtətɪv
quantity,ˈkwɒntɪtɪ,
quarantine,ˈkwɒrənti:n,
quarrel,ˈkwɒrəl,
quarrelsome,kłótliwy,ˈkwɒrəlsəm
quarry,ˈkwɒrɪ,
quart,kwɔ:t,
quarterfinal,quarter-final,ćwierćfinał|ˌkwɔ:təˈfaɪnəl
quarterly,"i.    kwartalnie
ii.    kwartalnik",ˈkwɔ:təlɪ
quartermaster,kwatermistrz,ˈkwɔ:təmɑ:stə
quartet,kwartet,kwɔ:ˈtet
quartz,kwɔ:ts,
quash,anulować,kwɒʃ|unieważniać
quaver,ˈkweɪvə,
quay,ki:,nabrzeże
queasy,czujący się niedobrze,odczuwający mdłości|ˈkwi:zɪ
queen,hetman,ˈkwi:n
queer,kwɪə,pedał
quell,kwel,
quench,gasić,kwenʧ
querulous,swarliwy,ˈkwerjʊləs
query,i.    zapytanie,kwestionować|ˈkwerɪ
quest,kwest,poszukiwanie
question,pytanie obcięte,ˈkwesʧən|ˈkwesʧən mɑ:k|ˈkwesʧəntæg
questionable,kwestionowalny,wątpliwy|ˈkwesʧənəbəl
questionnaire,kwestionariusz,ˌkwesʧənˈeə
quibble,ˈkwɪbəl,
quick,1.  szybki,do głębi|głęboko|kwɪk|urazić do głębi
quicken,przyspieszać,ˈkwɪkən
quicksand,ruchome piaski,ˈkwɪksænd
quickwitted,bystry,pojętny|quick-witted|ˌkwɪkˈwɪtɪd
quid,funt,kwɪd
quiet,uspokajać,ˈkwaɪət
quieten,uspokajać,ˈkwaɪətən
quill,kwɪl,
quilt,kołdra,kwɪlt
quilted,ocieplany,watowany|ˈkwɪltɪd
quince,kwɪns,pigwa
quinine,chinina,kwɪˈni:n
quintet,kwintet,kwɪnˈtet
quip,dowcipne powiedzenie,kwɪp
quirk,kwɜ:k,zrządzenie
quit,kwɪt,przestawać|rzucać
quite,1.  całkiem,kwaɪt
quits,godzić się,kończyć|kwɪts
quiver,i.    dygotać,"trząść się
ii.    dygotanie|ˈkwɪvə"
quiz,kwɪz,
quizzical,kpiący,porozumiewawczy|ˈkwɪzɪkəl
quota,limit,ˈkwəʊtə
quotation,cudzysłów,"kwəʊˈteɪʃən|kwəʊˈteɪʃən  mɑ:k|stawka
ii.  quotation mark"
quote,kwəʊt,
quotient,iloraz,ˈkwəʊʃənt
rabbi,rabin,ˈræbaɪ
rabbit,królik,ˈræbɪt
rabble,ciżba,tłum|ˈræbəl
rabid,1.  zażarty,"zaciekły
 2.  wściekły|ˈræbɪd"
rabies,wścieklizna,ˈreɪbi:z
rac,królewski automobilklub,
race,"przygotowywać
 3.  pędzić",reɪs
racecourse,tor wyścigowy,ˈreɪskɔ:s
racehorse,koń wyścigowy,ˈreɪshɔ:s
racetrack,tor wyścigowy,ˈreɪstræk
racial,rasowy,ˈreɪʃəl
racialism,rasizm,ˈreɪʃəlɪzəm
racing,wyścigi,ˈreɪsɪŋ
racism,rasizm,ˈreɪsɪzəm
racist,rasista,ˈreɪsɪst
rack,"półka
 2.  bagażnik dachowy",ræk
racket,szwindel,ˈrækɪt
racy,pikantny,z werwą|ˈreɪsɪ
radar,ˈreɪdɑ:,
radiance,blask,promieniowanie|ˈreɪdɪəns
radiant,"1.  rozpromieniony
 2.  rozjarzony",ˈreɪdɪənt
radiate,ˈreɪdɪeɪt,
radiation,promieniowanie,radiacja|ˌreɪdɪˈeɪʃən
radiator,1.  grzejnik,"kaloryfer
 2.  chłodnica|ˈreɪdɪeɪtə"
radical,fundamentalny,ˈrædɪkəl
radio,ˈreɪdɪəʊ,
radioactive,radioaktywny,ˌreɪdɪəʊˈæktɪv
radioactivity,radioaktywność,ˌreɪdɪəʊækˈtɪvɪtɪ
radiography,prześwietlenie,radiografia|ˌreɪdɪˈɒgrəfɪ
radiology,radiologia,rentgenologia|ˌreɪdɪˈɒləʤɪ
radiotherapy,naświetlanie,radioterapia|ˌreɪdɪəʊˈθerəpɪ
radish,rzodkiewka,ˈrædɪʃ
radius,promień,ˈreɪdɪəs
raf,królewskie siły powietrzne,
raffle,loteria,ˈræfəl
raft,rɑ:ft,
rafter,krokiew,ˈrɑ:ftə
rag,ræg,
ragbag,śmietnik,ˈrægbæg
rage,reɪʤ,
ragged,ˈrægɪd,
raging,oszalały,wściekły|ˈreɪʤɪŋ
raid,"nalot
 2.  obława",reɪd
rail,reɪl,
railcard,karta,karta miesięczna na pociąg|ˈreɪlkɑ:d
railing,balustrada,ogrodzenie|ˈreɪlɪŋ
railroad,ˈreɪlrəʊd,
railway,ˈreɪlweɪ,
rain,reɪn,
rainbow,tęcza,ˈreɪnbəʊ
raincoat,płaszcz przeciwdeszczowy,ˈreɪnkəʊt
raindrop,kropla deszczu,ˈreɪndrɒp
rainfall,opady,poziom opadów|ˈreɪnfɔ:l
rainstorm,oberwanie chmury,ˈreɪnstɔ:m
rainy,ˈreɪnɪ,
raise,reɪz,
raised,wyniesiony,wypukły|ˈreɪzd
raisin,rodzynka,ˈreɪzɪn
rajah,radża,ˈrɑ:ʤə
rake,reɪk,
rakish,chwacki,zadzierzysty|ˈreɪkɪʃ
rally,"wyścig
 3.  wymiana piłek",zbierać się wokół kogoś|ˈrælɪ
ram,ræm,"walić
 2.  wbijać"
ramble,i.    wędrówka,ˈræmbəl
rambler,wędrowiec,ˈræmblə
rambling,1.  rozrzucony,"nieregularny
 2.  niedorzeczny|ˈræmblɪŋ"
ramification,rozgałęzienie,ˌræmɪfɪˈkeɪʃən
ramp,podjazd,rampa|ræmp
rampage,1.  panikować,ˈræmpɪʤ
rampant,szerzący się,ˈræmpənt
rampart,szaniec,wał|ˈræmpɑ:t
ramshackle,walący się,ˈræmʃækəl
ranch,ranczo,rɑ:nʧ
rancid,zjełczały,ˈrænsɪd
rancor,rancour,uraza|zajadłość|ˈræŋkə
rancour,rancor,uraza|zajadłość|ˈræŋkə
random,1.  przypadkowy,ˈrændəm
randy,podniecony,ˈrændɪ
range,reɪnʤ,ustawiać
ranger,strażnik leśny,ˈreɪnʤə
rank,ræŋk,zaliczać
rankle,gryźć,leżeć na sercu|ˈræŋkəl
ransack,przetrząsać,przewracać do góry nogami|ˈrænsæk
rant,perorować,rænt
rap,"i.    stukać
ii.    stuknięcie",ræp
rapacious,chciwy,rəˈpeɪʃəs
rape,reɪp,
rapid,ˈræpɪd,
rapier,ˈreɪpɪə,
rapist,gwałciciel,ˈreɪpɪst
rapport,harmonia,ræˈpɔ:|zrozumienie
rapprochement,ræˈprɒʃmɒŋ,zbliżenie
rapt,olśniony,ræpt|zauroczony
rapture,ekstaza,uniesienie|ˈræpʧə
rapturous,entuzjastyczny,ˈræpʧərəs
rare,reə,
rarefied,rozrzedzony,ˈreərɪfaɪd
rarely,rzadko,ˈreəlɪ
rarity,rzadkość,ˈreərɪtɪ
rascal,hultaj,łobuz|ˈrɑ:skəl
rash,i.    zapalczywy,ræʃ
rasher,ˈræʃə,
rasp,chrypienie,"i.    chrypieć|rɑ:sp|zgrzytać
ii.    zgrzytanie"
raspberry,malina,ˈrɑ:zbərɪ
rat,ræt,
rate,kurs wymiany,reɪt|ˌreɪt əv ɪksˈʧeɪnʤ
ratepayer,płatnik podatku lokalowego,ˈreɪtpeɪə
rather,raczej niż,ˈrɑ:ðə
ratification,ratyfikacja,ˌrætɪfɪˈkeɪʃən
ratify,ratyfikować,ˈrætɪfaɪ
rating,marynarz,ˈreɪtɪŋ
ratio,proporcja,stosunek|ˈreɪʃɪəʊ
ration,i.    przydział,ˈræʃən
rational,"1.  racjonalny
 2.  rozsądny",ˈræʃənəl
rationale,powody,racje|ˌræʃəˈnɑ:l
rationalise,rationalize,ˈræʃənəlaɪz
rationalism,racjonalizm,ˈræʃənəlɪzəm
rationalize,rationalise,ˈræʃənəlaɪz
rattle,"stukanie
 2.  grzechotka",ˈrætəl
rattlesnake,grzechotnik,ˈrætəlsneɪk
ratty,1.  szczurzy,ˈrætɪ
raucous,szorstki,ˈrɔ:kəs
ravage,i.    druzgotać,"niweczyć
ii.   ravages  spustoszenia|ˈrævɪʤ"
rave,i.   1.  wywnętrzać się,reɪv
raven,"i.    kruk
ii.    kruczoczarny",ˈreɪvən
ravenous,wygłodniały,żarłoczny|ˈrævənəs
ravine,parów,rəˈvi:n
raving,i.    wariacki,ˈreɪvɪŋ
ravishing,przepiękny,ˈrævɪʃɪŋ
raw,"1.  surowiec
 2.  tworzywo","rɔ:|żywy
ii.  raw material|ˌrɔ: məˈtɪərɪəl"
ray,promień,reɪ
rayon,sztuczny jedwab,wiskoza|ˈreɪɒn
raze,reɪz,
razor,żyletka,ˈreɪzə|ˈreɪzə bleɪd
rc,katolicki,katolik
rd,"rd.
  droga",
re,odnośnie,ri:|w sprawie
react,rɪˈækt,
reaction,rɪˈækʃən,
reactionary,"i.    reakcyjny
ii.    reakcjonista",rɪˈækʃənərɪ
reactor,reaktor,rɪˈæktə
read,1.  czytać,"coś się czyta|przeczytać 
 2.  być napisanym|ri:d"
readable,wart przeczytania,ˈri:dəbəl
reader,asystent,ˈri:də
readership,liczba czytelników,ˈri:dəʃɪp
readily,1.  ochoczo,"skwapliwie
 2.  łatwo|ˈredɪlɪ"
readiness,gotowość,ˈredɪnɪs
reading,ˈri:dɪŋ,
readjust,ˌri:əˈʤʌst,
readout,odczyt,odczyt informacji|ˈri:daʊt
ready,ˈredɪ,
readymade,gotowy,przygotowany|ready-made|ˌredɪˈmeɪd
real,majątek nieruchomy,"rzeczywisty
iii.  real estate|rɪəl|ˈrɪəl ɪˌsteɪt"
realism,realizm,ˈrɪəlɪzəm
realist,realista,ˈrɪəlɪst
realistic,realistyczny,rɪəˈlɪstɪk
reality,rɪˈælɪtɪ,
realm,1.  dziedzina,"królestwo|relm|sfera
 2.  panowanie"
ream,ri:m,zwały
reap,ri:p,
reaper,żniwiarka,żniwiarz|ˈri:pə
reappear,pojawiać się,pojawiać się powtórnie|ˌrɪəˈpɪə
reappraisal,ocena,ˌri:əˈpreɪzəl
rearm,przezbroić,ri:ˈɑ:m
rearrange,przestawiać,reorganizować|ˌri:əˈreɪnʤ
rearrangement,reorganizacja,ˌri:əˈreɪnʤmənt
reason,"racja
 2.  uzasadnienie",ˈri:zən
reasonable,ˈri:zənəbəl,
reasonably,"całkiem
 2.  rozsądnie",ˈri:zənəblɪ
reasoned,racjonalny,wyważony|ˈri:zənd
reasoning,rozumowanie,ˈri:zənɪŋ
reassemble,składać,składać z powrotem|ˌri:əˈsembəl
reassert,1.  umacniać,"wzmacniać
 2.  potwierdzać się|ˌri:əˈsɜ:t"
reassurance,"1.  otucha
 2.  zapewnienie",ˌri:əˈʃʊərəns
reassure,dodawać otuchy,pocieszać|ˌri:əˈʃʊə
rebate,zwrot,ˈri:beɪt
rebellion,rɪˈbeljən,
rebellious,buntowniczy,rɪˈbeljəs
rebirth,odrodzenie,ri:ˈbɜ:θ
rebuff,i.    odmówić,"odrzucenie|odrzucić
ii.    odmowa|rɪˈbʌf"
rebuild,odbudowywać,ˌri:ˈbɪld
rebuke,rɪˈbju:k,
rebut,obalić zarzuty,rɪˈbʌt
recalcitrant,krnąbrny,oporny|rɪˈkælsɪtrənt
recall,rɪˈkɔ:l,
recant,rɪˈkænt,
recap,"i.    podsumowywać
ii.    podsumowanie",ˈri:kæp
recapitulate,podsumowywać,ˌri:kəˈpɪʧʊleɪt
recapitulation,podsumowanie,ˌri:kəpɪʧʊˈleɪʃən
recapture,ˌri:ˈkæpʧə,
recede,rɪˈsi:d,
receipt,1.  rachunek,po otrzymaniu|przy otrzymaniu|przy otrzymaniu czegoś|rɪˈsi:t
receive,rɪˈsi:v,
receiver,rɪˈsi:və,
recent,niedawny,ˈri:sənt
recently,niedawno,ˈri:səntlɪ
receptacle,pojemnik,rɪˈseptəkəl
reception,rɪˈsepʃən,"witanie
 4.  odbiór"
receptionist,recepcjonista,rɪˈsepʃənɪst
receptive,otwarty,rɪˈseptɪv
recess,rɪˈses,"wnęka
 3. recesses  zakamarki"
recession,recesja,rɪˈseʃən
recipe,1.  przepis kulinarny,"przepis
 2.  recepta|ˈresɪpɪ"
recipient,odbiorca,rɪˈsɪpɪənt
reciprocal,obopólny,rɪˈsɪprəkəl|wzajemny
reciprocate,odwzajemniać,rɪˈsɪprəkeɪt
recital,rɪˈsaɪtəl,
recitation,recytacja,ˌresɪˈteɪʃən
recite,recytować,rɪˈsaɪt
reckless,lekkomyślny,ˈreklɪs
reckon,ˈrekən,
reckoning,ˈrekənɪŋ,
reclaim,"1.  odzyskiwać
 2.  rekultywować",meliorować|osuszać|rɪˈkleɪm
recline,rozłożyć się,rɪˈklaɪn|wyciągnąć się
reclining,rozkładany,rɪˈklaɪnɪŋ
recluse,odludek,rɪˈklu:s|samotnik
recognise,"1.  rozpoznawać
 2.  doceniać",recognize|ˈrekəgnaɪz
recognition,ˌrekəgˈnɪʃən,
recognizable,rozpoznawalny,ˈrekəgnaɪzəbəl
recognize,"1.  rozpoznawać
 2.  doceniać",recognise|ˈrekəgnaɪz
recoil,rɪˈkɔɪl,szarpać|szarpać w tył
recollect,przypominać sobie,ˌrekəˈlekt
recollection,ˌrekəˈlekʃən,
recommend,1.  polecać,"rekomendować 
 2.  zalecać|ˌrekəˈmend"
recommendation,"1.  rekomendacja
 2.  zalecenie",ˌrekəmenˈdeɪʃən
recompense,ˈrekəmpens,
reconcile,1.  godzić,ˈrekənsaɪl
recondition,remontować,ˌri:kənˈdɪʃən
reconnaissance,rekonesans,rɪˈkɒnɪsəns
reconsider,przemyśleć,zastanowić się|ˌri:kənˈsɪdə
reconstitute,"1.  przywracać
 2.  odświeżać",ri:ˈkɒnstɪtju:t
reconstruct,"1.  odbudowywać
 2.  rekonstruować",ˌri:kənˈstrʌkt
reconstruction,"1.  odbudowa
 2.  rekonstrukcja",ˌri:kənˈstrʌkʃən
recorded delivery,rɪˌkɔ:dɪd dɪˈlɪvərɪ,
recorder,rɪˈkɔ:də,
recording,"1.  nagranie
 2.  nagrywanie",dźwięk|rɪˈkɔ:dɪŋ
recourse,rɪˈkɔ:s,
recover,1.  wyzdrowieć,pokryć na nowo|re-cover|rɪˈkʌvə|ˌri:ˈkʌvə
recovery,rɪˈkʌvərɪ,
recreate,odtwarzać,ˌri:krɪˈeɪt
recreation,rekreacja,ˌrekrɪˈeɪʃən
recruit,rɪˈkru:t,
recruitment,rekrutacja,rɪˈkru:tmənt
rectangle,prostokąt,ˈrektæŋgəl
rectangular,prostokątny,rekˈtæŋgjʊlə
rectify,naprawiać,ˈrektɪfaɪ
rector,pastor,proboszcz|proboszcz protestancki|ˈrektə
rectory,probostwo,ˈrektərɪ
recuperate,dochodzić do sił,rɪˈkju:pəreɪt
recur,powracać,powtarzać się|rɪˈkɜ:
recurrence,nawrót,powtarzanie się|rɪˈkʌrəns
recurrent,nawracający,powtarzający się|rɪˈkʌrənt
recycle,przetwarzać,ˌri:ˈsaɪkəl
red,biurokracja,przynęta|wabik|ˌredˈherɪŋ|ˌredˈteɪp
redden,czerwienić,czerwienić się|ˈredən
reddish,czerwonawy,ˈredɪʃ
redeem,1.  ratować,"okupywać
 2.  dotrzymywać|rɪˈdi:m"
redemption,odkupienie,rɪˈdempʃən
redeploy,przemieszczać,przeorganizować|ˌri:dɪˈplɔɪ
redhead,red-head,rudzielec|ˈredhed
redhot,red-hot,ˌredˈhɒt
redirect,przeadresowywać,ˌri:dəˈrekt
redletter,red-letter,"red-letter day 
 - święto|ˌredˈletə"
redness,czerwoność,ˈrednɪs
redo,przerabiać,ˌri:ˈdu:
redouble,podwajać,zwiększać|ˌri:ˈdʌbəl
redress,i.    naprawiać,"rekompensować
ii.    rekompensata|rɪˈdres"
reduce,1.  redukować,"obniżać 
 3.  zmuszać|rɪˈdju:s|zmniejszać
 2.  doprowadzać"
reduction,"1.  redukcja
 2.  ograniczenie",rɪˈdʌkʃən
redundancy,i.    zbyteczne miejsce pracy,redukcja|redukcja pracy|rɪˈdʌndənsɪ
redundant,rɪˈdʌndənt,zbyteczny|zbędny
reed,ri:d,trzcina
reef,rafa,ri:f
reek,odór,ri:k
reel,"chwiać się
 3.  wirować",kręcić się|ri:l
reelect,powtórnie wybierać,re-elect|ˌri:ɪˈlekt
ref,nasz znak,nr
refectory,refektarz,rɪˈfektərɪ
refer,rɪˈfɜ:,
referee,sędzia,ˌrefəˈri:
reference,"aluzja
 2.  odniesienie się",książka podręczna|odniesienie|wydawnictwo encyklopedyczne|wydawnictwo słownikowe
referendum,ˌrefəˈrendəm,
refill,"refill
i.    napełniać znów",
refine,1.  oczyszczać,"rafinować
 2.  krystalizować|rɪˈfaɪn"
refined,1.  rafinowany,rɪˈfaɪnd
refinement,"1.  udoskonalenie
 2.  wyrafinowanie",rɪˈfaɪnmənt
refinery,rafineria,rɪˈfaɪnərɪ
reflect,1.  odbijać się,rɪˈflekt
reflection,rɪˈflekʃən,zaduma
reflective,pełen zadumy,refleksyjny|rɪˈflektɪv
reflector,rɪˈflektə,
reflex,ˈri:fleks,
reflexive,rɪˈfleksɪv,zwrotny
reform,i.    reforma,poprawić|reedukować|rɪˈfɔ:m
reformation,1.  przekształcenie,ˌrefəˈmeɪʃən
reformer,reformator,rɪˈfɔ:mə
refrain,rɪˈfreɪn,
refresh,rɪˈfreʃ,
refreshment,bufet,rɪˈfreʃmənt
refrigerator,chłodziarka,lodówka|rɪˈfrɪʤəreɪtə
refuel,tankować,uzupełniać paliwo|ˌri:ˈfju:əl
refuge,schronienie,ˈrefju:ʤ
refugee,uchodźca,uciekinier|ˌrefju:ˈʤi:
refund,"refund
i.    zwrot pieniędzy","zwracać|zwrot
ii.    zwracać pieniądze"
refusal,odmowa,rɪˈfju:zəl
refute,rɪˈfju:t,
regain,odzyskiwać,rɪˈgeɪn
regal,królewski,ˈri:gəl
regalia,"1.  regalia
 2.  insygnia",rɪˈgeɪlɪə
regarding,co do,rɪˈgɑ:dɪŋ
regardless,pomimo,rɪˈgɑ:dlɪs
regatta,regaty,rɪˈgætə
regency,regencja,ˈri:ʤənsɪ
regenerate,odradzać się,rɪˈʤenəreɪt
regent,ˈri:ʤənt,
regime,reżym,reɪˈʒi:m
regimental,pułkowy,ˌreʤɪˈmentəl
regimentation,reglamentacja,ścisła władza|ˌreʤɪmenˈteɪʃən
region,ˈri:ʤən,
regional,regionalny,rejonowy|ˈri:ʤənəl
register,ˈreʤɪstə,
registered,polecony,ˈreʤɪstəd
registrar,ˌreʤɪstˈrɑ:,
registration,rejestracja,ˌreʤɪˈstreɪʃən
registry,urząd stanu cywilnego,ˈreʤɪstrɪ|ˈreʤɪstrɪ ɒfɪs
regress,przechodzić regres,przechodzić w gorszy stan|rɪˈgres
regret,rɪˈgret,"ubolewanie
 2.  wątpliwości|wyrażać żal z powodu"
regretful,przepraszający,rɪˈgretfʊl
regrettable,pożałowania godny,rɪˈgretəbəl
regroup,przegrupowywać,przegrupowywać się|ˌri:ˈgru:p
regular,"bywalec
 2.  żołnierz zawodowy",ˈregjʊlə
regularity,regularność,ˌregjʊˈlærɪtɪ
regulate,regulować,ˈregjʊleɪt
regulation,regulaminowy,ˌregjʊˈleɪʃən
rehabilitate,"1.  rehabilitować
 2.  odnawiać",ˌri:həˈbɪlɪteɪt
rehearsal,próba,rɪˈhɜ:səl
rehearse,mieć próbę,rɪˈhɜ:s|ćwiczyć
reign,"i.    panować
ii.    panowanie",reɪn
reimburse,rekompensować,wynagradzać|ˌri:ɪmˈbɜ:s
rein,1.  cugiel,"reɪn|wodza
 2. reins  lejce"
reincarnate,przechodzić reinkarnację,wcielać się|ˌri:ɪnˈkɑ:neɪt
reincarnation,reinkarnacja,ˌri:ɪnkɑ:ˈneɪʃən
reindeer,renifer,ˈreɪndɪə
reinforce,"1.  wzmacniać
 2.  potwierdzać",ˌri:ɪnˈfɔ:s
reinforced,i.    wzmocniony,"utwardzony
ii.  reinforced concrete|żelazobeton|żelbet|ˌri:ɪnˈfɔ:st"
reinforcement,ˌri:ɪnˈfɔ:smənt,
reinstate,ˌri:ɪnˈsteɪt,
reiterate,powtarzać,ri:ˈɪtəreɪt
reject,brak,
rejoice,radować się,rɪˈʤɔɪs
rejuvenate,odmładzać,rɪˈʤu:vəneɪt
relapse,i.    powracać,"ponowne wpadnięcie 
 2.  pogorszenie|rɪˈlæps"
relate,i.    odnosić się,rɪˈleɪt
related,rɪˈleɪtɪd,spokrewniony
relation,1.  odniesienie,rɪˈleɪʃən|w odniesieniu do
relationship,rɪˈleɪʃənʃɪp,
relative,ˈrelətɪv,
relatively,stosunkowo,ˈrelətɪvlɪ
relax,1.  odprężać się,rozluźniać|rɪˈlæks
relaxation,1.  relaks,"odprężenie się
 2.  osłabienie|rozluźnienie|ˌri:lækˈseɪʃən"
relaxed,rozluźniony,rɪˈlækst
release,być dostępnym,nowa płyta|nowy film|płyta|rɪˈli:s
relegate,odsuwać,relegować|ˈrelɪgeɪt
relent,rɪˈlent,łagodnieć
relentless,bezlitosny,nieugięty|rɪˈlentlɪs
relevant,ˈreləvənt,
reliability,niezawodność,rɪˌlaɪəˈbɪlətɪ
reliable,"niezawodny
 2.  odpowiedzialny",rɪˈlaɪəbəl
reliance,rɪˈlaɪəns,zaufanie
reliant,rɪˈlaɪənt,zależny
relic,ˈrelɪk,
relief,rɪˈli:f,
relieve,1.  zmniejszyć,"rɪˈli:v|ulżyć
 2.  uwalniać"
relieved,pełen ulgi,rɪˈli:vd|uszczęśliwiony
religion,religia,rɪˈlɪʤən
religious,religijny,rɪˈlɪʤəs
religiously,rɪˈlɪʤəslɪ,sumiennie|z czcią
relinquish,rezygnować,rɪˈlɪŋkwɪʃ
relish,ˈrelɪʃ,
relive,odżyć,ˌri:ˈlɪv
relocate,przenosić,ˌri:ləʊˈkeɪt
reluctant,rɪˈlʌktənt,
rely,rɪˈlaɪ,że b coś zrobi
remain,rɪˈmeɪn,
remainder,rɪˈmeɪndə,the remainder  reszta
remand,rɪˈmɑ:nd,w areszcie śledczym
remark,rɪˈmɑ:k,
remarkable,godny uwagi,rɪˈmɑ:kəbəl|zadziwiający
remedial,1.  leczniczy,"rehabilitacyjny
 2.  dokształcający|rɪˈmi:dɪəl"
remedy,"lekarstwo 
ii.    zaradzić",ˈremədɪ
remember,1.  pamiętać,"przypominać
 2.  przekazywać pozdrowienia|przypominać sobie|rɪˈmembə"
remembrance,ku czci,rɪˈmembrəns
remind,przypominać,rɪˈmaɪnd
reminder,"1.  przypomnienie
 2.  upomnienie",rɪˈmaɪndə
reminisce,reminiscencje,wieść|ˌremɪˈnɪs
reminiscence,reminiscencja,ˌremɪˈnɪsəns
reminiscent,przypominający,ˌremɪˈnɪsənt
remission,rɪˈmɪʃən,wcześniejsze zwolnienie
remit,"1.  odpuszczać
 2.  odraczać",rɪˈmɪt
remnant,pozostałość,resztka|ˈremnənt
remorse,rɪˈmɔ:s,wyrzuty sumienia
remote,"oddalony 
 2.  odseparowany",rɪˈməʊt|rɪˌməʊt kənˈtrəʊl
remotely,rɪˈməʊtlɪ,
removable,rɪˈmu:vəbəl,usuwalny
removal,"i.    usunięcie
ii.    transportowy",przewoźny|rɪˈmu:vəl
remove,rɪˈmu:v,
removed,odległy,rɪˈmu:vd
remover,rɪˈmu:və,wywabiacz|zmywacz
remunerate,rɪˈmju:nəreɪt,wynagradzać
renaissance,renaissance  renesans,rəˈneɪsəns
rename,przemianowywać,ˌri:ˈneɪm
rend,rozdzierać,
render,wykonywać,że ktoś jest bezradnym|ˈrendə
rendering,wykonanie,ˈrendərɪŋ
rendezvous,spotkanie,ˈrɒndɪvu:
renegade,renegat,ˈrenɪgeɪd
renew,rɪˈnju:,
renewal,"1.  wznowienie
 2.  przedłużenie",rɪˈnju:əl
renounce,rɪˈnaʊns,
renovate,odnawiać,ˈrenəveɪt
renown,rɪˈnaʊn,sława
renowned,rɪˈnaʊnd,sławny|znany
rent,"i.    wynajmować
ii.    czynsz",opłata wynajmu
rental,i.    opłata za wynajęcie,ˈrentəl
renunciation,rɪˌnʌnsɪˈeɪʃən,wyrzeczenie się
reorganise,reorganize,reorganizować|rɪˈɔ:gənaɪz
reorganize,reorganise,reorganizować|rɪˈɔ:gənaɪz
rep,przedstawiciel,"rep.
  reprezentant|rep.
  republikański|republikanin"
repair,rɪˈpeə,w złym stanie
repartee,cięta wymiana zdań,ˌrepɑ:ˈti:
repay,"1.  zwracać
 2.  odpłacać",rewanżować się|rɪˈpeɪ
repayment,1.  zwrot pieniędzy,"rɪˈpeɪmənt|zwrot
 2.  spłata"
repeal,i.    odwoływać,"rɪˈpi:l|uchylać
ii.    odwołanie|uchylenie"
repeat,rɪˈpi:t,
repeatedly,powtórnie,rɪˈpi:tɪdlɪ
repel,odpychać,odrzucać|rɪˈpel
repellent,rɪˈpelənt,"wstrętny 
ii.    środek odstraszający"
repent,rɪˈpent,żałować
repentance,rɪˈpentəns,żal
repentant,rɪˈpentənt,skruszony|żałujący
repercussions,reperkusje,ˌri:pəˈkʌʃənz
repertoire,repertuar,ˈrepətwɑ:
repertory,repertuar,ˈrepətərɪ
repetition,powtórzenie,ˌrepɪˈtɪʃən
repetitious,powtarzający się,ˌrepɪˈtɪʃəs
repetitive,powtarzający się,rɪˈpetɪtɪv
rephrase,przeformułowywać,ˌri:ˈfreɪz
replace,"1.  zastępować 
 2.  odkładać",rɪˈpleɪs|umieszczać z powrotem
replacement,"1.  zastąpienie
 2.  zastępstwo",rɪˈpleɪsmənt
replay,"puszczać
ii.    powtórny mecz",puszczać znów
replenish,napełniać,powtórnie napełniać|rɪˈplenɪʃ|uzupełniać
replete,przepełniony,rɪˈpli:t
replica,kopia,replika|ˈreplɪkə
reply,"i.    odpowiadać 
ii.    odpowiedź",rɪˈplaɪ
report,rɪˈpɔ:t,wieści
reportedly,rɪˈpɔ:tɪdlɪ,
reporter,rɪˈpɔ:tə,sprawozdawca
repose,odpoczynek,rɪˈpəʊz|spoczynek
repository,rɪˈpɒzɪtərɪ,skarbnica|składnica
reprehensible,naganny,ˌreprɪˈhensəbəl
represent,"1.  reprezentować
 2.  przedstawiać",ˌreprɪˈzent
representation,1.  przedstawicielstwo,zażalenie|ˌreprɪzenˈteɪʃən
representative,i.    przedstawiciel,ˌreprɪˈzentətɪv
repress,1.  tłumić,"rɪˈpres|utrzymywać w posłuchu|zduszać
 2.  represjonować"
repression,rɪˈpreʃən,tłumienie
repressive,represyjny,rɪˈpresɪv
reprieve,rɪˈpri:v,
reprimand,"i.    upominać
ii.    reprymenda",ˈreprɪmɑ:nd
reprint,"dodrukowywać
ii.    dodruk","reprint
i.    przedrukowywać|wydanie|wydanie niezmienione"
reprisal,akcja odwetowa,odwet|rɪˈpraɪzəl
reproach,rɪˈprəʊʧ,
reproachful,pełen wyrzutu,rɪˈprəʊʧfʊl
reproduce,1.  reprodukować,"naśladować
 2.  mnożyć się|ˌri:prəˈdju:s"
reproduction,rozmnażanie,ˌri:prəˈdʌkʃən
reproductive,rozrodczy,ˌri:prəˈdʌktɪv
reproof,nagana,rɪˈpru:f|zarzut
reprove,ganić,rɪˈpru:v|strofować
reptile,gad,ˈreptaɪl
republic,republika,rɪˈpʌblɪk
republican,"i.    republikański
ii.    republikanin",rɪˈpʌblɪkən
repudiate,odrzucać,rɪˈpju:dɪeɪt
repugnance,rɪˈpʌgnəns,wstręt
repugnant,rɪˈpʌgnənt,wstrętny
repulse,odrzucać,rɪˈpʌls
repulsion,odraza,rɪˈpʌlʃən|wstręt
repulsive,odrażający,rɪˈpʌlsɪv
reputable,renomowany,ˈrepjʊtəbəl
reputation,opinia,reputacja|ˌrepjʊˈteɪʃən
repute,reputacja,rɪˈpju:t
reputed,rɪˈpju:tɪd,uznawany
reputedly,podobno,rzekomo|rɪˈpju:tɪdlɪ
request,rɪˈkwest,
require,rɪˈkwaɪə,
requirement,rɪˈkwaɪəmənt,
requisite,i.    niezbędny,"wymagany
ii.    rzecz niezbędna|ˈrekwɪzɪt"
requisition,"i.    rekwizycja
ii.    rekwirować",ˌrekwɪˈzɪʃən
reroute,kierować,kierować inną trasą|re-route|ˌri:ˈru:t
rescue,ˈreskju:,
rescuer,ratownik,ˈreskjʊə
research,i.    badania,"praca naukowa
ii.    badać|prowadzić badania|prowadzić badania naukowe|rɪˈsɜ:ʧ"
researcher,badacz,rɪˈsɜ:ʧə
resemblance,podobieństwo,rɪˈzembləns
resemble,być podobnym,przypominać|rɪˈzembəl
resent,czuć urazę,mieć za złe|rɪˈzent
resentful,rɪˈzentfʊl,urażony
resentment,resentyment,rɪˈzentmənt|uraza
reservation,"1.  zastrzeżenie
 2.  rezerwacja",ˌrezəˈveɪʃən
reserve,rɪˈzɜ:v,
reserved,pełen rezerwy,powściągliwy|rɪˈzɜ:vd
reservoir,"1.  rezerwuar
 2.  zbiornik",ˈrezəvwɑ:
reside,rɪˈzaɪd,znajdować się
residence,ˈrezɪdəns,
resident,i.    stały mieszkaniec,ˈrezɪdənt
residential,1.  mieszkalny,ˌrezɪˈdenʃəl
residual,rɪˈzɪdjʊəl,szczątkowy
residue,pozostałości,resztki|ˈrezɪdju:
resign,rɪˈzaɪn,
resignation,"1.  wypowiedzenie
 2.  rezygnacja",ˌrezɪˈgneɪʃən
resigned,pogodzony,rɪˈzaɪnd
resilient,elastyczny,prężny|rɪˈzɪlɪənt
resin,żywica,ˈrezɪn
resist,1.  stawiać opór,"odpierać
 3.  powstrzymywać się|opierać
 2.  dawać odpór|opierać się|rɪˈzɪst"
resistance,rɪˈzɪstəns,
resistant,rɪˈzɪstənt,
resolute,zdecydowany,ˈrezəljʊt
resolution,ˌrezəˈlu:ʃən,
resolve,rɪˈzɒlv,
resonant,głęboki,ˈrezənənt
resonate,rozbrzmiewać,ˈrezəneɪt
resort,rɪˈzɔ:t,
resound,rɪˈzaʊnd,
resounding,rozgłośny,rɪˈzaʊndɪŋ
resource,resources  zasoby,rɪˈzɔ:s
resourceful,pomysłowy,rɪˈzɔ:sfʊl|zmyślny
resp,"resp.
  odpowiednio",
respectable,"1.  szacowny
 2.  przyzwoity",rɪˈspektəbəl
respectful,pełen szacunku,rɪˈspektfʊl
respective,odpowiedni,rɪˈspektɪv|właściwy
respectively,odpowiednio,rɪˈspektɪvlɪ
respiration,oddychanie,ˌrespəˈreɪʃən
respiratory,oddechowy,płucny|rɪˈspɪrətərɪ
respite,wytchnienie,ˈrespaɪt
resplendent,olśniewający,pełen splendoru|rɪˈsplendənt
respond,odpowiadać,rɪˈspɒnd
response,rɪˈspɒns,
responsibility,"1.  odpowiedzialność 
 2.  obowiązek",rɪˌspɒnsəˈbɪlɪtɪ
responsible,odpowiedzialny,rɪˈspɒnsɪbəl
responsive,rɪsˈpɒnsɪv,
restaurant,restauracja,ˈrestərɒnt
restful,dający odpoczynek,ˈrestfʊl
restitution,przywrócenie,restytucja|ˌrestɪˈtju:ʃən
restive,niespokojny,ˈrestɪv
restless,ˈrestlɪs,
restoration,1.  przywrócenie,"restauracja|restauracja
 2.  odnowienie|ˌrestɜ:ˈreɪʃən"
restore,"1.  przywracać 
 2.  restaurować",rɪˈstɔ:
restrain,od),powstrzymywać   (from - przed|rɪˈstreɪn
restrained,powściągliwy,rɪˈstreɪnd
restraint,"1.  ograniczenie
 2.  powściągliwość",rɪˈstreɪnt
restrict,ograniczać,rɪˈstrɪkt
restricted,rɪˈstrɪktɪd,
restriction,"1.  ograniczenie   
 2.  restrykcje",rɪˈstrɪkʃən
restrictive,ograniczający,restrykcyjny|rɪˈstrɪktɪv
result,"kończyć się 
 2.  wynikać",rɪˈzʌlt|że)
resultant,rɪˈzʌltənt,wynikający|wynikły
resume,1.  podsumowanie,"1.  wznawiać|kontynuować
 2.  przyjmować|kontynuować się|résumé"
resumption,podjęcie,ponowne podjęcie|rɪˈzʌmpʃən|wznowienie
resurgence,odrodzenie się,rɪˈsɜ:ʤəns
resurrect,wskrzeszać,ˌrezəˈrekt
resurrection,wskrzeszenie,ˌrezəˈrekʃən
resuscitate,reanimować,rɪˈsʌsɪteɪt
resuscitation,reanimacja,rɪˌsʌsɪˈteɪʃən
retail,"detaliczna sprzedaż
ii.    detaliczny",ˈri:teɪl
retailer,detalista,ˈri:teɪlə
retain,rɪˈteɪn,zachowywać|zatrzymywać
retaliate,brać odwet,rɪˈtælɪeɪt
retaliation,odwet,rɪˌtælɪˈeɪʃən
retarded,opóźniony,rɪˈtɑ:dɪd
retch,reʧ,
retd,"retd.
  emerytowany",
retention,pozostawienie,rɪˈtenʃən|zatrzymanie
rethink,przemyśleć,ˌri:ˈθɪŋk
reticent,powściągliwy,ˈretɪsənt
retina,ˈrətɪnə,
retinue,orszak,świta|ˈrətɪnju:
retire,kłaść się spać,rɪˈtaɪə
retired,emerytowany,rɪˈtaɪəd
retirement,emerytura,rɪˈtaɪəmənt
retiring,1.  ustępujący,rɪˈtaɪərɪŋ
retort,rɪˈtɔ:t,
retrace,cofać się,rɪˈtreɪs
retract,rɪˈtrækt,
retreat,rɪˈtri:t,
retrial,ˌrɪˈtraɪəl,
retribution,kara,ˌretrɪˈbju:ʃən
retrieval,odzyskiwanie,odzyskiwanie danych|rɪˈtri:vəl
retrieve,"1.  odzyskiwać
 2.  naprawiać",rɪˈtri:v
retrograde,regresywny,wsteczny|ˈretrəgreɪd
retrospect,po zastanowieniu się,ˈretrəspekt
retrospective,ˌretrəˈspektɪv,
return,rɪˈtɜ:n,
returnable,podlegający zwróceniu,rɪˈtɜ:nəbəl|zwrotny
reunion,1.  spotkanie,"ri:ˈju:nɪən|zjazd
 2.  połączenie"
reunite,1.  połączyć,"złączyć
 2.  scalać|ˌri:ju:ˈnaɪt"
rev,"rev.
  obrót","rev.
  wielebny"
revd,"revd.
  wielebny",
reveal,odkrywać,odsłaniać|rɪˈvi:l
revealing,"1.  odkrywczy
 2.  odsłaniający",odkrywający|rɪˈvi:lɪŋ
revel,bardzo się cieszyć,hulać|ˈrevəl
revelation,"1.  rewelacja
 2.  odkrycie",ˌrevəˈleɪʃən
revelry,hulanka,ˈrevəlrɪ
revenge,rɪˈvenʤ,
revenue,dochód,ˈrevɪnju:
reverberate,odbijać się echem,rɪˈvɜ:bəreɪt
revere,czcić,rɪˈvɪə
reverence,czczenie,cześć|ˈrevərəns
reverend,"the reverend 
 - wielebny",ˈrevərənd
reverent,pełen czci,ˈrevərənt
reversal,diametralna zmiana,"rɪˈvɜ:səl|zmiana
 2.  odwrócenie"
reverse,rɪˈvɜ:s,
reversion,nawrót,rɪˈvɜ:ʃən
revert,cofać się,powracać|rɪˈvɜ:t
review,recenzowany,rɪˈvju:
reviewer,recenzent,rɪˈvju:ə
revise,1.  poprawiać,rɪˈvaɪz
revision,1.  poprawa,poprawienie|rɪˈvɪʒən
revitalise,ożywiać na nowo,revitalize|ˌri:ˈvaɪtəlaɪz
revitalize,ożywiać na nowo,revitalise|ˌri:ˈvaɪtəlaɪz
revival,ożywienie,rɪˈvaɪvəl
revive,1.  ożywiać się,"ożywiać
 2.  ocucić|rɪˈvaɪv"
revoke,odwoływać,rɪˈvəʊk
revolt,"rewolta
ii.    buntować się",rɪˈvəʊlt
revolting,odrażający,odstręczający|rɪˈvəʊltɪŋ
revolution,ˌrevəˈlu:ʃən,
revolutionary,"i.    rewolucyjny
ii.    rewolucjonista",ˌrevəˈlu:ʃənərɪ
revolutionise,revolutionize,rewolucjonizować|ˌrevəˈlu:ʃənaɪz
revolutionize,revolutionise,rewolucjonizować|ˌrevəˈlu:ʃənaɪz
revolve,kręcić się,obracać się|rɪˈvɒlv
revolver,rewolwer,rɪˈvɒlvə
revue,rewia,rɪˈvju:
revulsion,odraza,rɪˈvʌlʃən
reward,"i.    nagroda
ii.    nagradzać",rɪˈwɔ:d
rewarding,opłacalny,rɪˈwɔ:dɪŋ
rewind,przewijać,ˌri:ˈwaɪnd
rewrite,przepisywać,ulepszać|ˌri:ˈraɪt
rhetoric,retoryka,ˈretərɪk
rhetorical,retoryczny,rɪˈtɒrɪkəl
rheumatic,ru:ˈmætɪk,
rheumatism,reumatyzm,ˈru:mətɪzəm
rhine,raɪn,"the rhine 
 - ren"
rhino,nosorożec,ˈraɪnəʊ
rhinoceros,nosorożec,raɪˈnɒsərəs
rhodesia,rodezja,rəʊˈdi:ʃə
rhodesian,rodezyjski,rəʊˈdi:ʃən
rhododendron,rododendron,różanecznik|ˌrəʊdəˈdendrən
rhubarb,rabarbar,ˈru:bɑ:b
rhyme,i.    rymować się,raɪm
rhythm,rytm,ˈrɪðəm
rhythmic,rytmiczny,ˈrɪðmɪk
rib,rɪb,
ribald,sprośny,ˈrɪbəld
ribbon,ˈrɪbən,
rice,raɪs,ryż
rich,rɪʧ,
richly,bardzo,ˈrɪʧlɪ
rick,kopa,rɪk|stóg
rickety,rozklekotany,rozpadający się|ˈrɪkɪtɪ
rickshaw,riksza,ˈrɪkʃɔ:
ricochet,"i.    rykoszetować 
ii.    rykoszet",ˈrɪkəʃeɪ
rid,rɪd,
riddle,ˈrɪdəl,
ride,podjeżdżać,podjeżdżać do góry|raɪd
rider,ˈraɪdə,
ridge,1.  grzbiet,"krawędź
 2.  karb|rɪʤ|wypukłość"
ridicule,drwina,"szydzić 
ii.    szyderstwo|ˈrɪdɪkju:l"
ridiculous,groteskowy,rɪˈdɪkjələs|śmieszny
rife,powszechny,raɪf|rozpowszechniony
rifle,i.    karabin,ˈraɪfəl
rift,"1.  szczelina
 2.  niezgoda",rɪft
rig,klecić,rɪg
rigging,otaklowanie,ˈrɪgɪŋ
right,1.  pierwszeństwo przejazdu,"możliwość przejazdu|pierwszeństwo
 2.  prawo przejazdu|raɪt|ˈraɪt ˌæŋgəl"
righteous,prawy,ˈraɪʧəs
rightful,prawowity,ˈraɪtfʊl
righthand,right-hand,ˌraɪtˈhænd
rightwing,right-wing,ˌraɪtˈwɪŋ
rigid,nieelastyczny,sztywny|ˈrɪʤɪd
rigorous,rygorystyczny,ˈrɪgərəs
rigors,ciężary,rigours|ˈrɪgəz
rigours,ciężary,rigors|ˈrɪgəz
rile,drażnić,irytować|ˈraɪl
rim,rɪm,
rind,raɪnd,skórka
ringleader,prowodyr,ˈrɪŋli:də
rink,rɪŋk,
rinse,"1.  płukać
 2.  opłukanie",płukanie|rɪnz
riot,i.    zamieszki,ˈraɪət
rioter,chuligan,uczestnik zamieszek|ˈraɪətə
riotous,żywiołowy,ˈraɪətəs
rip,rɪp,zdzierać
ripe,dojrzały,raɪp
ripen,ˈraɪpən,
ripoff,rip-off,zdzierstwo|złodziejstwo|ˈrɪpɒf
ripple,ˈrɪpəl,
risk,rɪsk,
risky,ryzykowny,ˈrɪskɪ
rite,ceremoniał,obrzęd|raɪt
ritual,"i.    rytuał
ii.    rytualny",ˈrɪtjʊəl
rival,czemuś),"konkurent
ii.    rywalizujący|ˈraɪvəl"
rivalry,rywalizacja,ˈraɪvəlrɪ
river,łożysko rzeki,ˈrɪvə|ˈrɪvəbed
riverside,pobrzeże,ˈrɪvəsaɪd
rivet,ˈrɪvɪt,
rm,pokój,"pomieszczenie|rm.
  sala"
rn,królewska marynarka,
roadblock,ˈrəʊdblɒk,
roadside,ˈrəʊdsaɪd,
roadway,jezdnia,ˈrəʊdweɪ
roadworthy,przejezdny,ˈrəʊdwɜ:ðɪ
roam,rəʊm,wędrować|włóczyć się
roar,rɔ:,
roaring,ˈrɔ:rɪŋ,
roast,rəʊst,
rob,"1.  ograbiać
 2.  rabować",rɒb
robber,napastnik,rabuś|ˈrɒbə
robbery,grabież,rabunek|ˈrɒbərɪ
robe,rəʊb,
robin,drozd,rudzik|ˈrɒbɪn
robot,ˈrəʊbət,
robust,kwitnący,rəˈbʌst
rocker,ˈrɒkə,
rockery,ogródek skalny,ˈrɒkərɪ
rocket,ˈrɒkɪt,
rocking,ˈrɒkɪŋ,
rockingchair,fotel bujany,rocking-chair|ˈrɒkɪŋʧeə
rockinghorse,koń na biegunach,rocking-horse|ˈrɒkɪŋhɔ:s
rocky,kamienisty,ˈrɒkɪ
rod,rɒd,trzpień
rodent,gryzoń,ˈrəʊdənt
roe,ikra,rəʊ
rogue,rəʊg,szelma
roguish,szelmowski,ˈrəʊgɪʃ
role,rola,rəʊl
roll,rəʊl,"zwijać
 2.  podwijać"
rollcall,odczytywanie listy,roll-call|ˈrəʊlkɔ:l
roller,"walec
 2.  lokówka",ˈrəʊlə
rollerskate,roller-skate,ˈrəʊləskeɪt
rolling,wałek,wałek do ciasta|ˈrəʊlɪŋ|ˈrəʊlɪŋpɪn
rom,rɒm,
roman,"i.    rzymski
ii.    rzymianin",ˈrəʊmən
romance,"1.  romans
 2.  romantyka",przygoda|ˈrəʊmæns
romania,rumunia,rʊˈmeɪnɪə
romanian,rʊˈmeɪnɪən,
romantic,"i.    romantyczny
ii.    romantyk",rəˈmæntɪk
romanticise,romanticize,rəˈmæntɪsaɪz|sentymentalizować|uromantyczniać
romanticism,romantyzm,rəˈmæntɪsɪzəm
romanticize,romanticise,rəˈmæntɪsaɪz|sentymentalizować|uromantyczniać
rome,rzym,rəʊm
romp,hasanie,"rɒmp|szaleć
ii.    szaleństwo"
rompers,pajacyki,ˈrɒmpəz
roof,ru:f,
roofing,pokrycie dachu,ˈru:fɪŋ
roofrack,bagażnik dachowy,roof-rack|ˈru:fræk
rook,ru:k,
room,1.  pomieszczenie,ru:m
roommate,współlokator,ˈru:mmeɪt
roomy,przestronny,ˈru:mɪ
roost,ru:st,
rooster,kogut,ˈru:stə
root,ru:t,wypłaszać
rooted,ˈru:tɪd,
rope,przywiązywać,rəʊp
rosary,różaniec,ˈrəʊzərɪ
rose,rosé,rəʊz|wino różowe|ˈrəʊzeɪ
rosette,rozeta,rəʊˈzet
roster,ˈrɒstə,
rostrum,mównica,podium|ˈrɒstrəm
rosy,ˈrəʊzɪ,
rosé,rose,wino różowe|ˈrəʊzeɪ
rot,rɒt,
rota,kolejność,rotacja|ˈrəʊtə
rotary,obrotowy,rotacyjny|ˈrəʊtərɪ
rotate,1.  obracać się,prowadzić rotację|rəʊˈteɪt|zmieniać kolejno
rotation,rəʊˈteɪʃən,
rotor,ˈrəʊtə,
rotten,1.  zepsuty,ˈrɒtən
rotund,okrągły,pękaty|rəʊˈtʌnd
rouge,ru:ʒ,róż
rough,rʌf,zarysowywać
roulette,ru:ˈlet,ruletka
roundabout,"rondo
ii.    okrężny",ˈraʊndəbaʊt
rounded,zaokrąglony,ˈraʊndɪd
roundly,bezceremonialnie,ˈraʊndlɪ
roundtheclock,"całodzienny
ii.    całą dobę",dwadzieścia cztery godziny|i.    całodobowy|round-the-clock|ˌraʊndðəˈklɒk
roundup,ˈraʊndʌp,
rouse,raʊz,
rout,"i.    rozgromić
ii.    rozsypka",raʊt
route,ru:t,"sposób
ii.    kierować"
routine,"normalny porządek
 3.  numer",punkt|ru:ˈti:n
rove,rəʊv,wędrować
rover,rəʊvə,wędrowiec
rowboat,łódź wiosłowa,ˈrəʊbəʊt
rowdy,awanturniczy,hałaśliwy|ˈraʊdɪ
rowing,łódż wiosłowa,ˈrəʊɪŋ|ˈrəʊɪŋbəʊt
royal,królewska mość,ˈrɔɪəl|ˌrɔɪəlˈhaɪnɪs
royalist,rojalista,ˈrɔɪəlɪst
royalty,ˈrɔɪəltɪ,
rpm,min.,obr.|obroty na minutę
rps,obr.,obroty na sekundę|sek.
rt,"rt.
  prawy",
rub,"pocierać
 2.  ocierać się",rʌb
rubber,"gumka
iv.  rubber stamp",gumka aptekarska|stempel|ˈrʌbə|ˌrʌbəˈbænd
rubbery,gumowaty,ˈrʌbərɪ
rubbish,1.  odpadki,"śmiecie
 2.  tandeta|ˈrʌbɪʃ"
rubble,ˈrʌbəl,
ruby,rubin,ˈru:bɪ
rucksack,plecak,ˈrʌksæk
rudder,ˈrʌdə,
ruddy,ˈrʌdɪ,
rude,1.  niegrzeczny,ru:d
rudimentary,1.  rudymentarny,"podstawowy
 2.  elementarny|ˌru:dɪˈmentərɪ"
rudiments,the rudiments  podstawy,zaczątki|ˈru:dɪmənts
rueful,smutny,ˈru:fʊl
ruff,kryza,rʌf
ruffian,opryszek,ˈrʌfɪən
ruffle,kreza,ˈrʌfəl
rug,koc,rʌg
rugby,ˈrʌgbɪ,
rugged,mocny,"poszarpany
 2.  surowy|ˈrʌgɪd"
rugger,rugby,ˈrʌgə
ruin,zrujnowanie się,ˈru:ɪn
ruinous,rujnujący,ˈru:ɪnəs
rule,"norma
ii.   1.  panować",ru:l
ruler,ˈru:lə,
ruling,i.    panujący,"najsilniejszy
ii.    werdykt|orzeczenie|ˈru:lɪŋ"
rum,rʌm,
rumble,ˈrʌmbəl,
rummage,przeszukiwać,szperać|ˈrʌmɪʤ
rumor,1.  pogłoska,rumour|wieść głosi|że on coś robi|ˈru:mə
rumour,1.  pogłoska,rumor|wieść głosi|że on coś robi|ˈru:mə
rump,"kadłub
ii.  rump steak","rumsztyk|rʌmp|zadek
 2.  resztka|ˌrʌmpˈsteɪk"
rumple,ˈrʌmpəl,
rumpus,burda,wrzawa|ˈrʌmpəs
runaway,i.    uciekinier,uciekający spod kontroli|ˈrʌnəweɪ
rundown,fakty,"paskudny
 3.  zredukowany|run-down|wykończony
 2.  kiepski|ˈrʌndaʊn"
rung,rʌŋ,szczebel
runner,ˈrʌnə,
runnerup,runner-up,zdobywca drugiego miejsca|ˌrʌnəˈrʌp
running,ˈrʌnɪŋ,
runny,cieknący,lejący się|ˈrʌnɪ
runofthemill,najzwyczajniejszy,run-of-the-mill|ˌrʌnəvðəˈmɪl
runup,run-up,the run-up  okres poprzedzający|ˈrʌnʌp
runway,pas startowy,ˈrʌnweɪ
rupee,ru:ˈpi:,rupia
rupture,nadrywać,ˈrʌpʧə
rural,wiejski,ˈrʊərəl
ruse,podstęp,ru:z
rusk,rʌsk,sucharek
russia,rosja,ˈrʌʃə
russian,ˈrʌʃən,
rust,rʌst,
rustic,rustykalny,wieśniaczy|ˈrʌstɪk
rustle,"i.    szeleścić
ii.    szelest",ˈrʌsəl
rusty,zardzewiały,ˈrʌstɪ
rut,rʌt,
ruthless,bezlitosny,ˈru:θlɪs
rye,raɪ,żyto
résumé,1.  podsumowanie,resume|ˈrezjʊmeɪ
s,południowy,"s
  południe|s.
  sekunda"
sa,"sa.
  sobota",
sabbath,"the sabbath 
 - szabas",ˈsæbəθ
saber,sabre,szabla|ˈseɪbə
sabotage,ˈsæbətɑ:ʒ,
sabre,saber,szabla|ˈseɪbə
saccharin,saccharine,sacharyna|ˈsækəraɪn
saccharine,saccharin,sacharyna|ˈsækəraɪn
sachet,saszetka,torebeczka|ˈsæʃeɪ
sack,sæk,
sacking,tkanina workowa,ˈsækɪŋ
sacrament,sakrament,ˈsækrəmənt
sacred,ˈseɪkrɪd,
sacrifice,ˈsækrɪfaɪs,
sacrificial,ofiarny,ˌsækrɪˈfɪʃəl
sacrilege,świętokradztwo,ˈsækrɪlɪʤ
sacrosanct,święty,ˈsækrəsæŋkt
sad,smutny,sæd
sadden,zasmucać,ˈsædən
saddle,ˈsædəl,
saddlebag,juki,ˈsædəlbæg
sadism,sadyzm,ˈsædɪzəm
sadness,smutek,ˈsædnɪs
sae,zaadresowana koperta ze znaczkiem,
safari,səˈfɑ:rɪ,
safe,dla pewności,seɪf
safeguard,"i.    ochraniać
ii.    zabezpieczenie",ˈseɪfgɑ:d
safekeeping,opieka,ˌseɪfˈki:pɪŋ
safety,"agrafka
vi.  safety valve","bezpiecznik
v.  safety pin|klapa bezpieczeństwa|ˈseɪftɪ|ˈseɪftɪbelt"
sag,obwisać,sæg|zwisać
sage,seɪʤ,
sagittarius,ˌsæʤɪˈteərɪəs,
sago,ˈseɪgəʊ,
sahara,səˈhɑ:rə,"the sahara 
 - sahara"
sail,seɪl,
sailing,ˈseɪlɪŋ,
sailor,marynarz,ˈseɪlə
saint,seɪnt,święty
saintly,święty,ˈseɪntlɪ
sake,seɪk,
salad,sałatka,ˈsæləd
salaried,pobierający pensję,ˈsælərɪd
salary,pensja,pobory|ˈsælərɪ
sale,seɪl,
salesclerk,sprzedawca,ˈseɪlzklɑ:k
salesman,pośrednik handlowy,sprzedawca|ˈseɪlzmən
saleswoman,pośredniczka handlowa,sprzedawczyni|ˈseɪlzwʊmən
salient,główny,najważniejszy|ˈseɪlɪənt
saliva,səˈlaɪvə,ślina
sallow,pożólkły,ˈsæləʊ
salmon,łosoś,ˈsæmən
saloon,səˈlu:n,
salt,sɒlt,sɔ:lt|ˈsɒltselə|ˈsɒlʧeɪkə
salty,słony,ˈsɒltɪ
salubrious,səˈlu:brɪəs,zdrowotny
salutary,zbawczy,ˈsæljʊtərɪ
salute,"czcić
ii.   1.  salutowanie","honory
 2.  pozdrowienie|səˈlu:t"
salvage,"akcja ratunkowa
ii.    ratunkowy",ˈsælvɪʤ
salvation,"odkupienie
 2.  wybawienie",sælˈveɪʃən
salvo,salwa,ˈsælvəʊ
same,nawzajem!'',seɪm
sameness,jednakowość,ˈseɪmnɪs
sample,ˈsæmpəl,
sanatorium,ˌsænəˈtɔ:rɪəm,
sanctify,poświęcać,uświęcać|ˈsæŋktɪfaɪ
sanctimonious,świętoszkowaty,ˌsæŋktɪˈməʊnɪəs
sanction,ˈsæŋkʃən,
sanctity,świętość,ˈsæŋktɪtɪ
sanctuary,ˈsæŋkʧʊərɪ,
sand,"szlifować
iii.    piaszczysty",sænd
sandal,sandał,ˈsændəl
sandpaper,papier ścierny,ˈsændpeɪpə
sandpit,piaskownica,ˈsændpɪt
sandstone,piaskowiec,ˈsændstəʊn
sandstorm,burza piaskowa,ˈsændstɔ:m
sandwich,"i.    kanapka
ii.    wciskać",ˈsændwɪʤ
sandy,piaskowy,ˈsændɪ
sane,seɪn,
sanguine,optymistyczny,ˈsæŋgwɪn
sanitarium,sanatorium,ˌsænɪˈteərɪəm
sanitary,podpaska,"podpaska
iii.  sanitary towel|ˈsænɪtərɪ|ˈsænɪtərɪ taʊəl|ˌsænɪtərɪ ˈnæpkɪn"
sanitation,ˌsænɪˈteɪʃən,
sanity,1.  zdrowe zmysły,"zdrowy rozsądek
 2.  celowość|ˈsænɪtɪ"
santa clause,święty mikołaj,ˈsæntə klɔ:z
sap,"i.    sok
ii.    wyczerpywać",sæp
sapling,sadzonka,sadzonka drzew|ˈsæplɪŋ
sapphire,szafir,ˈsæfaɪə
sarcasm,sarkazm,ˈsɑ:kæzəm
sarcastic,sarkastyczny,sɑ:ˈkæstɪk
sardine,sardynka,ˌsɑ:ˈdi:n
sardonic,sardoniczny,sɑ:ˈdɒnɪk
sash,szarfa,sæʃ
sat,"sat.
  sobota",
satan,szatan,ˈseɪtən
satchel,teczka szkolna,ˈsæʧəl
satellite,"1.  satelita
 2.  sputnik",ˈsætəlaɪt
satin,satyna,ˈsætɪn
satire,satyra,ˈsætaɪə
satirical,satyryczny,səˈtɪrɪkəl
satirise,satirize,wykpiwać|ˈsætɪraɪz
satirize,satirise,wykpiwać|ˈsætɪraɪz
satisfaction,ˌsætɪsˈfækʃən,
satisfactory,zadowalający,ˌsætɪsˈfæktərɪ
satisfied,"1.  zadowolony 
 2.  usatysfakcjonowany",ˈsætɪsfaɪd
satisfy,"1.  zadowalać
 2.  spełniać","zaspokajać
 3.  przekonywać|ˈsætɪsfaɪ"
satisfying,zadowalający,ˈsætɪsfaɪɪŋ
saturate,1.  zarzucać,ˈsæʧəreɪt
saturday,sobota,ˈsætədɪ
sauce,sos,sɔ:s
saucepan,sosjerka,ˈsɔ:spæn
saucer,spodek,ˈsɔ:sə
saucy,impertynencki,ˈsɔ:sɪ
saudi arabia,arabia saudyjska,ˌsaʊdɪ əˈreɪbɪə
saunter,przechadzać się,ˈsɔ:ntə
sausage,zapiekana kiełbasa,ˈsɒsɪʤ|ˌsɒsɪʤ ˈrəʊl
saute,sauté,smażyć na sposób sauté|ˈsəʊteɪ
sauté,saute,smażyć na sposób sauté|ˈsəʊteɪ
savage,skrytykować,ˈsævɪʤ
save,oprócz,seɪv
savings,i.    oszczędnośći,"oszczędność
ii.  savings account|rachunek oszczędnościowy|ˈseɪvɪŋz|ˈseɪvɪŋzəkaʊnt"
saviour,wybawca,zbawca|ˈseɪvɪə
savor,savour,ˈseɪvə
savory,savoury,ˈseɪvərɪ
savour,savor,ˈseɪvə
savoury,savory,ˈseɪvərɪ
sawdust,trociny,ˈsɔ:dʌst
saxon,ˈsæksən,
saxony,saksonia,ˈsæksənɪ
saxophone,saksofon,ˈsæksəfəʊn
say,nie mów!'',seɪ
saying,powiedzenie,ˈseɪɪŋ
sc,sc.,"scilicet
  tj.|to jest"
scab,skæb,
scabby,ˈskæbɪ,
scaffold,szafot,ˈskæfəld
scaffolding,rusztowanie,ˈskæfəldɪŋ
scald,"i.    parzyć 
ii.    oparzenie",skɔ:ld
scale,skeɪl,
scalp,skælp,
scalpel,skalpel,ˈskælpəl
scaly,łuskowaty,ˈskeɪlɪ
scamp,"hultaj
ii.    fuszerować",partolić|skæmp
scamper,odbiegać,ˈskæmpə
scan,skæn,
scandal,ˈskændəl,
scandalise,gorszyć,scandalize|ˈskændəlaɪz
scandalize,gorszyć,scandalise|ˈskændəlaɪz
scandalous,skandaliczny,ˈskændələs
scandinavia,skandynawia,ˌskændɪˈneɪvɪə
scandinavian,"i.    skandynawski
ii.    skandynaw",ˌskændɪˈneɪvɪən
scant,nikły,skænt|wątły
scanty,nikły,skąpy|ˈskæntɪ
scapegoat,kozioł ofiarny,ˈskeɪpgəʊt
scar,pokrywać szramami,"skɑ:|szrama
ii.    pokrywać bliznami"
scarce,niewystarczający,rzadki|skeəs
scarcely,1.  ledwie,nieomalże|ˈskeəslɪ
scarcity,brak,ˈskeəsɪtɪ
scare,skeə,
scarecrow,strach na wróble,ˈskeəkrəʊ
scared,1.  wystraszony,skeəd
scarf,skɑ:f,szalik
scarlet,płonica,szkarlatyna|ˈskɑ:lɪt|ˌskɑ:lɪt ˈfi:və
scathing,zgryźliwy,ˈskeɪðɪŋ
scatter,rozpraszać się,ˈskætə
scattered,"1.  rozrzucony
 2.  posypany",ˈskætəd
scavenge,wygrzebywać,wygrzebywać ze śmieci|ˈskævɪnʤ
scenario,scenariusz,sɪˈnɑ:rɪəʊ
scene,na miejscu,si:n
scenery,1.  sceneria,"pejzaż
 2.  dekoracja|scenografia|ˈsi:nərɪ"
scenic,widowiskowy,ˈsi:nɪk
scent,sent,"wywęszać
 2.  perfumować"
scented,perfumowany,ˈsentɪd
sceptic,sceptyk,skeptik|ˈskeptɪk
sceptical,sceptyczny,skeptikal|ˈskeptɪkəl
schedule,opóźniony,ˈskedju:l|ˈʃedjʊ:l
scheme,knuć,ski:m
schism,ˈskɪzəm,ˈsɪzəm
schizophrenia,schizofrenia,ˌskɪtsəʊˈfri:nɪə
scholar,stypendysta,ˈskɒlə
scholarly,uczony,ˈskɒləlɪ
scholarship,"1.  stypendium
 2.  nauka",ˈskɒləʃɪp
school,sku:l,
schoolboy,uczeń,ˈsku:lbɔɪ
schoolchild,uczeń,ˈsku:lʧaɪld
schoolgirl,uczennica,ˈsku:lgɜ:l
schooling,nauka,wykształcenie|ˈsku:lɪŋ
schoolmaster,nauczyciel,ˈsku:lmɑ:stə
schoolmistress,nauczycielka,ˈsku:lmɪstrɪs
schooner,ˈsku:nə,
science,ˈsaɪəns,
scientific,naukowy,ˌsaɪənˈtɪfɪk
scientist,naukowiec,ˈsaɪəntɪst
scilicet,sc.,"scilicet
  tj.|to jest"
scissors,nożyczki,ˈsɪzəz
scoff,skɒf,wcinać
scold,besztać,skəʊld|łajać
scone,skəʊn,
scooter,"1.  skuter
 2.  hulajnoga",ˈsku:tə
scope,"1.  możliwość
 2.  zakres",skəʊp
scorch,przypalić,skɔ:ʧ|spalić
scorching,upalny,ˈskɔ:ʧɪŋ
score,"rezultat
 2. scores  masa","skɔ:|zdobywać
 3.  mieć przewagę"
scorn,skɔ:n,
scornful,pogardliwy,ˈskɔ:nfʊl
scorpio,skorpion,ˈskɔ:pɪəʊ
scorpion,skorpion,ˈskɔ:pɪən
scot,skɒt,szkot
scotch,i.    szkocka whisky,klejąca taśma przezroczysta|skɒʧ|taśma przezroczysta|ˌskɒʧˈteɪp
scotland,szkocja,ˈskɒtlənd
scots,skɒts,
scotsman,szkot,ˈskɒtsmən
scotswoman,szkotka,ˈskɒtswʊmən
scottish,szkocki,ˈskɒtɪʃ
scoundrel,łajdak,ˈskaʊndrəl
scour,"1.  przeszukiwać
 2.  szorować",czyścić|ˈskaʊə
scourge,bicz boży,plaga|skɜ:ʤ
scout,badać,skaʊt
scowl,i.    krzywić się,skaʊl
scram,skræm,znikać
scramble,"gramolenie
 2.  gonitwa",walka|zmagania|ˈskræmbəl
scrambled eggs,jajecznica,ˌskræmbəld ˈegz
scrap,skræp,wyrzucać na złom
scrapbook,album,ˈskræpbʊk
scrape,drasnąć,otrzeć się|skreɪp
scratch,skræʧ,spełniać oczekiwania
scrawl,bazgranina,"i.    bazgrać
ii.    bazgroły|skrɔ:l"
scrawny,kościsty,ˈskrɔ:nɪ
scream,"hałasować
ii.   1.  krzyk","i.   1.  krzyczeć przenikliwie|krzyczeć|skri:m|wrzask
 2.  przenikliwy hałas"
scree,piarg,skri:
screech,skri:ʧ,
screen,przebadywać,skri:n
screenplay,scenariusz,ˈskri:npleɪ
screw,skru:,
screwdriver,wkrętak,śrubokręt|ˈskru:draɪvə
screwy,dziwaczny,ˈskru:ɪ
scribble,i.    gryzmolić,ˈskrɪbəl
scribe,skraɪb,skryba
script,skrɪpt,tekst
scripture,pismo,pismo święte|ˈskrɪpʧə
scriptwriter,scenarzysta,ˈskrɪptraɪtə
scroll,skrəʊl,zwój
scrounge,ciągnąć,skraʊnʤ|wypraszać
scrounger,naciągacz,ˈskraʊnʤə
scrub,busz australijski,skrʌb
scruff,skrʌf,
scruffy,brudny,niechlujny|ˈskrʌfɪ
scruples,skrupuł,ˈskru:pəlz
scrupulous,"1.  skrupulatny
 2.  dokładny",ˈskru:pjʊləs
scrutinise,analizować,badać|badać dokładnie|scrutinize|ˈskru:tɪnaɪz
scrutinize,analizować,badać|badać dokładnie|scrutinise|ˈskru:tɪnaɪz
scrutiny,analiza,badanie|dokładne badanie|ˈskru:tɪnɪ
scuff,ciągnąć,ciągnąć nogami|skʌf|szurać
scuffle,ˈskʌfəl,
scullery,pomieszczenie do mycia naczyń,ˈskʌlərɪ
sculptor,rzeźbiarz,ˈskʌlptə
sculpture,"1.  rzeźba
 2.  rzeźbiarstwo",ˈskʌlpʧə
scum,skʌm,
scurrilous,oszczerczy,zniesławiający|ˈskʌrɪləs
scurry,przebiegać,ˈskʌrɪ
scuttle,wiadro,ˈskʌtəl
scythe,saɪð,
se,południowo-wschodni,"se
  płd.-wsch."
sea,nie wiedzieć,si:
seabed,dno morskie,ˈsi:bed
seaboard,obszar nadmorski,ˈsi:bɔ:d
seafaring,żeglarski,ˈsi:feərɪŋ
seafood,frutti di mare,ˈsi:fu:d
seafront,nabrzeże,ˈsi:frʌnt
seagull,mewa,ˈsi:gʌl
seal,odcinać,"odcinać wejście|si:l|zamykać|zamykać
 2.  zamykać hermetycznie"
seam,si:m,złoże
seaman,żeglarz,ˈsi:mən
seamless,bez szwu,ˈsi:mlɪs
seamy,nieprzyjemny,ˈsi:mɪ
seance,seans,seans spirytystyczny|séance|ˈseɪɑ:ns
seaport,miasto portowe,ˈsi:pɔ:t
search,sɜ:ʧ,
searching,badawczy,ˈsɜ:ʧɪŋ
searing,"1.  dojmujący
 2.  przenikliwy",ˈsɪərɪŋ
seashell,muszla,ˈsi:ʃel
seashore,brzeg,wybrzeże|ˈsi:ʃɔ:
seasick,ˈsi:sɪk,
seaside,ˈsi:saɪd,
season,bilet okresowy,ˈsi:zən|ˈsi:zən tɪkɪt
seasonal,sezonowy,ˈsi:zənəl
seasoned,doświadczony,zaprawiony|ˈsi:zənd
seasoning,przyprawy,ˈsi:zənɪŋ
seat,si:t,
seatbelt,pas bezpieczenstwa,seat-belt|ˈsi:tbelt
seating,"1.  siedzenia
 2.  miejsce",ˈsi:tɪŋ
seato,pakt azji południowo-wschodniej,ˈsi:təʊ
seaweed,wodorost,ˈsɪ:wi:d
seaworthy,zdatny do żeglugi,ˈsi:wɜ:ðɪ
secede,odłączać się,sɪˈsi:d
secluded,odosobniony,sɪˈklu:dɪd
seclusion,odosobnienie,sɪˈklu:ʒən
second,1.  zastanowienie się,ˈsekənd|ˌsekənd ˈθɔ:ts
secondary,"1.  drugorzędny
 2.  średni",ˈsekəndərɪ
secondbest,drugiej jakości,second-best|ˌsekəndˈbest
secondclass,second-class,ˌsekəndˈklɑ:s
secondhand,second-hand,ˌsekəndˈhænd
secondly,po drugie,ˈsekəndlɪ
secondrate,niskiej jakości,second-rate|ˌsekəndˈreɪt
secrecy,dyskrecja,sekret|ˈsi:krɪsɪ
secret,służby specjalne,wywiad|ˈsi:krɪt|ˌsi:krɪt ˈsɜ:vɪs
secretarial,sekretarski,ˌsekrəˈteərɪəl
secretariat,sekretariat,ˌsekrəˈteərɪət
secretary,1.  sekretarz,"sekretarka
 2.  minister|ˈsekrətərɪ"
secrete,sɪˈkri:t,wydzielać
secretive,skryty,ˈsi:krɪtɪv
sect,sekt,sekta
sectarian,sekciarski,sekˈteərɪən
section,część,sekcja|ˈsekʃən
sector,ugrupowanie,ˈsektə
secular,świecki,ˈsekjələ
secure,sɪˈkjʊə,
security,sɪˈkjʊərɪtɪ,
secy,"secy.
  sekretarz",
sedate,i.    spokojny,sɪˈdeɪt
sedative,ˈsedətɪv,
sedentary,siedzący,ˈsedəntərɪ
sediment,osad,ˈsedɪmənt
seduce,sɪˈdju:s,
seductive,"1.  uwodzicielski
 2.  ponętny",sɪˈdʌktɪv
see,dopilnowywać,si:|zaraz
seed,si:d,zarzewie
seedling,kiełek,sadzonka|ˈsi:dlɪŋ
seedy,obdarty,zeszmacony|ˈsi:dɪ
seeing,zważywszy,że|ˈsi:ɪŋ
seek,si:k,starać się
seem,si:m,wydawać się
seeming,pozorny,ˈsi:mɪŋ
seep,przeciekać,przesączać się|si:p
seesaw,ˈsi:sɔ:,
seethe,od czegoś),si:ð
seethrough,przezroczysty,see-through|ˈsi:θru:
segment,ˈsegmənt,
segregate,oddzielać,ˈsegrɪgeɪt
segregation,segregacja,ˌsegrɪˈgeɪʃən
seismic,sejsmiczny,ˈsaɪzmɪk
seize,si:z,"łapać
 2.  przejmować"
seizure,zawładnięcie,ˈsi:ʒə
seldom,rzadko,ˈseldəm
select,"1.  wybierać
 2.  elitarny",sɪˈlekt|wyselekcjonowany
selection,sɪˈlekʃən,
selective,1.  selekcyjny,"sɪˈlektɪv|wybiórczy
 2.  krytyczny|wybredny"
self,samo-,self-
selfassured,pewny siebie,self-assured|ˌselfəˈʃʊəd
selfcentered,egoistyczny,egotystyczny|self-centered|self-centred|ˌselfˈsentəd
selfcentred,egoistyczny,egotystyczny|self-centered|self-centred|ˌselfˈsentəd
selfconfident,pewny siebie,self-confident|ˌselfˈkɒnfɪdənt
selfconscious,niepewny siebie,nieśmiały|self-conscious|ˌselfˈkɒnʃəs
selfcontained,1.  oddzielny,"izolowany
 2.  osobny|self-contained|ˌself kənˈteɪnd"
selfcontrol,opanowanie,self-control|ˌselfkənˈtrəʊl
selfdefence,obrona własna,samoobrona|self-defence|self-defense|ˌselfdɪˈfens
selfdefense,obrona własna,samoobrona|self-defence|self-defense|ˌselfdɪˈfens
selfemployed,na własnym rozrachunku,self-employed|ˌselfɪmˈplɔɪd
selfevident,bardzo oczywisty,oczywisty|self-evident|ˌselfˈevɪdənt
selfgovernment,samorząd,self-government|ˌselfˈgʌvənmənt
selfindulgent,folgujący sobie,self-indulgent|ˌselfɪnˈdʌlʤənt
selfinterest,self-interest,własny interes|własny korzyść|ˌselfˈɪntrəst
selfish,samolubny,ˈselfɪʃ
selfless,bezinteresowny,ˈselflɪs
selfmade,self-made,zawdzięczający wszystko samemu sobie|ˌselfˈmeɪd
selfreliant,liczący na siebie,niezależny|self-reliant|ˌselfrɪˈlaɪənt
selfrespect,ambicja,poczucie własnej wartości|self-respect|ˌselfrɪˈspekt
selfrighteous,self-righteous,zadufany w swoje racje|ˌselfˈraɪʧəs
selfsacrifice,poświęcenie się,samopoświęcenie się|self-sacrifice|ˌselfˈsækrɪfaɪs
selfsatisfied,self-satisfied,zadowolony z siebie|ˌselfˈsætɪsfaɪd
selfservice,"i.    samoobsługowy
ii.    samoobsługa",self-service|ˌselfˈsɜ:vɪs
selfsufficient,samowystarczalny,self-sufficient|ˌselfsəˈfɪʃənt
sell,sel,się z czegoś)
seller,sprzedawca,ˈselə
selling price,cena sprzedażna,ˈselɪŋ ˌpraɪs
sellotape,klejąca taśma przezroczysta,taśma przezroczysta|ˈseləʊteɪp
semblance,podobieństwo,wrażenie|ˈsembləns
semen,nasienie,sperma|ˈsi:men
semester,semestr,sɪˈmestə
semicircle,półkole,półokrąg|ˈsemɪsɜ:kəl
semicolon,semi-colon,średnik|ˌsemɪˈkəʊlən
semidetached,semi-detached,ˌsemɪdɪˈtæʧt
semifinal,półfinał,semi-final|ˌsemɪˈfaɪnəl
seminar,ˈsemɪnɑ:,
seminary,seminarium,seminarium duchowne|ˈsemɪnərɪ
semiprecious,półszlachetny,semi-precious|ˌsemɪˈpreʃəs
semolina,kasza manna,ˌseməˈli:nə
sen,senior,
senate,senat,ˈsenɪt
senator,ˈsenətə,
send,i.    wysyłać,
sender,nadawca,ˈsendə
sendoff,pożegnanie,send-off|ˈsendɒf
senile,starczy,ˈsi:naɪl
senior,stary człowiek,ˈsi:nɪə|ˌsi:nɪə ˈsɪtɪzən
seniority,starszeństwo,ˌsi:nɪˈɒrɪtɪ
sensation,"1.  odczucie
 2.  sensacja",senˈseɪʃən
sensational,senˈseɪʃənəl,
senseless,ˈsenslɪs,
sensibility,wrażliwość,ˌsensɪˈbɪlɪtɪ
sensible,rozsądny,ˈsensɪbəl
sensitive,ˈsensɪtɪv,
sensual,zmysłowy,ˈsensjʊəl
sensuous,oddziałujący na zmysły,ˈsensjʊəs
sentence,ˈsentəns,
sentiment,1.  odczucie,"uczucie
 2.  sentyment|ˈsentɪmənt"
sentimental,"1.  sentymentalny
 2.  uczuciowy",ˌsentɪˈmentəl
sentry,wartownik,ˈsentrɪ
separate,oddzielać się,rozdzielać
separated,w separacji,ˈsepəreɪtɪd
separation,ˌsepəˈreɪʃən,
sept,"sept.
  wrzesień",
september,sepˈtembə,wrzesień
septic,zainfekowany,ˈseptɪk
sequel,dalszy ciąg,kontynuacja|ˈsi:kwel
sequence,ˈsi:kwəns,
sequin,cekin,ˈsi:kwɪn
serb,sɜ:b,
serbia,ˈsɜ:bɪə,
serbian,serbski,ˈsɜ:bɪən
serene,pogodny,sɪˈri:n
serf,poddany,sɜ:f
sergeant,ˈsɑ:ʤənt,
serial,ˈsɪərɪəl,
series,seria,ˈsɪəri:z
serious,poważny,ˈsɪərɪəs
seriously,poważnie,ˈsɪərɪəslɪ
sermon,kazanie,ˈsɜ:mən
serpent,wąż,ˈsɜ:pənt
serrated,sɪˈreɪtɪd,ząbkowany
serum,surowica,ˈsɪərəm
servant,ˈsɜ:vənt,
server,serwer,usługodawca|ˈsɜ:və
service,stacja benzynowa,ˈsɜ:vɪs|ˈsɜ:vɪs steɪʃən|ˈsɜ:vɪs ʧa:ʤ
serviceable,praktyczny,ˈsɜ:vɪsəbəl
serviceman,żołnierz,ˈsɜ:vɪsmən
serviette,serwetka,ˌsɜ:vɪˈet
servile,służalczy,ˈsɜ:vaɪl
session,ˈseʃən,
set,"porównywać
 2.  różnić","zakładać
 2.  wystawiać|załatwiać|zestaw"
setback,niepowodzenie,ˈsetbæk
settee,kanapa,seˈti:|sofa
setting,ˈsetɪŋ,
settle,ˈsetəl,
settled,ˈsetəld,
settlement,1.  rekompensata,"wyrównanie
 2.  załatwienie sprawy|załatwienie|ˈsetəlmənt"
settler,kolonista,osiedleniec|ˈsetlə
setup,set-up,sytuacja|ustawienie|ˈsetʌp
seven,siedem,ˈsevən
seventeen,siedemnaście,ˌsevənˈti:n
seventeenth,siedemnasty,ˌsevənˈti:nθ
seventh,siódmy,ˈsevənθ
seventieth,siedemdziesiąty,ˈsevəntɪθ
seventy,siedemdziesiąt,ˈsevəntɪ
sever,"1.  odcinać
 2.  rozcinać",ˈsevə
several,ˈsevərəl,
severance,odłączenie,ˈsevərəns
severe,1.  poważny,"niebezpieczny
 2.  surowy|sɪˈvɪə"
sew,səʊ,
sewage,"i.    ścieki
ii.    kanalizacyjny",ˈsu:ɪʤ
sewer,kanał,ściek|ˈsu:ə
sewing,maszyna do szycia,ˈsu:ɪŋ|ˈsu:ɪŋməʃi:n
sex,seks,
sexless,bezpłciowy,ˈsekslɪs
sexual,"1.  seksualny
 2.  płciowy",ˈseksjʊəl
sexuality,płciowość,seksualność|ˌseksjʊˈælɪtɪ
sexy,seksowny,ˈseksɪ
sf,science fiction,
sgd,"sgd.
  podpisany",
sh,cii,sza
shabby,1.  obdarty,"zaniedbany
 2.  zgniły|ˈʃæbɪ"
shack,budka,chatka|ʃæk
shackle,"krępować
ii.   shackles  kajdany",pęta|ˈʃækəl
shade,"ocieniać
 2.  przechodzić",ʃeɪd
shadow,ˈʃædəʊ,
shadowy,1.  zacieniony,ˈʃædəʊɪ
shady,ˈʃeɪdɪ,
shaft,ʃɑ:ft,
shaggy,zmierzwiony,ˈʃægɪ
shake,reorganizować,trząść|ʃeɪk
shakeup,czystka,reorganizacja|shake-up|ˈʃeɪkʌp
shaky,"1.  roztrzęsiony
 2.  chwiejny",niepewny|ˈʃeɪkɪ
shall,əl,ʃæl|ʃəl
shallow,mielizna,ˈʃæləʊ
sham,"fikcja
ii.    udawany",fikcyjny|ʃæm
shamble,bałagan,ˈʃæmbəl
shame,ʃeɪm,
shamefaced,zawstydzony,ˈʃeɪmfeɪst
shameful,haniebny,zawstydzający|ˈʃeɪmfʊl
shameless,bezwstydny,ˈʃeɪmlɪs
shampoo,ʃæmˈpu:,
shandy,piwo z oranżadą,ˈʃændɪ
shanty,"barak
ii.  shanty town",dzielnica slumsów|i.    chałupa|ˈʃæntɪ|ˈʃæntɪtaʊn
shape,i.    kształt,przybierać kształt|ʃeɪp
shaped,ukształtowany,ˈʃeɪpt
shapeless,bezkształtny,ˈʃeɪplɪs
shapely,kształtny,ˈʃeɪplɪ
share,"dzielić 
 2.  podzielić się",ʃeə
shareholder,akcjonariusz,udziałowiec|ˈʃeəhəʊldə
shareware,tanie oprogramowanie,ˈʃɛəweə
shark,rekin,ʃɑ:k
sharp,ʃɑ:p,
sharpen,"wyostrzać
 3.  zaostrzać się",zaostrzać|ˈʃɑ:pən
sharpener,temperówka,ˈʃɑ:pənə
shatter,1.  roztrzaskiwać się,ˈʃætə
shave,golenie,"golenie się|golić
ii.    ogolenie się|i.    golić się|ogolenie"
shaven,ogolony,ˈʃeɪvən
shaver,maszynka do golenia,ˈʃeɪvə
shaving,strużyny,ˈʃeɪvɪŋ
shawl,szal,ʃɔ:l
she,pojazdach,ʃi:|ʃɪ
sheaf,ʃi:f,
shear,ʃɪə,
sheath,ʃi:θ,
sheathe,wkładać do pochwy,ʃi:ð
shed,ʃed,
sheen,połysk,ʃi:n
sheep,owca,ʃi:p
sheepdog,ˈʃi:pdɒg,
sheepish,ogłupiały,zbaraniały|ˈʃi:pɪʃ
sheepskin,kożuch,skóra barania|ˈʃi:pskɪn
sheer,1.  czysty,przeświecający|ʃɪə
sheet,"blacha
ii.  sheet feeder",ʃi:t|ˈʃɪ:t ˌfi:də
sheik,sheikh,szejk|ʃeɪk
sheikh,sheik,szejk|ʃeɪk
shelf,półka,ʃelf
shell,ʃel,
shellfish,skorupiak,ˈʃelfɪʃ
shelter,"chronić
 2.  osłaniać","i.   1.  schronienie|osłona
 2.  schron|ˈʃeltə"
sheltered,"1.  osłonięty
 2.  spokojny",ˈʃeltəd
shelve,1.  odkładać ad acta,"odkładać
 2.  stopniowo opadać|ʃelv"
shepherd,"1.  pasterz
 2.  prowadzić",doprowadzać|ˈʃepəd
sheriff,szeryf,ˈʃerɪf
shield,ʃi:ld,
shift,"zmieniać
ii.    zmiana",ʃɪft
shifty,chytry,przebiegły|ˈʃɪftɪ
shilling,szyling,ˈʃɪlɪŋ
shimmer,migotać,ˈʃɪmə
shin,goleń,ʃɪn
shine,połysk,ʃaɪn
shingle,żwir,ˈʃɪŋgəl
shiny,błyszczący,ˈʃaɪnɪ
ship,ʃɪp,
shipping,ˈʃɪpɪŋ,
shipwreck,ˈʃɪprek,
shipyard,stocznia,ˈʃɪpjɑ:d
shirk,wykręcać się,ʃɜ:k
shirt,koszula,ʃɜ:t
shirtsleeves,ˈʃɜ:tsli:vz,
shirty,wściekły,ˈʃɜ:tɪ
shit,ʃɪt,
shiver,ˈʃɪvə,
shoal,ʃəʊl,
shock,amortyzator,ʃɒk|ˈʃɒkəbsɔ:bə
shocking,"1.  szokujący
 2.  wstrząsający",ˈʃɒkɪŋ
shoddy,lichy,ˈʃɒdɪ
shoe,ʃu:,
shoehorn,łyżka do butów,ˈʃu:hɔ:n
shoelace,sznurowadło,ˈʃu:leɪs
shoestring,ˈʃu:strɪŋ,
shoo,1.  odganiać,huzia!''|ʃu:
shoot,ʃu:t,
shooting,spadająca gwiazda,ˈʃu:tɪŋ|ˈʃu:tɪŋstɑ:
shop,"sprzedawca
iv.  shop floor",ʃɒp|ˈʃɒpwɪndəʊ|ˈʃɒpəˌsɪstənt|ˌʃɒpˈflɔ:
shopkeeper,sklepikarz,ˈʃɒpki:pə
shoplift,kraść,kraść ze sklepu|ˈʃɒplɪft
shoplifter,złodziej sklepowy,ˈʃɒplɪftə
shoplifting,kradzież w sklepie,ˈʃɒplɪftɪŋ
shopper,klient,kupujący|ˈʃɒpə
shopsoiled,o obniżonej wartości,shop-soiled|ˈʃɒpsɔɪld
shore,utwierdzać,ʃɔ:
shorn,obcięty,ʃɔ:n
shortage,brak,ˈʃɔ:tɪʤ
shortbread,herbatnik,ˈʃɔ:tbred
shortcircuit,short-circuit,spięcie|zwarcie|ˌʃɔ:tˈsɜ:kɪt
shortcoming,brak,wada|ˈʃɔ:tkʌmɪŋ
shortcut,short-cut,ˌʃɔ:tˈkʌt
shorten,skracać,skracać się|ˈʃɔ:tən
shortfall,niedostatek,ˈʃɔ:tfɔ:l
shorthand,stenografia,ˈʃɔ:thænd
shortlist,i.    ostateczna lista,short-list|ˈʃɔ:tlɪst
shortlived,krótkotrwały,short-lived|ˌʃɔ:tˈlɪvd
shortly,1.  wkrótce,"niebawem
 2.  krótko|ˈʃɔ:tlɪ"
shortsighted,krótkowzroczny,short-sighted|ˌʃɔ:tˈsaɪtɪd
shortterm,bliski,krótkoterminowy|short-term|ˌʃɔ:tˈtɜ:m
shotgun,strzelba,śrutówka|ˈʃɒtgʌn
should,1.  a. powinien,chciałbym|ʃəd|ʃʊd
shoulder,łopatka,ˈʃəʊldə|ˈʃəʊldəbleɪd
shout,ʃaʊt,
shove,"popychać
ii.    pchnięcie",zabieraj się!''|ʃʌv
shovel,"zgarniać
 2.  wpychać","łopata
ii.   1.  odgarniać|ˈʃʌvəl"
show,kompromitować,"odcinać się
 3.  zawstydzać|ʃəʊ"
showbiz,showbiznes,ˈʃəʊbɪz
showdown,ostateczna rozgrywka,ˈʃəʊdaʊn
shower,zasypywać,ˈʃaʊə
showery,ulewny,ˈʃaʊərɪ
showman,ˈʃəʊmən,
showoff,popisujący się,popisywacz|show-off|ˈʃəʊɒf
showroom,salon wystawowy,ˈʃəʊru:m
showy,ostentacyjny,ˈʃəʊɪ
shrapnel,szrapnel,ˈʃræpnəl
shred,"ciąć
ii.    strzęp",ciąć na kawałeczki|ʃred
shrew,sekutnica,ʃru:
shrewd,domyślny,przenikliwy|ʃru:d
shriek,i.    wrzeszczeć,"zanosić się 
ii.    wrzask|ʃri:k"
shrill,ostry,przenikliwy|ʃrɪl
shrimp,krewetka,ʃrɪmp
shrine,święte miejsce,ʃraɪn
shrink,ʃrɪŋk,
shrinkage,kurczenie się,ˈʃrɪŋkɪʤ
shrivel,kurczyć się,wysychać|ˈʃrɪvəl
shroud,spowijać,ʃraʊd
shrub,krzew,ʃrʌb
shrubbery,krzaki,ˈʃrʌbərɪ
shrug,ʃrʌg,
shrunken,skurczony,ˈʃrʌŋkən
shudder,"wzdrygać się
ii.    drżenie",wzdrygnięcie się|ˈʃʌdə
shuffle,i.   1.  powłóczyć nogami,"powłóczyć
 2.  kręcić się|ˈʃʌfəl"
shun,unikać,ʃʌn
shunt,przesuwać,ʃʌnt
shush,ciiii,ʃʊʃ|ʃʌʃ
shut,i.    zamykać się,milczeć!''|ʃʌt
shutdown,zamknięcie,ˈʃʌtdaʊn
shutter,1.  żaluzja,"okiennica
 2.  migawka|roleta|ˈʃʌtə"
shuttle,prom,ˈʃʌtəl
shy,ʃaɪ,
sibling,ˈsɪblɪŋ,
sick,izba chorych,sɪk|ˈsɪkbeɪ
sickbed,łoże boleści,łóżko chorego|ˈsɪkbed
sicken,czuć się niedobrze,ˈsɪkən
sickle,sierp,ˈsɪkəl
sickly,"1.  chorowity
 2.  odstręczający",ˈsɪklɪ
sickness,ˈsɪknɪs,
side,saɪd,
sideboard,1.  komoda,ˈsaɪdbɔ:d
sideburns,bokobrody,ˈsaɪdbɜ:nz
sideeffect,side-effect,skutek uboczny|ˈsaɪdɪˌfekt
sidelight,ˈsaɪdlaɪt,
sideline,ˈsaɪdlaɪn,
sidelong,1.  boczny,"ukosem|ukośny
 2.  z boku|ˈsaɪdlɒŋ"
sideshow,atrakcja uboczna,ˈsaɪdʃəʊ
sidestep,omijać,ˈsaɪdstep
sidetrack,sprowadzać na bok,zbaczać|ˈsaɪdtræk
sidewalk,chodnik,ˈsaɪdwɔ:k
sideways,"na bok
ii.    boczny",ˈsaɪdweɪz
siding,bocznica,ˈsaɪdɪŋ
sidle,zmierzać,zmierzać niepewnie|ˈsaɪdəl
siege,oblężenie,ˈsi:ʤ
siesta,sjesta,sɪˈestə
sieve,"i.    sito
ii.    przesiewać",przecedzać|si:v
sift,przesiewać,sɪft
sigh,"i.    wzdychać
ii.    westchnięcie",saɪ
sight,saɪt,
sightseeing,zwiedzanie,ˈsaɪtsi:ɪŋ
sign,saɪn,zatrudniać|zatrudniać się
signatory,sygnatariusz,ˈsɪgnətərɪ
signature,ˈsɪgnəʧə,ˈsɪgnəʧətju:n
significance,sɪgˈnɪfɪkəns,znaczenie
significant,sɪgˈnɪfɪkənt,znaczący
signify,oznaczać,ˈsɪgnɪfaɪ
signpost,drogowskaz,ˈsaɪnpəʊst
silence,ˈsaɪləns,
silencer,tłumik,ˈsaɪlənsə
silent,ˈsaɪlənt,
silesia,saɪˈli:ʒɪə,śląsk
silesian,saɪˈli:ʒɪən,
silhouette,sylwetka,ˌsɪlu:ˈet
silicon,ˈsɪlɪkən,
silk,"i.    jedwab
ii.    jedwabny",sɪlk
silky,jedwabisty,ˈsɪlkɪ
sill,parapet,sɪl
silly,głupi,głupiutki|ˈsɪlɪ
silo,szyb,ˈsaɪləʊ
silt,ił,muł|sɪlt
silver,ˈsɪlvə,
silverplated,posrebrzany,silver-plated|ˌsɪlvəˈpleɪtɪd
silversmith,jubiler,ˈsɪlvəsmɪθ
silverware,srebro stołowe,ˈsɪlvəweə
silvery,srebrzysty,ˈsɪlvərɪ
similar,podobny,ˈsɪmɪlə
similarity,podobieństwo,ˌsɪmɪˈlærɪtɪ
similarly,podobnie,ˈsɪmɪləlɪ
simile,porównanie,ˈsɪmɪlɪ
simmer,gotować na wolnym ogniu,ˈsɪmə
simper,ˈsɪmpə,
simple,"zwyczajny
 3.  niedorozwinięty",ˈsɪmpəl
simpleminded,prostoduszny,simple-minded|ˌsɪmpəlˈmaɪndɪd
simplicity,prostota,sɪmˈplɪsɪtɪ
simplification,uproszczenie,ˌsɪmplɪfɪˈkeɪʃən
simplify,upraszczać,ˈsɪmplɪfaɪ
simply,ˈsɪmplɪ,
simulate,"1.  symulować
 2.  imitować",ˈsɪmjʊleɪt
simulation,"1.  symulacja
 2.  imitacja",ˌsɪmjʊˈleɪʃən
simultaneous,jednoczesny,ˌsɪməlˈteɪnɪəs
sin,"i.    grzech
ii.    grzeszyć",sɪn
since,od,od czasu|sɪns
sincere,szczery,sɪnˈsɪə
sincerely,sɪnˈsɪəlɪ,
sincerity,szczerość,sɪnˈserɪtɪ
sinew,ścięgno,ˈsɪnju:
sinful,ˈsɪnfʊl,
sing,sɪŋ,
singapore,singapur,sɪŋgəˈpɔ:
singe,i.    przypalać się,"przypalać
ii.    przypalenizna|sɪnʤ"
singer,piosenkarz,śpiewak|ˈsɪŋə
singing,i.    śpiewanie,"śpiew
ii.    śpiewny|ˈsɪŋɪŋ"
single,ˈsɪŋgəl,
singlehanded,pojedynczo,single-handed|w pojedynkę|ˌsɪŋgəlˈhændɪd
singleminded,single-minded,zdecydowany|ˌsɪŋgəlˈmaɪndɪd
singlet,podkoszulek,ˈsɪŋglɪt
singly,pojedynczo,w pojedynkę|ˈsɪŋglɪ
singular,niezwykły,ˈsɪŋgjʊlə
sinister,złowieszczy,ˈsɪnɪstə
sink,sɪŋk,
sinner,grzesznik,ˈsɪnə
sinuous,kręty,ˈsɪnjʊəs
sinus,zatoka,ˈsaɪnəs
sip,"i.    pociągać
ii.    odrobina",sɪp|łyczek
siphon,"przetaczać
 2.  wyciągać",syphon|ˈsaɪfən
sir,")
 - szanowni państwo",")
 - szanowny panie|sɜ:"
siren,syrena,ˈsaɪərən
sissy,cissy,maminsynek|ˈsɪsɪ
sister,ˈsɪstə,
sisterinlaw,bratowa,sister-in-law|szwagierka|ˈsɪstərɪnlɔ:
sit,nie kłaść się,sɪt
site,lokować,saɪt
sitting,ˈsɪtɪŋ,
sittingroom,pokój dzienny,salon|sitting-room|ˈsɪtɪŋru:m
situated,umieszczony,usytuowany|ˈsɪtjʊeɪtɪd
situation,ˌsɪtjʊˈeɪʃən,
six,sześć,sɪks
sixteen,szesnaście,ˌsɪksˈti:n
sixteenth,szesnasty,ˌsɪksˈti:nθ
sixth,szósty,sɪksθ
sixtieth,sześćdziesiąty,ˈsɪkstɪəθ
sixty,sześćdziesiąt,ˈsɪkstɪ
sizable,sizeable,znaczny|ˈsaɪzəbəl
size,saɪz,
sizeable,sizable,znaczny|ˈsaɪzəbəl
sizzle,skwierczeć,ˈsɪzəl
skate,"jeździć
 2.  prześlizgiwać się",skeɪt
skater,łyżwiarz,ˈskeɪtə
skating,lodowisko,ˈskeɪtɪŋ|ˈskeɪtɪŋrɪŋk
skeleton,wytrych,ˈskelɪtən|ˈskelɪtənki:
skeptik,sceptic,sceptyk|ˈskeptɪk
skeptikal,sceptical,sceptyczny|ˈskeptɪkəl
sketch,skeʧ,
sketchy,szkicowy,ˈskeʧɪ
skewer,szpikulec,szpilka|ˈskju:ə
ski,ski:,wyciąg|wyciąg narciarski|ˈski:lɪft
skid,skɪd,
skier,narciarz,ˈskaɪə
skilful,skillful,wprawny|ˈskɪlfʊl
skill,1.  umiejętność,"biegłość
 2.  wprawa|skɪl"
skilled,1.  wykwalifikowany,"skɪld|wyszkolony
 2.  wprawny"
skillful,skilful,wprawny|ˈskɪlfʊl
skim,skɪm,
skimp,skąpić,skɪmp
skimpy,nie wystarczający,skąpy|ˈskɪmpɪ
skin,"osłonka
 3.  warstwa",skɪn
skindeep,powierzchowny,pozorny|skin-deep|ˌskɪnˈdi:p
skinny,chudy,ˈskɪnɪ
skint,goły,skɪnt|spłukany
skintight,dopasowany,obcisły|skin-tight|ˌskɪnˈtaɪt
skip,i.   1.  podskakiwać tanecznie,"opuszczać
ii.    podskakiwanie|podskakiwać|skɪp"
skipper,ˈskɪpə,
skipping rope,skakanka,ˈskɪpɪŋrəʊp
skirmish,ˈskɜ:mɪʃ,
skirt,"i.    spódnica
ii.    obchodzić",skɜ:t
skit,parodia,skɪt
skittle,ˈskɪtəl,
skive,skaɪv,
skulk,kryć się,skʌlk|ukrywać się
skull,skʌl,
skunk,skunks,skʌŋk
sky,niebo,skaɪ
skyblue,"i.    szafir
ii.    szafirowy",sky-blue|ˌskaɪˈblu:
skyhigh,sky-high,ˌskaɪˈhaɪ
skylight,świetlik,ˈskaɪlaɪt
skyscraper,drapacz chmur,ˈskaɪskreɪpə
slab,slæb,
slack,luźna część,slæk
slacken,lżeć,ˈslækən
slag,hałda,slæg|ˈslæghi:p
slam,slæm,
slander,i.    oszczerstwo,"potwarz
ii.    spotwarzać|rzucać oszczerstwa|ˈslændə"
slang,slæŋ,żargonowy
slant,punkt widzenia,"slɑ:nt|tendencyjność
 2.  on a|the slant 
 - ukośnie"
slap,slæp,
slapup,slap-up,ˈslæpʌp
slash,kreska,"rozciąć
 2.  walić się|slæʃ"
slat,listwa,listwa żaluzji|slæt
slate,sleɪt,łupek
slaughter,ˈslɔ:tə,
slaughterhouse,rzeźnia,ˈslɔ:təhaʊs
slav,słowianin,ˈslɑ:v
slave,sleɪv,tyrać
slavery,"1.  niewolnictwo
 2.  mordęga",ˈsleɪvərɪ
slavic,słowiański,ˈslɑ:vɪk
slavish,niewolniczy,ˈsleɪvɪʃ
slavonic,sləˈvɒnɪk,słowiański
slay,mordować,sleɪ
sleazy,brudny,plugawy|ˈsli:zɪ
sledge,sanie,sleʤ
sledgehammer,młot kowalski,ˈsleʤhæmə
sleek,sli:k,
sleep,sli:p,
sleeper,spać,ˈsli:pə
sleeping,pigułka nasenna,"śpiwór
iii.  sleeping pill|ˈsli:pɪŋ|ˈsli:pɪŋ bæg|ˈsli:pɪŋ pɪl"
sleepless,bezsenny,ˈsli:plɪs
sleepwalker,lunatyk,ˈsli:pwɔ:kə
sleepy,ˈsli:pɪ,
sleet,1.  śnieg z deszczem,sli:t
sleeve,sli:v,
sleeveless,bez rękawów,ˈsli:vlɪs
sleigh,sanie,sleɪ
sleight of hand,żonglerka,ˌslaɪt əv ˈhænd
slender,szczupły,ˈslendə
slice,kromka,slaɪs
slick,1.  zbyt gładki,"gładki
 2.  zręczny|slɪk"
slide,slaɪd,"suwać
 2.  wsuwać się|suwać się|ślizgać"
slight,slaɪt,wcale nie
slim,slɪm,
slime,slaɪm,śluz
slimy,ˈslaɪmɪ,
sling,slɪŋ,
slip,dojazd,slɪp|ˈslɪprəʊd
slipped disc,slɪpt ˈdɪsk,wypadnięcie dysku
slipper,kapeć,pantofel|ˈslɪpə
slippery,śliski,ˈslɪpərɪ
slipshod,niedbały,ˈslɪpʃɒd
slipway,pochylnia,ˈslɪpweɪ
slit,"nacięcie
 2.  szpara",slɪt|szczelina
slither,ześlizgiwać się,ˈslɪðə
sliver,1.  odprysk,"drzazga
 2.  kawałek|ˈslɪvə"
slob,niechluj,slɒb
slog,slɒg,
slogan,ˈsləʊgən,
slop,rozchlapywać,rozchlapywać się|rozlewać|slɒp
slope,sləʊp,
sloppy,ˈslɒpɪ,
slot,automat,slɒt|wchodzić na swoje miejsce|ˈslɒtməʃi:n
sloth,lenistwo,sləʊθ
slouch,slaʊʧ,
slovak,"i.    słowacki
ii.    słowak",ˈsləʊvæk
slovakia,sləʊˈvækɪə,słowacja
slovenia,sləʊˈvi:nɪə,słowenia
slovenian,"i.    słoweński
ii.    słoweniec",sləʊˈvi:nɪən
slovenly,niechlujny,zaniedbany|ˈslʌvənlɪ
slow,sləʊ,ˌsləʊˈməʊʃən
sludge,slʌʤ,szlam
slug,slʌg,
sluggish,ociężały,ˈslʌgɪʃ
sluice,slu:s,śluza
slum,slumsy,slʌm
slumber,ˈslʌmbə,
slump,opadać,"slʌmp|spadać
 2.  opadać ciężko"
slur,slɜ:,
slurp,siorbać,slɜ:p
slush,"chlapa
ii.    ckliwość",i.    rozmokły śnieg|slʌʃ
slushy,ˈslʌʃɪ,
slut,slʌt,
sly,slaɪ,znaczący
smack,smæk,
small,"drobne
iii.  small talk",pogaduszki|rozmowy towarzyskie|smɔ:l|ˈsmɔ:l tɔ:k
smallish,przymały,ˈsmɔ:lɪʃ
smallpox,ospa,ˈsmɔ:lpɒks
smart,boleć,"od czegoś)
 2.  cierpieć|smɑ:t"
smarten up,smɑ:tənˈʌp,upiększać|upiększać się
smash,przebój,smæʃ
smashing,fajny,rewelacyjny|ˈsmæʃɪŋ
smattering,odrobina,ˈsmætərɪŋ
smear,smɪə,
smell,smel,
smelly,śmierdzący,ˈsmelɪ
smile,smaɪl,
smirk,smɜ:k,
smith,kowal,smɪθ
smithy,kuźnia,ˈsmɪðɪ
smock,smɒk,
smoke,sməʊk,
smoked,sməʊkt,wędzony
smokeless,bezdymny,ˈsməʊklɪs
smoker,ˈsməʊkə,
smokescreen,zasłona dymna,ˈsməʊkskri:n
smoking,ˈsməʊkɪŋ,
smoky,"1.  zadymiony
 2.  przydymiony",ˈsməʊkɪ
smolder,smoulder,tlić się|ˈsməʊldə
smooth,smu:ð,
smother,"dusić
 3.  przytłaczać","przygniatać|tłumić
 2.  zadusić|ˈsmʌðə"
smoulder,smolder,tlić się|ˈsməʊldə
smudge,"plama
ii.    rozmazywać",smʌʤ|zasmarowywać
smug,smʌg,zadowolony z siebie
smuggle,przemycać,szmuglować|ˈsmʌgəl
smuggler,przemytnik,szmugler|ˈsmʌglə
smutty,1.  zabrudzony,ˈsmʌtɪ
snack,snæk,
snafu,jak zwykle,ogólny burdel|snæˈfu:
snag,"1.  trudność
 2.  rozdzierać",snæg
snail,sneɪl,ślimak
snake,sneɪk,wąż
snap,snæp,zgarniać
snappy,ˈsnæpɪ,
snapshot,zdjęcie,ˈsnæpʃɒt
snare,sneə,
snarl,"i.    warczeć 
ii.    warczenie",snɑ:l
snatch,snæʧ,
sneak,"przekradać się
 2.  wykradać",sni:k
sneaker,adidas,tenisówka|ˈsni:kə
sneaky,ukradkowy,ˈsni:kɪ
sneer,snɪə,
sneeze,"i.    kichać
ii.    kichnięcie",sni:z
sniff,snɪf,
snigger,"i.    chichotać
ii.    chichot",ˈsnɪgə
snip,snɪp,
sniper,snajper,ˈsnaɪpə
snippet,fragment,urywek|ˈsnɪpɪt
snivel,biadolić,zawodzić|ˈsnɪvəl
snob,snɒb,
snobbery,snobizm,ˈsnɒbərɪ
snobbish,snobistyczny,ˈsnɒbɪʃ
snoop,snu:p,
snooty,zadzierający nosa,ˈsnu:tɪ
snooze,snu:z,
snore,"i.    chrapać
ii.    chrapanie",snɔ:
snorkel,rura oddechowa,ˈsnɔ:kəl
snort,i.    parskać,"prychać
ii.    parsknięcie|prychnięcie|snɔ:t"
snout,ryj,snaʊt
snow,snəʊ,
snowball,śnieżka,ˈsnəʊbɔ:l
snowbound,zasypany śniegiem,ˈsnəʊbaʊnd
snowdrift,zaspa,zaspa śnieżna|ˈsnəʊdrɪft
snowdrop,przebiśnieg,śnieżyczka|ˈsnəʊdrɒp
snowed under,przysypany,przywalony|snəʊdˈʌndə
snowflake,płatek śniegu,ˈsnəʊfleɪk
snowman,bałwan,bałwan śniegowy|ˈsnəʊmən
snowplough,pług śnieżny,snowplow|ˈsnəʊplaʊ
snowplow,pług śnieżny,snowplough|ˈsnəʊplaʊ
snowy,zaśnieżony,ˈsnəʊɪ
snp,szkocka partia narodowa,
snub,snʌb,
snubnosed,o zadartym nosie,snub-nosed|ˌsnʌbˈnəʊzd
snuff,snʌf,tabaka
snug,snʌg,
snuggle,przytulać się,ˈsnʌgəl
so,səʊ,
soak,moczyć,"namakać
 2.  przemakać|səʊk"
soandso,so-and-so,ˈsəʊəndsəʊ
soap,serial telewizyjny,səʊp|ˈsəʊp ɒpərə
soapy,namydlony,ˈsəʊpɪ
soar,sɔ:,
sob,szlochanie,"szlochać
ii.    łkanie|sɒb"
sober,ˈsəʊbə,
sobering,otrzeźwiający,ˈsəʊbərɪŋ
soc,"soc.
  towarzystwo",
socalled,so-called,tak zwany|ˌsəʊˈkɔ:ld
soccer,piłka nożna,piłka nożna europejska|ˈsɒkə
sociable,towarzyski,ˈsəʊʃəbəl
social,pomoc społeczna,ubezpieczenia społeczne|ˈsəʊʃəl|ˈsəʊʃəl wɜ:k|ˌsəʊʃəl sɪˈkjʊrɪtɪ
socialise,socialize,spotykać się towarzysko|ˈsəʊʃəlaɪz
socialism,socjalizm,ˈsəʊʃəlɪzəm
socialist,"i.    socjalista
ii.    socjalistyczny",ˈsəʊʃəlɪst
socialize,socialise,spotykać się towarzysko|ˈsəʊʃəlaɪz
society,"1.  społeczeństwo
 2.  towarzystwo",stowarzyszenie|səˈsaɪətɪ
sociology,socjologia,ˌsəʊsɪˈɒləʤɪ
sock,skarpetka,sɒk
socket,"1.  gniazdko
 2.  panewka","łożysko
 3.  oczodół|ˈsɒkɪt"
sod,darń,sɒd
soda,woda sodowa,ˈsəʊdə|ˈsəʊdə wɔ:tə
sodden,przemoczony,ˈsɒdən
sofa,ˈsəʊfə,
soft,sɒft,
soften,łagodnieć,ˈsɒfən
software,oprogramowanie,ˈsɒftweə
soggy,namoknięty,przemokły|ˈsɒgɪ
soil,brudzić,"sɔɪl|ziemia
ii.    uwalać"
sol,"sol.
  adwokat",
solace,pociecha,ˈsɒləs
solar,słoneczny,ˈsəʊlə
solder,ˈsɒldə,
soldier,żołnierz,ˈsəʊlʤə
sole,səʊl,
solely,całkowicie,jedynie|ˈsəʊləlɪ
solemn,"1.  poważny
 2.  uroczysty",ˈsɒləm
solicit,nagabywać,səˈlɪsɪt|zaczepiać
solicitor,səˈlɪsɪtə,
solid,ˈsɒlɪd,
solidarity,solidarność,ˌsɒlɪˈdærɪtɪ
solidify,səˈlɪdɪfaɪ,zastygać
soliloquy,monolog,səˈlɪləkwɪ
solitary,"1.  samotny
 2.  samotniczy",ˈsɒlɪtərɪ
solitude,samotność,ˈsɒlɪtju:d
soloist,solista,ˈsəʊləʊɪst
soluble,rozpuszczalny,ˈsɒljəbəl
solution,səˈlu:ʃən,
solve,rozwiązywać,sɒlv
solvent,"i.    wypłacalny
ii.    rozpuszczalnik",ˈsɒlvənt
somber,ponury,sombre|ˈsɒmbə
sombre,ponury,somber|ˈsɒmbə
some,jakiś,səm|sʌm
somebody,ktoś,ˈsʌmbɒdɪ
someday,któregoś dnia,ˈsʌmdeɪ
somehow,jakoś,w jakiś sposób|ˈsʌmhaʊ
someone,ktoś,ˈsʌmwʌn
someplace,gdzieś,ˈsʌmpleɪs
somersault,koziołek,przewrót|ˈsʌməsɔ:lt
something,ˈsʌmθɪŋ,
sometime,1.  kiedyś,ˈsʌmtaɪm
somewhat,dość,nieco|ˈsʌmwɒt
somewhere,gdzieś,ˈsʌmweə
son,syn,sʌn
song,pieśń,piosenka|sɒŋ
soninlaw,son-in-law,zięć|ˈsʌnɪnlɔ:
sonnet,sonet,ˈsɒnɪt
sonny,synuś,ˈsʌnɪ
soon,1.  wkrótce,su:n|wolałby zrobić a
soot,sadza,su:t
soothe,"1.  uspokajać
 2.  łagodzić",koić|su:ð
sophisticated,səˈfɪstɪkeɪtɪd,wyrafinowany
sophistication,səˌfɪstɪˈkeɪʃən,wyrafinowanie
sophomore,student drugiego roku,ˈsɒfəmɔ:
soporific,nasenny,sɒpəˈrɪfɪk
soppy,ckliwy,ˈsɒpɪ
soprano,sopran,səˈprɑ:nəʊ
sordid,brudny,nieczysty|ˈsɔ:dɪd
sore,"drażliwy 
ii.    rana",sɔ:
sorrow,ˈsɒrəʊ,
sort,sɔ:t,załatwiać
sos,ˌes əʊ ˈes,
soso,so-so,taki sobie|ˈsəʊsəʊ
souffle,soufflé,suflet|ˈsu:fleɪ
soufflé,souffle,suflet|ˈsu:fleɪ
soul,səʊl,
souldestroying,soul-destroying,śmiertelnie nudny|ˈsəʊldɪstrɔɪɪŋ
soulful,uduchowiony,ˈsəʊlfʊl
soulless,bezduszny,ˈsəʊllɪs
sound,badać,saʊnd
soundly,ˈsaʊndlɪ,
soundproof,dźwiękoszczelny,ˈsaʊndpru:f
soundtrack,ścieżka dźwiękowa,ˈsaʊndtræk
soup,su:p,zupa
sour,"oziębiać
 2.  go","turn sour 
 - kwaśnieć|ˈsaʊə"
source,sɔ:s,źródło
south,saʊθ,
southbound,na południe,ˈsaʊθbaʊnd
southeast,south-east,ˌsaʊθˈi:st
southeastern,południowo-wschodni,south-eastern|ˌsaʊθˈi:stən
southerly,południowy,ˈsʌðəlɪ
southern,południowy,ˈsʌðən
southward,southwards,ˈsaʊθwəd
southwards,southward,ˈsaʊθwəd
southwest,south-west,ˌsaʊθˈwest
southwestern,południowo-zachodni,south-western|ˌsaʊθˈwestən
souvenir,pamiątka,ˈsu:vənɪə
sovereign,najwyższa władza,ˈsɒvrɪn
soviet,związek radziecki,ˈsəʊvɪət|ˌsəʊvɪət ˈju:nɪən
sow,saʊ ˈθɪsəl,
soya,soja,ˈsɔɪə|ˈsɔɪəbi:n
spa,spɑ:,uzdrowisko
space,prom kosmiczny,speɪs|ˈspeɪsʃʌtəl
spacecraft,okręt kosmiczny,ˈspeɪskrɑ:ft
spaceship,statek kosmiczny,ˈspeɪsʃɪp
spacious,rozległy,wielki|ˈspeɪʃəs
spade,speɪd,
spaghetti,spagetti,spəˈgetɪ
spain,hiszpania,speɪn
span,spæn,
spaniard,hiszpan,ˈspænɪəd
spanish,hiszpański,ˈspænɪʃ
spank,spæŋk,
spanner,klucz,ˈspænə
spare,speə,
sparing,oszczędny,ˈspeərɪŋ
spark,"iskierka
ii.    wszczynać",spɑ:k|świeca|świeca iskrowa|ˈspɑ:kplʌg
sparkle,ˈspɑ:kəl,
sparrow,wróbel,ˈspærəʊ
sparse,nieliczny,rzadki|spɑ:s
spartan,spartański,ˈspɑ:tən
spasm,1.  skurcz,"spazm
 2.  atak|ˈspæzəm"
spasmodic,spazmatyczny,spæzˈmɒdɪk
spastic,kurczowy,ˈspæstɪk
spate,napływ,przypływ|speɪt
spatial,przestrzenny,ˈspeɪʃəl
spatter,opryskiwać,rozpryskiwać|ˈspætə
spawn,produkować,spɔ:n
speak,mów głośniej!'',mówić|spi:k
speaker,ˈspi:kə,
spear,i.    oszczep,"spɪə|włócznia
ii.    przeszywać"
spearhead,ˈspɪəhed,
special,program specjalny,wyrób specjalny|ˈspeʃəl
specialise,specialize,specjalizować się|ˈspeʃəlaɪz
specialist,"i.    specjalista
ii.    specjalistyczny",wyspecjalizowany|ˈspeʃəlɪst
speciality,specjalność,speʃɪˈælɪtɪ
specialize,specialise,specjalizować się|ˈspeʃəlaɪz
specially,ˈspeʃəlɪ,
specialty,specjalność,ˈspeʃəltɪ
species,gatunek,ˈspɪ:ʃi:z
specific,"specjalny
 2.  szczegółowy",spɪˈsɪfɪk
specifically,1.  szczególnie,"specjalnie
 2.  specyficznie|spɪˈsɪfɪkəlɪ"
specification,specyfikacja,ˌspesɪfɪˈkeɪʃən
specify,"1.  wyszczególniać
 2.  precyzować",ˈspesɪfaɪ
specimen,ˈspesɪmən,
speck,1.  plamka,"spek|ślad
 2.  szczypta"
speckled,plamisty,poplamiony|ˈspekəld
specs,okulary,speks
spectacle,ˈspektəkəl,
spectacular,i.    widowiskowy,"spektakularny
ii.    spektakularne widowisko|spekˈtækjʊlə"
spectator,spekˈteɪtə,widz
specter,spectre,ˈspektə
spectre,specter,ˈspektə
spectrum,"spektrum
 2.  gama",ˈspektrəm
speculate,ˈspekjʊleɪt,
speculative,"1.  spekulatywny
 2.  niepewny","kalkulujący
 3.  spekulacyjny|ˈspekjʊlətɪv"
speech,spi:ʧ,
speechless,oniemiały,ˈspi:ʧlɪs
speed,spi:d,ˈspi:dlɪmɪt
speedboat,ślizgacz,ˈspi:dbəʊt
speedometer,prędkościomierz,spɪˈdɒmɪtə
speedway,tor wyścigowy,ˈspi:dweɪ
speedy,prędki,ˈspi:dɪ
spell,spel,
spellbound,oczarowany,ˈspelbaʊnd
spelling,ortografia,pisownia|ˈspelɪŋ
spending,wydatki,ˈspendɪŋ
spent,zużyty,
sperm,"1.  nasienie
 2.  plemnik",spɜ:m
spew,spju:,wypluwać|wyrzucać|wyrzucać z siebie
sphere,sfɪə,
spherical,kulisty,ˈsferɪkəl
spice,spaɪs,
spickandspan,nowiutki,prosto spod igły|spick-and-span|ˌspɪkənˈspæn
spicy,dobrze przyprawiony,ˈspaɪsɪ
spider,pająk,ˈspaɪdə
spike,spaɪk,szpikulec
spill,1.  rozlewać się,"rozlewać
 2.  wylewać się|spɪl"
spin,"kręcić
 2.  obracać się",kręcić się|spɪn|ˌspɪnˈdraɪə
spinach,szpinak,ˈspɪnɪʤ
spinal,"kręgosłup
iii.  spinal cord",rdzeń kręgowy|ˈspaɪnəl|ˌspaɪnəl ˈkɒləm|ˌspaɪnəl ˈkɔ:d
spindry,odwirowywać,spin-dry|ˌspɪnˈdraɪ
spine,spaɪn,
spineless,ˈspaɪnlɪs,
spinoff,produkt uboczny,spin-off|ˈspɪnɒf
spinster,panna,stara panna|ˈspɪnstə
spiral,opadać po spirali,ˈspaɪərəl
spire,iglica,ˈspaɪə
spirit,ˈspɪrɪt,
spirited,energiczny,żywy|ˈspɪrɪtɪd
spiritual,ˈspɪrɪʧʊəl,
spit,spɪt,
spite,spaɪt,
spiteful,złośliwy,ˈspaɪtfʊl
splash,"rozchlapywać
 2.  ochlapywać",splæʃ
spleen,"1.  śledziona
 2.  chandra",spli:n|splin
splendid,wspaniały,znakomity|ˈsplendɪd
splendor,splendour,wspaniałość|znakomitość|ˈsplendə
splendour,splendor,wspaniałość|znakomitość|ˈsplendə
splice,splatać,splaɪs
splint,splɪnt,szyna
splinter,i.    drzazga,ˈsplɪntə
split,rozdzielać się,splɪt|ˌsplɪt ˈsekənd
splutter,ˈsplʌtə,
spoil,spɔɪl,
spoke,spəʊk,szprycha
spokesman,przedstawiciel,rzecznik|ˈspəʊksmən
spokesperson,przedstawiciel,rzecznik|ˈspəʊkspɜ:sən
spokeswoman,przedstawicielka,ˈspəʊkswʊmən
spongebag,kosmetyczka,ˈspʌnʤbæg
spongy,gąbczasty,ˈspʌnʤɪ
sponsor,i.   1.  sponsorować,"patron|patronować
 2.  podtrzymywać|zgłaszać
ii.    sponsor|ˈspɒnsə"
sponsorship,patronat,ˈspɒnsəʃɪp
spontaneous,"1.  spontaniczny
 2.  samoistny",spɒnˈteɪnɪəs
spooky,makabryczny,przerażający|ˈspu:kɪ
spool,rolka,spu:l|szpulka
spoon,nakładać,"spu:n|łyżeczka
ii.    nakładać łyżką"
spoonful,łyżeczka,łyżka|ˈspu:nfʊl
sporadic,sporadyczny,spəˈrædɪk
spore,spɔ:,zarodnik
sport,spɔ:t,
sporting,sportowy,ˈspɔ:tɪŋ
sports car,samochód sportowy,ˈspɔ:ts kɑ:
sportsman,sportowiec,ˈspɔ:tsmən
sportswoman,ˈspɔ:tswʊmən,
spotless,nieskazitelny,ˈspɒtlɪs
spotlight,ˈspɒtlaɪt,
spotted,kropkowany,nakrapiany|ˈspɒtɪd
spotty,krostowaty,ˈspɒtɪ
spouse,małżonek,małżonka|spaʊz
spout,spaʊt,"sprzedawać
ii.    dzióbek|tryskać
 2.  karmić|wylot|wyrzucać"
sprain,i.    wykręcać,"spreɪn|wykręcenie|zwichnąć
ii.    zwichnięcie"
sprat,spræt,szprot
sprawl,sprɔ:l,
spray,rozpryskiwać,spreɪ|sypać się
spread,i.   1.  rozpościerać się,rozciągać|rozciągać się|spred
spreadeagled,spread-eagled,ˌspred ˈi:gəld
spreadsheet,arkusz elektroniczny,arkusz kalkulacyjny|ˈspredˌʃi:t
spree,impreza,spri:|wyprawa
sprig,gałązka,sprɪg
sprightly,żwawy,żywy|ˈspraɪtlɪ
spring,"into action* 
 - zaskakiwać",pojawiać się|sprɪŋ|ˌsprɪŋˈʌnjən
springboard,"1.  trampolina
 2.  odskocznia",ˈsprɪŋbɔ:d
springclean,porządkować na wiosnę,spring-clean|ˌsprɪŋˈkli:n
springtime,okres wiosny,wiosna|ˈsprɪŋtaɪm
springy,elastyczny,sprężysty|ˈsprɪŋɪ
sprinkle,"1.  posypywać
 2.  polewać",ˈsprɪŋkəl
sprinkler,dysza,ˈsprɪŋklə
sprinkling,nieco,odrobina|ˈsprɪŋklɪŋ
sprint,sprɪnt,
sprite,elf,spraɪt
sprout,pęd,"spraʊt|wyłaniać się
ii.    kiełek"
spruce,"i.    świerk
ii.    elegancki",spru:s
spry,ruchliwy,spraɪ|żywotny
spud,pyra,spʌd|ziemniak
spur,spɜ:,
spurious,fałszywy,pozorny|ˈspjʊərɪəs
spurn,odtrącać,spɜ:n
spurt,spɜ:t,
spy,spaɪ,
squabble,ˈskwɒbəl,
squad,policyjny wóz patrolowy,skwɒd|wóz patrolowy|ˈskwɒdkɑ:
squadron,"1.  eskadra
 2.  szwadron",ˈskwɒdrən
squalid,brudny,ˈskwɒlɪd
squall,nawałnica,skwɔ:l|szkwał
squalor,brud,nędza|ˈskwɒlə
squander,roztrwaniać,trwonić|ˈskwɒndə
squarely,"1.  prosto
 2.  bezpośrednio",ˈskweəlɪ
squash,i.    rozgniatać,skwɒʃ
squat,skwɒt,
squawk,skwɔ:k,
squeak,i.    piszczeć,"skrzyp|skrzypieć
ii.    pisk|skwi:k"
squeaky,piszczący,skrzypiący|ˈskwi:kɪ
squeal,skwi:l,
squeamish,nerwowy,wrażliwy|ˈskwi:mɪʃ
squeeze,skwi:z,"uścisk|wciskać|wtłaczać
ii.    uściśnięcie|wtłaczać się"
squid,kalmar,kałamarnica|mątwa|skwɪd
squiggle,zakrętas,zygzak|ˈskwɪgəl
squint,skwɪnt,
squire,dziedzic,pan|ˈskwaɪə
squirm,1.  wiercić się,skwɜ:m
squirrel,wiewiórka,ˈskwɪrəl
squirt,skwɜ:t,strumień
sri lanka,sri:ˈlæŋkə,
ss,parowiec,
st,święty,
sta,"sta.
  stacja",
stab,stæb,
stabilise,stabilize,stabilizować|stabilizować się|ˈsteɪbɪlaɪz
stability,stabilność,stəˈbɪlɪtɪ
stabilize,stabilise,stabilizować|stabilizować się|ˈsteɪbɪlaɪz
stabilizer,stabilizator,ˈsteɪbɪlaɪzə
stable,"i.    stabilny
ii.    stajnia",ˈsteɪbəl
stadium,stadion,ˈsteɪdɪəm
staff,stɑ:f,
stag,"party 
 - wieczór kawalerski",stæg
stage,na scenę,steɪʤ
stagecoach,dyliżans,ˈsteɪʤkəʊʧ
stagemanage,reżyserować,stage-manage|ˌsteɪʤˈmænɪʤ
stagger,"oszałamiać
 3.  planować",układać|ˈstægə
stagnant,ˈstægnənt,
stagnate,stægˈneɪt,wchodzić w zastój
staid,stateczny,steɪd
stain,steɪn,witraż|ˌsteɪnd glɑ:s ˈwɪndəʊ
stainless,nierdzewny,ˈsteɪnlɪs
stair,steə,
staircase,schody,ˈsteəkeɪs
stairway,schody,ˈsteəweɪ
stake,steɪk,
stale,steɪl,
stalemate,pat,ˈsteɪlmeɪt
stalk,stɔ:k,
stall,stɔ:l,
stallion,ogier,ˈstæljən
stalwart,"dzielny
ii.    wierny zwolennik",ˈstɔ:lwət
stamina,wytrwałość,wytrzymałość|ˈstæmɪnə
stammer,i.    jąkać się,"wyjąkać
ii.    jąkanie się|ˈstæmə"
stammerer,jąkała,ˈstæmərə
stamp,"cecha
ii.   1.  pieczętować",określać|stæmp
stampede,panika,stæmˈpi:d
stance,stæns,
stand,"przechodzić 
 9.  a. znosić","stawiać czoła 
 4.  popierać|stænd"
standalone,autonomiczny,niezależny|stand-alone|ˌstændəˈləʊn
standard,poziom życia,stopa życiowa|ˈstændəd|ˈstændəd læmp|ˌstændəd əv ˈlɪvɪŋ
standardise,standardize,standaryzować|ˈstændədaɪz
standardize,standardise,standaryzować|ˈstændədaɪz
standby,"bilet
ii.   1.  rezerwowy",i.   1.  niezawodny środek|środek|ˈstændbaɪ
standin,stand-in,ˈstændɪn
standing,i.    reputacja,miejsca stojące|ˈstændɪŋ|ˈstændɪŋru:m
standoffish,oficjalny,stand-offish|stændˈɒfɪʃ
standpoint,punkt widzenia,ˈstændpɔɪnt
standstill,ˈstændstɪl,
staple,podstawowy,ˈsteɪpəl
stapler,zszywacz,ˈsteɪplə
star,stɑ:,
starboard,ˈstɑ:bɔ:d,
starch,stɑ:ʧ,
stare,"i.    spoglądać 
ii.    spojrzenie",steə
starfish,rozgwiazda,ˈstɑ:fɪʃ
stark,stɑ:k,
starlet,ˈstɑ:lɪt,
starling,szpak,ˈstɑ:lɪŋ
starry,rozgwieżdżony,ˈstɑ:rɪ
starryeyed,idealistyczny,romantyczny|starry-eyed|ˌstɑ:rɪˈaɪd
start,stɑ:t,"zaczynać
 2.  rozpoczynać pracę|zaczynać
 2.  zapuszczać"
starter,"1.  przystawka
 2.  rozrusznik",ˈstɑ:tə
starting point,ˈstɑ:tɪŋpɔɪnt,
startle,zaskakiwać,ˈstɑ:təl
starvation,głód,stɑ:ˈveɪʃən
starve,"1.  głodować
 2.  głodzić","stɑ:v|zagłodzić
 3.  pozbawiać"
state,stany,steɪt
stated,określony,ˈsteɪtɪd
stately,majestatyczny,ˈsteɪtlɪ
statement,wyciąg,ˈsteɪtmənt
statesman,mąż stanu,ˈsteɪtsmən
static,zakłócenia,ˈstætɪk
station,kombi,ˈsteɪʃən|ˈsteɪʃən ˌwægən
stationary,nieruchomy,stacjonarny|ˈsteɪʃənərɪ
stationer,sprzedawca materiałów piśmiennych,ˈsteɪʃənə
stationery,materiały piśmienne,ˈsteɪʃənərɪ
stationmaster,zawiadowca stacji,ˈsteɪʃənmɑ:stə
statistic,statistical,statystyczny|stəˈtɪstɪk
statistical,statistic,statystyczny|stəˈtɪstɪk
statistics,statystyka,stəˈtɪstɪks
statue,posąg,ˈstætju:
statuesque,posągowy,ˌstætjʊˈesk
statuette,figurka,ˌstætjʊˈet
stature,ˈstæʧə,
status,ˈsteɪtəs,
statute,ustawa,ˈstætju:t
statutory,ustawowy,ˈstætjətərɪ
staunch,stɔ:nʧ,
stave off,odkładać,zapobiegać|ˌsteɪvˈɒf
stay,nie kłaść się,steɪ|zatrzymywać się
std,międzymiastowe połączenie automatyczne,
steadfast,niezachwiany,niezłomny|ˈstedfəst
steady,"wyrównywać
 2.  uspokajać",ˈstedɪ
steak,steɪk,
steal,sti:l,
stealth,1.  skradanie się,stelθ
stealthy,potajemny,ˈstelθɪ
steam,sti:m,wjeżdżać|wjeżdżać pod napędem parowym|wpływać pod napędem parowym
steamer,parowiec,ˈsti:mə
steamroller,walec drogowy,ˈsti:mrəʊlə
steamy,zaparowany,ˈsti:mɪ
steel,sti:l,
steelworks,stalownia,ˈsti:lwɜ:ks
steely,stalowy,ˈsti:lɪ
steep,1.  stromy,sti:p
steeped,osadzony,ˈsti:pt
steeple,iglica,wieża|ˈsti:pəl
steer,stɪə,
steering wheel,kierownica,ˈstɪərɪŋwi:l
stellar,gwiezdny,ˈstelə
stem,wynikać,
stench,odór,smród|stenʧ
stencil,i.    szablon,"matryca
ii.    matrycować|ˈstensəl"
stepbrother,ˈstepbrʌðə,
stepchild,pasierb,pasierbica|ˈstepʧaɪld
stepdaughter,pasierbica,ˈstepdɔ:tə
stepfather,ojczym,ˈstepfɑ:ðə
stepladder,drabina składana,ˈsteplædə
stepmother,macocha,ˈstepmʌðə
steppe,step,
steppingstone,stepping-stone,ˈstepɪŋ stəʊn
stepsister,ˈstepsɪstə,
stepson,pasierb,ˈstepsʌn
stereo,i.    sprzęt stereo,"stereo
ii.    stereofoniczny|ˈsterɪəʊ"
stereotype,ˈsterɪətaɪp,
sterile,"1.  sterylny
 2.  bezpłodny",ˈsteraɪl
sterilise,sterilize,sterylizować|ˈsterɪlaɪz
sterilize,sterilise,sterylizować|ˈsterɪlaɪz
sterling,funt szterling,szterling|ˈstɜ:lɪŋ
stern,stɜ:n,
stew,stju:,
steward,"1.  steward
 2.  zarządca",intendent|ˈstju:əd
stewardess,stewardessa,ˌstju:əˈdes
stick,bronić,stɪk
sticker,naklejka,ˈstɪkə
stickingplaster,plaster,przylepiec|sticking-plaster|ˈstɪkɪŋplɑ:stə
stickler,pedant,ˈstɪklə
sticky,ˈstɪkɪ,
stiff,na śmierć,stɪf
stiffen,ˈstɪfən,
stifle,gnieść,ˈstaɪfəl
stigma,piętno,stygmat|ˈstɪgmə
stile,przejście,przełaz|staɪl
still,nieruchomy,stɪl
stillborn,martwo urodzony,poroniony|ˈstɪlbɔ:n
stilt,stɪlt,
stilted,wysilony,ˈstɪltɪd
stimulant,stymulant,ˈstɪmjələnt
stimulate,"1.  stymulować
 2.  pobudzać",ˈstɪmjəleɪt
stimulus,"1.  bodziec
 2.  podnieta",ˈstɪmjələs
sting,"pieczenie
ii.   1.  użądlić",stɪŋ|zaboleć
stingy,skąpy,stɪnʤɪ
stink,"cuchnąć
ii.    smród",i.    śmierdzieć|stɪŋk
stinking,cholerny,ˈstɪŋkɪŋ
stint,okres,stɪnt
stipulate,wymagać,żądać|ˈstɪpjəleɪt
stir,poruszać się,ruszać|stɜ:
stirring,wzburzający,ˈstɜ:rɪŋ
stirrup,strzemię,ˈstɪrʌp
stitch,stɪʧ,"szew
 2.  kolka"
stoat,gronostaj,stəʊt
stockade,palisada,stɒˈkeɪd
stockbroker,makler,ˈstɒkbrəʊkə
stocking,pończocha,ˈstɒkɪŋ
stocktaking,inwentaryzacja,ˈstɒkteɪkɪŋ
stocky,krępy,ˈstɒkɪ
stodgy,ˈstɒʤɪ,
stoic,stoical,stoicki|ˈstəʊɪk
stoical,stoic,stoicki|ˈstəʊɪk
stoke,"1.  podrzucać 
 2.  podsycać",stəʊk
stolid,flegmatyczny,stɒlɪd
stomach,1.  żołądek,ˈstʌmək
stomachache,ból brzucha,stomach-ache|ˈstʌməkeɪk
stomp,stąpać ciężko,stɒmp
stonecold,lodowato zimny,stone-cold|ˌstəʊnˈkəʊld
stonedeaf,głuchy jak pień,stone-deaf|ˌstəʊnˈdef
stonework,ozdoby kamienne,ˈstəʊnwɜ:k
stony,"1.  kamienisty
 2.  kamienny",ˈstəʊnɪ
stool,stołek,stu:l
stoop,garbienie,stu:p
stop,stɒp,ˌstɒpˈpres
stopgap,prowizorium,tymczasowe rozwiązanie|ˈstɒpgæp
stopover,przerwa,ˈstɒpəʊvə
stoppage,przerwanie pracy,strajk|ˈstɒpɪʤ
stopper,korek,ˈstɒpə
stopwatch,stoper,ˈstɒpwɒʧ
storage,1.  magazynowanie,ˈstɒrɪʤ
store,przechowywać,stɔ:
storehouse,ˈstɔ:haʊs,
storeroom,magazyn,skład|ˈstɔ:ru:m
storey,piętro,story|ˈstɔ:rɪ
stork,bocian,stɔ:k
storm,stɔ:m,"wzburzać się
 3.  szturmować"
stormy,burzliwy,ˈstɔ:mɪ
story,piętro,storey|ˈstɔ:rɪ
stout,1.  pulchny,"dzielny|gruby
 3.  zdecydowany|staʊt|tęgi
 2.  solidny"
stove,kuchenka,piec|stəʊv
stow,odkładać,stow away  chować|stəʊ
stowaway,pasażer na gapę,ˈstəʊəweɪ
str,przesmyk,
straddle,1.  stawać okrakiem,"siadać okrakiem
 2.  przekraczać|ˈstrædəl"
straggle,ˈstrægəl,
straight,streɪt,
straightaway,od razu,ˌstreɪtəˈweɪ
straighten,i.   1.  wyprostowywać się,ˈstreɪtən
straightforward,"1.  prosty
 2.  bezpośredni",ˌstreɪtˈfɔ:wəd
strain,streɪn,
strained,ˈstreɪnd,
strait,kaftan bezpieczenstwa,"streɪt|tarapaty
ii.  strait jacket|ˈstreɪtˌʤækɪt"
straitlaced,pruderyjny,strait-laced|ˌstreɪtˈleɪst
strand,być zagubionym,strænd
strange,streɪnʤ,
strangely,dziwne,ˈstreɪnʤlɪ
stranger,ˈstreɪnʤə,
strangle,ˈstræŋgəl,
strangled,zduszony,ˈstræŋgəld
stranglehold,ˈstræŋgəlhəʊld,
strap,stræp,
stratagem,fortel,ˈstrætəʤəm
strategic,strategiczny,strəˈti:ʤɪk
strategist,strateg,ˈstrætəʤɪst
strategy,strategia,ˈstrætəʤɪ
stratum,warstwa,ˈstreɪtəm
straw,strɔ:,
strawberry,truskawka,ˈstrɔ:bərɪ
stray,"błąkać się
ii.    zabłąkany",i.    błądzić|streɪ
streak,stri:k,"tendencja do
 4.  lucky"
stream,dzielić,stri:m
streamer,ˈstri:mə,
streamline,robić bardziej efektywnym,ˈstri:mlaɪn
street,stri:t,szary człowiek
streetcar,tramwaj,ˈstri:tkɑ:
strength,streŋθ,
strengthen,1.  wzmacniać,"umacniać
 2.  dawać siłę|umacniać się|ˈstreŋθən"
strenuous,wyczerpujący,ˈstrenju:əs
stress,stres,
stretch,streʧ,
stretcher,nosze,ˈstreʧə
strew,"1.  zarzucać
 2.  pokrywać",stru:
stricken,dotknięty,rażony|ˈstrɪkən
strict,strɪkt,
strictly,ˈstrɪktlɪ,
stride,i.    kroczyć,iść długimi krokami|straɪd
strident,1.  wrzaskliwy,"przenikliwy
 2.  ostry|ˈstraɪdənt"
strife,konflikty,straɪf
striker,ˈstraɪkə,
striking,ˈstraɪkɪŋ,
string,"linka
 2.  sznur","strɪŋ|łańcuch
ii.   1.  nawlekać|ˌstrɪŋ ˈbi:n"
stringent,ostry,ˈstrɪnʤənt
stringy,włóknisty,żylasty|ˈstrɪŋɪ
strip,"demontować
v.  strip lighting","pozbawiać 
iii.  strip club|rozbierać
 2.  zabierać|strɪp|ˈstrɪpklʌb"
stripe,pasek,prążek|straɪp
stripper,striptiser,striptiserka|ˈstrɪpə
striptease,striptis,ˈstrɪpti:z
strive,"1.  usiłować
 2.  walczyć",straɪv
stroke,i.    głaskać,strəʊk
stroll,przechadzka,strəʊl
stroller,ˈstrəʊlə,
strong,strɒŋ,
stronghold,forteca,ˈstrɒŋhəʊld
strongroom,skarbiec,ˈstrɒŋru:m
structural,strukturalny,ˈstrʌkʧərəl
structure,kształtować,ˈstrʌkʧə
struggle,ˈstrʌgəl,
strum,brzdąkać,strʌm
strut,kroczyć,strʌt
stub,stʌb,
stubble,"1.  ściernisko
 2.  szczecina",ˈstʌbəl
stubborn,ˈstʌbən,
stuck,"be stuck 
 - utknąć",stʌk
stuckup,stuck-up,zarozumiały|ˌstʌkˈʌp
stud,stʌd,
studded,nabijany,ˈstʌdɪd
student,ˈstju:dənt,
studied,wystudiowany,ˈstʌdɪd
studio,1.  pracownia,"atelier
 2.  studio|ˈstju:dɪəʊ"
studious,pilny,sumienny|ˈstju:dɪəs
study,pracownia,"uczenie się
 2.  studium|ˈstʌdɪ"
stuffing,farsz,nadzienie|stʌfɪŋ
stuffy,duszny,stʌfɪ
stumbling block,przeszkoda,ˈstʌmblɪŋblɒk
stump,i.    odłamek,stʌmp
stun,ogłuszać,oszołamiać|stʌn
stunt,kaskader,stʌnt|ˈstʌntmən
stupefy,oszałamiać,ˈstju:pɪfaɪ
stupendous,stju:ˈpendəs,zdumiewający
stupid,ˈstju:pɪd,
stupidity,"1.  głupota
 2.  głupstwo",stju:ˈpɪdɪtɪ
stupor,odurzenie,otępienie|ˈstju:pə
sturdy,silny,wytrzymały|ˈstɜ:dɪ
stutter,ˈstʌtə,
stutterer,jąkała,ˈstʌtərə
sty,chlew,staɪ
style,projektować,staɪl
stylise,stylize,stylizować|ˈstaɪlaɪz
stylish,modny,ˈstaɪlɪʃ
stylize,stylise,stylizować|ˈstaɪlaɪz
stylus,ˈstaɪləs,
su,"su.
  niedziela",
suave,gładki,swɑ:v|uprzejmy
sub,ˌsʌb,
subconscious,"i.    podświadomy
ii.    podświadomość",sʌbˈkɒnʃəs
subcontract,"podnajmować
ii.    subkontrakt","subcontract
i.    zlecać"
subdivide,dzielić,ˌsʌbdɪˈvaɪd
subdue,1.  przyprowadzić do porządku,"poskromić
 2.  opanować|səbˈdju:"
subdued,səbˈdju:d,
subjective,subiektywny,səbˈʤektɪv
subjunctive,səbˈʤʌŋktɪv,tryb łączący
sublet,podnajmować,sʌbˈlet
sublime,səbˈlaɪm,wysublimowany
submarine,okręt podwodny,ˈsʌbməri:n
submerge,1.  zanurzać się,"səbˈmɜ:ʤ|zanurzać
 2.  zatapiać"
submission,səbˈmɪʃən,
submissive,səbˈmɪsɪv,uległy
submit,"1.  ulegać 
 2.  przedkładać",səbˈmɪt
subnormal,opóźniony,opóźniony w rozwoju|ˌsʌbˈnɔ:məl
subordinate,səˌbɔ:dɪnət ˈklɔ:z,
subscribe,"subskrybować 
 3.  wspomagać",səbˈskraɪb|wykładać
subscriber,səbˈskraɪbə,
subscription,səbˈskrɪpʃən,
subsequent,następujący,późniejszy|ˈsʌbsɪkwənt
subside,səbˈsaɪd,
subsidence,osiadanie,osiadanie gruntu|səbˈsaɪdəns
subsidiary,i.    dodatkowy,səbˈsɪdɪərɪ
subsidise,dotować,subsidize|subsydiować|ˈsʌbsɪdaɪz
subsidize,dotować,subsidise|subsydiować|ˈsʌbsɪdaɪz
subsidy,dotacja,subwencja|ˈsʌbsɪdɪ
subsist,przetrwać,səbˈsɪst
substance,"1.  substancja
 2.  realność","istota
 4.  znaczenie|prawdziwa wartość|ˈsʌbstəns"
substandard,niedopuszczalny,poniżej normy|ˌsʌbˈstændəd
substantial,1.  znaczny,"poważny
 2.  istotny|səbˈstænʃəl|ważny"
substantiate,səbˈstænʃɪeɪt,udowadniać|uzasadniać
substitute,"namiastka
 2.  zastępstwo",ˈsʌbstɪtju:t
subterfuge,podstęp,ˈsʌbtəfju:ʤ
subterranean,podziemny,ˌsʌbtəˈreɪnɪən
subtitle,napis,ˈsʌbtaɪtəl
subtle,subtelny,ˈsʌtəl
subtlety,subtelność,ˈsʌtəltɪ
subtract,odejmować,səbˈtrækt
subtraction,odejmowanie,səbˈtrækʃən
suburb,ˈsʌbɜ:b,
suburban,"1.  podmiejski
 2.  prowincjonalny",səˈbɜ:bən
suburbia,səˈbɜ:bɪə,tereny podmiejskie
subversive,"i.    wywrotowy
ii.    wywrotowiec",səbˈvɜ:sɪv
subway,ˈsʌbweɪ,
succeed,səkˈsi:d,
success,"1.  powodzenie
 2.  sukces",səkˈses
successful,odnosić sukcesy,səkˈsesfʊl
succession,səkˈseʃən,
successive,kolejny,następujący|səkˈsesɪv
successor,następca,səkˈsesə
succinct,səkˈsɪŋkt,zwięzły
succulent,soczysty,ˈsʌkjʊlənt
succumb,səˈkʌm,ulegać
such,sʌʧ,taki a taki
suchlike,i temu podobne,ˈsʌʧlaɪk
suck,sʌk,"zasysać
 3.  wciągać"
sucker,ˈsʌkə,
suckle,ˈsʌkəl,
suction,przyssanie,ssanie|ˈsʌkʃən
sudan,su:ˈdɑ:n,"the sudan 
 - sudan"
sudanese,"i.    sudański
ii.    sudańczyk",ˌsu:dəˈni:z
sudden,znienacka,ˈsʌdən
suddenly,nagle,ˈsʌdənlɪ
sudeten,su:ˈdeɪtən,"the sudeten 
 - sudety"
sudetes,su:ˈdɪ:ti:z,"the sudetes 
 - sudety"
suds,mydliny,sʌdz
sue,dochodzić sądownie,sju:|skarżyć do sądu
suede,suéde,sweɪd|zamsz
suet,su:ɪt,tłuszcz|łój
suffer,ˈsʌfə,
sufferer,cierpiący,ˈsʌfərə
suffering,cierpienie,ˈsʌfərɪŋ
suffice,səˈfaɪs,wystarczać
sufficient,do czegoś),səˈfɪʃənt
suffix,przyrostek,sufiks|ˈsʌfɪks
suffocate,dusić,dusić się|ˈsʌfəkeɪt
sugar,cukiernica,"słodzić
iv.  sugar bowl|ˈʃʊgə|ˈʃʊgə bəʊl"
suggest,"1.  sugerować
 2.  proponować",səˈʤest
suggestion,1.  propozycja,"sugestia
 2.  napomknięcie|səˈʤesʧən|ślad"
suggestive,səˈʤestɪv,
suicidal,samobójczy,ˌsu:ɪˈsaɪdəl
suicide,samobójstwo,ˈsu:ɪsaɪd
suitable,odpowiedni,ˈsu:təbəl
suitcase,walizka,ˈsu:tkeɪs
suite,"1.  apartament
 2.  komplet",swi:t
suited,"1.  odpowiedni   
 2.  dopasowany",odpowiadający sobie|ˈsu:tɪd
suitor,konkurent,ˈsu:tə
sulfur,siarka,sulphur|ˈsʌlfə
sulk,sʌlk,
sulky,nadąsany,zasępiony|ˈsʌlkɪ
sullen,ponury,posępny|ˈsʌlən
sulphur,siarka,sulfur|ˈsʌlfə
sultan,sułtan,ˈsʌltən
sultana,rodzynka,sʌlˈtɑ:nə
sultry,"duszny
 2.  gorący",namiętny|ˈsʌltrɪ
sum,krótko określać,sʌm
summarise,streszczać,summarize|ˈsʌməraɪz
summarize,streszczać,summarise|ˈsʌməraɪz
summary,"i.    streszczenie
ii.    doraźny",ˈsʌmərɪ
summer,ˈsʌmə,
summerhouse,altana,ˈsʌməhaʊs
summertime,lato,pora letnia|ˈsʌmətaɪm
summingup,podsumowanie,summing-up|ˌsʌmɪŋˈʌp
summon,ˈsʌmən,
summons,ˈsʌmənz,
sumptuous,wystawny,świadczący o przepychu|ˈsʌmpʧʊəs
sun,krem do opalania,"sun.
  niedziela|sʌn|ˈsʌnkri:m"
sunbathe,leżeć na słońcu,opalać się|ˈsʌnbeɪð
sunblock,krem przeciwsłoneczny,ˈsʌnblɒk
sunburn,oparzenie słoneczne,ˈsʌnbɜ:n
sunburnt,1.  mocno opalony,"opalony
 2.  oparzony słońcem|ˈsʌnbɜ:nt"
sundae,deser lodowy,puchar lodowy|ˈsʌndeɪ
sunday,ˈsʌndɪ,ˈsʌndɪsku:l
sundial,zegar słoneczny,ˈsʌndaɪəl
sundown,zachód,zachód słońca|ˈsʌndaʊn
sundry,ˈsʌndrɪ,
sunflower,słonecznik,ˈsʌnflaʊə
sunglasses,okulary słoneczne,ˈsʌnglɑ:sɪz
sunken,ˈsʌnkən,
sunlamp,lampa kwarcowa,ˈsʌnlæmp
sunlight,słońce,światło słońca|ˈsʌnlaɪt
sunny,słoneczny,ˈsʌnɪ
sunrise,wschód,wschód słońca|ˈsʌnraɪz
sunset,zachód,zachód słońca|ˈsʌnset
sunshade,"1.  parasolka
 2.  markiza",ˈsʌnʃeɪd
sunshine,słońce,światło słońca|ˈsʌnʃaɪn
sunstroke,porażenie słoneczne,ˈsʌnstrəʊk
suntan,opalenizna,ˈsʌntæn
super,ˈsu:pə,
superannuation,emerytura,ˌsʊ:pərænju:ˈeɪʃən
superb,rewelacyjny,su:ˈpɜ:b|znakomity
supercilious,wyniosły,ˌsu:pəˈsɪlɪəs
superficial,powierzchowny,ˌsu:pəˈfɪʃəl
superfluous,nadmierny,su:ˈpɜ:flʊəs|zbyteczny
superhuman,nadludzki,ˌsʊ:pəˈhju:mən
superimpose,nakładać,ˌsu:pərɪmˈpəʊz
superintend,nadzorować,ˌsu:pərɪnˈtend
superintendent,1.  nadzorca,kierownik|ˌsu:pərɪnˈtendənt
superior,starszy doświadczeniem,"sʊˈpɪərɪə|wyniosły
ii.    przełożony|wyższy|zwierzchnik"
superlative,su:ˈpɜ:lətɪv,
supermarket,ˈsu:pəmɑ:kɪt,
supernatural,ˌsu:pəˈnæʧərəl,
superpower,supermocarstwo,ˈsu:pəpaʊə
supersede,zastępować,ˌsu:pəˈsi:d
supersonic,naddźwiękowy,ˌsu:pəˈsɒnɪk
superstition,przesąd,ˌsu:pəˈstɪʃən
superstitious,przesądny,ˌsu:pəˈstɪʃəs
supervise,nadzorować,opiekować się|ˈsu:pəvaɪz
supervision,nadzór,opieka|ˌsu:pəˈvɪʒən
supper,kolacja,ˈsʌpə
supplant,səˈplɑ:nt,zastępować
supple,giętki,"zwinny
 2.  miękki|ˈsʌpəl"
supplement,ˈsʌplɪmənt,
supplementary,dodatkowy,uzupełniający|ˌsʌplɪˈmentərɪ
supplier,dostawca,səˈplaɪə
supply,səˈplaɪ,
support,podpierać,podtrzymywać|səˈpɔ:t
supporter,"1.  kibic
 2.  poplecznik",səˈpɔ:tə
suppose,"myślę
 3.  suppose","supposing 
 - przypuśćmy|səˈpəʊz|że"
supposed,1.  domniemany,səˈpəʊzd
supposition,domniemanie,przypuszczenie|sʌpəˈzɪʃən
suppress,1.  zdławiać,"səˈpres|zatajać|zduszać
 2.  powstrzymywać"
supremacy,przewaga,supremacja|sʊˈpreməsɪ
supreme,1.  najwyższy,"główny
 2.  najznakomitszy|sʊˈpri:m"
supt,inspektor,"supt.
  komisarz"
surcharge,ˈsɜ:ʧɑ:ʤ,
surely,ˈʃʊəlɪ,
surf,sɜ:f,
surface,poczta zwykła,poczta zwykła nielotnicza|ˈsɜ:fɪs|ˈsɜ:fɪs meɪl
surfboard,deska surfingowa,ˈsɜ:fbɔ:d
surfeit,przesyt,ˈsɜ:fɪt
surge,sɜ:ʤ,
surgeon,chirurg,ˈsɜ:ʤən
surgery,ˈsɜ:ʤərɪ,
surgical,chirurgiczny,ˈsɜ:ʤɪkəl
surly,arogancki,grubiański|ˈsɜ:lɪ
surmise,domyślać się,səˈmaɪz
surmount,1.  pokonać,səˈmaʊnt
surname,nazwisko,ˈsɜ:neɪm
surpass,przewyższać,səˈpɑ:s
surplus,i.    nadwyżka,"nadmiar
ii.    tworzący nadwyżkę|ˈsɜ:pləs"
surprise,i.   1.  niespodzianka,"səˈpraɪz|zaskakujący
iii.    zaskakiwać"
surprising,səˈpraɪzɪŋ,zaskakujący
surreal,surrealistic,surrealistyczny|səˈrɪəl
surrealistic,surreal,surrealistyczny|səˈrɪəl
surrender,"poddanie
 2.  zrzeczenie się","poddawać|poddawać 
 2.  oddawać|poddawać się|səˈrendə"
surreptitious,potajemny,ˌsʌrəpˈtɪʃəs
surrogate,"surogat
 2.  zastępca",ˈsʌrəgeɪt
surround,otaczać,səˈraʊnd
surrounding,səˈraʊndɪng,
surveillance,nadzór,nadzór policyjny|obserwacja|səˈveɪləns
surveyor,səˈveɪə,
survival,1.  przetrwanie,səˈvaɪvəl
survive,"1.  przeżywać
 2.  przetrwać",səˈvaɪv
survivor,ocalały,pozostały przy życiu|səˈvaɪvə
susceptible,podatny,səˈseptəbəl
suspend,səˈspend,zawieszać
suspender,səˈspendə,
suspense,1.  napięcie,səˈspens
suspension,most wiszący,səˈspenʃən|səˈspenʃən brɪʤ
suspicion,səˈspɪʃən,
suspicious,"1.  podejrzliwy
 2.  podejrzany",səˈspɪʃəs
sustained,ciągły,nieprzerwany|səˈsteɪnd
sustenance,pożywienie,ˈsʌstənəns
suéde,suede,sweɪd|zamsz
swab,kłębek,swæb|tampon
swagger,ˈswægə,
swahili,suahili,swəˈhi:lɪ
swallow,i.    przełykać,ˈswɒləʊ
swamp,i.    moczary,"mokradło
ii.    zalewać|swɒmp"
swampy,bagnisty,podmokły|ˈswɒmpɪ
swan,swɒn,łabędź
swap,swop,swɒp
swapping,przemieszczenie,przemieszczenie zadań|ˈswɒpɪŋ
swarm,mrowić się,swɔ:m
swarthy,smagły,śniady|ˈswɔ:ðɪ
swat,pacnąć,swɒt|uderzyć
sway,sweɪ,
swear,"1.  przysięgać
 2.  przeklinać",kląć|sweə
swearword,przekleństwo,swear-word|ˈsweəwɜ:d
sweat,swet,
sweater,sweter,ˈswetə
sweatshirt,bluza,ˈsweʧɜ:t
sweaty,ˈswetɪ,
swede,swi:d,szwed
sweden,szwecja,ˈswi:dən
swedish,szwedzki,ˈswi:dɪʃ
sweeper,zamiatacz,ˈswi:pə
sweeping,"uogólniający
 3.  rozległy",zbyt uogólniający|ˈswi:pɪŋ
sweepstake,totalizator,ˈswi:psteɪk
sweet,swi:t,ˈswi:tkɔ:n
sweeten,przekupić,ˈswi:tən
sweetheart,"1.  kochanie
 2.  ukochany",ukochana|ˈswi:thɑ:t
swell,swel,
swelling,opuchlizna,ˈswelɪŋ
sweltering,1.  upalny,ˈsweltərɪŋ
swerve,skręcenie,swɜ:v
swift,swɪft,"szybki
ii.    jerzyk"
swig,i.    chlapnąć sobie,"strzelić sobie
ii.    chlapnięcie|swɪg|łyk"
swill,swɪl,
swimmer,pływak,ˈswɪmə
swimming,"basen
iv.  swimming trunks","kąpielówki|pływalnia|pływalnia
iii.  swimming pool|ˈswɪmɪŋ"
swimsuit,kostium kąpielowy,ˈswɪmsu:t
swindle,"i.    oszukiwać
ii.    oszustwo",ˈswɪndəl
swindler,oszust,ˈswɪndlə
swine,swaɪn,świnia
swing,bujać się,huśtać|swɪŋ
swipe,swaɪp,"uderzenie|zamachnięcie|zwędzać
ii.    zamachnięcie się"
swirl,i.    wirować,"kręcenie się|kręcić
ii.    wirowanie|kręcić się|swɜ:l"
swish,i.    chlastać,"swɪʃ|śmigać
ii.    śmiganie|śmignięcie"
swiss,"i.    szwajcarski
ii.    szwajcar",swɪs
switch,swɪʧ,
switchback,kolejka,ˈswɪʧbæk
switchboard,ˈswɪʧbɔ:d,
switzerland,szwajcaria,ˈswɪtsələnd
swivel,obracać się,ˈswɪvəl
swollen,opuchnięty,ˈswəʊlən
swoon,omdlewać,swu:n
swoop,"spadanie
 2.  nalot",swu:p
swop,swap,swɒp
sword,miecz,sɔ:d
swordsman,fechmistrz,ˈsɔ:dzmən
sworn,straszny,swɔ:n|zaprzysięgły
swot,swɒt,"uczyć się
ii.    kujon"
sycamore,ˈsɪkəmɔ:,
sycophant,pochlebca,ˈsɪkəfənt
sycophantic,pochlebczy,sɪkəˈfæntɪk
syllable,sylaba,ˈsɪləbəl
syllabus,program,program kursu|ˈsɪləbəs
symbol,ˈsɪmbəl,
symbolic,symbolical,symboliczny|sɪmˈbɒlɪk
symbolical,symbolic,symboliczny|sɪmˈbɒlɪk
symbolise,symbolize,symbolizować|ˈsɪmbəlaɪz
symbolism,symbolizm,ˈsɪmbəlɪzəm
symbolize,symbolise,symbolizować|ˈsɪmbəlaɪz
symmetrical,symetryczny,sɪˈmetrɪkəl
symmetry,symetria,ˈsɪmɪtrɪ
sympathetic,ˌsɪmpəˈθetɪk,
sympathise,sympathize,ˈsɪmpəθaɪz
sympathize,sympathise,ˈsɪmpəθaɪz
sympathizer,sympatyk,ˈsɪmpəθaɪzə
sympathy,ˈsɪmpəθɪ,
symphonic,symfoniczny,sɪmˈfɒnɪk
symphony,orkiestra symfoniczna,ˈsɪmfənɪ|ˈsɪmfənɪ ˌɔ:kɪstrə
symptom,objaw,ˈsɪmptəm
symptomatic,symptomatyczny,sɪmptəˈmætɪk
synagogue,synagoga,ˈsɪnəgɒg
synchronise,synchronize,synchronizować|ˈsɪŋkrənaɪz
synchronize,synchronise,synchronizować|ˈsɪŋkrənaɪz
syndicate,syndykat,ˈsɪndɪkət
syndrome,ˈsɪndrəʊm,
synonym,synonim,ˈsɪnənɪm
synonymous,synonimiczny,sɪˈnɒnɪməs
synopsis,streszczenie,sɪˈnɒpsɪs
syntactic,syntaktyczny,sɪnˈtæktɪk
syntax,składnia,ˈsɪntæks
synthesis,synteza,ˈsɪnθɪsɪs
synthesise,syntetyzować,synthesize|ˈsɪnθɪsaɪz
synthesize,syntetyzować,synthesise|ˈsɪnθɪsaɪz
synthetic,"1.  syntetyczny
 2.  sztuczny",sɪnˈθetɪk
syphilis,syfilis,ˈsɪfɪlɪs
syphon,"przetaczać
 2.  wyciągać",siphon|ˈsaɪfən
syria,ˈsɪrɪə,
syrian,"i.    syryjski
ii.    syryjczyk",ˈsɪrɪən
syringe,strzykawka,ˈsɪrɪnʤ
syrup,syrop,ˈsɪrəp
system,układ,ˈsɪstəm
systematic,systematyczny,ˌsɪstəˈmætɪk
systematise,systematize,systematyzować|ˈsɪstəmətaɪz
systematize,systematise,systematyzować|ˈsɪstəmətaɪz
séance,seance,seans|seans spirytystyczny|ˈseɪɑ:ns
t,"t
  temperatura",
ta,dziękuję,tɑ:
tab,1.  etykietka,tæb
tabby,"kot pręgowany
 2.  kotka","pręgowany
ii.   1.  buras|ˈtæbɪ"
table,ˈteɪbəl,
tablecloth,obrus,ˈteɪbəlklɒθ
tablespoon,duża łyżka,ˈteɪbəlspu:n
tablespoonful,duża łyżka,ˈteɪbəlspu:nfʊl
tablet,"1.  tabletka
 2.  tablica",ˈtæblɪt
tabloid,gazeta bulwarowa,gazeta sensacyjna|ˈtæblɔɪd
taboo,niedozwolony,"təˈbu:|zakaz
ii.    zakazany"
tabulate,układać w tabelach,ˈtæbjəleɪt
tacit,milczący,ˈtæsɪt
taciturn,małomówny,ˈtæsɪtɜ:n
tack,gwóźdź,i.   1.  gwóźdź tapicerski
tackle,ˈtækəl,
tacky,paskudny,ˈtækɪ
tact,takt,tækt
tactful,taktowny,ˈtæktfʊl
tactical,taktyczny,ˈtæktɪkəl
tactics,taktyka,ˈtæktɪks
tactless,bez taktu,nietaktowny|ˈtæktlɪs
tadpole,kijanka,ˈtædpəʊl
tag,tæg,
tail,teɪl,
tailor,dostosowywać,"i.    krawiec męski|krawiec
ii.    przysposabiać|ˈteɪlə"
tailormade,tailor-made,ˌteɪlə ˈmeɪd
taint,teɪnt,
taiwan,tajwan,taɪˈwɑ:n
taiwanese,"i.    tajwański
ii.    tajwańczyk",ˌtaɪwəˈni:z
takeaway,ˈteɪkəweɪ,
takeoff,start,ˈteɪkɒf
takeout,ˈteɪkaʊt,
takeover,"1.  przejęcie
 2.  przewrót",ˈteɪkəʊvə
takings,takingss  utarg,wpływy|ˈteɪkɪŋz
talc,talcum powder,talk|ˈtælk
talcum powder,talc,talk|ˈtælk
tale,opowiadanie,opowieść|teɪl
talent,ˈtælənt,
talented,utalentowany,ˈtæləntɪd
talisman,talizman,ˈtælɪzmən
talk,dyskutować,tɔ:k
talkative,gadatliwy,ˈtɔ:kətɪv
talker,gaduła,ˈtɔ:kə
tall,tɔ:l,
tally,i.    rachuba,"rachunek
ii.    zgadzać się|ˈtælɪ"
talon,szpon,ˈtælən
tame,teɪm,
tamper,majstrować,manipulować|ˈtæmpə
tampon,ˈtæmpən,
tan,tæn,
tandem,ˈtændəm,
tang,ostry smak,ostry zapach|tæŋ
tangent,ˈtænʤənt,
tangerine,mandarynka,ˌtænʤəˈri:n
tangible,konkretny,namacalny|ˈtænʤəbəl
tangle,zaplątać,ˈtæŋgəl
tank,tæŋk,
tankard,kufel,kufel metalowy|ˈtæŋkəd
tanker,cysterna,tankowiec|ˈtʌŋkə
tantalise,tantalize,zwodzić|ˈtæntəlaɪz
tantalize,tantalise,zwodzić|ˈtæntəlaɪz
tantamount,równoznaczny,ˈtæntəmaʊnt
tantrum,histeria,ˈtæntrəm
tanzania,ˌtænzəˈni:ə,
tanzanian,tanzański,ˌtænzəˈni:ən
tap,kran,stepowanie|tæp|ˈtæp dɑ:nsɪŋ
tape,magnetofon,"magnetofon szpulowy|przytwierdzać
iii.  tape measure|szpula z taśmą|teɪp"
taper,świeca,ˈteɪpə
tapestry,ˈtæpɪstry,
tar,"dziegieć
ii.    smołować",tɑ:
tardy,powolny,ˈtɑ:dɪ
target,ˈtɑ:gɪt,
tariff,cło przywozowe,ˈtærɪf
tarmac,1.  asfalt,powierzchnia smołowa|ˈtɑ:mæk
tarnish,1.  matować,"matowieć
 2.  brukać|ˈtɑ:nɪʃ"
tarpaulin,płótno żeglarskie,ˌtɑ:ˈpɔ:lɪn
tarragon,estragon,ˈtærəgən
tarry,pozostawać,ˈtærɪ
tart,i.   1.  ciasto nadziewane,kwaśny|tɑ:t
tartar,kamień,kamień nazębny|ˈtɑ:tə
task,tɑ:sk,zadanie|zajęcie
tassel,pompon,ˈtæsəl
taste,teɪst,
tasteful,gustowny,ˈteɪstfʊl
tasteless,ˈteɪstlɪs,
tasty,smakowity,ˈteɪstɪ
tata,cześć,pa|ta-ta|tæˈtɑ:
tatra,tatras,ˈtɑ:trə
tatras,tatra,ˈtɑ:trə
tattered,obstrzępiony,ˈtætəd
tatters,ˈtætəz,
tattoo,tæˈtu:,
tatty,brudny,ˈtætɪ
taunt,drwina,"drwić
ii.    szyderstwo|i.    drażnić|tɔ:nt"
taurus,ˈtɔ:rəs,
taut,naprężony,tɔ:t
tawdry,tandetny,ˈtɔ:drɪ
tawny,brunatny,ˈtɔ:nɪ
tax,deklaracja podatkowa,tæks|ˈtæks rɪˌtɜ:n|ˈtækskəˌlektə
taxable,podlegający opodatkowaniu,ˈtæksəbəl
taxation,opodatkowanie,tækˈseɪʃən
taxfree,tax-free,wolny od podatku|ˌtæksˈfri:
taxi,"taksówkarz
iv.  taxi rank",ˈtæksɪ|ˈtæksɪdraɪvə|ˈtæksɪræŋk|ˈtæksɪstænd
taxpayer,podatnik,ˈtækspeɪə
tb,gruźlica,
tea,herbata ekspresowa,ti:|ˈti:bæg|ˈtɪ:li:f
teach,ti:ʧ,
teacher,nauczyciel,ˈti:ʧə
teaching,ˈti:ʧɪŋ,
teacup,filiżanka herbaty,ˈti:kʌp
teak,drewno tekowe,drzewo tekowe|tek|ti:k
team,ti:m,
teamwork,praca zespołowa,ˈti:mwɜ:k
teapot,czajniczek,czajnik|czajnik do herbaty|ˈti:pɒt
tear,ˈtɪəgæs,
tearful,płaczliwy,łzawy|ˈtɪəfʊl
tease,drażnić,ti:z
teaspoon,łyżeczka,łyżeczka do herbaty|ˈti:spu:n
teaspoonful,łyżeczka,łyżeczka do herbaty|ˈti:spu:nfʊl
teat,ti:t,
teatime,pora picia herbaty,ˈti:taɪm
teatowel,tea-towel,ścierka|ścierka do naczyń|ˈti:taʊəl
technical,ˈteknɪkəl,ˈteknɪkəl ˌkɒlɪʤ
technicality,ˌteknɪˈkælɪtɪ,
technically,1.  formalnie,"ściśle biorąc
 2.  technicznie|ˈteknɪkəlɪ"
technician,technik,tekˈnɪʃən
technique,technika,tekˈni:k
technological,technologiczny,ˌteknəˈlɒʤɪkəl
technology,technika,technologia|tekˈnɒləʤɪ
teddy,miś pluszowy,ˈtedɪ
tedious,nudny,żmudny|ˈti:dɪəs
teem,ti:m,
teenage,nastoletni,ˈti:neɪʤ
teenager,nastolatek,ˈti:neɪʤə
teens,ˈti:nz,
teeshirt,koszulka trykotowa,podkoszulek|tee-shirt|ˈti:ʃɜ:t
teeter,nad czymś),ˈti:tə
teethe,ti:ð,ząbkować
teetotal,abstynencki,nie pijący alkoholu|ti:ˈtəʊtəl
teetotaller,abstynent,ti:ˈtəʊtələ
tefl,ˈtefəl,
tel,telefon,
telecommunications,"i.    telekomunikacja
ii.    telekomunikacyjny",ˌtelɪkəmju:nɪˈkeɪʃənz
telegram,ˈtelɪgræm,
telegraph,ˈtelɪgræf,
telegraphic,telegraficzny,ˌtelɪˈgræfɪk
telepathic,telepatyczny,ˌtelɪˈpæθɪk
telepathy,telepatia,tɪˈlepəθɪ
telephonist,telefonista,telefonistka|tɪˈlefənɪst
telephoto lens,teleobiektyw,ˌtelɪfəʊtəʊ ˈlenz
telescope,ˈtelɪskəʊp,
telescopic,teleskopowy,ˌtelɪˈskɒpɪk
teletext,telegazeta,ˈtelɪtekst
teletype,dalekopis,ˈtelɪtajp
teletypwriter,dalekopis,ˌtelɪˈtajpraɪtə
televise,nadawać,nadawać przez telewizję|ˈtelɪvaɪz
television,ˈtelɪvɪʒən,
telex,i.    dalekopis,"nadawać dalekopisem|teleks
ii.    nadawać teleksem|ˈteleks"
tell,mówić prawdę,tel
teller,kasjer,ˈtelə
telling,"1.  skuteczny
 2.  wymowny",wiele mówiący|ˈtelɪŋ
telltale,ostrzegawczy,wymowny|ˈtelteɪl
telly,telewizja,telewizor|ˈtelɪ
temerity,czelność,tɪˈmerɪtɪ|zuchwałość
temper,"humor
 3.  złość",ˈtempə
temperament,ˈtempərəmənt,
temperamental,ˌtempərəˈmentəl,
temperance,umiar,ˈtempərəns
temperate,umiarkowany,ˈtempərət
temperature,temperatura,ˈtempərəʧə
tempest,burza,ˈtempɪst
tempestuous,burzliwy,temˈpestjʊəs
temple,ˈtempəl,
tempo,ˈtempəʊ,
temporal,"1.  czasowy
 2.  doczesny",ˈtempərəl
temporary,czasowy,tymczasowy|ˈtempərərɪ
tempt,by coś zrobił,
temptation,pokusa,temˈteɪʃən
tenable,do utrzymania,mogący być obroniony|ˈtenəbəl
tenacious,nieustępliwy,tɪˈneɪʃəs
tenancy,dzierżawa,najem|ˈtenənsɪ
tenant,1.  najemca lokalu,"najemca
 2.  dzierżawca|ˈtenənt"
tendency,"1.  tendencja
 2.  skłonność",ˈtendənsɪ
tender,"dotkliwy
ii.    oferta przetargowa",przedstawiać|ˈtendə
tendon,ścięgno,ˈtendən
tendril,ˈtendrɪl,
tenement,dom czynszowy,ˈtenɪmənt
tenet,doktryna,zasada|ˈtenɪt
tennessee,tenəˈsi:,
tenor,"wymowa
ii.    tenorowy",ˈtenə
tense,i.    napięty,"naprężony
ii.    napinać się|tens"
tension,napięcie,naprężenie|ˈtenʃən
tent,namiot,
tentacle,czułek,macka|ˈtentəkəl
tentative,próbny,tymczasowy|ˈtentətɪv
tenterhooks,jak na szpilkach,ˈtentəhʊks
tenth,dziesiąty,tenθ
tenuous,słaby,ˈtenjʊəs
tenure,ˈtenjə,
tepid,ˈtepɪd,
term,na krótszą metę,tɜ:m|w kategoriach ekonomicznych|z punktu widzenia
terminal,ˈtɜ:mɪnəl,
terminate,dalej nie jechać,ˈtɜ:mɪneɪt
terminology,terminologia,ˌtɜ:mɪˈnɒləʤɪ
terminus,duża stacja końcowa,stacja końcowa|ˈtɜ:mɪnəs
termite,termit,ˈtɜ:maɪt
terrace,miejsca stojące,szereg domów|ˈterəs
terraced,ˈterəst,
terrain,teren,teˈreɪn
terrible,okropny,straszny|ˈterəbəl
terrific,təˈrɪfɪk,
terrify,przerażać,ˈterɪfaɪ
territorial,terytorialny,ˌterɪˈtɔ:rɪəl
territory,"1.  terytorium
 2.  teren",ˈterɪtərɪ
terror,"1.  przerażenie
 2.  terror",ˈterə
terrorise,terrorize,terroryzować|ˈterəraɪz
terrorism,terroryzm,ˈterərɪzəm
terrorist,terrorysta,ˈterərɪst
terroristic,terrorystyczny,ˌterəˈrɪstɪk
terrorize,terrorise,terroryzować|ˈterəraɪz
terrorstricken,przerażony,terror-stricken|ˈterəstrɪkən
terse,krótki,oschły|tɜ:s
test,"badanie
iii.  test case",i.    sprawdzać|próbówka|sprawdzać|ˈtestkeɪs
testament,ˈtestəmənt,
testicle,jądro,ˈtestɪkəl
testify,ˈtestɪfaɪ,
testimony,ˈtestɪmənɪ,
tetanus,tężec,ˈtetənəs
tether,ˈteðə,
texan,teksaski,ˈteksən
texas,teksas,ˈteksəs
text,tekst,
textbook,podręcznik,ˈtekstbʊk
textiles,przemysł tekstylny,ˈtekstaɪlz
texture,ˈteksʧə,
th,"th.
  czwartek",
thames,temz,"the thames 
 - tamiza"
than,z niż,ðæn|ðən
thank,bogu dzięki'',"goodness|heavens 
 -|θæŋk"
thankful,szczęśliwy,uszczęśliwiony|ˈθæŋkfʊl
thankless,niewdzięczny,ˈθæŋklɪs
thanksgiving,święto dziękczynienia,ˈθæŋksgɪvɪŋ|θæŋksˈgɪvɪŋ deɪ
that,aż tak,taki|tamten
thatched,kryty strzechą,ˈθæʧt
thaw,"odtajać
 2.  rozmrażać",θɔ:
theater,theatre,ˈθɪətə
theatre,theater,ˈθɪətə
theatregoer,teatroman,theatre-goer|ˈθɪətəgəʊə
theatrical,teatralny,θɪˈætrɪkəl
theft,kradzież,θeft
their,ich,ðeə
theirs,ich,ðeəz
theme,ˈθi:msɒŋ,θi:m
themselves,siebie,"sobie
 2.  sami|ðemˈselvz"
then,do tamtej pory,od tamtej pory|ðen
theology,teologia,θɪˈɒləʤɪ
theorem,twierdzenie,ˈθɪərəm
theoretical,teoretyczny,θɪəˈretɪkəl
theorise,teoretyzować,theorize|ˈθɪəraɪz
theorize,teoretyzować,theorise|ˈθɪəraɪz
theory,teoria,ˈθɪərɪ
therapeutic,terapeutyczny,therapeutical|ˌθerəˈpju:tɪk
therapeutical,terapeutyczny,therapeutic|ˌθerəˈpju:tɪk
therapist,terapeuta,ˈθerəpɪst
therapy,terapia,ˈθerəpɪ
thereabouts,ˌðeərəˈbaʊts,
thereafter,potem,później|ˌðeərˈɑ:ftə
thereby,przez to,skutkiem tego|ˈðeəbaɪ
therefore,dlatego,ˈðeəfɔ:
therein,w tym,ˌðeərˈɪn
thermal,"1.  termiczny
 2.  ocieplany",ˈθɜ:məl
thermometer,termometr,θəˈmɒmɪtə
thermos,termos,ˈθɜ:məs
thermostat,termostat,ˈθɜ:məstæt
thesaurus,θɪˈsɔ:rəs,
thesis,praca,ˈθi:sɪs
they,one,oni|ðeɪ
thick,w wirze,θɪk
thicken,"1.  gęstnieć
 2.  zagęszczać",θɪkən
thicket,gęstwina,ˈθɪkɪt
thickness,grubość,ˈθɪknɪs
thickset,krępy,ˌθɪkˈset
thickskinned,gruboskórny,thick-skinned|ˌθɪkˈskɪnd
thief,złodziej,θi:f
thigh,udo,θaɪ
thimble,naparstek,ˈθɪmbəl
thin,rozwadniać,θɪn
thing,jak leci?'',θɪŋ
thingamabob,ˈθɪŋəməbɒb,
think,wymyślać,θɪŋk
thinker,myśliciel,ˈθɪŋkə
third,ˌθɜ:d ˈpɑ:tɪ,θɜ:d
thirdly,po trzecie,ˈθɜ:dlɪ
thirdrate,third-rate,trzeciorzędny|ˌθɜ:dˈreɪt
thirst,pragnienie,θɜ:st
thirsty,spragniony,ˈθɜ:stɪ
thirteen,trzynaście,ˌθɜ:ˈti:n
thirteenth,trzynasty,ˌθɜ:ˈti:nθ
thirtieth,trzydziesty,ˈθɜ:tɪəθ
thirty,trzydzieści,ˈθɜ:tɪ
this,tu mówi john,ðɪs
thistle,oset,ˈθɪsəl
thong,pasek,rzemień|θɒŋ
thorn,krzak,θɔ:n
thorough,"1.  drobiazgowy
 2.  dokładny",ˈθʌrə
thoroughfare,arteria,ˈθʌrəfeə
though,ðəʊ,
thought,"zamyślenie
 3.  pogląd",θɔ:t
thoughtful,"1.  zamyślony
 2.  troskliwy",rozważny|ˈθɔ:tfʊl
thoughtless,bezmyślny,ˈθɔ:tlɪs
thousand,tysiąc,ˈθaʊzənd
thousandth,tysięczny,ˈθaʊzənθ
thread,θred,
threadbare,wytarty,wyświechtany|ˈθredbeə
threat,θret,
threaten,ˈθretən,
three,trzy,θri:
threedimensional,three-dimensional,trójwymiarowy|ˌθri:daɪˈmenʃənəl
threequarters,three-quarters,trzy czwarte|ˌθri:ˈkwɔ:təz
thresh,młócić,θreʃ
threshold,próg,ˈθreʃhəʊld
thrift,oszczędność,θrɪft
thrifty,oszczędny,ˈθrɪftɪ
thrill,"ekscytacja
ii.    ekscytować",i.    dreszcz|θrɪl
thriller,dreszczowiec,ˈθrɪlə
thrive,prosperować,rozkwitać|θraɪv
throat,θrəʊt,
throb,puls,"pulsować
ii.    dudnienie|θrɒb"
throes,θrəʊz,
throne,tron,θrəʊn
throng,"rzesza
ii.    tłoczyć się",θrɒŋ
throttle,ˈθrɒtəl,
throughout,i.    przez cały czas,"przez
ii.    całkowicie|θru:ˈaʊt"
throw,zarzucać,"zwracać
 2.  wzbijać|θrəʊ"
throwaway,ˈθrəʊəweɪ,
thrush,drozd,θrʌʃ
thrust,θrʌst,
thu,"thu.
  czwartek",
thud,θʌd,
thug,zbir,łotr|θʌg
thumb,zatrzymywać samochody,θʌm
thumbtack,pinezka,ˈθʌmtæk
thump,"uderzać
ii.   1.  uderzenie","łomot
 2.  grzmotnięcie|θʌmp"
thunder,ˈθʌndə,
thunderbolt,uderzenie pioruna,ˈθʌndəbəʊlt
thunderous,burzliwy,grzmiący|ˈθʌndərəs
thunderstorm,burza,burza z piorunami|ˈθʌndəstɔ:m
thursday,czwartek,ˈθɜ:zdɪ
thus,"dlatego
 2.  tak",w taki sposób|ðʌs
thwart,stać na przeszkodzie,unicestwić|θwɔ:t
thyme,taɪm,tymianek
tiara,tɪˈɑ:rə,
tic,tik,tɪk
tick,tɪk,"znaczek
 2.  cykanie"
ticket,ˈtɪkɪt,
tickle,"1.  łaskotać
 2.  łechtać",ˈtɪkəl
ticklish,1.  delikatny,"drażliwy
 2.  mający łaskotki|ˈtɪklɪʃ"
tidal,a. pływowy,ˈtaɪdəl
tidbit,dobry kąsek,kąsek|titbit|ˈtɪtbɪt
tide,i.  the tide  pływ,przypływ|taɪd
tidy,taɪdɪ,
tie,taɪ,
tier,rząd,tɪə
tiff,sprzeczka,tɪf
tiger,tygrys,ˈtaɪgə
tight,"hermetycznie
iii.   tights  rajstopy",taɪt
tighten,1.  zaciskać się,"zaciskać
 2.  naprężać się|zaostrzać|ˈtaɪtən"
tightfisted,skąpy,tight-fisted|ˌtaɪtˈfɪstɪd
tightrope,lina,lina do akrobatyki|ˈtaɪtrəʊp
tile,taɪl,
till,tɪl,
tilt,i.    przechylać się,"pochylenie|przechylać
ii.    przechylenie|tɪlt"
timber,ˈtɪmbə,
timeless,ponadczasowy,wieczny|ˈtaɪmlɪs
timely,aktualny,na czas|w porę|ˈtaɪmlɪ
timer,minutnik,ˈtaɪmə
timetable,ˈtaɪmteɪbəl,
timid,nieśmiały,ˈtɪmɪd
timing,1.  poczucie czasu,"wyczucie chwili
 2.  synchronizacja|ˈtaɪmɪŋ"
timpani,kotły,ˈtɪmpənɪ
tin,konserwować,tɪn
tinfoil,folia aluminiowa,staniol|ˈtɪnfɔɪl
tinge,tɪnʤ,
tinged,tɪnʤd,zabarwiony
tingle,kłuć,szczypać|ˈtɪŋgəl
tinker,ˈtɪŋkə,
tinkle,"i.    brzęczeć
ii.    brzęczenie",ˈtɪŋkəl
tinned,konserwowy,tɪnd
tinny,1.  jazgotliwy,"przenikliwy
 2.  blaszany|ˈtɪnɪ"
tinopener,otwieracz do konserw,tin-opener|ˈtɪnəʊpənə
tinsel,girlanda bożonarodzeniowa,ˈtɪnsəl
tint,tɪnt,
tinted,"1.  kolorowy
 2.  farbowany",ˈtɪntɪd
tiny,malutki,ˈtaɪnɪ
tip,tɪp,
tipoff,poufna informacja,tip-off|ˈtɪpɒf
tipped,tɪpt,
tipple,trunek,ˈtɪpəl
tipsy,ululany,wstawiony|ˈtɪpsɪ
tiptoe,ˈtɪptəʊ,
tire,męczyć,opona|tyre|ˈtaɪə
tired,"1.  zmęczony
 2.  wyczerpany",ˈtaɪəd
tireless,niestrudzony,niezmordowany|ˈtaɪəlɪs
tiresome,męczący,ˈtaɪəsəm
tiring,nużący,ˈtaɪərɪŋ
tissue,bibułka,ˈtɪʃu:|ˈtɪʃu: peɪpə
tit,tɪt,
titbit,dobry kąsek,kąsek|tidbit|ˈtɪtbɪt
titillate,podniecać,łechtać|ˈtɪtɪleɪt
titivate,wysztafirować,ˈtɪtɪveɪt
title,tytuł,ˈtaɪtəl
titled,utytułowany,ˈtaɪtəld
titleholder,title-holder,zdobywca tytułu|ˈtaɪtəlhəʊldə
titter,chichotać,ˈtɪtə
tittletattle,plotka,tittle-tattle|ˈtɪtəl ˌtætəl
titular,tytularny,ˈtɪtjʊlə
to,tam i sam,tu:|tə|tʊ
toad,ropucha,təʊd
toadstool,grzyb trujący,ˈtəʊdstu:l
toaster,opiekacz,opiekacz do grzanek|ˈtəʊstə
tobacco,tytoń,təˈbækəʊ
tobacconist,sklep z papierosami,təˈbækənɪst
today,təˈdeɪ,
toddle,ˈtɒdəl,
toddler,małe dziecko,pędrak|ˈtɒdlə
toddy,grog,ˈtɒdɪ
todo,to-do,təˈdu:|wrzawa|zamieszanie
toe,1.  palec u nogi,təʊ
toenail,paznokieć,paznokieć palca nogi|ˈtəʊneɪl
toffee,toffi,ˈtɒfɪ
together,təˈgeðə,
toil,tɔɪl,
toilet,"ubikacja
 2.  miska klozetowa",ˈtɔɪlɪt
toiletries,przybory toaletowe,ˈtɔɪlɪtrɪz
token,ˈtəʊkən,
tokyo,tokio,ˈtəʊkɪəʊ
tolerable,do wytrzymania,znośny|ˈtɒlərəbəl
tolerance,tolerancja,wyrozumiałość|ˈtɒlərəns
tolerant,tolerancyjny,ˈtɒlərənt
tolerate,tolerować,znosić|ˈtɒləreɪt
toll,təʊl,
tomato,pomidor,təˈmɑ:təʊ
tomb,grobowiec,tu:m
tomboy,chłopczyca,ˈtɒmbɔɪ
tombstone,płyta nagrobna,ˈtu:mstəʊn
tomcat,kocur,ˈtɒmkæt
tomorrow,jutro,təˈmɒrəʊ
ton,tʌn,
tone,təʊn,
tonedeaf,bez słuchu muzycznego,niemuzykalny|tone-deaf|ˌtəʊnˈdef
tongs,szczypce,tɒŋz
tongue,tʌŋ,
tonguetied,tongue-tied,ˈtʌŋtaɪd
tonguetwister,tongue-twister,wyrażenie trudne do wymówienia|ˈtʌŋˌtwɪstə
tonic,ˈtɒnɪk,
tonight,i.    dzisiaj wieczorem,"təˈnaɪt|wieczorem
ii.    dzisiejszy"
tonnage,tonaż,ˈtʌnɪʤ
tonne,tʌn,
tonsil,migdałek,ˈtɒnsəl
tonsillitis,zapalenie migdałków,ˌtɒnsɪˈlaɪtɪs
too,aż nazbyt,"także
 2.  zbyt|tu:"
tool,tu:l,
toot,"i.    trąbić
ii.    zatrąbienie",tu:t
tooth,tu:θ,ząb
toothache,ból zęba,ˈtu:θeɪk
toothbrush,szczoteczka do zębów,ˈtu:θbrʌʃ
toothpaste,pasta do zębów,ˈtu:θpeɪst
toothpick,wykałaczka,ˈtu:θpɪk
topheavy,przeciążony na górze,top-heavy|ˌtɒpˈhevɪ
topic,temat,zagadnienie|ˈtɒpɪk
topical,aktualny,ˈtɒpɪkəl
toplevel,na najwyższym szczeblu,top-level|ˌtɒpˈlevəl
topmost,najwyższy,ˈtɒpməʊst
topping,polewa,wierzch|ˈtɒpɪŋ
topple,ˈtɒpəl,
topsecret,top-secret,ściśle tajny|ˌtɒpˈsi:krət
topup,dolewka,top-up|ˈtɒpʌp
torch,tɔ:ʧ,
torment,dręczyć,"torment
i.    męka|udręka
ii.    męczyć"
tormentor,dręczyciel,tɔ:ˈmentə
torn,rozdarty,tɔ:n
tornado,tɔ:ˈneɪdəʊ,
torpedo,"i.    torpeda
ii.    torpedować",tɔ:ˈpi:dəʊ
torrent,potok,ˈtɒrənt
torso,tors,ˈtɔ:səʊ
tortoise,żółw,ˈtɔ:təs
tortoiseshell,szylkret,ˈtɔ:təsʃel
tortuous,ˈtɔ:tjʊəs,
torture,"i.    tortura
ii.    torturować",ˈtɔ:ʧə
tory,torys,ˈtɔ:rɪ
toss,"przewracać
 3.  rzucać monetę","rozstrzygać przez rzut monety|rzucać
 2.  wstrząsać|tɒs"
tot,1.  berbeć,"dzidziuś
 2.  kieliszeczek|tɒt"
total,ˈtəʊtəl,
totalitarian,totalitarny,təʊˌtælɪˈteərɪən
totter,ˈtɒtə,
touch,być na bieżąco,"być w kontakcie|dotykać
 2.  stykać się|kontaktować się
 3.  poruszać|tʌʧ"
touchdown,lądowanie,wodowanie|ˈtʌʧdaʊn
touching,poruszający,wzruszający|ˈtʌʧɪŋ
touchy,drażliwy,ˈtʌʧɪ
tough,tʌf,
toughen,1.  wzmacniać,"utwardzać
 2.  twardnieć|ˈtʌfən"
toupee,mała peruka,peruka|ˈtu:peɪ
tour,"objazd
 2.  wycieczka","tʊə|zwiedzanie
ii.    objeżdżać"
tourism,turystyka,ˈtʊərɪzəm
tourist,turysta,ˈtʊərɪst
tournament,turniej,ˈtʊənəmənt
tousled,rozczochrany,ˈtaʊzəld
tout,sprzedawca biletów,taʊt
tow,təʊ,
toward,1.  w kierunku,towards|təˈwɔ:d
towards,1.  w kierunku,toward|təˈwɔ:d
towel,ręcznik,ˈtaʊəl
towelling,tkanina froté,ˈtaʊəlɪŋ
tower,ˈtaʊə,ˈtaʊəblɒk
towering,wyniosły,ˈtaʊərɪŋ
towpath,ścieżka,ˈtəʊpɑ:θ
towrope,lina holownicza,ˈtəʊrəʊp
toxic,toksyczny,ˈtɒksɪk
toy,tɔɪ,
trace,"kopiować
ii.    ślad",treɪs
tracing,ˈtreɪsɪŋ,
track,nie wiedzieć,træk
tracker,tropiciel,ˈtrækə
tracksuit,dres,ˈtræksu:t
tract,trækt,
tractor,ˈtræktə,
trade,działacz związku zawodowego,treɪd|związkowiec|ˈtreɪdneɪm|ˌtreɪdˈju:nɪən
trademark,ˈtreɪdmɑ:k,
trader,handlarz,kupiec|ˈtreɪdə
tradesman,handlowiec,ˈtreɪdzmən
tradition,tradycja,trəˈdɪʃən
traditional,tradycyjny,trəˈdɪʃənəl
traffic,światła drogowe,ˈtræfɪk|ˈtræfɪklaɪts
tragedy,tragedia,ˈtræʤɪdɪ
tragic,tragiczny,ˈtræʤɪk
trail,ciągnąć,"tracić|treɪl|wlec
 2.  tracić punkty|wlec za sobą"
trailer,ˈtreɪlə,
train,koleją,treɪn
trained,szkolony,wykwalifikowany|ˈtreɪnd
trainee,praktykant,treɪˈni:
trainer,ˈtreɪnə,
traipse,ciągnąć się,treɪps|włóczyć się
trait,cecha,treɪt
traitor,zdrajca,ˈtreɪtə
tram,tramwaj,træm
tramp,træmp,
trample,1.  deptać,"nadepnąć 
 2.  zdeptywać|ˈtræmpəl"
trampoline,trampolina,ˈtræmpəlɪn
trance,trans,trɑ:ns
tranquil,spokojny,ˈtræŋkwɪl
transact,przeprowadzać,trænˈzækt
transaction,transakcja,trænˈzækʃən
transcend,przekraczać,trænˈsend
transcendental,transcendentny,ˌtrænsənˈdentəl
transcribe,transkrybować,trænsˈkraɪb
transcript,"transkrypcja
 2.  odpis",ˈtrænskrɪpt
transfer,naklejka,
transform,przekształcać,trænsˈfɔ:m
transformer,transformator,trænsˈfɔ:mə
transfuse,trænsˈfju:z,
transfusion,przetoczenie,transfuzja|trænsˈfju:ʒən
transient,efemeryczny,przelotny|ˈtrænzɪənt
transistor,tranzystor,trænˈzɪstə
transit,przejazdem,ˈtrænzɪt
transition,przejście,trænˈzɪʃən|zmiana
transitive,przechodni,ˈtrænzɪtɪv
transitory,przejściowy,ˈtrænzɪtərɪ
transl,tłumaczenie,
translate,przekładać,trænsˈleɪt|tłumaczyć
translation,przekład,trænsˈleɪʃən|tłumaczenie
translator,trænsˈleɪtə,tłumacz
transmission,1.  przenoszenie,"przesyłanie
 2.  transmisja|trænzˈmɪʃən"
transmit,1.  przesyłać,"przekazywać|przenosić 
 2.  transmitować|trænzˈmɪt"
transmitter,przekaźnik,trænzˈmɪtə
transparency,trænsˈpærənsɪ,
transparent,"1.  przezroczysty
 2.  przejrzysty",oczywisty|trænsˈpærənt
transpire,trænsˈpaɪə,
transport,przewozić,"transport
i.   1.  transport"
transportation,transport,ˌtrænspɔ:ˈteɪʃən
transverse,poprzeczny,trænzˈvɜ:s
transvestite,transwestyta,trænzˈvestaɪt
trap,i.    pułapka,"træp|zamknąć
 3.  zwabiać|znęcać
 4.  przechwytywać|znęcać w pułapkę"
trapdoor,zapadnia,ˈtræpdɔ:
trapeze,trapez,trəˈpi:z
trapper,traper,ˈtræpə
trappings,atrybuty,ornamenty|ˈtræpɪŋz
trash,kicz,træʃ
trashcan,kubeł na śmieci,ˈtræʃkæn
trashy,bezwartościowy,kiczowaty|ˈtræʃɪ
trauma,cierpienie,ˈtrɔ:mə
traumatic,traumatyczny,trɔ:ˈmætɪk|urazowy
travel,"jeździć
 2.  przenosić się",pracownik biura podróży|ˈtrævəl|ˈtrævəl ˌeɪʤənsɪ|ˈtrævəl ˌeɪʤənt
traverse,przecinać,trəˈvɜ:s
travesty,parodia,trawestacja|ˈtrævəstɪ
trawler,ˈtrɔ:lə,
tray,taca,treɪ
treacherous,zdradliwy,ˈtreʧərəs
treachery,zdrada,ˈtreʧərɪ
treacle,syrop,ˈtri:kəl
tread,tred,
treas,"treas.
  skarbnik",
treason,zdrada,ˈtri:zən
treasure,ˈtreʒə,
treasurer,skarbnik,ˈtreʒərə
treasury,ˈtreʒərɪ,
treat,"nasycać
 4.  fundować","stawiać
ii.    szczególna uroczystość|tri:t"
treatise,ˈtri:tɪs,
treatment,1.  leczenie,"terapia
 2.  traktowanie|ˈtri:tmənt"
treaty,traktat,ˈtri:tɪ
treble,trzy razy,ˈtrebəl
tree,drzewo,tri:
treetop,korona drzewa,ˈtri:tɒp
trek,"i.    podróżować
ii.    podróż",
tremble,drżeć,ˈtrembəl
tremendous,niebywały,ogromny|trəˈmendəs
tremor,drżenie,ˈtremə
trench,okop,rów|trenʧ
trend,kierunek,tendencja
trendy,modny,ˈtrendɪ
trepidation,niepokój,przestrach|ˌtrepɪˈdeɪʃən
trespass,wchodzić,wtargnąć|ˈtrespəs
trespasser,wstęp surowo wzbroniony'',ˈtrespəsə
tress,tres,warkocz
triangle,trójkąt,ˈtraɪæŋgəl
triangular,traɪˈæŋgjələ,trójkątny
tribal,plemienny,szczepowy|ˈtraɪbəl
tribe,plemię,szczep|traɪb
tribesman,członek szczepu,ˈtraɪbzmən
tribunal,traɪˈbju:nəl,trybunał
tributary,dopływ,ˈtrɪbjətərɪ
tribute,ˈtrɪbju:t,
trice,traɪs,
trick,i.    oszukiwać,trɪk
trickery,oszustwo,podstęp|ˈtrɪkərɪ
trickle,ciec,"i.    ciec strużką|strumyczek|sączyć się
ii.    strużka|wątły strumyczek"
tricky,podchwytliwy,podstępny|ˈtrɪkɪ
trifle,1.  drobiazg,"bagatela
 2.  przekładaniec|odrobinę|ˈtraɪfəl"
trifling,nieważny,nieznaczny|ˈtraɪflɪŋ
trigger,i.    język spustowy,ˈtrɪgə
trilogy,trylogia,ˈtrɪləʤɪ
trimming,1.  ozdóbka,"przystrojenie
 2. trimmings  dodatki|ˈtrɪmɪŋ"
trinket,ozdóbka,świecidełko|ˈtrɪŋkɪt
trio,ˈtri:əʊ,
trip,przewracać,trɪp
tripartite,traɪˈpɑ:taɪt,trójstronny
tripe,traɪp,
triple,"i.    potrójny
ii.    potrajać",ˈtrɪpəl
triplets,trojaczki,ˈtrɪplɪts
tripod,statyw,ˈtraɪpɒd
trite,banalny,traɪt
triumph,"i.    triumf
ii.    triumfować",ˈtraɪəmf
triumphal,traɪˈʌmfəl,triumfalny
trivia,banały,ˈtrɪvɪə
trivial,banalny,nie znaczący|ˈtrɪvɪəl
trolley,ˈtrɒlɪ,
trombone,puzon,trɒmˈbəʊn
troop,i.    oddział,"tru:p|wojsko
ii.    przegrupowywać się"
trooper,żołnierz,ˈtru:pə
trophy,trofeum,ˈtrəʊfɪ
tropic,tropik,ˈtrɒpɪk
tropical,tropikalny,ˈtrɒpɪkəl
trot,trɒt,
trouble,ˈtrʌbəl,
troubled,1.  zmartwiony,"zachwiany|zakłopotany
 2.  zaburzony|ˈtrʌbəld"
troublemaker,sprawca kłopotów,ˈtrʌbəlmeɪkə
troublesome,kłopotliwy,ˈtrʌbəlsəm
trough,trɒf,
troupe,tru:p,trupa
trousers,spodnie,ˈtraʊzəz
trout,pstrąg,traʊt
trowel,1.  łopatka ogrodnicza,"łopatka
 2.  kielnia|ˈtraʊəl"
truancy,wagary,ˈtru:ənsɪ
truant,ˈtru:ənt,
truce,rozejm,tru:s
truck,lora,trʌk
truculent,wojowniczy,ˈtrʌkjʊlənt
trudge,i.    iść z trudem,trʌʤ
true,tru:,
truffle,trufel,ˈtrʌfəl
truly,z poważaniem'',ˈtru:lɪ
trump,trump card  atut,trʌmp
trumpet,ˈtrʌmpɪt,
trumpeter,trębacz,ˈtrʌmpɪtə
truncate,obcinać,okaleczać|trʌŋˈkeɪt
truncheon,pałka,ˈtrʌnʧən
trundle,toczyć,toczyć się|ˈtrʌndəl
trunk,trʌŋk,
trust,trʌst,"wierzyć 
 2.  zaufać"
trustee,"1.  powiernik
 2.  zarządca",trʌsˈti:
trustful,ufny,ˈtrʌstfʊl
trusting,ufny,ˈtrʌstɪŋ
trustworthy,godny zaufania,ˈtrʌstwɜ:ðɪ
trusty,ulubiony,zaufany|ˈtrʌstɪ
truth,prawda,tru:θ
truthful,prawdziwy,ˈtru:θfʊl
try,traɪ,
trying,ciężki,dojmujący|ˈtraɪɪŋ
tshirt,koszulka trykotowa,podkoszulka|t-shirt|ˈti:ʃɜ:t
tu,"tu.
  wtorek",związek zawodowy
tub,tʌb,
tuba,ˈtju:bə,
tubby,przysadzisty,ˈtʌbɪ
tube,tju:b,
tuber,bulwa,ˈtju:bə
tubercular,"i.    gruźliczy
ii.    gruźlik",tjʊˈbɜ:kjʊˈlə
tuberculosis,gruźlica,tjʊˌbɜ:kjʊˈləʊsɪs
tubing,rury,system rur|ˈtju:bɪŋ
tubular,rurkowy,rurowaty|ˈtju:bjʊlə
tuck,i.    wpychać,tʌk|zawijać
tues,"tues.
  wtorek",
tuesday,wtorek,ˈtju:zdɪ
tuft,kępka,pęczek|tʌft
tug,tʌg,
tuition,tjʊˈɪʃən,
tulip,tulipan,ˈtju:lɪp
tumbler,szklanka,ˈtʌmblə
tummy,brzuszek,ˈtʌmɪ
tumor,guz,nowotwór|tumour|ˈtju:mə
tumour,guz,nowotwór|tumor|ˈtju:mə
tumult,wrzawa,ˈtju:mʌlt
tuna,tuna fish,tuńczyk|ˈtju:nə
tuna fish,tuna,tuńczyk|ˈtju:nə
tuneful,melodyjny,ˈtju:nfʊl
tunic,bluza,ˈtju:nɪk
tunisia,tjʊˈnɪzɪə,tunezja
tunisian,"i.    tunezyjski
ii.    tunezyjczyk",tjʊˈnɪzɪən
tunnel,ˈtʌnəl,
turban,ˈtɜ:bən,
turbine,turbina,ˈtɜ:baɪn
turbulent,burzliwy,ˈtɜ:bjələnt
turf,tɜ:f,
turgid,napuszony,ˈtɜ:ʤɪd
turk,turek,tɜ:k
turkey,indyk,turcja|ˈtɜ:kɪ
turkish,turecki,ˈtɜ:kɪʃ
turmoil,niepokój,ˈtɜ:mɔɪl
turning,punkt zwrotny,ˈtɜ:nɪŋ|ˈtɜ:nɪŋpɔɪnt
turnip,rzepa,ˈtɜ:nɪp
turnout,frekwencja,publiczność|ˈtɜ:naʊt
turnover,1.  fluktuacja kadr,"fluktuacja
 2.  obrót|przerób|ˈtɜ:nəʊvə"
turntable,talerz,talerz gramofonu|ˈtɜ:nteɪbəl
turnup,mankiet,turn-up|ˈtɜ:nʌp
turpentine,terpentyna,ˈtɜ:pəntaɪn
turquoise,"i.    turkusowy
ii.    turkus",ˈtɜ:kwɔɪz
turret,wieżyczka,ˈtʌrɪt
turtle,żółw,ˈtɜ:təl
turtleneck,ˈtɜ:təlnek,
tusk,kieł,tʌsk
tussle,i.    szamotać się,"szarpanina|szarpać się
ii.    szamotanina|ˈtʌsəl"
tut,no no,tʌt
tutor,ˈtju:tə,
tutorial,"i.    seminarium
ii.    seminaryjny",tjʊˈtɔ:rɪəl
tuxedo,smoking,tʌkˈsi:dəʊ
tv,ˌtɪ:ˈvi:,
twaddle,bzdury,ˈtwædəl
twang,brzdąkać (sth - czymś,"brzęknięcie
ii.    brzęczeć|twæŋ|w coś)"
tweed,twi:d,
tweet,twi:t,ćwierkać
tweezers,pinceta,ˈtwi:zəz
twelfth,dwunasty,ˈtwelfθ
twelve,dwanaście,twelv
twentieth,dwudziesty,ˈtwentɪəθ
twenty,dwadzieścia,ˈtwentɪ
twice,dwa razy,dwukrotnie|twaɪs
twiddle,kręcić,obracać|ˈtwɪdəl
twig,gałązka,twɪg
twilight,zmierzch,zmrok|ˈtwaɪlaɪt
twin,"i.    bliźniak
ii.    bliźniaczy",podwójny|twɪn
twine,"linka
ii.    okręcać",twaɪn
twinge,odczucie,twɪnʤ
twinkle,błysk,ˈtwɪŋkəl
twirl,kręcić,kręcić się|obracać|obracać się|twɜ:l
twist,"obracać
 2.  odkręcać","obracać się|skręt
 2.  wykręcenie|twɪst|wykręcać"
twit,dureń,twɪt
twitch,twɪʧ,
twitter,ćwierkać,świergotać|ˈtwɪtə
two,tu:,
twofaced,dwulicowy,two-faced|ˌtu:ˈfeɪst
twoway,"1.  dwustronny
 2.  nadawczo-odbiorczy",two-way|ˌtu:ˈweɪ
tycoon,magnat,taɪˈku:n
type,"drukować
 2.  wpisywać",pisać|taɪp
typecast,ˈtaɪpkɑ:st,
typewriter,maszyna do pisania,ˈtaɪpraɪtə
typewritten,napisane na maszynie,ˈtaɪprɪtən
typhoid,dur,dur brzuszny|tyfus|ˈtaɪfɔɪd
typhoon,tajfun,taɪˈfu:n
typhus,dur plamisty,tyfus|ˈtaɪfəs
typical,charakterystyczny,typowy|ˈtɪpɪkəl
typically,"1.  zazwyczaj
 2.  typowo",ˈtɪpɪkəlɪ
typify,uosabiać,ˈtɪpɪfaɪ
typist,maszynistka,ˈtaɪpɪst
tyrannical,tyrański,tɪˈrænɪkəl
tyranny,tyrania,ˈtɪrənɪ
tyrant,tyran,ˈtaɪrənt
tyre,opona,tire|ˈtaɪə
ubiquitous,ju:ˈbɪkwɪtəs,wszechobecny
udder,wymię,ˈʌdə
uganda,ju:ˈgændə,
ugandan,"i.    ugandyjski
ii.    ugandyjczyk",ju:ˈgændən
ugly,"1.  brzydki
 2.  paskudny",ˈʌglɪ
ukrainian,"i.    ukraiński
ii.    ukrainiec",ju:ˈkreɪnɪən
ulcer,wrzód,ˈʌlsə
ult,ult.,"ultimo
  ubiegłego miesiąca"
ulterior,ʌlˈtɪərɪə,
ultimate,"1.  ostateczny
 2.  najwyższy",ˈʌltɪmət
ultimately,ostatecznie,ˈʌltɪmətlɪ
ultimatum,ˌʌltɪˈmeɪtəm,
ultimo,ult.,"ultimo
  ubiegłego miesiąca"
ultraviolet,ultrafioletowy,ˌʌltrəˈvaɪələt
umbilical cord,pępowina,ʌmˌbɪlɪkəl ˈkɔ:d
umbrella,parasol,ʌmˈbrələ
umpire,"i.    sędzia
ii.    sędziować",ˈʌmpaɪə
umpteen,niezliczona ilość,tysiąc|ˈʌmpˈti:n
un,onz,ˌju:ˈen
unabashed,nie zbity z tropu,ˌʌnəˈbæʃt
unabated,nie słabnący,niezmniejszony|ˌʌnəˈbeɪtɪd
unable,nie móc zrobić czegoś,ʌnˈeɪbəl
unacceptable,nie do przyjęcia,ˌʌnəkˈseptəbəl
unaccompanied,ˌʌnəˈkʌmpənɪd,
unaccountable,1.  nie wyjaśniony,ˌʌnəˈkaʊntəbəl
unaccustomed,"1.  nieprzywykły
 2.  niezwyczajny",ˌʌnəˈkʌstəmd
unanimous,jednogłośny,ju:ˈnænɪməs
unarmed,nieuzbrojony,ʌnˈɑ:md
unassuming,bezpretensjonalny,skromny|ˌʌnəˈsju:mɪŋ
unattached,nie związany małżeństwem,ˌʌnəˈtæʧ
unattended,bez opieki,ˌʌnəˈtendɪd
unauthorized,bez upoważnienia,nieupoważniony|ʌnˈɔ:θəraɪzd
unavoidable,nie do uniknięcia,ˌʌnəˈvɔɪdəbəl
unaware,ˌʌnəˈweə,
unawares,catch,ˌʌnəˈweəz
unbearable,nie do zniesienia,ʌnˈbeərəbəl
unbeatable,nie do pokonania,nie do prześcignięcia|ʌnˈbi:təbəl
unbelievable,niewiarygodny,ˌʌnbɪˈli:vəbəl
unborn,nienarodzony,ʌnˈbɔ:n
unbounded,bezgraniczny,ʌnˈbaʊndɪd
unbroken,bez przerwy,bez zakłóceń|ʌnˈbrəʊkən
unbutton,rozpinać,ʌnˈbʌtən
uncalledfor,nieproszony,uncalled-for|ʌnˈkɔ:ld fɔ:
uncanny,zadziwiający,zagadkowy|ʌŋˈkænɪ
unceasing,nieustanny,ʌnˈsi:sɪŋ
unceremonious,bezceremonialny,ˌʌnserɪˈməʊnɪəs
uncertain,niepewny,ʌnˈsɜ:tən
uncertainty,niepewność,wątpliwość|ʌnˈsɜ:təntɪ
unchallenged,niekwestionowalny,niekwestionowany|ʌnˈʧælənʤd
unchecked,niepohamowany,ʌnˈʧekt
uncivilised,uncivilized,ʌnˈsɪvɪlaɪzd
uncivilized,uncivilised,ʌnˈsɪvɪlaɪzd
uncle,stryj,stryjek|wuj|wujek|ˈʌŋkəl
unclear,ʌŋˈklɪə,
uncomfortable,"1.  niewygodny
 2.  niepewny",źle się czujący|ʌŋˈkʌmfətəbəl
uncommitted,1.  neutralny,"niezaangażowany
 2.  nie związany|ˌʌŋkəˈmɪtɪd"
uncommon,niepospolity,rzadki|ʌŋˈkɒmən
uncomprehending,nie pojmujący,ˌʌŋkɒmprɪˈhendɪŋ
uncompromising,bezkompromisowy,ʌŋˈkɒmprəmaɪzɪŋ
unconcerned,nie troszczący się,niezainteresowany|ˌʌŋkənˈsɜ:nd
unconditional,bezwarunkowy,ˌʌŋkənˈdɪʃənəl
unconscious,ʌŋˈkɒnʃəs,
uncontrolled,niekontrolowany,niepowstrzymany|ˌʌŋkənˈtrəʊld
uncork,odkorkować,ʌŋˈkɔ:k
uncountable,niepoliczalny,ʌŋˈkaʊntəbəl
uncouth,nieokrzesany,ʌŋˈku:θ
uncover,odkrywać,ʌŋˈkʌvə
undaunted,nie powstrzymany,niezastraszony|ʌnˈdɔ:ntɪd
undecided,niezdecydowany,ˌʌndɪˈsaɪdɪd
undeniable,niezaprzeczalny,ˌʌndɪˈnaɪəbəl
undercarriage,podwozie,ˈʌndəkærɪʤ
underclothes,bielizna,ˈʌndəkləʊðz
undercover,tajny,ˈʌndəkʌvə
undercurrent,ukryty nurt,ˈʌndəkʌrənt
undercut,ˌʌndəˈkʌt,
underdeveloped,słabo rozwinięty,ˌʌndədɪˈvelɒpt
underdog,słabsza strona,ˈʌndədɒg
underdone,niedogotowany,niedopieczony|ˌʌndəˈdʌn
underestimate,niedoceniać,ˌʌndərˈestɪmeɪt
underfed,niedożywiony,ˌʌndəˈfed
underfoot,pod nogami,pod stopami|ˌʌndəˈfʊt
undergo,poddawać się,przechodzić|ˌʌndəˈgəʊ
undergraduate,student,ˌʌndəˈgrædjʊət
underground,1.  podziemny,ˈʌndəgraʊnd
undergrowth,poszycie,ˈʌndəgrəʊθ
underhand,potajemny,skryty|ˌʌndəˈhænd
underlie,znajdować się u podstaw,ˌʌndəˈlaɪ
underline,podkreślać,ˌʌndəˈlaɪn
underling,podwładny,ˈʌndəlɪŋ
undermine,podkopywać,ˌʌndəˈmaɪn
underneath,"spodni
iv.    spód",ˌʌndəˈni:θ
underpaid,niedopłacany,ˌʌndəˈpeɪd
underpants,kalesony,majtki|ˈʌndəpænts
underpass,ˈʌndəpɑ:s,
underprivileged,nie mający przywilejów,upośledzony|ˌʌndəˈprɪvɪlɪʤd
underrate,nie doceniać,ˌʌndəˈreɪt
undershirt,koszulka,podkoszulek|ˈʌndəʃɜ:t
underside,spód,ˈʌndəsaɪd
understaffed,ˌʌndəˈstɑ:ft,
understand,pojmować,rozumieć|ˌʌndəˈstænd
understandable,zrozumiały,ˌʌndəˈstændəbəl
understanding,"pojmowanie
 2.  zrozumienie",ˌʌndəˈstændɪŋ
understatement,niedomówienie,ˌʌndəˈsteɪtmənt
understudy,dubler,ˈʌndəstʌdɪ
undertake,ˌʌndəˈteɪk,
undertaker,przedsiębiorca pogrzebowy,ˌʌndəˈteɪkə
undertaking,ˌʌndəˈteɪkɪŋ,
undertone,ˈʌndətəʊn,
undervalue,niedoceniać,ˌʌndəˈvælju:
underwater,"1.  podwodny
 2.  podmorski",ˌʌndəˈwɔ:tə
underway,trwać,ˌʌndəˈweɪ
underwear,bielizna,ˈʌndəweə
underweight,niedowaga,ˌʌndəˈweɪt
underworld,podziemie,świat przestępczy|ˈʌndəwɜ:ld
underwriter,agent ubezpieczeniowy,ˌʌndəˈraɪtə
undesirable,niepożądany,ˌʌndɪˈzaɪərəbəl
undies,bielizna,ˈʌndɪz
undo,1.  rozwiązywać,"rozpinać
 2.  niszczyć|zaprzeczać|ʌnˈdu:"
undoing,klęska,ruina|ʌnˈdu:ɪŋ
undone,rozwiązany,ʌnˈdʌn
undoubted,niezaprzeczalny,ʌnˈdaʊtɪd
undress,rozbierać,rozbierać się|ʌnˈdres
undue,nadmierny,ʌnˈdju:
undulate,falować,ˈʌndjəleɪt
unduly,nadmiernie,ʌnˈdju:lɪ
unearth,odkopywać,wydobywać na światło dzienne|ʌnˈɜ:θ
unearthly,"1.  nieziemski
 2.  nieludzki",ʌnˈɜ:θlɪ
unease,niepokój,ʌnˈi:z
uneasy,niepewny,niespokojny|ʌnˈi:zɪ
unemployed,bezrobotny,ˌʌnɪmˈplɔɪd
unemployment,bezrobocie,ˌʌnɪmˈplɔɪmənt
unending,nie kończący się,ʌnˈendɪŋ
unequivocal,jasny,niedwuznaczny|ˌʌnɪkˈwɪvəkəl
unerring,nieomylny,ʌnˈɜ:rɪŋ
uneven,nierówny,ʌnˈi:vən
uneventful,bez wydarzeń,jednostajny|ʌnɪˈventfʊl
unexpected,niespodziewany,ˌʌnɪksˈpektɪd
unfailing,niezawodny,ʌnˈfeɪlɪŋ
unfair,niesprawiedliwy,ʌnˈfeə
unfaithful,niewierny,ʌnˈfeɪθfʊl
unfamiliar,ˌʌnfəˈmɪlɪə,
unfasten,rozpinać,ʌnˈfɑ:sən
unfavorable,unfavourable,ʌnˈfeɪvərəbəl
unfavourable,unfavorable,ʌnˈfeɪvərəbəl
unfeeling,nieczuły,ʌnˈfi:lɪŋ
unfit,ʌnˈfɪt,
unfold,1.  rozwijać się,"rozwijać
 2.  odsłaniać|ʌnˈfəʊld"
unforeseen,nieprzewidziany,ˌʌnfəˈsi:n
unforgettable,niezapomniany,ˌʌnfəˈgetəbəl
unforgivable,niewybaczalny,ˌʌnfəˈgɪvəbəl
unfortunate,1.  nieszczęśliwy,niedobry|ʌnˈfɔ:ʧənət
unfounded,bezpodstawny,ʌnˈfaʊndɪd
unfriendly,nieprzyjazny,ʌnˈfrendlɪ
unfurnished,nie umeblowany,ʌnˈfɜ:nɪʃt
ungainly,niezgrabny,ʌnˈgeɪnlɪ
unhappy,pożałowania godny,ʌnˈhæpɪ
unharmed,bez uszczerbku,nienaruszony|ʌnˈhɑ:md
unhealthy,"1.  niezdrowy
 2.  chorobliwy",ʌnˈhelθɪ
unheardof,niesłychany,unheard-of|ʌnˈhɜ:dəv
unicef,ˈju:nɪsef,
unicorn,jednorożec,ˈju:nɪkɔ:n
unification,unifikacja,zjednoczenie|ˌju:nɪfɪˈkeɪʃən
uniform,"i.    mundur
ii.    jednolity",ˈju:nɪfɔ:m
uniformity,ujednolicenie,ˌjʊnɪˈfɔ:mɪtɪ
unify,jednoczyć,unifikować|ˈju:nɪfaɪ
unilateral,jednostronny,ˌju:nɪˈlætərəl
uninhabitable,ˌʌnɪnˈhæbɪtəbəl,
uninhabited,niezamieszkany,niezamieszkały|ˌʌnɪnˈhæbɪtɪd
unique,1.  unikalny,"ju:ˈni:k|unikatowy
 2.  wyłączny"
unisex,dla obu płci,obupłciowy|ˈju:nɪseks
unison,"in unison 
 - zgodnie",unisono|ˈju:nɪsən
unit,zespół,ˈju:nɪt
unitarian,"i.    unitariański
ii.    unitarianin",ju:nɪˈteərɪən
unite,jednoczyć,jednoczyć się|ju:ˈnaɪt
unity,jedność,ˈju:nɪtɪ
univ,"univ.
  uniwersytet",
universal,"1.  powszechny
 2.  uniwersalny",ˌju:nɪˈvɜ:səl
universe,wszechświat,ˈju:nɪvɜ:s
university,uniwersytet,ˌju:nɪˈvɜ:sɪtɪ
unjust,niesprawiedliwy,ʌnˈʤʌst
unjustified,nieuzasadniony,niezrozumiały|ʌnˈʤʌstɪfaɪd
unkempt,rozczochrany,źle utrzymany|ʌŋˈkempt
unkind,niedobry,okrutny|ʌŋˈkaɪnd
unknown,nieznajomy,nieznany|ʌnˈnəʊn
unlawful,bezprawny,ʌnˈlɔ:fʊl
unleaded,bezołowiowy,ʌnˈledɪd
unleash,ʌnˈli:ʃ,
unless,jeżeli nie,o ile nie|ʌnˈles
unlike,i.    w przeciwieństwie do,ʌnˈlaɪk
unlikely,1.  nieprawdopodobny,że coś się|że coś się skończy|ʌnˈlaɪklɪ
unlit,"1.  niezapalony
 2.  nieoświetlony",ʌnˈlɪt
unload,ʌnˈləʊd,
unlock,otwierać,ʌnˈlɒk
unlucky,ʌnˈlʌkɪ,
unmade,nieposłany,ʌmˈmeɪd
unmarked,"1.  nieoznaczony
 2.  nieruszony",ʌmˈmɑ:kt
unmistakable,niewątpliwy,łatwy do poznania|ˌʌmmɪˈsteɪkəbəl
unmitigated,całkowity,niepoprawny|ʌmˈmɪtɪgeɪtɪd
unnecessary,niepotrzebny,zbędny|ʌnˈnesəsərɪ
unnerve,odbierać odwagę,ʌnˈnɜ:v
unnoticed,niezauważony,ʌnˈnəʊtɪst
uno,onz,ˈju:nəʊ
unobtrusive,nie narzucający się,ˌʌnəbˈtru:sɪv
unofficial,nieoficjalny,ˌʌnəˈfɪʃəl
unorthodox,nieortodoksyjny,ʌnˈɔ:θədɒks
unpack,rozpakowywać,ʌnˈpæk
unpaid,"1.  bezpłatny
 2.  niezapłacony",ʌnˈpeɪd
unpalatable,ʌnˈpælətəbəl,
unparalleled,niezrównany,ʌnˈpærəleld
unpleasant,nieprzyjemny,ʌnˈplezənt
unplug,wyłączać,wyłączać z sieci|ʌnˈplʌg
unprecedented,bezprecedensowy,ʌnˈpresɪdentɪd
unpredictable,nie do przewidzenia,ˌʌnprɪˈdɪktəbəl
unprofitable,niedochodowy,niezyskowny|ʌnˈprɒfɪtəbəl
unqualified,1.  niewykwalifikowany,"bez kwalifikacji
 2.  kompletny|ʌnˈkwɒlɪfaɪd"
unquestionable,niekwestionowany,ʌnˈkwesʧənəbəl
unravel,1.  rozplątywać się,"rozplątywać
 2.  rozwikływać|ʌnˈrævəl"
unreal,nierealny,ʌnˈrɪəl
unrealistic,nierealistyczny,ˌʌnrɪəˈlɪstɪk
unreasonable,nierozsądny,ʌnˈri:zənəbəl
unrecognisable,nie do odróżnienia,nierozpoznawalny|unrecognizable|ʌnˈrekəgnaɪzəbəl
unrecognizable,nie do odróżnienia,nierozpoznawalny|unrecognisable|ʌnˈrekəgnaɪzəbəl
unrelated,nie związany,ˌʌnrɪˈleɪtɪd
unrelenting,ˌʌnrɪˈlentɪŋ,
unreliable,nieodpowiedzialny,ˌʌnrɪˈlaɪəbəl
unremitting,niestrudzony,nieustanny|ˌʌnrɪˈmɪtɪŋ
unreserved,bez zastrzeżeń,całkowity|ˌʌnrɪˈzɜ:vd
unrest,niepokój,ˈʌnrest
unrewarding,nie dający satysfakcji,ˌʌnrɪˈwɔ:dɪŋ
unripe,niedojrzały,ʌnˈraɪp
unrivalled,niezrównany,ʌnˈraɪvəld
unroll,rozwijać,ʌnˈrəʊl
unruly,nieposłuszny,niesforny|ʌnˈru:lɪ
unsafe,"1.  niebezpieczny
 2.  niepewny",zagrożony|ʌnˈseɪf
unsatisfactory,niezadowalający,ˌʌnsætɪsˈfæktərɪ
unsavory,odrażający,unsavoury|ʌnˈseɪvərɪ
unsavoury,odrażający,unsavory|ʌnˈseɪvərɪ
unscathed,nie draśnięty,ʌnˈskeɪðd
unscrew,odkręcać,ʌnˈskru:
unscrupulous,bez skrupułów,ʌnˈskru:pjʊləs
unseen,nie widziany,ʌnˈsi:n
unsettled,ʌnˈsetəld,
unshakable,niezachwiany,ʌnˈʃeɪkəbəl
unshaven,nieogolony,ʌnˈʃeɪvən
unsightly,mało atrakcyjny,nieładny|ʌnˈsaɪtlɪ
unskilled,niewykwalifikowany,ʌnˈskɪld
unsophisticated,nieskomplikowany,niewyrafinowany|prosty|ˌʌnsəˈfɪstɪkeɪtɪd
unsound,"1.  błędny
 2.  zagrożony",ʌnˈsaʊnd
unspeakable,niewypowiedziany,ʌnˈspi:kəbəl
unspecified,niewyszczególniony,ʌnˈspesɪfaɪd
unstable,ʌnˈsteɪbəl,
unsteady,ʌnˈstedɪ,
unsuccessful,ˌʌnsəkˈsesfʊl,
unsuitable,nieodpowiedni,ʌnˈsu:təbəl
unsuited,"1.  nieodpowiedni   
 2.  niedobrany",ʌnˈsu:tɪd
unsure,niepewny,ʌnˈʃʊə
unsympathetic,nie współczujący,nieczuły|ˌʌnsɪmpəˈθetɪk
untangle,rozplątywać,ʌnˈtæŋgəl
untapped,nienaruszony,ʌnˈtæpt
untenable,nie do obrony,nie do utrzymania|ʌnˈtenəbəl
unthinkable,nie do pomyślenia,ʌnˈθɪŋkəbəl
untidy,niechlujny,zaniedbany|ʌnˈtaɪdɪ
untie,rozwiązywać,ʌnˈtaɪ
until,"do
ii.    dopóki",ʌnˈtɪl
untimely,przedwczesny,ʌnˈtaɪmlɪ
untold,niewypowiedziany,ʌnˈtəʊld
untoward,niedobry,niekorzystny|ˌʌntəˈwɔ:d
untranslatable,nieprzetłumaczalny,ʌntrænsˈleɪtəbəl
untreated,"1.  nieleczony
 2.  nieoczyszczony",ʌnˈtri:tɪd
unusual,niezwykły,ʌnˈju:ʒʊəl
unusually,ʌnˈju:ʒʊəlɪ,
unveil,ʌnˈveɪl,
unwary,nie spodziewający się,nieostrożny|ʌnˈweərɪ
unwelcome,"1.  nieproszony
 2.  niepożądany",przykry|ʌnˈwelkəm
unwell,chory,niedysponowany|ʌnˈwel
unwieldy,"1.  nieporęczny
 2.  niemrawy",ʌnˈwi:ldɪ
unwilling,niechętny,ʌnˈwɪlɪŋ
unwind,ʌnˈwaɪnd,
unwise,niemądry,ʌnˈwaɪz
unwitting,bezwolny,nieświadomy|ʌnˈwɪtɪŋ
unworkable,nie do przeprowadzenia,ʌnˈwɜ:kəbəl
unworthy,niegodny,ʌnˈwɜ:ðɪ
unwrap,rozpakowywać,ʌnˈræp
unwritten,niepisany,ʌnˈrɪtən
unzip,rozpinać,ʌnˈzɪp
upandcoming,up-and-coming,wybijający się w górę|ˌʌpənˈkʌmɪŋ
upbringing,wychowanie,ˈʌpbrɪŋɪŋ
update,aktualizować,modernizować|ʌpˈdeɪt
upheaval,niepokój,przewrót|przewrót społeczny|ʌpˈhi:vəl
uphill,jak pod górę,"w górę
ii.    ciężki|ˌʌpˈhɪl"
uphold,podtrzymywać,utrzymywać|ʌpˈhəʊld
upholstered,tapicerowany,ʌpˈhəʊlstəd
upholstery,tapicerka,ʌpˈhəʊlstərɪ
upkeep,koszty utrzymania,ˈʌpki:p
upland,ˈʌplænd,
upon,əˈpɒn,
upper,burżuazja,warstwa wyższa|ˈʌpə|ˌʌpə ˈklɑ:s
uppermost,1.  najwyższy,"najwyżej
 2.  najważniejszy|ˈʌpəməʊst"
upright,uczciwy,ˈʌpraɪt
uprising,powstanie,ˈʌpraɪzɪŋ
uproar,1.  wrzawa,"tumult
 2.  zamieszanie|ˈʌprɔ:"
uproot,wykorzeniać,wykorzeniać się|ʌpˈru:t
upshot,rezultat,"the upshot 
 - wynik|ˈʌpʃɒt"
upstairs,ˌʌpˈsteəz,
upstart,nowicjusz,ˈʌpstɑ:t
upstream,1.  w górę rzeki,w górze|ˌʌpˈstri:m
upsurge,wzrost,ˈʌpsɜ:ʤ
uptake,wolno coś łapać,ˈʌpteɪk
uptight,spięty,ˈʌptaɪt
uptodate,"1.  nowoczesny
 2.  zorientowany",up-to-date|ˌʌptəˈdeɪt
uptown,i.    od centrum śródmieścia,ˌʌpˈtaʊn
upturn,hossa,zwyżka|ˈʌptɜ:n
upturned,"1.  zadarty
 2.  odwrócony",ˌʌpˈtɜ:nd
upward,do góry,górny|ˈʌpwəd
upwards,ˈʌpwədz,
uranium,ju:ˈreɪnɪəm,uran
urban,miejski,ˈɜ:bən
urbane,kurtuazyjny,uprzejmy|ɜ:ˈbeɪn
urchin,łobuz,ˈɜ:ʧɪn
urge,kłaść nacisk,ɜ:ʤ
urgency,nagła potrzeba,ˈɜ:ʤənsɪ
urgent,"naglący
 2.  natarczywy",ˈɜ:ʤənt
urinal,pisuar,ˈjʊərɪnəl
urinate,oddawać mocz,ˈjʊərɪneɪt
urine,mocz,ˈjʊərɪn
urn,termos,ɜ:n
uruguay,urugwaj,ˈjʊərəgwaɪ
uruguayan,"i.    urugwajski
ii.    urugwajczyk",ˌjʊərəˈgwaɪən
usable,zdatny do użycia,ˈju:zəbəl
usaf,siły powietrzne usa,
usage,1.  użycie języka,"użycie
 2.  znaczenie|ˈju:sɪʤ"
useful,użyteczny,ˈju:sfʊl
useless,ˈju:slɪs,
user,użytkownik,ˈju:zə
usher,ˈʌʃə,
usherette,bileterka,ˈʌʃərət
usn,marynarka usa,
uss,okręt usa,statek usa
ussr,zsrr,
usual,ˈju:ʒʊəl,
usually,zazwyczaj,ˈju:ʒʊəlɪ
usurer,lichwiarz,ˈju:ʒərə
usurp,ju:ˈzɜ:p,uzurpować
usury,lichwa,ˈju:ʒərɪ
utah,ˈju:tɑ:,
utensil,ju:ˈtensɪl,przybór|przyrząd
uterus,macica,ˈju:tərəs
utilise,posiłkować się,stosować|utilize|ˈju:tɪlaɪz
utilitarian,"1.  użytkowy
 2.  utylitarny",ˌju:tɪlɪˈteərɪən
utility,ju:ˈtɪlɪtɪ,przedsiębiorstwo użyteczności publicznej
utilize,posiłkować się,stosować|utilise|ˈju:tɪlaɪz
utmost,ˈʌtməʊst,
utopia,ju:ˈtəʊpɪə,
utopian,ju:ˈtəʊpɪən,utopijny
utter,i.    wypowiadać,"kompletny|wydawać
ii.    całkowity|ˈʌtə"
utterance,wypowiedź,ˈʌtərəns
uturn,1.  zawrócenie samochodu,u-turn|ˈju: tɜ:n
vacancy,ˈveɪkənsɪ,
vacant,ˈveɪkənt,
vacate,vəˈkeɪt,zwalniać
vacation,vəˈkeɪʃən,
vaccinate,szczepić,ˈvæksɪneɪt
vaccination,szczepienie,ˌvæksɪˈneɪʃən
vaccine,szczepionka,ˈvæksi:n
vacuum,odkurzacz,ˈvækjʊəm|ˈvækjʊəm ˌkli:nə
vagina,pochwa,vəˈʤaɪnə
vaginal,dopochwowy,pochwowy|vəˈʤaɪnəl
vagrant,włóczęga,ˈveɪgrənt
vague,"niejasny
 2.  niewyraźny",veɪg
vain,na próżno,veɪn
valentine,valentine card,ˈvæləntaɪn
valentine card,valentine,ˈvæləntaɪn
valet,lokaj,ˈvælɪt
valiant,bohaterski,dzielny|ˈvæljənt
valid,"1.  ważny
 2.  uzasadniony",ˈvælɪd
validate,potwierdzać,ˈvælɪdeɪt
validity,væˈlɪdɪtɪ,ważność
valley,dolina,ˈvælɪ
valor,bohaterstwo,odwaga|valour|ˈvælə
valour,bohaterstwo,odwaga|valor|ˈvælə
valuable,ˈvæljʊəbəl,
valuation,ˌvæljʊˈeɪʃən,
value,ˈvælju:,
valueadded tax,podatek od wartości dodanej,value-added tax|vat|ˌvælju: ˈædɪd tæks
valued,ceniony,ˈvælju:d
valueless,bezwartościowy,ˈvæljʊlɪs
valve,vælv,zawór
vampire,wampir,ˈvæmpaɪə
van,furgonetka,væn
vandal,wandal,ˈvændəl
vandalise,niszczyć,niszczyć po chuligańsku|vandalize|ˈvændəlaɪz
vandalism,wandalizm,ˈvændəlɪzəm
vandalize,niszczyć,niszczyć po chuligańsku|vandalise|ˈvændəlaɪz
vanguard,awangarda,ˈvængɑ:d
vanilla,vəˈnɪlə,wanilia
vanish,ˈvænɪʃ,
vanity,kosmetyczka,ˈvænɪtɪ|ˈvænɪtɪkeɪs
vanquish,pokonywać,pokonywać doszczętnie|ˈvæŋkwɪʃ
vantage point,dobry punkt,dobry punkt obserwacyjny|ˈvɑ:ntɪʤ pɔɪnt
vapor,para,vapour|ˈveɪpə
vapour,para,vapor|ˈveɪpə
variability,zmienność,ˌveərɪəˈbɪlɪtɪ
variable,"i.    zmienny
ii.    zmienna",ˈveərɪəbəl
variance,ˈveərɪəns,
variant,i.    wariant,"odmiana
ii.    wariantowy|ˈveərɪənt"
varicose veins,żylaki,ˌværɪkəʊs ˈveɪnz
varied,różnorodny,ˈveərɪd
variegated,różnokolorowy,ˈveərɪəgeɪtɪd
variety,"1.  różnorodność
 2.  rodzaj","odmiana
 3.  variété|vəˈraɪətɪ"
various,rozmaity,różnorodny|ˈveərɪəs
variously,rozmaicie,ˈveərɪəslɪ
varnish,werniksować,ˈvɑ:nɪʃ
vary,1.  różnić się,ˈveərɪ
vase,vɑ:z,wazon
vast,ogromny,vɑ:st
vastly,niebywale,ogromnie|ˈvɑ:stlɪ
vat,beczka,kadź|podatek od wartości dodanej|væt
vault,vɔ:lt,
vcr,magnetowid,video|ˌvɪ:si:ˈɑ:
vd,choroba weneryczna,
vdu,monitor,ˌvɪ:di:ˈju:
veal,cielęcina,vi:l
veer,vɪə,zbaczać|zbaczać nagle|zmieniać kierunek
vegetable,i.    jarzyna,"warzywo
ii.    roślinny|ˈveʤɪtəbəl"
vegetarian,"wegetarianin
ii.    jarski",wegetariański|ˌveʤɪˈteərɪən
vegetate,wegetować,ˈveʤɪteɪt
vegetation,"1.  roślinność
 2.  wegetacja",ˌveʤɪˈteɪʃən
vehemence,porywczość,zaciekłość|ˈvi:əməns
vehement,"1.  gwałtowny
 2.  zaciekły",porywczy|ˈvi:əmənt
vehicle,narzędzie,ˈvi:ɪkəl
veil,vi:l,
veiled,vi:ld,zawoalowany
vein,duch,veɪn
velocity,prędkość,vəˈlɒsɪtɪ
velvet,aksamit,ˈvelvɪt
velvety,aksamitny,ˈvelvətɪ
ven,"ven.
  czcigodny",
vending machine,automat,maszyna do sprzedaży|ˈvendɪŋməˌʃi:n
vendor,ˈvendə,
veneer,"laminat
ii.    fornirować",okładać|vɪˈnɪə
venerable,czcigodny,ˈvenərəbəl
venereal,vɪˈnɪərɪəl,
venetian blind,vɪˌni:ʃən ˈblaɪnd,żaluzja|żaluzja nastawna
venezuela,wenezuela,ˌvenəˈzweɪlə
venezuelan,"i.    wenezuelski
ii.    wenezuelczyk",ˌvenəˈzweɪlən
vengeful,mściwy,ˈvenʤfʊl
venison,dziczyzna,ˈvenɪsən
venom,jad,ˈvenəm
venomous,jadowity,ˈvenəməs
vent,i.    otwór wentylacyjny,
ventilate,wentylować,ˈventɪleɪt
ventilation,wentylacja,ˌventɪˈleɪʃən
ventilator,wywietrznik,ˈventɪleɪtə
ventriloquist,brzuchomówca,venˈtrɪləkwɪst
venture,i.    ryzykowne przedsięwzięcie,ˈvenʧə
venue,miejsce,ˈvenju:
veranda,verandah,vəˈrændə|weranda
verandah,veranda,vəˈrændə|weranda
verb,czasownik,vɜ:b
verbal,1.  werbalny,"słowny
 2.  czasownikowy|ˈvɜ:bəl"
verbatim,"i.    dosłowny
ii.    dosłownie",vɜ:ˈbeɪtɪm
verbose,rozwlekły,vɜ:ˈbəʊs
verdict,werdykt,ˈvɜ:dɪkt
verification,"1.  sprawdzenie
 2.  potwierdzenie",verɪfɪˈkeɪʃən
verify,1.  sprawdzać,"weryfikować
 2.  potwierdzać|ˈverɪfaɪ"
veritable,istny,prawdziwy|ˈverɪtəbəl
vermin,"1.  szkodnik
 2.  robactwo",ˈvɜ:mɪn
vermont,vəˈmɒnt,
vermouth,wermut,ˈvɜ:məθ
vernacular,i.    dialekt,"język miejscowy
ii.    miejscowy|vəˈnækjələ"
versatile,wszechstronny,ˈvɜ:sətaɪl
verse,"strofa
 3.  werset",vɜ:s
versed,ˈvɜ:st,
version,wersja,ˈvɜ:ʃən
versus,ˈvɜ:səs,
vertebra,krąg,ˈvɜ:tɪbrə
vertebrate,ˈvɜ:tɪbrət,
vertical,pionowy,ˈvɜ:tɪkəl
vertigo,zawrót głowy,ˈvɜ:tɪgəʊ
verve,vɜ:v,werwa
very,ˈverɪ,
vested,wyposażony,ˈvestɪd
vestibule,westybul,ˈvestɪbju:l
vestige,pozostałość,ślad|ˈvestɪʤ
vestry,zakrystia,ˈvestrɪ
veteran,"1.  weteran
 2.  kombatant",uczestnik wojny|ˈvetərən
veterinarian,weterynarz,ˌvetərɪˈneərɪən
veterinary,ˈvetərɪnərɪ,ˌvetərɪnərɪ ˈsɜ:ʤən
veto,ˈvi:təʊ,
vex,irytować,veks
vexed,"1.  zirytowany
 2.  trudny",zawikłany|ˈvekst
vhf,ukf,ˌvi:eɪʧˈef
via,przez,ˈvaɪə
viable,możliwy do wykonania,ˈvaɪəbəl
viaduct,wiadukt,ˈvaɪədʌkt
vibrant,1.  dynamiczny,"jaskrawy
 3.  emocjonalny|przesycony energią
 2.  rozjarzony|ˈvaɪbrənt"
vibrate,drgać,vaɪˈbreɪt|wibrować
vibration,drganie,vaɪˈbreɪʃən|wibracja
vicar,pastor,wikariusz|ˈvɪkə
vicarage,plebania,wikariat|ˈvɪkərɪʤ
vicarious,pośredni,vɪˈkeərɪəs|zastępczy
vice,"1.  wada
 2.  przestępstwo","vaɪs|vice-|wice|występek
 3.  imadło"
vicinity,bliskość,pobliże|vɪˈsɪnɪtɪ
vicious,1.  podstępny,ˈvɪʃəs
victim,ofiara,ˈvɪktɪm
victimise,represjonować,victimize|ˈvɪktɪmaɪz
victimize,represjonować,victimise|ˈvɪktɪmaɪz
victor,zwycięzca,ˈvɪktə
victorian,vɪkˈtɔ:rɪən,wiktoriański
victorious,vɪkˈtɔ:rɪəs,zwycięski
victory,zwycięstwo,ˈvɪktərɪ
videlicet,to znaczy,"videlicet
  tzn.|viz."
video,magnetowid,ˈvɪdɪəʊ|ˈvɪdɪəʊ rɪˌkɔ:də
vie,rywalizować,vaɪ
vienna,vɪˈenə,wiedeń
vietnam,wietnam,ˌvi:etˈnæm
vietnamese,"i.    wietnamski
ii.    wietnamczyk",vɪˌetnəˈmi:z
view,vju:,
viewer,ˈvju:ə,
viewfinder,wizjer,ˈvju:faɪndə
viewpoint,ˈvju:pɔɪnt,
vigil,czuwanie,ˈvɪʤɪl
vigilant,czujny,ˈvɪʤɪlənt
vigor,energia,vigour|ˈvɪgə
vigorous,energiczny,ˈvɪgərəs
vigour,energia,vigor|ˈvɪgə
vile,niegodziwy,vaɪl
villa,willa,ˈvɪlə
village,wioska,ˈvɪlɪʤ
villager,mieszkaniec wsi,wieśniak|ˈvɪlɪʤə
villain,ˈvɪlən,
vilnius,wilno,ˈvɪlnɪəs
vindicate,rekompensować,wybronić|ˈvɪndɪkeɪt
vindictive,mściwy,vɪnˈdɪktɪv
vine,latorośl,vaɪn|winorośl
vinegar,ocet,ˈvɪnɪgə
vineyard,winnica,ˈvɪnjəd
vintage,wino z dobrego rocznika,ˈvɪntɪʤ|ˌvɪntɪʤ ˈwaɪn
vinyl,winyl,winylowy|ˈvaɪnəl
viola,altówka,vɪˈəʊlə|wiola
violate,ˈvaɪəleɪt,
violence,"1.  przemoc
 2.  gwałtowność",ˈvaɪələns
violent,ˈvaɪələnt,
violet,ˈvaɪələt,
violin,skrzypce,ˌvaɪəˈlɪn
violinist,skrzypek,ˌvaɪəˈlɪnɪst
vip,bardzo ważna osoba,
viper,żmija,ˈvaɪpə
virgin,"i.    dziewica
ii.    dziewiczy",ˈvɜ:ʤɪn
virginia,vəˈʤɪnɪə,wirginia
virgo,ˈvɜ:gəʊ,
virile,męski,ˈvɪraɪl
virtual,faktyczny,właściwy|ˈvɜ:ʧʊəl
virtually,na dobrą sprawę,właściwie|ˈvɜ:ʧʊəlɪ
virtue,na mocy,ˈvɜ:ʧu:
virtuoso,wirtuoz,ˌvɜ:ʧʊˈəʊsəʊ
virtuous,cnotliwy,ˈvɜ:ʧʊəs
virulent,"1.  jadowity
 2.  złośliwy",ˈvɪrʊlənt
virus,wirus,ˈvaɪərəs
visa,wiza,ˈvi:zə
visibility,widoczność,ˌvɪzɪˈbɪlɪtɪ
visible,widoczny,ˈvɪzɪbəl
vision,ˈvɪʒən,
visionary,dalekowzroczny,"i.    wizjoner
ii.    wizjonerski|ˈvɪʒənərɪ"
visit,"i.    odwiedzać
ii.    odwiedziny",pobyt|ˈvɪzɪt
visitor,ˈvɪzɪtə,
visor,ˈvaɪzə,
vista,perspektywa,ˈvɪstə
vistula,"the vistula 
 - wisła",ˈvɪstjʊlə
visual,i.    wzrokowy,"monitor|wizualna pomoc szkolna|wizualny
ii.  visual aid|ˈvɪʒʊəl"
visualise,unaoczniać,unaoczniać sobie|visualize|wyobrażać|wyobrażać sobie
visualize,unaoczniać,unaoczniać sobie|visualise|wyobrażać|wyobrażać sobie
vital,"witalny
ii.  vital statistics","wymiary|wymiary kobiece|zasadniczy
 2.  żywotny|ˈvaɪtəl"
vitamin,witamina,ˈvɪtəmɪn
vitiate,kazić,psuć|ˈvɪʃɪeɪt
viva,egzamin ustny,ˈvaɪvə
vivacious,energiczny,vɪˈveɪʃəs|żywy
vivid,żywy,ˈvɪvɪd
viz,to znaczy,"videlicet
  tzn.|viz."
vocabulary,słownictwo,vəˈkæbjʊlərɪ
vocal,struny głosowe,ˈvəʊkəl|ˌvəʊkəl ˈkɔ:dz
vocalist,wokalista,ˈvəʊkəlɪst
vocation,powołanie,vəʊˈkeɪʃən
vocational,vəʊˈkeɪʃənəl,zawodowy
vociferous,krzykliwy,vəˈsɪfərəs
vodka,wódka,ˈvɒdkə
vogue,modny,vəʊg
voice,jak się da,najgłośniej|vɔɪs
volatile,ˈvɒlətaɪl,
volcanic,vɒlˈkænɪk,wulkaniczny
volcano,vɒlˈkeɪnəʊ,wulkan
volition,nieprzymuszenie,vəˈlɪʃən
volley,ˈvɒlɪ,
volleyball,piłka siatkowa,siatkówka|ˈvɒlɪbɔ:l
volt,vəʊlt,wolt
voltage,napięcie,ˈvəʊltɪʤ
volteface,volte-face,ˌvɒltˈfɑ:s
voluble,wymowny,ˈvɒljʊbəl
volume,"zakres
 5.  natężenie głosu",ˈvɒlju:m
voluminous,obszerny,vəˈlju:mɪnəs
voluntary,dobrowolny,ochotniczy|ˈvɒləntərɪ
volunteer,ˌvɒlənˈtɪə,
voluptuous,ponętny,vəˈlʌpʃʊəs
vomit,i.    zwracać,"wymiotować
ii.    wymiociny|ˈvɒmɪt"
voracious,vəˈreɪʃəs,żarłoczny
vortex,wir,ˈvɔ:teks
vote,vəʊt,
voter,wyborca,ˈvəʊtə
vouch for,ręczyć,vaʊʧ ˈfə|zaręczać
voucher,bloczek,bon|ˈvaʊʧə
vow,przysięga,vaʊ
vowel,samogłoska,ˈvaʊəl
voyage,podróż morska,ˈvɔɪɪʤ
voyager,podróżnik,ˈvɔɪɪʤə
vp,"1.  wiceprezes
 2.  wiceprezydent",
vulgar,wulgarny,ˈvʌlgə
vulnerable,podatny,podatny na zranienie|wrażliwy|ˈvʌlnərəbəl
vulture,sęp,ˈvʌlʧə
w,"w
  zachód",zachodni
wad,"sterta
 2.  kłębek",wæd|zwitek
waddle,kiwać się,kiwać się jak kaczka|telepać się|ˈwædəl
wade,weɪd,
wafer,wafel,ˈweɪfə
waffle,ˈwɒfəl,
waft,snuć się,wɒft
wag,machać,wæg
wage,i.   wages  zarobek,"pensja
ii.    prowadzić|weɪʤ"
wager,ˈweɪʤə,
waggle,ruszać,ruszać się|ˈwægəl
wail,"i.    zawodzić
ii.    zawodzenie",weɪl
waist,stan,talia|weɪst
waistband,pasek,ˈweɪstbænd
waistcoat,kamizelka,ˈweɪstkəʊt
waistline,obwód pasa,ˈweɪstlaɪn
wait,chwileczkę'',tylko poczekaj!''|weɪt
waiter,kelner,ˈweɪtə
waiting,poczekalnia,ˈweɪtɪŋ|ˈweɪtɪŋlɪst|ˈweɪtɪŋru:m
waitress,kelnerka,ˈweɪtrɪs
waive,uchylać,weɪv|zawieszać
wake,i.    budzić się,"weɪk|zbudzić
 2.  uświadamiać sobie"
waken,budzić się,ˈweɪkən
wales,walia,weɪlz
walk,iść,"spacer
 2.  szlak|wɔ:k"
walkabout,mieszać się z ludźmi,ˈwɔ:kəbaʊt
walker,źle chodzić,ˈwɔ:kə
walkietalkie,radiotelefon,walkie-talkie|ˌwɔ:kɪˈtɔ:kɪ
walking,i.    chodzenie,"laska|spacer
ii.  walking stick|ˈwɔ:kɪŋ|ˈwɔ:kɪŋstɪk"
walkout,strajk,ˈwɔ:kaʊt
walkover,walkower,łatwe zwycięstwo|ˈwɔ:kəʊvə
walkway,droga dla pieszych,ˈwɔ:kweɪ
wall,1.  ściana,przypierać kogoś do muru|wɔ:l
walled,otoczony murem,ˈwɔ:ld
wallet,portfel,ˈwɒlɪt
wallop,trzasnąć,łupnąć|ˈwɒləp
wallow,ˈwɒləʊ,
wallpaper,"i.    tapeta
ii.    tapetować",ˈwɔ:lpeɪpə
walnut,orzech włoski,ˈwɔ:lnʌt
walrus,mors,ˈwɔ:lrəs
waltz,wɔ:ls,
wan,wybladły,wɒn
wand,czarodziejska różdżka,różdżka|wɒnd
wander,błąkać się,ˈwɒndə
wane,1.  blednąć,księżyc maleje|weɪn
wangle,kombinować,ˈwæŋgəl
want,wɒnt,
wanting,ˈwɒntɪŋ,
wanton,bezmyślny,bezsensowny|ˈwɒntən
war,wɔ:,
warble,śpiewać,ˈwɔ:bəl
ward,odstraszać,odsuwać|wɔ:d
warden,i.    strażnik,zarządca|ˈwɔ:dən
warder,strażnik więzienny,ˈwɔ:də
wardrobe,ˈwɔ:drəʊb,
ware,weə,
warehouse,magazyn,ˈweəhaʊs
warfare,działania wojenne,wojna|ˈwɔ:feə
warhead,głowica bojowa,ˈwɔ:hed
warlike,bojowy,wojowniczy|ˈwɔ:laɪk
warmblooded,ciepłokrwisty,warm-blooded|ˌwɔ:mˈblʌdɪd
warmhearted,dobrze usposobiony,warm-hearted|ˌwɔ:mˈhɑ:tɪd
warmonger,podżegacz wojenny,ˈwɔ:mʌŋgə
warmth,ciepło,wɔ:mθ
warn,ostrzegać,uprzedzać|wɔ:n
warning,ˈwɔ:nɪŋ,
warp,skrzywienie,wɔ:p
warpath,ścieżka wojenna,ˈwɔ:pɑ:θ
warrant,ˈwɒrənt,
warranty,gwarancja,ˈwɒrəntɪ
warren,nora,nora królicza|ˈwɒrən
warrior,wojownik,ˈwɒrɪə
warsaw,warszawa,ˈwɔ:sɔ:
warship,okręt wojenny,ˈwɔ:ʃɪp
wart,brodawka,kurzajka|wɔ:t
wartime,okres wojny,ˈwɔ:taɪm
wary,ostrożny,ˈweərɪ
wash,wyrzucać,wɒʃ
washable,nadający się do prania,ˈwɒʃəbəl
washbasin,umywalka,ˈwɒʃbeɪsən
washedout,"1.  wyblakły
 2.  wymęczony",washed-out|wyprany|ˌwɒʃtˈaʊt
washer,1.  praczka,"pracz
 2.  podkładka|ˈwɒʃə"
washing,"pralka
iii.  washing powder",ˈwɒʃɪŋ|ˈwɒʃɪŋ məˌʃi:n|ˈwɒʃɪŋ ˌpaʊdə
washington,waszyngton,ˈwɒʃɪŋtən
washingup,płyn do naczyń,washing-up|ˌwɒʃɪŋˈʌp|ˌwɒʃɪŋˈʌp ˌlɪkwɪd
washout,dno,fiasko|ˈwɒʃaʊt
washroom,toaleta,ˈwɒʃru:m
wasp,osa,wɒsp
wastage,marnotrawstwo,ˈweɪstɪʤ
waste,i.    marnować,weɪst|zużyty
wastebasket,kosz na śmieci,ˈweɪstbɑ:skɪt
wasted,niepotrzebny,ˈweɪstɪd
wasteful,marnotrawny,ˈweɪstfʊl
wasteland,odłóg,pustkowie|ˈweɪstlænd
watchband,pasek do zegarka,ˈwɒʧbænd
watchdog,ˈwɒʧdɒg,
watcher,obserwator,ˈwɒʧə
watchful,przezorny,wnikliwy|ˈwɒʧfʊl
watchmaker,zegarmistrz,ˈwɒʧmeɪkə
watchman,strażnik,stróż|ˈwɒʧmən
watchstrap,pasek do zegarka,ˈwɒʧstræp
watchword,hasło,ˈwɒʧwɜ:d
water,lilia wodna,nenufar|ˈwɔ:tə|ˈwɔ:təlɪlɪ
waterborne,przenoszony drogą wodną,water-borne|ˈwɔ:təbɔ:n
watercolor,akwarela,watercolour|ˈwɔ:təkʌlə
watercolour,akwarela,watercolor|ˈwɔ:təkʌlə
watercress,rzeżucha,ˈwɔ:təkres
waterfall,wodospad,ˈwɔ:təfɔ:l
waterfront,ulica przybrzeżna,wybrzeże|ˈwɔ:təfrʌnt
watering can,polewaczka,ˈwɔ:tərɪŋkæn
waterlogged,1.  nasiąknięty wodą,ˈwɔ:təlɒgd
watermelon,arbuz,ˈwɔ:təmelən
waterproof,uszczelniać,ˈwɔ:təpru:f
watershed,punkt krytyczny,ˈwɔ:təʃed
waterside,wybrzeże,ˈwɔ:təsaɪd
watertight,"1.  wodoszczelny
 2.  niezbity",ˈwɔ:tətaɪt
waterway,droga wodna,ˈwɔ:təweɪ
waterworks,stacja wodociągowa,wodociągi|ˈwɔ:təwɜ:ks
watery,"1.  wodnisty
 2.  niemrawy",ˈwɔ:tərɪ
watt,wat,wɒt
wave,weɪv,
waveband,zakres fal,ˈweɪvbænd
wavelength,długość fal,ˈweɪvleŋθ
waver,ˈweɪvə,
wavy,falisty,ˈweɪvɪ
wax,księżyc rośnie,"smar
ii.   1.  woskować|wæks"
waxwork,ˈwækswɜ:k,
waxy,nawoskowany,woskowy|ˈwæksɪ
waylay,zatrzymywać,ˈweɪleɪ
wayward,kapryśny,ˈweɪwəd
wc,toaleta,
we,my,"we.
  środa|wi:|wɪ"
weak,wi:k,
weaken,"1.  osłabiać
 2.  słabnąć",ˈwi:kən
weakling,słabeusz,ˈwi:klɪŋ
weakness,ˈwi:knɪs,
wealth,welθ,
wealthy,majętny,ˈwelθɪ
wean,wi:n,
weapon,broń,ˈwepən
wear,przecierać się,weə|wycierać
wearing,wyczerpujący,ˈweərɪŋ
wearisome,nużący,wyczerpujący|ˈwɪərɪsəm
weary,i.    znużony,"wyczerpany
ii.    nużyć się|ˈwɪərɪ"
weasel,łasica,ˈwi:zəl
weather,prognoza pogody,ˈweðə|ˈweðə ˌfɔ:kɑ:st
weatherbeaten,1.  zahartowany złą pogodą,weather-beaten|ˈweðəbi:tən
weathercock,kurek,kurek na dachu|ˈweðəkɒk
weatherman,meteorolog,ˈweðəmən
weaver,tkacz,tkaczka|ˈwi:və
web,pajęczyna,
webbed,płetwiasty,ˈwebd
wed,"wed.
  środa",
wedding,wesele,ślub|ˈwedɪŋ
wedge,weʤ,
wednesday,środa,ˈwenzdɪ
wee,tyci,tyciuchny|wi:
weed,usuwać,wi:d
weedkiller,środek chwastobójczy,ˌwi:dkɪlə
weedy,ˈwi:dɪ,
week,wi:k,
weekday,dzień powszedni,ˈwi:kdeɪ
weekend,koniec tygodnia,ˈwi:kend
weekly,i.   1.  cotygodniowy,ˈwi:klɪ
weep,wi:p,
weepy,płaczliwy,ˈwi:pɪ
weigh,weɪ,
weight,weɪt,
weightless,nie mający ciężaru,nieważki|ˈweɪtlɪs
weightlifter,ciężarowiec,weight-lifter|ˈweɪtlɪftə
weightlifting,podnoszenie ciężarów,weight-lifting|ˈweɪtlɪftɪŋ
weighty,poważny,ważki|ˈweɪtɪ
weir,jaz,wɪə
weird,dziwaczny,niesamowity|wɪəd
welcome,chętnie widziany,nie ma za co''|witamy gdzieś''|ˈwelkʌm
welcoming,przyzwalający,zapraszający|ˈwelkʌmɪŋ
welder,spawacz,ˈweldə
welfare,państwo opiekuńcze,ðə ˌwelfeə ˈsteɪt|ˈwelfeə
welladvised,rozsądny,well-advised|ˌwelədˈvaɪzd
wellbehaved,dobrze wychowany,well-behaved|ˌwelbɪˈheɪvd
wellbeing,dobre samopoczucie,well-being|ˌwelˈbi:ɪŋ
wellearned,ciężko zarobiony,dobrze zasłużony|well-earned|ˌwelˈɜ:nd
wellfounded,uzasadniony,well-founded|ˌwelˈfaʊndɪd
wellheeled,nadziany,well-heeled|ˌwelˈhi:ld
wellington,kalosz,ˈwelɪŋtən
wellintentioned,mający dobre intencje,well-intentioned|ˌwelɪnˈtenʃənt
wellkept,dobrze utrzymany,well-kept|ˌwelˈkept
wellknown,dobrze znany,well-known|znany|ˌwelˈnəʊn
wellmannered,o dobrych manierach,well-mannered|ˌwelˈmænəd
wellmeaning,mający dobre chęci,well-meaning|życzliwy|ˌwelˈmi:nɪŋ
welloff,well-off,ˌwelˈɒf
wellread,oczytany,well-read|ˌwelˈred
wellspoken,poprawnie mówiący,well-spoken|ˌwelˈspəʊkən
welltimed,na czasie,w porę|well-timed|ˌwelˈtaɪmd
welltodo,well-to-do,zamożny|ˌweltəˈdu:
wellwisher,człowiek dobrze życzący,sympatyk|well-wisher|ˈwelwɪʃə
wellworn,well-worn,wytarty|ˌwelˈwɔ:n
welsh,welʃ,
welshman,walijczyk,ˈwelʃmən
welshwoman,walijka,ˈwelʃwʊmən
wench,dziewucha,wenʧ
werewolf,wilkołak,ˈweəwʊlf
west,antyle,"antylski
v.  west indies|ˌwest ˈɪndɪən|ˌwest ˈɪndɪəz"
westerly,zachodni,ˈwestəlɪ
western,"i.    zachodni
ii.    western",ˈwestən
westerner,człowiek z zachodu,ˈwestənə
westward,ˈwestwəd,
whack,udział,wæk
whacked,wypompowany,wækt
whale,weɪl,wieloryb
whaling,wielorybnictwo,ˈweɪlɪŋ
wharf,nabrzeże,przystań|wɔ:f
what,wɒt,
whatever,wɒtˈevə,
whatsoever,w ogóle,ˌwɒtsəʊˈevə
wheat,pszenica,wi:t
wheedle,ˈwi:dəl,
wheel,wi:l,
wheelbarrow,taczka,ˈwi:lbærəʊ
wheelchair,wózek inwalidzki,ˈwi:lʧeə
wheeze,i.    świszczeć,"sapanie|sapać
ii.    świszczenie|wi:z"
whenever,kiedykolwiek,wenˈevə
whereabouts,dokąd,"i.    miejsce pobytu|miejsce położenia
ii.    gdzie|ˈweərəbaʊts"
whereas,gdy,ˌweərˈæz
whereby,dzięki któremu,poprzez który|ˌweəˈbaɪ
wherein,w czym,w którym|ˌweəˈrɪn
whereupon,toteż,wobec czego|ˌweərəˈpɒn
wherever,gdziekolwiek,weəˈrevə
wherewithal,"the wherewithal 
 - środki",ˈweəwɪðɔ:l
whet,wet,zaostrzać
whether,czy nie,czy przyjąć ofertę|ˈweðə
which,a to ją zirytowało,wɪʧ
whichever,jakikolwiek,którykolwiek|wɪʧˈevə
whiff,podmuch,powiew|wɪf
while,i.    podczas gdy,waɪl
whilst,podczas gdy,waɪlst
whim,kaprys,wɪm
whimper,"skowyczeć
ii.    kwilenie",skowyt|ˈwɪmpə
whimsical,kapryśny,ˈwɪmzɪkəl
whine,jazgot,waɪn
whip,"chłostać
 2.  zrywać",wɪp
whipped,bity,wɪpt
whipround,składka,whip-round|zrzutka|ˈwɪpraʊnd
whir,buczenie,"buczeć
ii.    furkot|i.    furkotać|whirr|wɜ:"
whirl,i.    wirować,"obracać
ii.    wirowanie|wir|wɜ:l"
whirlpool,wir,ˈwɜ:lpu:l
whirlwind,ˈwɜ:lwɪnd,
whirr,buczenie,"buczeć
ii.    furkot|i.    furkotać|whir|wɜ:"
whisk,trzepaczka,wɪsk
whisker,ˈwɪskə,
whiskey,whisky,ˈwɪskɪ
whisky,whiskey,ˈwɪskɪ
whisper,ˈwɪspə,
whistle,ˈwɪsəl,
whitecollar,administracyjny,administracyjny pracownik|umysłowy|white-collar|ˌwaɪtˈkɒlə
whitehot,rozpalony do białości,white-hot|ˌwaɪtˈhɒt
whiten,bieleć,wybielać|ˈwaɪtən
whitewash,bielić,ˈwaɪtwɒʃ
whiting,ˈwaɪtɪŋ,
whittle,"down 
 - kurczyć",redukować|whittle away|ˈwɪtəl
whiz,whizz,wɪz
whizkid,czarodziej,whiz-kid|whizz-kid|ˈwɪzkɪd
whizz,whiz,wɪz
whizzkid,czarodziej,whiz-kid|whizz-kid|ˈwɪzkɪd
who,hu:,światowa organizacja zdrowia
whoever,1.  ktokolwiek,hu:ˈevə
whole,həʊl,
wholehearted,serdeczny,szczery|whole-hearted|ˌhəʊlˈhɑ:tɪd
wholemeal,gruboziarnisty,razowy|ˈhəʊlmi:l
wholesale,"hurtowo
 2.  masowy",ˈhəʊlseɪl
wholesaler,hurtownik,ˈhəʊlseɪlə
wholesome,zdrowy,ˈhəʊlsəm
wholewheat,pełnoziarnisty,ˈhəʊlwi:t
wholly,całkowicie,ˈhəʊlɪ
whooping cough,koklusz,ˈhu:pɪŋkɒf
whopper,kolos,ˈwɒpə
whopping,ogromny,olbrzymi|ˈwɒpɪŋ
whore,hɔ:,
whose,1.  którego,"hu:z|której|których
 2.  czyj"
why,1.  dlaczego,waɪ
wick,knot,wɪk
wicked,"niegodziwy
 2.  paskudny",ˈwɪkɪd
wicker,plecionka,wiklina|ˈwɪkə
wickerwork,plecionka,wiklina|ˈwɪkəwɜ:k
wicket,ˈwɪkɪt,
wide,waɪd,
wideangle,szerokokątny,waɪdˈæŋgəl|wide-angle
wideawake,całkowicie rozbudzony,wide-awake|ˌwaɪdəˈweɪk
widen,1.  poszerzać się,"poszerzać
 2.  rozszerzać się|ˈwaɪdən"
wideranging,na szeroką skalę,wide-ranging|ˌwaɪdˈreɪnʤɪŋ
widespread,rozpowszechniony,ˈwaɪdspred
widow,wdowa,ˈwɪdəʊ
widowed,owdowiały,ˈwɪdəʊd
widower,wdowiec,ˈwɪdəʊə
widowhood,wdowieństwo,ˈwɪdəʊhʊd
width,szerokość,wɪdθ
wield,dzierżyć,wi:ld
wife,waɪf,żona
wig,peruka,wɪg
wiggle,"1.  podrygiwać
 2.  szarpać",ˈwɪgəl
wigwam,ˈwɪgwæm,
wild,odludzie,waɪld
wilderness,1.  pustkowie,"pustynia
 2.  zdziczały teren|ˈwɪldənɪs"
wildgoose chase,poszukiwanie wczorajszego dnia,wild-goose chase|ˌwɪldˈgu:s ʧeɪs
wildlife,przyroda,zwierzęta|ˈwaɪldlaɪf
wildly,ˈwaɪldlɪ,
wilful,1.  świadomy,"rozmyślny
 2.  krnąbrny|willful|ˈwɪlfʊl"
willful,1.  świadomy,"rozmyślny
 2.  krnąbrny|wilful|ˈwɪlfʊl"
willing,chętny,ˈwɪlɪŋ
willow,wierzba,ˈwɪləʊ
willpower,siła woli,will-power|ˈwɪlpaʊə
willynilly,chcąc czy nie chcąc,willy-nilly|ˌwɪlɪˈnɪlɪ
wilt,usychać,więdnąć|wɪlt
wily,chytry,ˈwaɪlɪ
wince,wɪns,
winch,wciągać,wɪnʧ
windbreak,wiatrołom,ˈwɪndbreɪk
windfall,uśmiech szczęścia,ˈwɪndfɔ:l
windmill,wiatrak,ˈwɪnmɪl
window,ˈwɪndəʊ,
windowbox,window-box,ˈwɪndəʊbɒks
windowframe,rama okienna,window-frame|ˈwɪndəʊfreɪm
windowpane,szyba,window-pane|ˈwɪndəʊpeɪn
windowshopping,oglądanie witryn,oglądanie wystaw|window-shopping|ˈwɪndəʊʃɒpɪŋ
windowsill,parapet,window-sill|ˈwɪndəʊsɪl
windpipe,tchawica,ˈwɪndpaɪp
windscreen,ˈwɪndskri:n,ˈwɪndskri:n ˌwaɪpə
windshield,ˈwɪndʃi:ld,
windsurfer,ˈwɪndsɜ:fə,
windsurfing,ˈwɪndsɜ:fɪŋ,
windswept,chłostany wiatrem,ˈwɪndswept
windy,wietrzny,ˈwɪndɪ
wine,waɪn,wino
wing,wɪŋ,
winger,skrzydłowy,ˈwɪŋə
wingspan,rozpiętość skrzydeł,ˈwɪŋspæn
wink,wɪŋk,
winner,zwycięzca,ˈwɪnə
winning,ˈwɪnɪŋ,
winter,ˈwɪntə,
wintertime,pora zimowa,zima|ˈwɪntətaɪm
wintry,zimowy,ˈwɪntrɪ
wipe,waɪp,wycierać
wiper,ˈwaɪpə,
wire,ˈwaɪə,
wireless,radio,ˈwaɪəlɪs
wiring,instalacja elektryczna,ˈwaɪərɪŋ
wiry,"żylasty
 2.  sztywny",ˈwaɪərɪ
wisconsin,wɪsˈkɒnsɪn,
wisdom,ząb mądrości,ˈwɪzdəm|ˈwɪzdəmtu:θ
wise,waɪz,ˈwaɪzgʌɪ
wisecrack,dowcipas,ˈwaɪzkræk
wisecracker,dowcipniś,ˈwaɪzkrækə
wish,i.    życzenie,szkoda|wɪʃ|życzyć komuś sukcesu
wishful thinking,chciejstwo,pobożne życzenia|ˌwɪʃfʊl ˈθɪŋkɪŋ
wishywashy,mdły,rozwodniony|wishy-washy|ˈwɪʃɪ wɒʃɪ
wisp,"wiecheć
 2.  kosmyk",wɪsp
wistful,melancholijny,nostalgiczny|ˈwɪstfʊl
wit,aby coś zrobić,wɪt
witch,"czarownica
ii.  witch doctor",czarownik|i.    wiedźma|wɪʧ|znachor
witchcraft,czary,ˈwɪʧkrɑ:ft
witchhunt,polowanie na czarownice,witch-hunt|ˈwɪʧhʌnt
with,w przypadku,wɪð
withdraw,wycofywać,wycofywać się|wɪðˈdrɔ:
withdrawal,1.  wycofanie się,"głód
 5.  wypłata|wɪðˈdrɔ:əl"
withdrawn,wɪðˈdrɔ:n,zamknięty|zamknięty w sobie
wither,ˈwɪðə,
withered,pomarszczony,uschnięty|ˈwɪðəd
withering,miażdżący,ˈwɪðərɪŋ
withhold,powstrzymywać,wstrzymywać|wɪðˈhəʊld
within,wɪðˈɪn,
without,bez,wɪðˈaʊt
withstand,wytrzymywać,wɪðˈstænd
witness,ˈwɪtnɪs,
witnessbox,miejsce dla świadka,witness-box|ˈwɪtnɪsbɒks
witnessstand,miejsce dla świadka,witness-stand|ˈwɪtnɪsstænd
witter,ględzić,paplać|ˈwɪtə
witticism,dowcip,dowcipna uwaga|ˈwɪtɪsɪzəm
witty,dowcipny,ˈwɪtɪ
wizard,czarnoksiężnik,ˈwɪzəd
wizardry,czaroksięstwo,magia|ˈwɪzədrɪ
wizened,pomarszczony,ˈwɪzənd
wobble,chwiać się,trząść się|ˈwɒbəl
woe,nieszczęście,wəʊ
woeful,żałosny,ˈwəʊfʊl
woman,kobieta,ˈwʊmən
womanhood,"1.  kobiecość
 2.  kobiety",ˈwʊmənhʊd
womaniser,kobieciarz,womanizer|ˈwʊmənaɪzə
womanizer,kobieciarz,womaniser|ˈwʊmənaɪzə
womankind,kobiety,ˈwʊmənkaɪnd
womanly,kobiecy,ˈwʊmənlɪ
womb,macica,wu:m
wonder,ˈwʌndə,
wonderful,cudowny,ˈwʌndəfʊl
wonderfully,cudownie,wspaniale|ˈwʌndəfʊlɪ
wonderment,zadziwienie,ˈwʌndəmənt
wonky,chwiejny,rozklekotany|ˈwʌŋkɪ
woo,wu:,
wood,wʊd,
wooded,zadrzewiony,ˈwʊdɪd
wooden,drewniany,ˈwʊdən
woodland,teren lesisty,ˈwʊdlænd
woodpecker,dzięcioł,ˈwʊdpekə
woodwind,instrumenty dęte,ˈwʊdwɪnd
woodwork,"1.  stolarka
 2.  stolarstwo",ˈwʊdwɜ:k
woodworm,kornik,ˈwʊdwɜ:m
woody,"1.  zdrewniały
 2.  lesisty",ˈwʊdɪ
woof,hau,wʊf
wool,wʊl,
woolen,woollen,ˈwʊlən
woollen,woolen,ˈwʊlən
woolly,wooly,ˈwʊlɪ
wooly,woolly,ˈwʊlɪ
word,komputerowe przetwarzanie tekstu,wɜ:d|ˈwɜ:d prəʊsesə|ˈwɜ:d ˌprəʊsesɪŋ
wording,forma słowna,styl|ˈwɜ:dɪŋ
wordplay,gra słów,ˈwɜ:dpleɪ
wordy,rozwlekły,wielosłowny|ˈwɜ:dɪ
workable,użyteczny,wykonalny|ˈwɜ:kəbəl
workaholic,osoba,pracoholik|ˌwɜ:kəˈhɒlɪk
workbench,stół do pracy,warsztat|ˈwɜ:kbenʧ
workday,ˈwɜ:kdeɪ,
worked up,podekscytowany,ˌwɜ:ktˈʌp
worker,"1.  pracownik
 2.  robotnik",ˈwɜ:kə
workforce,siła robocza,ˈwɜ:kfɔ:s
working,ˈwɜ:kɪŋ,ˌwɜ:kɪŋ ˈdeɪ|ˌwɜ:kɪŋ ˈklɑ:s
workload,obciążenie,ˈwɜ:kləʊd
workman,pracownik,ˈwɜ:kmən
workmanship,rzemiosło,wykonanie|ˈwɜ:kmənʃɪp
workout,ˈwɜ:kaʊt,
workshop,warsztat,ˈwɜ:kʃɒp
workstation,stacja robocza,ˈwɜ:ksteɪʃən
worktop,powierzchnia robocza,ˈwɜ:ktɒp
world,wɜ:ld,
worldclass,world-class,światowej klasy|ˌwɜ:ldˈklɑ:s
worldfamous,o światowej sławie,world-famous|ˌwɜ:ldˈfeɪməs
worldly,1.  ziemski,"doczesny
 2.  światowy|ˈwɜ:ldlɪ"
worldwide,o światowym zasięgu,world-wide|światowy|ˌwɜ:ldˈwaɪd
worn,wɔ:n,
wornout,"1.  znoszony
 2.  wykończony",worn-out|ˌwɔ:nˈaʊt
worried,zaniepokojony,zatroskany|ˈwʌrɪd
worry,kłopot,"niepokoić
 3.  zmartwienie|ˈwʌrɪ"
worrying,niepokojący,ˈwʌrɪŋ
worse,ˈwɜ:s,
worsen,pogarszać,pogarszać się|ˈwɜ:sən
worshiper,wielbiciel,worshipper|ˈwɜ:ʃɪpə
worshipper,wielbiciel,worshiper|ˈwɜ:ʃɪpə
worst,wɜ:st,
worsted,samodział,ˈwʊstɪd
worth,książki za 20 funtów,wɜ:θ
worthless,bezwartościowy,ˈwɜ:θlɪs
worthwhile,opłacalny,ˌwɜ:θˈwaɪl
worthy,"znakomity
 2.  wart",ˈwɜ:ðɪ
wouldbe,niedoszły,would-be|ˈwʊdbi:
wound,wu:nd,
wow,no no,oj|waʊ
wpb,kosz na śmieci,
wrangle,ˈræŋgəl,
wrap,ræp,
wrapped up,ræptˈʌp,zadurzony
wrapper,1.  opakowanie,obwoluta|papierek od cukierka|ˈræpə
wrapping,opakowanie,ˈræpɪŋ
wrath,gniew,rɔ:θ
wreak,odpłacać,ri:k
wreath,ri:θ,wieniec
wreck,rek,
wreckage,szczątki,ˈrekɪʤ
wren,ren,strzyżyk
wrench,ból,renʧ
wrest,rest,wyrywać
wrestle,bić się,walczyć|walczyć wręcz|ˈresəl
wrestler,zapaśnik,ˈreslə
wrestling,zapasy,ˈreslɪŋ
wretched,cholerny,ˈreʧɪd
wriggle,kręcić się,"przedostawać się
ii.    kręcenie|wiercić|ˈrɪgəl"
wring,rɪŋ,
wrinkle,marszczyć,ˈrɪŋkəl
wrinkled,"1.  pomarszczony
 2.  pomięty",ˈrɪŋkəld
wrist,przegub,rɪst
wristwatch,zegarek na rękę,ˈrɪstwɒʧ
writ,nakaz,pismo urzędowe|rɪt
write,raɪt,
writeoff,pojazd spisany na straty,spisany na straty|write-off|ˈraɪtɒf
writeprotected,write-protected,zabezpieczony przed zapisywaniem|ˌraɪt prəˈtektɪd
writer,pisarz,ˈraɪtə
writeup,omówienie,write-up|ˈraɪtʌp
writhe,raɪð,wić się
writing,papier listowy,ˈraɪtɪŋ|ˈraɪtɪŋ peɪpə
written,"1.  pisemny
 2.  napisany",ˈrɪtən
wrongdoer,krzywdziciel,sprawca zła|ˈrɒŋdu:ə
wrongdoing,nadużycie,niewłaściwe postępowanie|ˈrɒŋdu:ɪŋ
wrongful,krzywdzący,niesprawiedliwy|ˈrɒŋfʊl
wrought,rɔ:t,
wry,"1.  kwaśny
 2.  skrzywiony",raɪ|skwaszony
wt,"wt.
  ciężar",
wyoming,waɪˈəʊmɪŋ,
xenophobia,ksenofobia,ˌzenəˈfəʊbɪə
xerox,kserować,ˈzɪərɒks
xmas,ˈeksməs,ˈkrɪsməs
xray,prześwietlać się,x-ray|ˈeksreɪ
xylophone,ksylofon,ˈzaɪləfəʊn
yacht,jacht,jɒt
yachting,żeglarstwo,ˈjɒtɪŋ
yank,amerykaniec,jæŋk|wyszarpywać
yankee,jankes,ˈjæŋki:
yap,jæp,
yard,jɑ:d,
yardstick,miara,ˈjɑ:dstɪk
yarn,bajka,jɑ:n
yawn,jɔ:n,
yd,"yd
  jard",
yeah,jeə,no
year,jɪə,
yearly,corocznie,"coroczny
ii.    rocznie|ˈjɪəlɪ"
yearn,jɜ:n,tęsknić
yearning,tęsknota,ˈjɜ:nɪŋ
yeast,drożdże,ji:st
yell,"i.    wrzeszczeć
ii.    wrzask",jel
yellow,żółta febra,ˈjeləʊ|ˌjeləʊ ˈfi:və
yelp,jelp,
yemen,jemen,ˈjemən
yemeni,"i.    jemeński
ii.    jemeńczyk",ˈjemənɪ
yen,1.  ochota,jen
yes,jes,nie zrobiłeś tego?''|o nie|zrobiłem''
yesman,potakiwacz,yes-man|ˈjesmən
yesterday,ˈjestədɪ,
yet,"jednak
 4.  dotąd",jet
yew,ju:,
yha,związek schronisk młodzieżowych,
yield,ji:ld,plon
ymca,stowarzyszenie męskiej młodzieży chrześcijańskiej,
yoghurt,jogurt,yogurt|ˈjɒgət
yogurt,jogurt,yoghurt|ˈjɒgət
yoke,jarzmo,jəʊk
yolk,jəʊk,żółtko
yonder,ˈjɒndə,
you,ju:,"pani
 4.  panowie"
young,jʌŋ,
youngish,dość młody,ˈjʌŋgɪʃ
youngster,chłopiec,dziecko|ˈjʌŋstə
your,jɔ:,własny
yours,jɔ:z,"pani
 4.  ``yours (sincerely|z poważaniem''"
yourself,jɔ:ˈself,siebie
youth,ju:θ,schronisko młodzieżowe|ˈju:θ hɒstəl
youthful,"1.  młodzieńczy
 2.  młody",ˈju:θfʊl
yugoslav,jugosłowiański,ˈju:gəʊslɑ:v
yugoslavia,jugosławia,ˌju:gəʊˈslɑ:vɪə
ywca,stowarzyszenie żeńskiej młodzieży chrześcijańskiej,
zaire,zair,zaɪˈɪə
zairean,zairski,zaɪˈɪərɪən
zambia,ˈzæmbɪə,
zambian,zambijski,ˈzæmbɪən
zany,dziwaczny,ˈzeɪnɪ
zeal,zapał,zi:l
zealous,fanatyczny,zapalony|ˈzeləs
zebra,przejście dla pieszych,ˈzebrə|ˌzebrə ˈkrɒsɪŋ
zenith,zenit,ˈzenɪθ
zero,ˈzɪərəʊ,
zigzag,ˈzɪgzæg,
zimbabwe,zɪmˈbɑ:bwɪ,
zinc,cynk,zɪŋk
zion,syjon,ˈzaɪən
zionism,syjonizm,ˈzaɪənɪzəm
zionist,syjonista,ˈzaɪənɪst
zip,"zamykać
iii.  zip code",zɪp|ˈzɪpkəʊd
zipper,zamek błyskawiczny,ˈzɪpə
zodiac,"the zodiac 
 - zodiak",ˈzəʊdɪək
zombie,żywy trup,ˈzɒmbɪ
zone,strefa,zəʊn
zoo,ogród zoologiczny,zu:
zoology,zoologia,zəʊˈɒləʤɪ
zoom,obiektyw ze zmienną ogniskową,zu:m|ˈzu:mlenz
zucchini,cukinia,zʊˈki:nɪ
éclair,eclair,eklerka|ɪˈkleə
émigré,emigrant,emigrant polityczny|emigre|uchodźca|ˈemɪgreɪ
