english,polish,polish_alternatives
aaa,amerykański,amerykański związek automobilowy
aardvark,mrównik,
abacus,liczydło,
abandon,zostawiać,
abandonment,opuszczenie,zaprzestanie
abashed,zakłopotany,
abate,zelżeć,
abattoir,rzeźnia,
abbreviate,skracać,
abbreviated,skrócony,
abbreviation,skrót,
abdicate,wyrzekać,
abdication,odrzucenie,
abdominal,brzuszny,
abduct,uprowadzać,
abduction,uprowadzenie,
aberration,zboczenie,
abhor,cierpieć,
abhorrence,nienawiść,
abhorrent,znienawidzony,
abiding,długotrwały,
ability,zdolność,
ably,znakomicie,
abnormal,nienormalny,
abnormality,nieprawidłowość,
abode,zamieszkania,
abolish,obalić,
abolition,obalenie,
abort,przerwanie,
abortive,nieskuteczny,
abound,być,obfitować
about,zamierzać,
abrasion,otarcie,
abrasive,ścierny,
abreast,być,
abridged,skrócony,
abroad,granicą,za granicę
abrupt,raptowny,
abscess,ropień,
absence,nieobecność,
absent,nieobecny,nieuważny
absentee,ktoś,
absently,nieuważnie,
absolution,rozgrzeszenie,
absolve,rozgrzeszać,oczyszczać
absorbent,wchłaniający,
absorption,zainteresowanie,wchłanianie
abstain,wstrzymywać,
abstemious,wstrzemięźliwy,
abstention,wstrzymanie,wstrzymanie się od głosu
abstracted,wyobcowany,
abstraction,wyobcowanie,
absurd,absurdalny,
abundance,obfitość,
abundantly,obficie,
abusive,obraźliwy,
abysmal,nędzny,
abyss,otchłań,przepaść
ac,prąd,
academy,akademia,
accede,przychylać,
accelerate,przyspieszać,
acceleration,przyspieszenie,
accentuate,kłaść,
accept,przyjmować,
acceptable,uznawalny,"akceptowalny
 2.  do przyjęcia"
accessory,akcesoria,
accident,przypadek,wypadek
accidental,przypadkowy,
acclaim,wychwalać,
accolade,uznanie,
accommodate,zakwaterować,
accommodating,uczynny,
accompaniment,dodatek,
accompany,towarzyszyć,akompaniować
accomplish,dokonać,
according to,według,
accordingly,wedle zasługi,
accost,zaczepić,
account,sprawozdanie,
accountability,odpowiedzialność,
accountable,odpowiedzialny,
accountancy,księgowość,
accountant,księgowy,
accredited,akredytowany,uznawany
accumulate,gromadzić,
accumulation,nagromadzenie,
accuracy,dokładność,staranność|skrupulatność
accusation,oskarżenie,
accused,oskarżony,
accusing,oskarżycielski,
accustom,przyzwyczajać,
accustomed,zwykły,
achieve,osiągać,
achievement,osiągnięcie,"wyczyn
 2.  spełnienie"
acidic,kwasowy,
acidity,kwasowość,jadowitość
ack,potwierdzony,
acne,trądzik,
acorn,żołądź,
acoustic,akustyczny,
acoustics,akustyka,
acquaint,zaznajamiać,
acquiesce,zgadzać,
acquire,zdobywać,nabywać
acquisition,nabytek,
acquit,zachowywać,
acquittal,uniewinnienie,
acrimony,zażartość,
act,popisywać,
acting,pełniący,
activate,aktywować,uruchamiać
active,aktywny,intensywny
activist,działacz,
actress,aktorka,
actual,faktyczny,
actuality,właściwie,
actually,istocie,
acumen,zdolności,żyłka
ad,ogłoszenie,roku pańskiego
ad hoc,doraźny,
adamant,niewzruszony,
adams apple,jabłko adama,
adaptability,przystosowalność,
adaptable,łatwo,
adapter,rozgałęźnik,
adaptor,rozgałęźnik,
adder,żmija,
addiction,uzależnienie,"narkomania
 2.  łakomstwo"
addictive,powodujący,
additional,dodatkowy,
additive,dodatek,
adept,biegły,zręczny
adequacy,wystarczającość,adekwatność
adequate,wystarczający,właściwy
adherence,przestrzeganie,
adherent,stronnik,
adhesion,przyleganie,przylepność
adjacent,sąsiadujący,
adjectival,przymiotnikowy,
adjective,przymiotnik,
adjoin,przylegać,stykać się
adjourn,odraczać,odkładać
adjournment,odroczenie,
adjudged,uznawany,
adjudicate,wyrokować,
adjust,regulować,
adjustable,dostosowywalny,
administrative,administracyjny,
administrator,zarządca,
admirable,godny,
admiral,admirał,
admire,podziwiać,
admiring,pełen,
admissible,przyjęcia,
admittance,wejście,zezwolenie na wejście
admonish,karcić,
adolescence,dojrzewania,
adopt,adoptować,przyjmować
adoption,przyjmowanie,
adorable,miły,
adoration,uwielbienie,
adore,uwielbiać,
adorn,przyozdabiać,
adrift,dryfujący,
adroit,biegły,
adulation,czołobitność,
adult,dorosły,dojrzały
adulterate,chrzcić,chrzcić mleko|fałszować
adultery,cudzołóstwo,
adulthood,dorosłość,
advantageous,korzystny,
advent,nadejście,
adverb,przysłówek,
adverbial,przysłówkowy,
adversary,przeciwnik,
adverse,niekorzystny,
advert,ogłoszenie,
advertisement,ogłoszenie,
advertiser,reklamująca,osoba reklamująca się
advertising,ogłoszenia,
advisable,celowy,
advt,ogłoszenie,
aerodrome,lotnisko,
aesthetic,estetyczny,
affable,życzliwy,
affect,pozować,
affected,afektowany,
affection,uczucie,
affectionate,pełen,
affiliated,afiliowany,przyłączony
affinity,bliskość,
affirm,stwierdzać,
affirmative,twierdzący,
affix,umocować,
affliction,udręka,
affluence,dostatek,
affluent,majętny,
afoot,szykowany,
aforementioned,wyżej,
aforesaid,wyżej,
afraid,się,
afresh,nowa,
africa,afryka,
african,afrykański,
aftereffect,następstwo,skutek późniejszy
aftermath,pokłosie,
aftershave,płyn,
afterward,później,
afterwards,później,
age,"starość
 3.  wiek",
ageless,ponadczasowy,
agenda,rozkład,
aggravate,pogarszać,irytować
aggregate,zespół,zbiór
aggression,agresywność,
aggressive,zaczepny,
aggrieved,zirytowany,
aggro,napastliwość,
aghast,przerażony,
agile,sprawny,
agility,zwinność,sprawność
agitate,agitować,
agitation,podniecenie,
agitator,orędownik,
agm,zgromadzenie,
agog,podniecony,
agonize,przemyśliwać,zadręczać się
agony,cierpienie,
ail,niedomagać,
ailment,dolegliwość,
aimless,bezcelowy,
air,budynek,
airfield,małe,
airing,wietrzenie,"przewietrzanie
 2.  rozgłaszanie"
airless,duszny,
airline,linia,
airliner,pasażerski,
airsick,chorobę,
airspace,przestrzeń,
airtraffic control,kontrola lotów,
airwaves,radiowe,
airy,przestronny,lekkomyślny|niepoważny
akin,podobny,
alarm,budzik,
alarming,zatrważający,
albanian,albański,albańczyk
albeit,choć,
alcoholic,alkoholowy,alkoholik
alcove,alkowa,
alert,ostrzegać,uważny
algeria,algieria,
alienation,wyobcowanie,niechęć
align,wyrównywać,"porządkować
 2.  sprzymierzać się"
alignment,wyrównanie,"porządkowanie
 2.  sprzymierzenie się"
alike,równi,
alive,być,
allegation,domniemanie,
allege,domniemywać,
alleged,domniemany,
allegiance,lojalność,
allegorical,alegoryczny,
allegory,alegoria,
allergic,alergiczny,
allergy,alergia,
alleviation,zelżenie,
alley,dróżka,
alliance,współpraca,
allied,sprzymierzony,podobny
allin,całkowity,
allnight,całonocny,
allocate,przeznaczać,przydzielać
allocation,przydział,
allot,przydzielić,
allotment,ogródek,przydział
allow,mieć,
allowable,dopuszczalny,
allpowerful,wszechpotężny,
allude,robić,
almond,migdał,
aloft,górze,
alone,własną,
aloof,"powściągliwy
 2.  z dala",
aloud,głośno,na głos
alphabetical,alfabetyczny,
alphanumeric,alfanumeryczny,
alpine,wysokogórski,
already,już,
also,także,
altar,ołtarz,
alter,zmieniać,"zmieniać
 2.  przerabiać"
alternating,zmienny,
alternation,następstwo,
although,chociaż,
altitude,wysokość,
ama,amerykańskie,
amalgamate,łączyć,
amass,zgromadzić,
amateur,domorosły,
amateurish,domorosły,
amaze,zadziwiać,
amazement,zdumienie,
amazing,zdumiewający,
amber,bursztynowy,
ambidextrous,oburęczny,
ambiguity,niejednoznaczność,
ambiguous,dwuznaczny,
ambitious,przebojowy,ambitny
ambivalent,ambiwalentny,
ameliorate,ulepszać,
amenable,skłonny,podlegający
amend,poprawiać,
amendment,poprawka,
amenity,udogodnienie,
america,ameryka,
american,amerykański,
amiable,przyjazny,
amicable,polubowny,
amid,pośród,
amidst,pośród,
amnesty,amnestia,
among,pomiędzy,
amongst,pomiędzy,
amoral,amoralny,
amorous,erotyczny,
amorphous,amorficzny,bezkształtny
amount,być,
amphibian,płaz,
amphibious,ziemno-wodny,
amplification,wzmocnienie,wyjaśnienie
amputate,amputować,
amuse,zabawiać,
amused,rozbawiony,
amusing,zabawny,
anachronism,anachronizm,
anachronistic,anachroniczny,
anaemia,anemia,
anaesthesia,anesthesia,
anaesthetic,środek znieczulający,
anal,odbytowy,
analgesic,środek,
analogous,analogiczny,
analogy,analogia,
analyse,analizować,
analytic,analityczny,
analytical,analityczny,
analyze,analizować,
anarchist,anarchistyczny,
anarchy,anarchia,
anatomical,anatomiczny,
anatomy,anatomia,
ancestor,przodek,
ancestral,rodowy,
ancestry,pochodzenie,ród
ancillary,podrzędny,
anecdote,żart,
anemia,anaemia,
anesthesia,anaesthesia,
anesthetic,środek znieczulający,
anew,nowa,
angel,anioł,
angle,nachylony,
angler,wędkarz,
anglican,anglikański,
angry,gniewać,
anguish,cierpienie,
animated,ożywiony,animowany
animation,ożywienie,
animosity,niechęć,
ankle,kostka,
annex,skrzydło,"dobudówka 
ii.    anektować"
annihilate,unicestwiać,
annihilation,unicestwienie,
anno domini,roku pańskiego,
announce,ogłaszać,"zawiadamiać
 2.  oznajmiać"
announcement,zawiadomienie,ogłoszenie
annoy,drażnić,złościć
annoyance,rozzłoszczenie się,
annul,anulować,rozwiązywać
anoint,namaszczać,
anomalous,nieprawidłowy,
anomaly,anomalia,
anonymity,anonimowość,
anonymous,anonimowy,
anorak,kurtka,
another,się wzajemnie,
ans,odpowiedź,
ansi,narodowy,
answer,być,
answerable,odpowiedzialny,
ant,mrówka,
antagonist,przeciwnik,
antagonistic,przeciwny,
antagonize,zrażać,
antecedent,poprzednik,
anthology,antologia,
anthropology,antropologia,
antibiotic,antybiotykowy,
anticipate,przewidywać,wyczekiwać
anticipation,przewidywanie,oczekiwanie
anticlimax,rozczarowanie,zawód
anticyclone,ciśnienia,
antipathy,antypatia,
antiquarian,antykwaryczny,
antiquated,przestarzały,
antiseptic,środek,
antisocial,aspołeczny,
antithesis,przeciwieństwo,
antler,poroże,
antwerp,antwerpia,
anvil,kowadło,
anyhow,jakkolwiek,
anywhere,gdziekolwiek,
apathetic,apatyczny,
apathy,apatia,
apex,wierzchołek,
apiece,osobę,na sztukę
aplomb,pewność,
apolitical,apolityczny,
apologetic,przepraszający,"for 
 - przepraszać za"
apologize,prosić,przepraszać
apology,prośba,
apostle,apostoł,
app,dodatek,
appal,napełniać niesmakiem,zatrważać
appall,napełniać niesmakiem,zatrważać
appalling,zatrważający,okropny
apparatus,urządzenie,
apparent,pozorny,
appeal,odwołanie,
appealing,atrakcyjny,
appease,łagodzić,
append,dodawać,dołączać
appetizing,apetyczny,
applaud,oklaskiwać,
apple,jabłoń,
appliance,urządzenie,
application,podanie,zgłoszenie (for - do
applied,stosowany,
apply,zgłaszać,
appraise,oceniać,
appreciable,znaczny,
appreciative,rozumiejący,
apprenticeship,praktyka,
appro,zatwierdzenie,
approachable,przystępny,
approximation,przybliżenie,oszacowanie
apr,kwiecień,
april,kwiecień,
aptitude,zdolność,
aquatic,wodny,
arable,orny,
arbitrary,arbitralny,
arbitrate,rozstrzygać,
arbitration,arbitraż,
arc,łuk,
archaeology,archeologia,
archaic,archaiczny,
archer,łucznik,
archery,łucznictwo,
ardent,zapalony,
ardor,zapał,
ardour,zapał,
arduous,nużący,
argentinian,argentyński,
argumentative,kłótliwy,
arid,jałowy,
arise,powstawać,
ark,arka,
armed,siły,
armenian,ormiański,
armful,naręcze,
armistice,zawieszenie,
army,armia,
aromatic,aromatyczny,
arousal,obudzenie,
arouse,pobudzać,
array,zgromadzenie,ukazywać
arrest,aresztowanie,
arrive,przybywać,
arrow,strzała,strzałka
arsenic,arszenik,
arson,umyślne,
artefact,wytwór ludzi,
artery,tętnica,
artful,zręczny,
article,artykuł,
articulation,wyartykułowanie,
artificiality,sztuczność,
artillery,artyleria,
artisan,rzemieślnik,
artistic,artystyczny,twórczy
artistry,sztuka,
artless,naiwny,
arty,interesujący,
ascertain,stwierdzać,
ascetic,ascetyczny,
ascribe,przypisywać,
asexual,bezpłciowy,
ashtray,popielniczka,
ask,ktoś,
askew,skrzywiony,
asp,osika,
aspect,postać,
aspirant,"for 
 - aspirować do",
aspire,dążyć,
aspiring,ambitny,
assail,atakować,osaczać
assailant,napastnik,
assassinate,mordować,
assemble,gromadzić,"gromadzić
 2.  montować"
assembly,linia,
assent,aprobować,
assess,oceniać,szacować
assessment,oszacowanie,
asset,majątek,
assiduous,pilny,
assignment,zadanie,przydział
assimilate,asymilować,
assimilation,przyswajanie,
assist,pomagać,
assoc,stowarzyszenie,
assorted,mieszany,różniący się
assortment,wybór,
asst,zastępca,
assume,zakładać,przypuszczać (that -
assuming,przyjmując,
assumption,przyjmować,
assurance,pewnością,
assure,zapewniać,upewniać się
assured,pewny,
asterisk,gwiazdka,
asthmatic,astmatyczny,
astir,poruszony,
astonish,zadziwiać,
astonishment,zdumienie,
astound,zdumiewać,
astringent,środek,"ściągający
ii.    ostry"
astrology,astrologia,
astronomical,astronomiczny,
astronomy,astronomia,
astute,zręczny,
atheism,ateizm,
athletic,atletyczny,lekkoatletyczny
athletics,lekka,
atmospheric,atmosferyczny,
atomic,atomowy,
atone,odpokutowywać,
atrocious,odrażający,
attach,przyłączać,"dołączać 
 2.  odnosić się|odnosić"
attached,przywiązany,
attachment,przywiązanie,przystawka
attack,atakować,
attain,osiągać,
attainable,osiągnięcia,osiągalny
attainment,osiągnięcie,
attempted,usiłowany,
attendance,"obecność
 2.  uczęszczanie",
attest,poświadczać,
attested,atestowany,
attire,odzienie,
attraction,pociąg,
attractive,atrakcyjny,
attribute,"i.    przypisywać 
ii.    cecha",
aubergine,bakłażan,
auburn,kasztanowy,
auction,licytować,wyprzedawać
audacious,zuchwały,śmiały
audacity,czelność,
audible,słyszalny,
audience,widownia,"publiczność
 2.  audiencja"
audio,dźwiękowy,
auditor,biegły,
aug,sierpień,
augment,zwiększać,
augur,wróżyć,
august,dostojny,sierpień
aunt,ciotka,
auntie,ciocia,
aural,dźwiękowy,słuchowy
auspicious,pomyślny,
aussie,australia,
austere,niewyszukany,
austerity,surowość,
authentic,autentyczny,
authenticate,potwierdzać,
authenticity,autentyczność,
authoritarian,apodyktyczny,
authoritative,autorytatywny,wyczerpujący
authorization,upoważnienie,
auto,samochód,
autobiographical,autobiograficzny,
autobiography,autobiografia,
autograph,podpisywać,składać autografy
automate,automatyzować,
automobile,samochód,
autonomous,autonomiczny,
autonomy,autonomia,
autopsy,zwłok,
autumnal,jesienny,
availability,dostępność,
available,dostępny,osiągalny
avarice,chciwość,
avenge,mścić,
averse,niechętny,
avert,zapobiegać,odwracać
aviary,ptaszarnia,
avid,zapalony,złakniony
avoid,uchylać,unikać
avoidable,uniknięcia,
avoidance,uchylanie,
avowed,zdeklarowany,
avuncular,protekcjonalny,
await,oczekiwać,
awake,budzić,
awakening,przebudzenie,
award,przyznawać,zasądzać
away,wyszedł,
awe,bojaźń,
awed,pełen,
aweinspiring,wzbudzający respekt,
awestruck,pełen respektu,przytłoczony
awkward,niezręczny,"nieporęczny|ciężki
 3.  trudny"
awry,iść,
axe,redukować,
azerbaijan,azerbejdżan,
azerbaijani,azerbejdżański,azerbejdżanin
azure,błękitny,
b and b,zakwaterowanie,
babble,szemrać,
babyhood,niemowlęctwo,
babyish,dziecinny,dziecięcy
babysit,opiekować się dziećmi,
babysitting,opiekowanie się dziećmi,
bachelor,bakałarz,
back,do tyłu,
backbiting,obmowa,
backbreaking,w pocie czoła,
backdate,antedatować,
backdoor,zakulisowy,
background,doświadczenie,
backhanded,wątpliwy,
backing,poparcie,podpórka
backlog,zaległości,
backside,tyłek,
backstage,zakulisowy,
backstreet,nielegalny,
backstroke,grzbietowy,
backwater,zaścianek,
backyard,podwórko,
badge,znaczek,
badger,marudzić,
badly,poważnie,
bag,torba podróżna,
baggage,bagaż,
baggy,rozepchany,
bail,wyskakiwać,
bailiff,komornik,zarządca
baked beans,fasolka,
baking,pieczenie,
bald,osłonek,
balding,łysiejący,
baldly,ogródek,
bale,wiązka,
balk,zapierać się,
balloon,balonik,wydymać
ballroom,balowa,
balmy,balsamiczny,
bamboozle,wpuszczać w maliny,
banal,banalny,
banality,banalność,banał
band,grupować się,
bandage,bandaż,bandażować
bandit,rozbójnik,
bandy about,rozpowszechniać,
banger,ogień,
banister,poręcz,
banjo,bandżo,
bank,wyciąg bankowy,"ława
ii.  bank holiday"
banking,bankowość,
bannister,poręcz,
banter,przekomarzanie,"przekomarzać się
ii.    paplanina"
baptize,chrzcić,
barbarian,barbarzyńca,
barbaric,barbarzyński,
barbarism,barbarzyństwo,
barbarous,prymitywny,barbarzyński
barber,męski,
barefaced,bezwstydny,
bark,iść fałszywym tropem,
barley,jęczmień,
barmaid,barmanka,
barn,stodoła,
baroness,baronowa,
barrel,się,
barren,bezpłodny,jałowy
barricade,barykadować,"zapora
ii.    barykadować się"
barring,wyjąwszy,
barrow,taczka,wózek
barter,wymieniać,sprzedaż wymienna
baseless,bezpodstawny,
bashful,płochliwy,
basis,według ... czegoś,
basketball,koszykówka,
baste,polewać tłuszczem,
bastion,oparcie,
bather,kąpiący,
bathroom,łazienka,
battery,seria,
battleship,okręt,
bauble,błyskotka,
baulk,zapierać się,
bawdy,rubaszny,
beach,plaża,
beacon,sygnał,sygnał świetlny
bead,paciorek,
beak,dziób,
beaker,kubek,
bearable,wytrzymania,
bearded,z brodą,
bearer,doręczyciel,
beating,pobicie,
beautiful,piękny,
beautify,upiększać,
beauty,miejscowość widokowa,
because,ponieważ,
beck,bek,
beckon,skinąć,wzywać
become,stawać się,
bedclothes,pościel,
bedding,pościel,
bedlam,wariatów,
bedridden,łóżka,
bedrock,podwaliny,
bedroom,sypialnia,
bedside,łóżku,"przy łóżku
 2.  at"
bedsitter,kawalerka,wynajęty pokój
bedspread,narzuta na łóżko,
beef,wołowina,
beefy,silny,umięśniony
been,on był w,
beetle,chrząszcz,żuk
beetroot,burak ćwikłowy,
befall,przydarzyć się,
befit,wypadać,
befriend,zaprzyjaźnić się,
befuddle,zamraczać,
beggar,żebrak,
beginner,początkujący,
begrudge,mieć za złe,
beguile,oczarowywać,łudzić
behave,zachowywać się,
behaviour,zachowanie się,
behold,oglądać,
beige,beż,
belarus,białoruś,
belated,spóźniony,
beleaguered,osaczony,oblężony
belgium,belgia,
belie,zadawać kłam,
believer,"i.    zwolennik 
ii.    wierzący",
belittle,pomniejszać,
bell,dzwonek,
belongings,czyjeś rzeczy,
belorussia,białoruś,
belorussian,białoruski,białorusin
below,poniżej,
bemoan,opłakiwać,
bemused,oszołomiony,
bench,ława,ławka
bend,schylać,"zginać|zginać
ii.   1.  zakręt"
benefactor,dobroczyńca,
beneficial,dobroczynny,
benefit,pożytek,świadczenie
benevolence,wyrozumiałość,
benevolent,wyrozumiały,łagodny
benign,łagodny,niezłośliwy
bequeath,przekazać,przekazać w spadku
bereaved,pogrążony w smutku,
bereavement,utrata kogoś bliskiego,
beseech,błagać,upraszać
beseeching,błagalny,
beset,dręczyć,
best,pozdrowienia,
bestman,drużba,
bestow,obdarzyć,
bet,co można zrobić,i.    stawiać|no pewnie że
betray,zdradzać,
between,między,pomiędzy
beverage,napój,
beware,strzec się,
bewildered,oszołomiony,
bewitch,oczarowywać,
bias,nastawienie,stronniczość
bib,śliniak,
bible,biblia,
biblical,biblijny,
bibliographical,bibliografia,
bibliography,bibliografia,
bicentenary,dwustulecie,
bicker,sprzeczać,
bigoted,fanatyczny,
bigotry,bigoteria,
bile,żółć,
bilingual,dwujęzyczny,
bilious,odpychający,"wstrętny
 2.  zgryźliwy"
billboard,reklamy,
billiard,bilardowy,
billow,nadymać,
bin,śmieci,
binary,binarny,dwójkowy
bind,wiązać,związywać
binding,okładka,oblamowanie
biographical,biograficzny,
biological,biologiczny,
bird,drapieżnik,
birdcage,klatka,
biro,długopis,
birthday,urodziny,
biscuit,herbatnik,
bisect,przecinać,
biting,kąśliwy,
bitter,zacięty,
bk,księga,
blackberry,jeżyna,
blackcurrant,porzeczka,
blacken,psuć,
blackmail,szantaż,szantażować
blackmailer,szantażysta,
blackout,zaciemnienie,omdlenie
bladder,pęcherz,
blade,"brzeszczot
 2.  łopata",
blame,i.    robić zarzuty,potępiać
blanch,wybielić,zbieleć
blanket,ogólny,
blaspheme,bluźnić,
blasphemous,bluźnierczy,
blasphemy,bluźnierstwo,
blast,wznosić się,wznosić się w powietrze
blasted,cholerny,
blastoff,wzniesienie się,wzniesienie się w powietrze
blatant,bezwstydny,
bldg,budynek,
bleach,środek czyszczący,
bleak,posępny,
bleary,załzawiony,
bleed,krwawić,
bleeding,krwawienie,
blemish,plamka,psuć|rujnować
bless,bóg zapłać'',
blessing,błogosławieństwo,dar boży
blight,i.    nieszczęście,
blindfold,przepaska,przewiązać oczy
blindfolded,zawiązanymi,
blindly,oślep,
blindness,ślepota,
blinkered,zaślepiony,
blinkers,końskie okulary,
bliss,błogość,szczęście
blistering,rozpalony,
blizzard,zamieć,zamieć śnieżna
bloated,naćkany,
blockage,zatkanie,
blood,naczynie krwionośne,
bloodbath,łaźnia,
bloodcurdling,mrożący,mrożący krew w żyłach
bloodshed,rozlanie,
bloodshot,nabiegły,
bloodstained,skrwawiony,
bloodthirsty,krwiożerczy,
bloody,pieprzony,
bloodyminded,złośliwy,
blotch,znamię,
blotting paper,bibuła,
bludgeon,zadawać,zmuszać
bluebottle,końska,mucha końska plujka
bluff,by odkrył karty,
blunder,błąd,"łazić
ii.    poważny błąd"
blur,wypaplać,"zamazywać
 2.  zacierać się"
blurred,zamazany,
blush,"czerwienić
ii.    rumieniec",czerwienić się|i.    rumienić się|rumienić
bluster,rzucanie,
bo,ciała,zapach ciała smród
boarder,stołownik,
boarding,szkoła z internatem,
boastful,chełpliwy,
boating,żeglarstwo,
bobbin,szpulka,
bode,być,
body,karoseria,
bodywork,karoseria,
bog,ugrzęznąć,
bogus,podrabiany,
boiler,kocioł,kocioł centralnego ogrzewania
boisterous,żywiołowy,
bolster,wspierać,
bombard,bombardować,ostrzeliwać
bombardment,ostrzał,
bonanza,złota żyła,
bondage,zniewolenie,
bone,"ość
ii.    usuwać kości",
bonfire,ogień,
bonhomie,jowialność,
bonnet,czapka,
bonus,premia,
bony,kościsty,
boo,i.    wygwizdywać,
booboo,idiotyczny błąd,
boobytrap,i.    mina pułapka,
book,zająć,
bookcase,biblioteczka,
bookish,książkowy,
bookkeeping,księgowość,
booklet,książeczka,
bookmark,zakładka,
bookseller,księgarz,
bookshelf,biblioteczka,
bookshop,księgarnia,
bookstore,księgarnia,
bookworm,mól,
booth,budka,
bootstrap,ładować,"inicjować
ii.    ładowanie początkowe"
booty,łup,
bop,"i.    przytup
ii.    podskakiwać",
borderline,dyskusyjny,
born,narodzić się,
borough,okręg,okręg miejski
borrow,pożyczać,
borrower,pożyczający,
bossy,władczy,
botanic,botaniczny,
botanical,botaniczny,
botanist,botanik,
botany,botanika,
bother,niepokoić,
bottom,siedzenie,
bottomless,bezdenny,
boulder,głaz,skała
bounce,i.    odbicie się,
bouncer,wykidajło,
bouncy,energiczny,
boundless,bezgraniczny,
bourgeoisie,burżuazja,
bout,spotkanie,
bowler,melonik,
bowling,kręgle,
box,"stłaczać
iv.  box office",
boycott,bojkotować,
boyfriend,chłopak,
boyhood,dzieciństwo,okres chłopięcy
boyish,chłopięcy,
bracelet,bransoletka,
bracken,paproć orlica,
bracket,podpórka,"przedział
 2.  wspornik"
brag,przechwalać się,
brain,głowa,radzić się kogoś
brainchild,oryginalny,pomysł
brainless,bezmózgi,
brainwash,urabiać,
brainwashing,pranie,
brainwave,olśnienie,
brainy,głową,
branch,"oddział
 4.  władza",
brandish,wywijać,
brawn,mięśnie,siła fizyczna
bray,ryczeć,"niemiłe dźwięki|ryczeć
 2.  wydawać głośne"
brazen,bezczelny,
brazier,żelazny,
breadth,szerokość,
breadwinner,żywiciel,
break,łamać,łamać się
breakage,stłuczenie,stłuczki
breakdown,"załamanie
 3.  awaria",
breaker,bałwan,
breakin,włamanie,
breakneck,karkołomny,
breakthrough,przełom,
breast,wyznać coś,
breastbone,mostek,
breaststroke,żabka,
breathalyze,badać,badać trzeźwość kierowcy
breathe,wciągać powietrze,
breather,odetchnienie,
breathtaking,zapierający,
breed,spędzić dzieciństwo,
breezy,przewiewny,dynamiczny
brevity,krótkotrwałość,lapidarność
brew,zanosić się na,zanosić się na coś
briar,dzika,
bribe,przekupywać,
bribery,łapownictwo,
bridal,weselny,ślubny
bride,panna młoda,
bridegroom,młody,
bridle,ogłowie,
brief,instruować,
briefcase,aktówka,
briefing,instruktaż,
bright,"świecący
 3.  bystry",
brighten,rozjaśniać,
brilliance,roziskrzenie,
brilliant,jarzący,"jaskrawy
 4.  świetlisty|znakomity
 3.  olśniewający"
brisk,"dobry
 4.  rześki",
bristly,szczeciną,
britain,brytania,
brittle,łamliwy,"kruchy
 2.  bezwzględny"
broach,poruszać,
broad,bób,
broadcast,nadawać,
broadly,ogólnie,
broadminded,tolerancyjny,
broccoli,brokuły,
brokenhearted,ze złamanym sercem,
broker,pośrednik,
bronzed,pięknie opalony,
brooch,broszka,
brooding,groźny,niepokojący
broody,zadumany,lęgowy
brook,strumień,
broom,miotła,
broomstick,miotły,
bros,bracia,
browbeat,zmuszać,zmuszać używając presji moralnej
brown,brązowić,
brownish,brązowawy,
bruise,"i.    siniak
ii.    siniaczyć",
brunette,brunetka,
brushwood,zarośla,
brusque,szorstki w obejściu,
brutality,brutalność,
brutalize,czynić,czynić brutalnym
brute,zwierzę,
brutish,brutalny,zwierzęcy
bsc,bakałarz,
bsi,normalizacyjny,
bubble,balonowa,guma balonowa do żucia
buck,głowa do góry'',
bucket,umrzeć,
budding,przyszły,
buddy,bracie,
budgerigar,papużka,
budget,uwzględniać,
budgetary,budżetowy,
budgie,papużka,papużka falista
buffer,buforowy,
buffet,dworcowa,
bugle,trąbka,
builtin,wbudowany,
bulgaria,bułgaria,
bulgarian,"i.    bułgarski
ii.    bułgar",
bulge,i.    sterczeć,
bulky,obszerny,
bulldoze,zburzyć,"przemieszczać|zburzyć
 2.  przemieszczać spychaczem"
bullet,nabój,
bulletin,wiadomości,
bullion,sztaby złota,
bullock,wół,
bullseye,środek,
bully,coś,
bulrush,pałka,pałka szerokolistna
bulwark,osłona,
bumble,plątać,
bumptious,nadęty,
bun,bułka,
bundle,tłumok,"zapakowywać|zawiniątko
ii.    pakować"
bung,wtykać,
bungalow,domek,
bungle,fuszerować,partaczyć
bunker,pojemnik,
bunny,króliczek,
bunting,oflagowanie,
buoy,podtrzymywać,
buoyancy,pływalność,beztroska
burden,ciężar,obarczać
bureau,urząd,filia
bureaucrat,urzędnik,
bureaucratic,biurokratyczny,
burglar,przeciwwłamaniowy,
burglarize,włamywać,
burglary,włamanie,
burgle,włamywać,
burial,pochówek,
burn,wypalić,wypalić się
burner,palnik,
burning,rozpalony,
burnish,polerować,
burp,"i.    bekać
ii.    beknięcie",
burrow,przekopywać,"ryć|wkopywać się
 2.  grzebać"
burst,"otworzyć
 3.  wpadać","rozwalać
 2.  otworzyć się|rozwalać się"
bushy,bujny,
businesslike,rzeczowy,
businessman,przedsiębiorca,
businesswoman,biznesmenka,
bustle,krzątanina,
busybody,wścibski,
butcher,mięsny,
butchery,rzeź,
butt,"obiekt
ii.    bóść",uderzyć z byka
buttock,pośladek,
button,zapinać,
buttress,wzmacniać,wzmacniać przyporami
buxom,jędrny,przy kości
buzz,spływaj'',
buzzard,myszołów,
buzzer,brzęczyk,
bye,cześć,
byelaw,zarządzenie lokalne,
byelection,wybory uzupełnaijące,
byelorussia,białoruś,
byelorussian,"i.    białoruski
ii.    białorusin",
bygone,było,
bylaw,zarządzenie lokalne,
bypass,miejska,
byproduct,uboczny,
bystander,przechodzień,
byword,hasło,
c of e,kościół,
cabin,domek,
cache,tajny,
cacophony,kakofonia,
cad,projektowanie,
cadence,melodia,
cadge,ciągnąć,
caesarean,cięcie cesarskie,
caesarean section,cięcie cesarskie,
cafeteria,bar samoobsługowy,stołówka
cagey,wstrzemięźliwy,
caked,zastygły,"zakrzepły
 2.  oblepiony"
cal,kaloria,
calamitous,fatalny,
calamity,klęska,nieszczęście
calcium,wapń,
calculus,rachunek,
calendar,kalendarzowy,
calf,"młode
 2.  łydka",
california,kalifornia,
caller,odwiedzający,dzwoniący
calling,powołanie,
callous,gruboskórny,
calm,uspokajać,
calorie,kaloria,
calve,cielić,wydawać młode
cambodia,kambodża,
cambodian,kambodżański,kambodżanin
camel,wielbłąd,
cameo,miniaturka,
camomile,rumianek,
camp,mieszkać w namiocie,
camping,obozowanie,
canal,kanał,kanał sztuczny
canary,kanarek,
cancellation,odwołanie,
candied,kandyzowany,
candle,świeca,
candlestick,świecznik,
candor,otwartość,szczerość
candour,otwartość,szczerość
candy,cukierek,słodycze
canned,puszkowany,
canonize,kanonizować,
canopy,sklepienie,
cantankerous,zrzędliwy,
canteen,stołówka,
canvas,płótno,"brezent
 2.  płótno"
cap,przelicytowywać,
capability,zdolności,potencjał
capable,uzdolniony,
caper,hopsać,
capillary,naczynie włoskowate,
capital,śmierci,
capitalise,korzystać,
capitalism,kapitalizm,
capitalistic,kapitalistyczny,
capitalize,korzystać,
capricious,kapryśny,
capsize,wywracać,wywracać się
captivate,fascynować,
carafe,karafka,
caraway,kminek,
carbohydrate,węglowodan,
carbon,kalka,
cardboard,tekturowy,
cardiac,nasercowy,
career,wpadać,
careful,uważaj,
careless,niedbały,"nieostrożny
 2.  beztroski"
caress,gładzić,i.    pieścić
cargo,ładunek,
caricature,karykaturować,
caring,czuły,czułość
carnage,rzeź,
carnal,cielesny,płciowy
carnation,goździk,
carnival,karnawał,
carnivore,zwierzę,
carnivorous,mięsożerny,
carol,kolęda,
carpenter,cieśla,
carpet,pokrywać,
carried away,poniesiony,
carrier,reklamówka,
cartilage,chrząstka,
cartridge,nabój,
carve,pokawałkować,
carving,nóż,
case,skrzynia,
cash,gotówka,
casing,obudowa,
cask,beczka,
casket,skrzynka,"szkatułka
 2.  trumna"
casserole,garnek,
castigate,ganić,gromić
castiron,żeliwny,
castor,kółko,
castrate,kastrować,
casual,naturalny,przypadkowy
cataclysm,kataklizm,
catalog,"i.    katalog
ii.    katalogować",
catalogue,"i.    katalog
ii.    katalogować",
catastrophic,katastroficzny,
catch,chwytać,"uderzyć|zamknięcie 
 3.  problem"
catchphrase,hasło dnia,
categorical,kategoryczny,
categorize,dzielić,kategoryzować
category,kategoria,
cater,troszczyć,zaspokajać potrzeby
caterpillar,gąsienica,
catholic,katolik,
cattle,bydło,
catty,złośliwy,
caucus,klika,
causal,logiczny,
caustic,kaustyczny,"zgryźliwy|żrący
 2.  kostyczny"
caution,ostrzeżenie,ostrzegać|przestrzegać
cautious,ostrożny,
cavernous,ogromny,
cavort,baraszkować,zabawiać się
caw,krakać,
cc,rozdziały,
cdr,dowódca,
cease,kończyć,
ceasefire,zawieszenie,
ceaseless,bezustanny,
cede,cedować,przekazywać
celebrated,doceniany,
celebration,obchód,
celebrity,znakomitość,
celestial,niebiański,
celibate,bezżenny,
cellular,komórkowy,
cement,przycementować,utwierdzać
censor,cenzorować,
censure,krytykować,
census,spis ludności,
centigrade,stustopniowa,
central,położony,"główny 
ii.  central heating"
centralize,centralizować,
centred,skupiony,usytuowany (in - wokół
cereal,płatki,
ceremonial,obrzędowy,ceremoniał|rytuał
ceremonious,ceremonialny,
ceremony,ceremonia,
cert,zaświadczony,
certainly,że,
certificate,zaświadczenie,świadectwo
certitude,pewność,
cf,porównaj,
ch,rozdział,
chafe,ocierać,
chair,przewodniczyć,
chairman,przewodniczący,
chairperson,przewodniczący,
chairwoman,przewodnicząca,
chalet,chatka,
chalky,kredowy,pokryty kredą
challenge,kwestionowanie,
challenging,prowokujący,
chamber,muzyka,
chambermaid,pokojówka,
changeable,zmienny,
chaotic,chaotyczny,
chap,rozdział,gość
chaperon,"i.    przyzwoitka
ii.    pilnować",opiekować się
chaperone,"i.    przyzwoitka
ii.    pilnować",opiekować się
chapped,spierzchnięty,
chapter,rozdział,
characteristic,charakterystyczny,
characterize,charakteryzować,
charcoal,węgiel,
charge,zajmować,
charismatic,charyzmatyczny,
charitable,uprzejmy,"łaskawy 
 2.  charytatywny"
charity,dobroczynność,
charming,czarujący,
charred,osmalony,
chartered,biegły,
chase,gonić,
chasten,kajać,
chastise,bić,
chastity,cnotliwość,czystość
chat,gawędzić,
chateau,dwór,
chatter,szczękanie,
chatterbox,gaduła,
chauvinism,szowinizm,
chauvinist,szowinistyczny,
checkroom,szatnia,
cheekbone,kość,
cheeky,bezczelny,
cheer,rozchmurzać,
cheerful,radosny,
cheerily,radośnie,
cheering,pokrzepiający,
cheerio,cześć,
cheery,radosny,
cheesecake,sernik,
chemist,drogeria,
cherish,piastować,"utrzymywać|żywić
 2.  miłować"
cherry,czereśnia,wiśniowy|czereśniowy
chestnut,kasztanowy,
chewing gum,żucia,
chic,szykowny,
chicken,spłoszyć,
chicory,cykoria,
chide,strofować,
chiefly,głównie,
chieftain,wódz,
chiffon,szyfonowy,
chilblain,odmrożenie,
child,dziecko,
childbearing,poród,
childbirth,narodziny,poród
childhood,dzieciństwo,
childish,dziecinny,
childless,bezdzietny,
childlike,dziecięcy,
chill,chłodzić,
chilly,czuć,
chime,wtórować,
chin,podbródek,
china,chiny,
chinese,chiński,chińczyk
chink,pobrzękiwanie,brzęczeć
chip,kość,obijać się|wiórek|wyszczerbiać
chirp,ćwierkać,
chisel,wycinać,
chivalry,rycerskość,
chocolate,czekoladka,
choice,wyborowy,
choir,chór,
choke,dusić,dławić
choose,wybierać,postanawiać
choosy,wybredny,
choppy,pofalowany,
choral,chóralny,
chore,harówka,
choreographic,choreografia,
choreography,choreografia,
chortle,uśmiać,zaśmiewać się
chorus,śpiewać,
chosen,wybrany,
christen,nazwać,
christening,chrzciny,
christian,imię,
christianity,chrześcijaństwo,
christmas,choinka,wigilia bożego narodzenia
chronic,chroniczny,
chronicle,zapisywać,
chronological,chronologiczny,
chrysalis,poczwarka,oprzęd
chubby,pulchny,
chuckle,chichotać,podśmiewać się
chug,stukotać,turkotać|łoskotać
chunk,kawał,
church,kościół,
churchman,duchowny,
churlish,grubiański,
churn,bełtać,i.    maślnica|kotłować|wywracać się
château,dwór,
cid,wydział,
cider,jabłecznik,wino jabłkowe
cinc,głównodowodzący,
cinch,łatwizna,
cinder,popiół,
cinematic,kinowy,
circa,około,
circuitous,okrężny,
circular,okrągły,"okólny|okrężny
ii.    okólnik"
circularity,błąd,błędne koło
circulate,krążyć,rozpowszechniać|rozsyłać
circumcise,obrzezywać,
circumcision,obrzezanie,
circumference,obwód,
circumscribe,ograniczać,
circumspect,rozważny,
circumstance,okoliczności,
cis,wspólnota niepodległych państw,
cissy,maminsynek,
cistern,zbiornik,
cite,przytaczać,pozywać|wzywać
citrus,cytrusowy,
civil,domowa,
civilise,cywilizować,
civility,przyzwoitość,uprzejmość
civilize,cywilizować,
civilized,cywilizowany,kulturalny
claim,żądanie,sąd|wysuwać żądania
clairvoyant,jasnowidzący,
clamber,gramolić,
clamor,"wołać 
 2.  alarmować",
clamour,"wołać 
 2.  alarmować",
clamp,przyhamowywać,
clang,dzwonić,dźwięk|i.    dźwięczeć|odgłos
clank,szczękać,szczęk
clarification,objaśnienie,wyjaśnienie
clarify,wyjaśniać,
clarity,przejrzystość,"jasność
 2.  precyzyjność"
clash,hałas,"zderzenie
 4.  łoskot"
clasp,przytulać,"przyciskać
ii.    klamra|sprzączka"
class,zajęcia,"warstwa
ii.   1.  klasyfikować|warstwa społeczna"
classic,klasyczny,
classical,klasyczny,"poważny
 3.  starożytny"
classify,klasyfikować,
classy,z klasą,
clatter,brzęczeć,"stukot
ii.    stukać"
claustrophobia,klaustrofobia,
claw,wpijać się,
clean,czyścić,sprzątać
cleaner,pralnia,
cleanliness,schludność,
cleanly,gładko,"porządnie
ii.    schludny"
cleanse,oczyszczać,
cleanser,płyn,
clearcut,wyraźny,
clearheaded,jasno myślący,
cleavage,rozstęp,
cleft,pęknięcie,
clemency,wyrozumiałość,łaskawość
clench,zaciskać,
clergy,duchowieństwo,
clergyman,duchowny,
clerical,biurowy,
clever,inteligentny,"pomysłowy|zdolny
 2.  zmyślny"
cliche,komunał,
cliché,komunał,
click,"zaskoczyć
ii.    pstryknięcie",
climb,złazić,
climber,pnącze,roślina pnąca
climbing,alpinistyka,
clinch,załatwić,
cling,nie odstępować,
clinging,niesamodzielny,przylegający
clinic,klinika,
clinical,kliniczny,sterylny
clip,wycinać,"zapięcie
 2.  wideo klip"
clipboard,notatnik,
clippers,nożyczki,
clipping,wycinek,
cloak,"peleryna
 2.  płaszczyk","pokrywka
ii.    okryć|przykryć"
clobber,przywalić,pobić
clod,bryła,
clog,blokować,i.    zatykać|zatykać
cloister,krużganek,
clone,"składak
ii.    klonować",
closeknit,blisko,
closeset,blisko,
closet,naradzać,
closeup,zbliżenie,
closure,zamknięcie,
cloth,materiał,szmatka
clothe,ubierać,ubierać się
clothing,odzież,
cloudy,zachmurzony,"szary
 2.  mętny"
clove,ząbek,
club,bić,
cluck,kręcić głową,
clue,wskazówka,
clump,tupać,stąpać
clumsy,niezręczny,"niezgrabny
 2.  nieporęczny"
clunk,łomot,
clutter,bałagan,"nieład
ii.    zawalać"
cm,wspólny,
co,do rąk,dowódca
coagulate,krzepnąć,"koagulować
 2.  gęstnieć|stygnąć"
coal,węgiel,
coalesce,jednoczyć,łączyć się
coalface,przodek,
coalfield,pokład,pokład węglowy|złoże|złoże węgla
coalmine,kopalnia,kopalnia węgla
coalminer,górnik,górnik węglowy
coarse,"szorstki
 2.  grubiański",
coastal,przybrzeżny,
coastline,linia,
coating,powłoka,
coax,nakłaniać,namawiać
cobweb,pajęczyna,
cockerel,kogucik,
cockle,mięczak,
cocksure,pewny,
cocktail,alkoholowy,
cocky,zarozumiały,
coconut,kokosowy,
cocooned,opatulony,odizolowany
cod,płatne przy odbiorze,
coddle,rozpieszczać,
code,"szyfrować
iii.  code name",
codify,kodyfikować,ustalać
coerce,przymuszać,
coexist,koegzystować,współistnieć
coffee,stolik,
cogent,przekonujący,
cognitive,kognitywny,
cogwheel,zębatka,
cohabit,współżyć,
coherent,koherentny,spójny
cohesion,spójność,zwartość
cohesive,spójny,
coil,"spirala
ii.    zwijać się",zwijać
coinage,monetarny,
coincide,pokrywać,"zachodzić 
 3.  współbrzmieć"
coincidence,zbieg okoliczności,
col,"col.
  płk pułkownik",płk
colic,kolka,
collaborate,współpracować,kolaborować
collaboration,współpraca,
collaborator,współpracownik,
collapsible,składany,
collate,porównywać,zestawiać
collective,kolektywny,wspólny
college,związek,
collide,zderzać się,
colliery,kopalnia,
collision,zderzenie,
colloquial,kolokwialny,
cologne,woda kolońska,
colonel,pułkownik,
colonial,kolonialny,
colonize,kolonizować,
colony,kolonia,
colorful,barwny,
colossal,kolosalny,
colourful,barwny,
colt,źrebak,
columbia,kolumbia,
coma,śpiączka,
combine,łączyć,
combustion,zapłon,
comedian,komik,
comedy,komedia,
comely,nadobny,
comical,komiczny,
comma,przecinek,
command,"rozkazywać
 2.  żądać",
commandant,dowódca,
commandeer,rekwirować,przejmować
commander,głównodowodzący,
commanding,przewodzący,"panujący
 2.  imponujący"
commemorate,upamiętniać,obchodzić
commence,rozpoczynać,rozpoczynać się
commend,chwalić,
commendable,chwalebny,
commendation,pochwała,
commensurate,współmierny,
comment,komentować,
commentary,sprawozdanie,
commercial,finansowy,komercyjny
commercialize,komercjalizować,
commiserate,współczuć,
commission,"zamawiać
ii.   1.  zamówienie",
commit,popełniać,kierować|wyuczać się|zobowiązywać się do czegoś
commodity,artykuł,artykuł handlowy
commonlaw,o trwałym pożyciu małżeństwo,
communal,wspólny,
communicate,komunikować,rozumieć się
communicative,komunikatywny,
communion,"współuczestnictwo
 2.  komunia",
communist,komunistyczny,
commute,dojeżdżać,dojeżdżać do pracy
commuter,dojeżdżający,
comp,porównaj,
compact,zagęszczać,
company,spółka,
comparable,dający,porównywalny
comparative,wyższy,
compare,w porównaniu do,wypadać niekorzystnie w porównaniu
comparison,w porównaniu,
compartment,przedział,przegródka
compassion,litość,współczucie
compatible,kompatybilny,
compel,przyciągać,
compelling,istotny,
compensate,rekompensować,kompensować|równoważyć
compensatory,rekompensacyjny,"wyrównawczy
 2.  resocjalizacyjny"
compere,"konferansjer
ii.    prowadzić konferansjerkę",
compete,rywalizować,współzawodniczyć
competence,sprawność,
competent,kompetentny,
competition,konkurować,
competitive,rywalizujący,
competitor,zawodnik,
compilation,"zbiór
 2.  kompilowanie",
compile,kompilować,zestawiać
complement,uzupełniać,"uwydatniać
ii.   1.  uzupełnienie"
complementary,uzupełniający,uzupełniający się
completion,ukończenie,zakończenie
complexity,skomplikowanie,"złożoność
 2. complexities  zawiłość"
compliance,ustępliwość,
compliant,ustępliwy,
complicate,komplikować,
complicated,skomplikowany,
complicity,współudział,
compliment,pozdrowienia,prawić
complimentary,uprzejmy,"wyrażający uznanie
 2.  bezpłatny"
comply,podporządkowywać się,ustępować
component,część,część składowa
composite,składanka,
composure,równowaga,spokój
compound,podwórze,związek|pogarszać
comprehend,pojmować,rozumieć
comprehensible,zrozumiały,
comprehension,pojmowanie,rozumienie
comprehensive,wyczerpujący,szkoła ogólnokształcąca
compress,zaciskać,"kondensować|sprężać
 2.  ściskać"
compression,sprężanie,
comprise,składać się na,
compromise,szargać,
compulsion,natręctwo,
compulsory,obowiązkowy,
computation,obliczenie,
compute,obliczać,wyliczać
computer,umiejętność posługiwania się komputerami,
computerize,przechowywać,
compère,"konferansjer
ii.    prowadzić konferansjerkę",
con,urabiać,"oszukiwać
ii.    szwindel"
concave,wklęsły,
concede,przyznawać,"przyznawać słuszność
 2.  uznawać"
conceit,zarozumiałość,
conceited,zarozumiały,
conceivable,wyobrażenia,wyobrażalny
conceive,począć,
concentrated,stężony,"zagęszczony
 2.  skoncentrowany"
concentration,skupienie się,
concentric,koncentryczny,współśrodkowy
concept,pojęcie,
conceptual,pojęciowy,
concerning,się,odnoszący się|tyczący się
concerted,zgodny,
conciliate,pogodzić się,udobruchać
conciliation,pogodzenie się,pojednanie się
concise,zwięzły,
conclude,wyciągać,finalizować
conclusion,wniosek,zakończenie
conclusive,decydujący,rozstrzygający
concoct,sklecać,preparować
concomitant,współistniejący,
concord,pogodzenie,
concurrence,współwystępowanie,
concurrent,współwystępujący,
concussed,po wstrząsie mózgu,
concussion,wstrząs mózgu,
condemn,potępiać,
condemnation,krytyka,potępienie
condemned,skazany na śmierć,
condensation,skroplenie,
condense,ścieśniać,"kondensować
 2.  skraplać się|skraplać"
condescend,raczyć,zniżać się
condescending,pełen,
condescension,poczucie,protekcjonalność
condition,warunkować,"warunek
 4.  dolegliwość"
conditional,stanowić warunek czegoś,
conditioner,odżywka,"odżywka
 2.  płyn zmiękczający"
condominium,budynek,mieszkanie własnościowe
condone,przyzwalać,rozgrzeszać
conduct,prowadzić,"przeprowadzanie
 2.  zachowanie się"
confer,dyskutować,porównaj
confess,przyznawać,szczerze mówiąc
confessed,jawny,
confidant,powiernik,
confide,wyznawać,pokładać zaufanie
confidence,zaufanie,
confidential,poufny,
configuration,układ,
configure,konfigurować,
confine,ograniczać,odosabniać
confirm,potwierdzać,bierzmować
confirmation,potwierdzenie,bierzmowanie
confiscate,konfiskować,
conflagration,pożoga,
conform,podporządkowywać,
conformist,konformistyczny,
confound,wprawiać w zmieszanie,
confront,konfrontować,
confusing,mylący,
congeal,krzepnąć,tężeć
congested,zatłoczony,
congestion,zatłoczenie,zastój
conglomeration,zbiór,
congratulate,gratulować,
congratulations,życzenia,
congratulatory,gratulacyjny,
congregate,zbierać,
conical,stożkowy,
conifer,szpilkowe,
conjecture,domniemanie,
conjugal,małżeński,
connect,przytwierdzać,"podłączać
 3.  łączyć|przymocowywać 
 2.  przyłączać"
connected,odnosić się,
connive,zmawiać się,
conquer,podbijać,pokonywać|opanowywać
conquest,opanowanie,
consciencestricken,pełen wyrzutów sumienia,
conscientious,sumienny,
consciousness,przytomność,świadomość
conscription,pobór,
consecrate,poświęcać,
consecration,poświęcenie,
consecutive,kolejny,
consequent,następujący,późniejszy
conservatory,oranżeria,
conserve,zachowywać,"chronić|oszczędzać
 2.  zabezpieczać"
consider,wszystko razem wziąwszy,
considerate,pełen względów,
consideration,przemyślenie,
considering,biorąc,
consign,odkładać,składać
consignment,przesyłka,
consistent,konsekwentny,"wytrwały
 2.  spójny"
consolidate,umacniać,konsolidować|łączyć|łączyć się
consolidation,umacnianie,łączenie
consonant,spółgłoska,
consort,małżonek,małżonek panującego|małżonka panującego
conspicuous,rzucający się w oczy,wyróżniający|wyróżniający się
constable,posterunkowy,
constabulary,okręg policyjny,
constancy,stałość,
constipation,zatwardzenie,
constituency,okręg wyborczy,
constituent,część,
constitutional,konstytucyjny,
constrict,ściskać,"uciskać
 2.  ograniczać|zawężać"
constriction,ściskanie,ograniczenie
construct,budować,"konstruować
 2.  nadawać strukturę"
constructive,konstruktywny,
construe,interpretować,
consular,konsularny,
consultancy,konsultingowe,
consulting room,pokój przyjęć,
consume,pochłaniać,
consummate,doskonały,"osiągać
ii.    skończony|spełniać
 2.  dopełniać|wykorzystywać"
cont,ciąg,
contact,kontaktować,"styczność
 2.  zetknięcie"
contagious,zakaźny,zaraźliwy
contain,trzymać w ryzach,
container,pojemnik,
contaminate,zakażać,zanieczyszczać
contaminated,zakażony,
contamination,zakażenie,
contemplate,rozważać,"przemyśliwać
 3.  kontemplować|wpatrywać się|wpatrywać się w coś"
contemplative,kontemplacyjny,kontemplujący
contemporary,współczesny,ówczesny
contempt,mieć coś w pogardzie,
contemptible,godny,
contestant,biorący,
continental,kontynentalny,
contingency,ewentualność,
contingent,oddział,
continual,nieustanny,ustawiczny|ciągły
continuance,ciągłość,trwałość
continuation,kontynuowanie,"przedłużenie|trwałość
 2.  kontynuacja"
continuity,ciągłość,
continuous,ciągła,
continuum,ciągłość,
contort,wykrzywiać się,wykręcać się
contortion,wykręcanie się,
contraceptive,antykoncepcyjny,środek antykoncepcyjny
contract,zachorować,
contractor,przedsiębiorca,
contradict,zaprzeczać,przeczyć
contradictory,sprzeczny,
contraption,urządzenie,
contrary,odmienny,
contrast,odróżniać,
contravene,naruszać,przekraczać
contribute,nadsyłać,"wpłacać 
 3.  publikować"
contribution,udział,wpłata
contributory,przyczyniający się,składowy
contrivance,pomysł,
contrive,wymyślać,
controversial,kontrowersyjny,
conundrum,trudności,
convalescent,rekonwalescencyjny,
convene,zwoływać,"urządzać
 2.  zbierać się"
convenience,półprodukty,
convenient,dogodny,
convent,żeński,"klasztor
 2.  szkoła przyklasztorna"
conventional,konwencjonalny,
conversation,wdawać,
conversational,konwersacyjny,
conversely,na odwrót,
conversion,przekształcenie,
convertible,wymienny,
convex,wypukły,
convey,przekazywać,
conveyor belt,taśma transportowa,
convict,skazywać,
conviction,zasądzenie,
convoluted,pokręcony,
convoy,konwój,
convulse,skręcać się,
convulsive,konwulsyjny,
coo,gruchać,
cookbook,książka,
cooker,kuchenka,
cookery,książka,
cookie,ciastko,
cooking,gotowanie,kuchnia
cool,chłodzić,studzić
cooped up,zamknięty,ścieśniony
cooperate,współpracować,współdziałać
cooperation,współpraca,współdziałanie
cooperative,posłuszny,"spółdzielczy
 2.  uczynny"
coopt,dokooptowywać,
cope,dawać,radzić sobie
copious,liczny,
copout,miganie się,
copulate,kopulować,spółkować
copy,spisywać,
curb,krawężnik,
dab,"zdejmować 
ii.    szczypta",
dabble,zabawiać,
dachshund,jamnik,
daddy,tatuś,
daffodil,żonkil,
daft,durny,przygłupiasty
dainty,drobny,
dairy,mleczarnia,mleczny
dame,damulka,
damnation,potępienie,
damned,zrobię,
damning,obciążający,potępiający
damson,mirabelka,
dandruff,łupież,
dane,duńczyk,
dangerous,groźny,
dangle,bujać,bujać się|dyndać|dyndać się
danish,duński,
dapper,zadbany,
dappled,cętkowany,
daring,odważny,"śmiałość|śmiały
ii.    odwaga"
dark,nie mieć zielonego pojęcia,
darken,przyciemniać,zachmurzać
darkness,ciemność,
darkroom,ciemnia,
darling,pieszczoszek,
darts,gra w strzałki,
dated,przestarzały,
daub,rozmazywać,zamazywać
daughter,córka,
dawdle,guzdrać,
dawdler,guzdrała,
day,cały,
daydream,marzenia,marzyć
daylight,światło,
daytoday,codzienny,
dbl,podwójny,
deaden,zagłuszać,
deadly,śmiertelny,śmiertelnie
deadweight,przygniatający,
deafen,ogłuszać,
deafmute,głuchoniemy,
dealing,postępowanie,
dear,o boże'',
dearly,zapłacić,
deathly,śmiertelny,śmiertelnie
debar,zakazywać,
debase,obniżać,
debatable,dyskusyjny,
debilitate,osłabiać,paraliżować
debris,odłamki,"pozostałości|szczątki
 2.  osad"
debtor,dłużnik,
debunk,demaskować,
dec,grudzień,"dec.
  zmarły"
decaffeinated,bezkofeinowy,
decagram,deka,
decapitate,ucinać głowę,
decathlon,dziesięciobój,
deceased,zmarły,
deceitful,oszukujący,podstępny
december,grudzień,
decency,przyzwoitość,
decent,porządny,
decentralize,decentralizować,
deception,podstęp,
deceptive,podstępny,
decide,decydować,"decydować
 4.  stwierdzać"
deciduous,liściasty,
decimate,dziesiątkować,
decipher,odszyfrowywać,
decisive,decydujący,zdecydowany
deck,piętro,
deckchair,leżak,
deckhand,majtek,
declaim,deklamować,
declaration,wyznanie,
declare,oznajmiać,deklarować|być|zostać ogłoszonym|zostać ogłoszonym niewinnym
decline,i.    zmniejszać się,pogorszenie się
declutch,wyłączać sprzęgło,
decode,dekodować,
decompose,rozkładać,
decomposition,rozkład,
decor,wykończenie,
decorative,ozdobny,
decorous,obyczajny,
decorum,obyczajność,przyzwoitość
decoy,przynęta,"odciągać|wabik
ii.    wabić"
decrease,i.    zmniejszać się,"zmniejszać
ii.    zmniejszenie"
decree,dekretować,i.    zarządzać
decrepit,rozpadający się,
decry,potępiać,
dedicate,poświęcać,poświęcać się
dedicated,oddany,
dedication,ofiarność,"poświęcenie
 2.  dedykacja|poświęcenie się"
deduce,dedukować,wyciągać wnioski
deduct,odejmować,potrącać
deduction,"wnioskowanie
 2.  potrącenie",
deem,domniemywać,sądzić
deep,zamrażarka,
deer,jeleń,
deface,szpecić,zamazywać
defamation,zniesławienie,
defecate,wypróżniać,
defection,odłączenie się,
defenceless,bezbronny,
defend,bronić,
defendant,oskarżony,
defer,odkładać,"liczyć się|odraczać
 2.  ustępować"
deference,szacunek,względy
deferential,pełen,
defiant,wyzywający,
deficiency,niedostatek,nieefektywność
defile,brukać,kalać
define,definiować,
definite,przedimek,
definitely,pewnością,
definition,określoność,
definitive,ostateczny,podsumowujący
deflate,pozbawiać się powietrza,wypuszczać powietrze
deform,deformować,zniekształcać
deformity,"zniekształcenie
 2.  ułomność",
defrost,odmrażać,"odmrażać
 2.  rozmrażać"
deft,sprawny,
defunct,zmarły,
defuse,rozbrajać,rozładowywać
deg,stopień,
degenerate,przeradzać,
degradation,nędza,poniżenie
degrade,degradować,poniżać
degree,mieć stopień,
dehydrate,odwadniać,odwadniać się|wysuszać|wysuszać się
deign,raczyć,
deity,bóstwo,
dejected,przygnębiony,
dejection,przygnębienie,
dekagram,deka,
delay,opóźnienie,
delectable,rozkoszny,
delegate,udzielać,
delete,usuwać,
deliberate,rozmyślny,roztrząsać|roztrząsać sprawę
delicacy,delikatność,
delightful,zachwycający,
delinquency,przestępczość,przestępczość młodocianych
delinquent,przestępca,
delirious,majaczący,"w gorączce
 2.  podekscytowany"
deliver,odbierać,
delivery,doręczanie,
delude,łudzić,łudzić się
delusion,złudzenie,
demean,poniżać,poniżać się
demeanor,zachowanie się,
demeanour,zachowanie się,
demobilise,demobilizować,
demobilize,demobilizować,
democratic,demokratyczny,
demolition,zburzenie,obalenie
demonic,demoniczny,złowrogi
demonstrate,demonstrować,
demote,degradować,
demur,odmawiać,sprzeciwiać się
demure,układny,
denial,odrzucać,
denigrate,ganić,niesłusznie ganić|zniesławiać
denmark,dania,
denote,określać,oznaczać
denounce,demaskować,oskarżać
density,gęstość,
dental,zębny,zębowy
dentures,szczęki,sztuczne zęby
denude,ogołacać,
deny,zaprzeczać,odmawiać
depart,odjeżdżać,odbiegać|odstępować
department,towarowy,
departure,odstąpienie,
depend,w zależności od,
dependant,osoba na czyimś utrzymaniu,
dependence,zależność,
depict,przedstawiać,
deplete,wyczerpywać,
deplorable,żałosny,
deplore,potępiać,
deploy,rozmieszczać,rozmieszczać w gotowości
deport,deportować,
deportment,sposób poruszania się,zachowanie się
depose,usuwać,usuwać ze stanowiska
deposit,pierwsza wpłata,
depreciate,deprecjonować,deprecjonować się|tracić na wartości
depress,deprymować,"przygnębiać
 2.  obniżać"
depressed,przygnębiony,podupadły
depression,przygnębienie,
deprive,pozbawiać,
dept,wydział,
deputize,zastępować,
deputy,zastępca,
derail,wykolejać,
derelict,opuszczony,
deride,wyśmiewać,
derision,wyśmiewanie się,
derisory,śmiesznie mały,
derivation,pochodzenie,
derivative,"wtórny
ii.    rzecz pochodna",
derive,pochodzić,otrzymywać
dermatitis,zapalenie,
derogatory,lekceważący,
derrick,dźwig,
descent,zejście,
describe,opisywać,
desecrate,bezcześcić,
deserve,zasługiwać,
designation,mianowanie,
desirable,wskazany,atrakcyjny
desirous,pragnący,
desist,zaniechać,
desk,biurko,
desktop,biurkowy,
desolate,bezludny,opuszczony
desolation,wyludnienie,
despatch,odprawiać,"wysyłać
 2.  sprawozdanie"
despicable,podły,
despise,pogardzać,
despondent,zniechęcony,
despotic,despotyczny,
destination,przeznaczenia,
destined,przeznaczony,
destiny,przeznaczenie,
destitute,środków,
destitution,nędza,
destroy,niszczyć,wybijać|zabijać
desultory,chaotyczny,zniechęcony
detach,odczepiać,odłączać
detachment,niezależność,"obojętność
 2.  oddział"
detain,zatrzymywać,
detect,wyczuwać,wykrywać
detection,wykrywanie,wykrycie
detente,odprężenie,
deter,odwodzić,
deteriorate,pogarszać się,psuć się
deterioration,pogarszanie się,
determination,określenie,
determine,determinować,określać
detest,nie cierpieć,
detonate,detonować,
detract,umniejszać,
detriment,szkodą,
deuce,równowaga,
devastate,dewastować,
develop,rozwijać,u komputera występuje defekt
developer,się rozwijać,
deviant,odbiegający,
deviate,odchodzić,
device,urządzenie,sposób
devil,głupek,u diabła
devious,pokrętny,"kręty
 2.  okrężny"
devise,obmyślać,wynajdować
devolution,przekazanie,
devolve,przechodzić,
devote,poświęcać,
devour,pożerać,pochłaniać
devout,pobożny,
dexterous,sprawny,
diabetic,cukrzycowy,
diagnose,diagnozować,
diagonal,"ukośny
ii.    przekątna",
dial,wykręcać,"zakres
ii.    wybierać"
diameter,średnica,
diarrhea,biegunka,
diarrhoea,biegunka,
diary,dziennik,
dicey,niepewny,
dictation,dyktowanie,
dictionary,słownik,
diff,różnica,
different,różniący,różny
differential,zróżnicowany,zróżnicowanie
differentiate,rozróżniać,"odróżniać
 2.  różnicować"
difficult,trudny,
difficulty,kłopotów,
diffident,nieśmiały,płochliwy
dig,"wciskać 
ii.    szpilka",
digital,cyfrowy,
dignified,dostojny,
dignify,przydawać,
dignitary,dostojnik,
dignity,dostojeństwo,godność
digress,robić dygresję,
dilate,rozszerzać się,
dilute,rozcieńczać,
dim,przygaszać,
dime,dziesięciocentówka,
diminish,zmniejszać się,
diminutive,drobny,
diner,gość,
dingy,obskurny,wyświechtany|spłowiały
dining room,stołówka,
dinner,przyjęcie,przyjęcie z posiłkiem
diphtheria,błonica,
diplomatic,dyplomatyczny,
dire,skrajny,
director,reżyser,
dirt,"kurz
 2.  błoto",
dirty,brudzić,
disability,ułomność,
disable,okaleczać,
disabled,ułomny,
disadvantageous,niekorzystny,
disagreeable,nieprzyjemny,niemiły
disagreement,"rozbieżność opinii
 2.  kłótnia",
disallow,oddalać,odrzucać
disappearance,zniknięcie,
disappoint,rozczarowywać,
disappointed,rozczarowany,
disappointment,rozczarowanie,zawód
disapprove,przyjmować,
disarm,rozbrajać,rozbrajać się
disaster,klęska,
disastrous,katastrofalny,okropny
disband,rozchodzić,rozchodzić się|rozwiązywać|rozwiązywać się
disbelieve,dawać,
disc,krążek,
discard,pozbywać się,wyrzucać
discern,dostrzegać,spostrzegać
discharge,zrzucać,
disciple,uczeń,
disciplinary,dyscyplinarny,
discipline,karność,"zdyscyplinowywać|kontrolować
 2.  karać"
disclaim,wypierać się,
disclose,ujawniać,
disco,dyskoteka,
discolor,odbarwiać,odbarwiać się
discolour,odbarwiać,odbarwiać się
disconcert,peszyć,zbijać z tropu
disconcerting,kłopotliwy,
disconnect,rozłączać,
disconnected,powiązany,niespójny
disconsolate,posępny,
discontent,niezadowolenie,
discontented,niezadowolony,
discontinue,przerywać,
discotheque,dyskoteka,
discount,obniżka,
discourage,zniechęcać,odwodzić
discover,odkrywać,odnajdować
discovery,odkrycie,stwierdzenie
discreet,dyskretny,
discrepancy,rozbieżność,
discursive,rozwlekły,
discuss,dyskutować,omawiać
discussion,w toku załatwiania,
disembark,wysiadać,wyładowywać
disenchanted,rozczarowany,
disenchantment,rozczarowanie,
disengage,odłączać,odłączać się
disentangle,odplątywać,rozplątywać
disfavor,niełaska,
disfavour,niełaska,
disfigure,zniekształcać,
disgruntled,sarkający,
dishcloth,ścierka,
disheartened,zniechęcony,
disheveled,rozczochrany,niechlujny
dishevelled,rozczochrany,niechlujny
dishonor,"zniesławienie
ii.    sprowadzać hańbę",
dishonour,"zniesławienie
ii.    sprowadzać hańbę",
dishwasher,zmywarka,
disillusion,rozczarowywać,rozczarowanie
disillusionment,rozczarowanie,
disinfect,dezynfekować,
disk,krążek,
diskette,elastyczny,
dislike,powziąć niechęć do,
dislocate,hamować,
dislodge,przemieszczać,
dismal,nędzny,"posępny
 2.  słaby"
dismantle,rozbierać,rozbierać na części
dismember,rozczłonkowywać,rozdzierać
dismissal,zwolnienie,zbycie
dismount,zsiadać,
disobedience,nieposłuszeństwo,
disobedient,nieposłuszny,
disobey,być,nie słuchać się
disorderly,nieporządny,
disorganized,zdezorganizowany,chaotyczny|nieporządny
disown,wyrzekać się,
disparage,dyskredytować,
disparity,różnica,
dispassionate,beznamiętny,
dispatch,odprawiać,"wysyłać
 2.  sprawozdanie"
dispel,rozwiewać,
dispense,rozstać się,
disperse,rozpraszać,"rozpraszać
 2.  rozprzestrzeniać się"
dispirited,przygnębiony,
displace,wypierać,przesiedlać|wysiedlać
displease,drażnić,oburzać
disposable,wyrzucenia,jednorazowego użytku
disposal,pozbywanie,
dispose of,pozbywać się,
disposed,skłonny,
disposition,usposobienie,skłonność
dispossess,wysiedlać,wywłaszczać
disproportionate,nieproporcjonalny,
disprove,falsyfikować,obalać
disregard,lekceważyć,lekceważenie
disrepair,zaniedbany,
disreputable,o złej reputacji,
disrespect,poważania,
disrupt,przerywać,zaburzać
dissatisfaction,niezadowolenie,
dissect,robić sekcję,
disseminate,rozpowszechniać,szerzyć
dissent,i.    odstępstwo,
dissipate,rozpraszać,"rozpraszać
 2.  roztrwaniać"
dissolute,rozwiązły,
dissolution,rozwiązanie,
dissuade,odwodzić,
distasteful,odstręczający,
distended,wydęty,
distil,wypreparowywać,
distill,wypreparowywać,
distinctive,wyróżniający,wyróżniający się
distinguishable,rozróżnialny,
distort,zniekształcać,zniekształcać się
distract,odciągać,"rozpraszać
 2.  rozrywać"
distraction,roztargnienie,
distress,zadawać cierpienie,
distribution,rozkład,
distrustful,niedowierzający,
disturb,"zmieniać
 4.  zakłócać",zmieniać położenie
disturbance,zaburzenia,
disturbing,niepokojący,
ditch,wywalać,
dither,wahać,
dive,"w)
ii.    zanurzenie się",
diver,nurek,
diverge,odbiegać,rozchodzić się
diverse,różnoraki,
diversify,rozszerzać zakres,urozmaicać
diversion,rozrywka,
diversity,różnorodność,zróżnicowanie
divide,dzielić,różnić
divisive,dzielący,
divulge,odkrywać,odsłaniać
diy,zrób,
dizziness,głowy,
docile,potulny,uległy
dock,zmniejszać,
document,udokumentowywać,
doddle,pestka,łatwizna
dodge,uskakiwać,"pozostawiać z boku|uskakiwać
 2.  omijać"
doe,królika,
dogcollar,obroża,koloratka
dogeared,z oślimi uszami,
dogged,zacięty,
dogmatic,dogmatyczny,
dogsbody,popychadło,
doityourself,zrób to sam,
doleful,posępny,żałosny
dollop,kupka,
dome,kopuła,
domesticate,oswajać,udomawiać
domicile,stałego,
dominant,dominujący,
dominate,zdominowywać,"dominować nad
 2.  panować"
domineering,despotyczny,
don,wykładowca,
donate,ofiarowywać,przekazywać
done,przyjęte'',
donkey,osioł,
doodle,mazać,smarować
doom,zły los,
doomed,skazany,że
doorbell,dzwonek,
doormat,wycieraczka,
doorway,przejście,
dopey,zamroczony,
dormant,uśpiony,
dormitory,sypialnia,akademik
dosage,dawka,
dose,dawka,dawkować|podawać lekarstwa
doss down,uwalić się,uwalić się do snu
dote,ubóstwiać,
dotted,kropkowany,
dotty,stuknięty,
double,podwójnie,
doublecheck,sprawdzać powtórnie,
doublecross,postępować fałszywie,
doubledecker,piętrowy,piętrus
doubleglazing,podwójne oszklenie,
doubly,podwójnie,
doubtless,pewnością,
doughnut,amerykański,
dour,odstręczający,
dove,gołąb,
dowdy,niemodny,
downandout,rozbitek życiowy,
downcast,przygnębiony,
downgrade,pomniejszać,
downhearted,przygnębiony,
downhill,pogarszać,
download,przesyłać,
downright,całkowicie,zupełnie
downstairs,parterowy,
downtoearth,życiowy,
downtrodden,wdeptany,złamany
downward,od w dół,
downwards,od w dół,
dozy,śpiący,
drab,poszarzały,
draconian,drakoński,
draftsman,kreślarz,
drafty,wystawiony na przeciągi,
dragonfly,ważka,
drama,dramaturgia,dramatyczność
draper,tekstyliów,
drapery,materiały,
drastic,drastyczny,nagły
draughtsman,kreślarz,
draughty,wystawiony na przeciągi,
drawback,zła strona,
drawl,cedzenie,"cedzić
ii.    zaciąganie|i.    zaciągać"
drawn,zaciągnięty,wymęczony|wynędzniały
dreadful,okropny,straszny
dreamy,wymarzony,
dreary,posępny,
dredge,pogłębiać,
dresser,ktoś ubiera się,
dressmaker,krawcowa,
drift,"zdążać
 4.  wędrować",
drinker,alkoholik,
drive,robić aluzję,
drivel,głupoty,
driver,sterownik,
driving,prowadzenie,
drizzle,padać,mżyć
droll,śmieszny,
drool,ślinić się,
droop,obwisać,zwisać
drop,odpadać,"wyrzucać|zrzucać
 2.  spadać"
dropout,dziwadło,który nie ukończył uczelni
dross,śmiecie,
drown,topić,
drowse,drzemać,
drowsy,senny,
drudge,i.    wół roboczy,
drudgery,harówka,
drug,"usypiać
 2.  dodawać narkotyki",
drum,wybębniać,
dry,i.    suszyć się,przerywać
dryclean,czyścić,
dsc,doktor nauk ścisłych,
dual,podwójny,dwupasmowy
dub,nazywać,"mianować
 2.  podkładać dubbing"
dubious,podejrzany,wątpliwy
duchess,księżna,
duck,"schylać się
 2.  wskakiwać",
duckling,kaczątko,
duct,przewód,
duel,pojedynek,
duke,książę,
dulcet,miodopłynny,słodki
dumb,bezsłowny,
dumbfounded,oniemiały,
dumping ground,składowisko,
dumpling,kluska,
dunce,bałwan,
dung,łajno,
dungeon,więzienie,
dunk,maczać,
duplicate,powielać,"duplikować
ii.    duplikat|podwójny"
duplicator,kopiarka,
durability,trwałość,wytrzymałość
durable,trwały,wytrzymały
duration,trwania,
dusky,ciemny,
dustbin,śmieci,
dustcart,śmieciarka,
duster,ścierka,
dustman,śmieciarz,
dustpan,śmietniczka,
dusty,zakurzony,
dutchwoman,holenderka,
dutiable,podlegający,
dutiful,obowiązkowy,
dutyfree,bezcłowy,
dwarf,i.    przygniatać,
dwell,rozważać,
dwindle,kurczyć,
dye,"farbować
ii.    barwnik",
dying,umierający,zamierający|obumierający
dynamism,dynamiczność,
dynamite,wysadzać,
dynastic,dynastyczny,
dynasty,dynastia,
dysentery,dyzenteria,
dyspepsia,niestrawność,
décor,wykończenie,
détente,odprężenie,
each,się,się wzajemnie
eager,chętny,
eagle,orzeł,
ear,kogoś,
eardrum,bębenek,bębenek uszny
earl,hrabia,
earlobe,płatek,
earmarked,odłożony,
earn,zarabiać,"przynosić
 3.  zasłużyć na|zarabiać
 2.  wypracować"
earnest,poważny,poważnie
earphone,słuchawka,
earplug,zatyczka,
earsplitting,rozdzierający,
earthquake,trzęsienie,
earthworm,dżdżownica,
earthy,bezwstydny,
ease,postępować ostrożnie,słabnąć
easter,jajko,
easygoing,łagodny,
eat,wyjadać,wyjadać do końca
eatable,jadalny,
eavesdrop,podsłuchiwać,
ebullient,entuzjastyczny,
ec,wspólnota,
eccentric,ekscentryczny,
ecclesiastical,eklezjastyczny,kościelny
echo,powtarzać,
eclair,eklerka,
eclectic,eklektyczny,
eclipse,odsuwać,"upadek
ii.    przesłaniać"
ecology,ekologia,
economic,ekonomiczny,
economical,oszczędny,
economize,oszczędzać,
economy,robić oszczędności,
ecstatic,ekstatyczny,
ecumenical,ekumeniczny,
ecumenism,ekumenizm,
edge,odsuwać się powoli,tworzyć ramy powoli
edging,obramowanie,
edgy,drażliwy,
edible,jadalny,
edict,rozporządzenie,
edifice,budynek,
edify,działać,pouczać
edition,wydanie,
editor,naczelny,
editorial,artykuł,
editorship,redagowanie,
edp,opracowanie,
educ,wykształcenie,
educate,kształcić,pouczać|informować
education,wykształcenie,
educational,edukacyjny,
eec,ewg europejska wspólnota gospodarcza,
eel,węgorz,
eerie,dziwny,
efface,wymazywać,ścierać
effect,zostać wprowadzonym w życie,że
effective,efektywny,"faktyczny|rzeczywisty
 3.  obowiązujący|ważny"
effeminate,zniewieściały,
efficient,efektywny,
effluent,ściek,
effort,wysiłek,dokonanie
effortless,wysiłku,
effrontery,bezczelność,grubiaństwo
efl,jako,
efta,stowarzyszenie,
eg,gratia,na przykład
egalitarian,egalitarny,
egg,podjudzać,
eggcup,kieliszek,
egghead,jajogłowy,
eggplant,bakłażan,
eggshell,skorupka,
egoist,egoistyczny,
eighteen,osiemnaście,
eighth,ósmy,
eightieth,osiemdziesiąty,
eighty,osiemdziesiąt,
eire,irlandia,
eke out,podtrzymywać,"uzupełniać
 2.  ledwo zarabiać"
elaborate,opracowywać,
elapse,upływać,
elastic,elastyczny,
elated,podniecony,
elation,podniecenie,
elbow,odpychać,
electric,porażenie,wstrząs elektryczny
electricity,elektryczność,
electrify,elektryzować,elektryfikować
electrocute,śmiertelnie,
elegant,wytworny,
elegy,elegia,
elemental,niepohamowany,żywiołowy
elementary,elementarny,podstawowy
elephant,słoń,
elevate,wywyższać,"podnosić|wynosić   
 2.  wznosić"
elevated,wyniosły,
elevation,wyniesienie,wysokość
eleven,jedenaście,
elf,krasnoludek,
elicit,wywoływać,wydobywać
eliminate,eliminować,usuwać
elitism,elitarność,
elizabeth regina,królowa elżbieta,
elliptic,eliptyczny,
elliptical,eliptyczny,
elm,wiąz,
elocution,wymowa,
elongated,wydłużony,
elope,wziąć,uciekać
eloquent,elokwentny,
elucidate,wyjaśniać,
elusive,nieuchwytny,
emaciated,wychudzony,
emanate,pochodzić,
emancipate,emancypować,
embalm,balsamować,
embankment,nabrzeże,
embark,zaczynać,"na pokład)|puszczać się   
 2.  wsiadać|wchodzić (on - na"
embarrass,kłopotać,"stwarzać kłopoty|zawstydzać
 2.  stwarzać problemy"
embarrassed,zakłopotany,
embarrassing,krępujący,kłopotliwy
embarrassment,zakłopotanie,"powód skrępowania|skrępowanie
 2.  kłopot"
embattled,osaczony,
embedded,uwięzły,zakorzeniony
embellish,przystrajać,upiększać
ember,niewygasły,niewygasły węgiel|żar
embezzle,przywłaszczać,sprzeniewierzać
embitter,gorzknieć,
emblazoned,ozdobiony,
embodiment,uosobienie,
embody,ucieleśniać,włączać|uwzględniać
emboldened,ośmielony,
embossed,tłoczony,
embrace,obejmować,
embroider,haftować,wyszywać
embroidery,wyszywanie,
embroil,wdawać,
embryonic,embrionalny,
emerald,szmaragdowy,
emerge,wyłaniać,"wychodzić   
 2.  pojawiać się"
emergency,nagły,
emergent,pojawiający,wyłaniający się
emigrate,emigrować,
emigre,uchodźca,
eminent,wybitny,
eminently,przeważnie,
emit,emitować,wydzielać
emotional,emocjonalny,
emotive,odwołujący,
empathy,empatia,wczucie się
emphasis,znaczenie,
emphasize,kłaść,podkreślać
empirical,empiryczny,
empiricism,empiria,
employ,posługiwać,
employee,pracownik,
empower,przyznawać,upoważniać
empress,cesarzowa,
emptiness,pustka,
empty,opróżniać,usuwać|wylewać
emptyhanded,z pustymi rękoma,
emulate,naśladować,
enable,pozwalać,umożliwiać
enamored,rozmiłowany,
enamoured,rozmiłowany,
enc,załącznik,
encapsulate,zwięźle,
encase,okrywać,zamykać
enchanted,oczarowany,zaczarowany
encircle,okrążać,otaczać
encl,załącznik,
enclose,zawierać,"otaczać   
 2.  załączać"
encode,kodować,szyfrować
encompass,obejmować,
encourage,zachęcać,"ośmielać
 2.  popierać"
encouraging,ośmielający,zachęcający
encroach,wtargnąć,
encrusted,inkrustowany,
encumber,krępować,obarczać
encumbrance,obciążenie,skrępowanie
encyclopaedia,encyclopedia,
encyclopedia,encyclopaedia,
endanger,zagrażać,
endeavor,i.    usiłować,próba|wysiłek
endeavour,i.    usiłować,próba|wysiłek
endemic,endemiczny,
ending,zakończenie,
endless,bezustanny,nieskończony
endorse,popierać,żyrować
endow,obdarowywać,obdarzać
endurable,wytrzymały,
endurance,wytrzymałość,
endure,wytrzymywać,trwać
enemy,wróg,
energetic,energiczny,dynamiczny
energy,energia,
enfold,otaczać,
eng,inżynier,
engender,powodować,rodzić
engine,silnik,
engineering,inżynieria,
england,anglia,
englander,anglik,
englishman,anglik,
englishwoman,angielka,
engraving,grafika,
engrossed,pogrążony,
engulf,ogarniać,pochłaniać
enhance,polepszać,zwiększać
enigma,zagadka,
enigmatic,enigmatyczny,
enjoyable,miły,
enjoyment,radość,przyjemność
enlargement,powiększenie,
enlighten,oświecać,
enlightenment,oświecenie,
enlist,zaciągać,
enliven,ożywiać,
enmity,wrogość,
ennoble,uszlachetniać,
enormous,gigantyczny,ogromny
enquire,badać,dociekać|dociekać czegoś|i.    dowiadywać się
enquiry,zapytanie,dociekanie
enrage,rozwścieczać,
enrich,wzbogacać,
enrol,zapisywać,zapisywać się
enroll,zapisywać,zapisywać się
ensue,następować,
ensure,gwarantować,zapewniać
entail,pociągać,
entanglement,poplątanie,
enter,uczestniczyć,mieć
enterprise,gospodarka,przedsiębiorczość|przedsiębiorstwo
enterprising,przedsiębiorczy,
entertain,zabawiać,przyjmować|mieć
entertainer,kabaretowy,
enthuse,entuzjazmować,
enthusiastic,entuzjastyczny,
entice,nęcić,wabić
entire,całkowity,cały
entitle,tytułować,upoważniać
entitled,zatytułowany,
entity,całostka,
entourage,świta,
entrails,wnętrzności,
entrance,wprawiać,
entrenched,wpojony,
entrepreneur,przedsiębiorca,
entrust,powierzać,
entwine,splatać,
enumerate,wyliczać,
envelop,otulać,spowijać
enviable,godny,
envious,zazdrosny,
environment,otoczenie,środowisko naturalne
envisage,przewidywać,wyobrażać sobie
envoy,poseł,wysłannik|wysłannik dyplomatyczny
ephemeral,efemeryczny,
epidemic,epidemia,
epileptic,epileptyczny,i.    chory na padaczkę
episcopal,episkopalny kościół,
episcopalian,episkopalny,
epithet,określenie,
epitome,wzór,
epitomise,obrazować,przedstawiać
epitomize,obrazować,przedstawiać
epoch,epoka,
equable,spokojny,zrównoważony
equal,jednakowy,ktoś
equality,równość,
equalize,dorównywać,zrównywać|zrównywać się
equanimity,opanowanie,
equate,zrównywać,
equation,równanie,
equator,równik,
equatorial,równikowy,
equestrian,jeździecki,"konny
ii.    jeździec"
equidistant,odległy,
equilibrium,równowaga,
equinox,równonoc,zrównanie dnia z nocą
equip,ekwipować,przygotowywać|zaopatrywać się
equipment,ekwipunek,sprzęt|wyposażenie
equitable,słuszny,
equity,sprawiedliwość,słuszność
equivalence,równoważność,
equivalent,odpowiadający,
equivocal,dwuznaczny,
equivocate,wyrażać się dwuznacznie,
er,królowa elżbieta,
eradicate,wykorzeniać,
erase,usuwać,wymazywać
eraser,gumka,
erect,składać,wyprostowany
erection,wzniesienie,wzwód
erode,podminowywać,"podkopywać
 2.  poddawać erozji|wydrążać"
erotic,erotyczny,
eroticism,erotyka,
erratic,kapryśny,
erroneous,błędny,
erudite,erudycyjny,
erupt,eksplodować,
escalate,wzmagać,wzmagać się|wzrastać
escapism,eskapizm,
escort,"eskortujący
ii.    eskortować",
esl,jako,
esoteric,ezoteryczny,
esp,szczególnie,
especial,specjalny,szczególny
essay,wypracowanie,
est,założony,
establish,pojawiać,
establishment,rządząca,
estimate,szacować,"oceniać
ii.   1.  szacunek"
estimation,oszacowanie,
estonian,"i.    estoński
ii.    estończyk",
estranged,odseparowany,odosobniony|pokłócony
estuary,ujście,
eta,szacowany,
eternal,wieczny,odwieczny
ethical,etyczny,
ethiopia,etiopia,
ethnic,etniczny,
eucharist,eucharystia,
eucharistic,eucharystyczny,
eulogy,utwór pochwalny,
euphemism,eufemizm,
euphoria,euforia,
euphoric,euforyczny,
evacuate,ewakuować,
evade,unikać,umykać
evaluate,oceniać,
evangelical,ewangeliczny,
evasion,wykręcanie,
evasive,wykrętny,
eve,przeddzień,wigilia
even,jeżeli,
evening,zajęcia,
event,wydarzenie,
eventful,doniosły,pełen wydarzeń
eventual,ostateczny,
eventuality,ewentualność,możliwość
evergreen,roślina,
everlasting,trwały,
everyday,codzienny,zwykły
everyplace,wszędzie,
everything,wszystko,
everywhere,wszędzie,
evict,eksmitować,
evidence,być,
evocation,przywołąnie,
evocative,przywołujący,
evoke,przywoływać,
evolution,rozwój,
evolve,ewoluować,"przekształcać 
 2.  rozwijać się|przekształcać się|rozwijać"
exacerbate,pogarszać,
exacting,wymagający,
exactly,całkiem,
exaggerate,przesadzać,wyolbrzymiać
exalted,egzaltowany,
examination,oględziny,rozpatrzenie
exasperate,dręczyć,rozjątrzać
exc,wyjątkiem,
excavate,przeprowadzać,wykopywać
excavation,wykopaliska,
exceed,przekraczać,
excel,przodować,
excellence,doskonałość,
excellent,doskonały,
except,oprócz,
excepted,wyjąwszy,
excepting,oprócz,prócz|z wyjątkiem
exceptional,wyjątkowy,
excerpt,wyjątek,
excess,nadmierny,
excessive,nadmierny,
exchange,wymieniać,
excise,amputować,"opłata akcyzowa
ii.    wycinać"
excitable,ekscytujący,
excite,ekscytować,wzniecać|podniecać
excitement,podniecenie,
exclaim,wykrzykiwać,zakrzykiwać
exclamation,wykrzyknik,
exclude,pomijać,"nie włączać 
 2.  wykluczać|wykluczać"
excluding,wyjątkiem,
exclusion,wydalenie,
excommunicate,ekskomunikować,wyklinać
excrete,wydzielać,
excruciating,przygniatający,
excursion,wycieczka,
excusable,wybaczenia,
excuse,usprawiedliwienie,
execute,poddawać,"przeprowadzać|tracić
 2.  wykonywać"
executive,wyższy,"menadżer
 2.  egzekutywa|organ wykonawczy
ii.    zarządzający"
exemplary,przykładowy,
exempli gratia,przykład,
exemplify,podawać,
exempt,zwolniony,zwalniać
exercise,wywierać,
exertion,wysiłek,
exhale,wydychać,
exhaustion,wyczerpanie,
exhaustive,wyczerpujący,
exhibit,pokazywać,
exhibitionism,ekshibicjonizm,
exhilarate,rozradować,rozradować się|rozweselić|rozweselić się
exhort,nawoływać,
exhume,ekshumować,
exist,istnieć,
existence,istnienie,
existential,egzystencjalny,
exit,wyjście,
exonerate,oczyszczać,uwalniać
exorbitant,wygórowany,
exorcise,egzorcyzmować,
exorcize,egzorcyzmować,
exotic,egzotyczny,
expanse,przestwór,
expansionism,ekspansjonizm,
expansionist,ekspansywny,
expansive,wylewny,
expect,myślę,sądzę|że
expectant,spodziewający,
expectation,oczekiwanie,wyczekiwanie|spodziewanie się
expediency,korzyść,
expedient,dogodny,"i.    środek
ii.    stosowny"
expedite,przyśpieszyć,
expend,wydatkować,zużywać
expendable,zbyteczny,
expense,nakłady,
experience,doświadczać,"fakt
ii.    przeżywać"
experienced,doświadczony,
experiment,doświadczenie,eksperymentować
expertise,umiejętności,
expiate,odpokutowywać,
expiration,ważności,
expiry date,ważności,
explanation,wyjaśnienie,objaśnienie
explanatory,objaśniający,wyjaśniający
explicable,wytłumaczalny,
explicit,jednoznaczny,
explode,eksplodować,
exploitative,wyzyskujący,
explore,badać,"przeszukiwać|penetrować
 3.  analizować|przedyskutowywać"
explosion,"wybuch
 2.  gwałtowny przyrost",
explosive,środek,"rozrywający
 4.  oszałamiający"
exponential,zdwojony,
expose,"narażać 
 4.  demaskować",
exposition,przedstawienie,wykład
exposure,wystawienie,
expound,objaśniać,przedstawiać
expression,przykład,
expropriate,konfiskować,zabierać
expulsion,wydalenie,
exquisite,przepiękny,nadzwyczajny
extend,rozpościerać,oferować
extension,dobudówka,
extensive,szczegółowy,
extenuate,łagodzić,
exterior,wygląd,zewnętrzny
exterminate,eksterminować,wybijać
extinct,wymarły,nieczynny|wygasły
extinction,wymarcie,wygaśnięcie
extinguish,niweczyć,
extinguisher,gaśnica,
extol,wychwalać,wysławiać
extort,wymuszać,zdzierać
extortionate,nadmierny,
extract,"wyimek
 2.  wyciąg",
extracurricular,nadobowiązkowy,
extradite,poddawać,
extramarital,pozamałżeński,
extraneous,poboczny,
extraordinary,nadzwyczajny,niezwykły
extravagance,rozrzutność,
extravagant,rozrzutny,luksusowy
extricate,uwalniać,wydobywać
extrovert,ekstrawertyczny,
extrude,wyciskać,
exuberant,pełen,
exude,emanować,wydzielać
exult,radować,
exultant,rozradowany,
eye,"zgadzać się
 13.  shut",
eyeball,gałka,
eyebrow,krzywić,marszczyć brew na|marszczyć brew na coś
eyecatching,przykuwający wzrok,
eyelash,rzęsa,
eyeshadow,cień,
eyesore,okropieństwo,
eyewitness,naoczny świadek,
fa,związek,
fable,bajka,
fabric,materiał,
face,czegoś,przodem w dół|twarzą w górę
faceless,anonimowy,
facetious,żartobliwy,
facial,dotyczący,
facile,płytki,
facilitate,ułatwiać,
factor,czynnik,
factory,fabryka,
factual,rzeczowy,
faculty,wydział,
faeces,kał,
failing,słaby,
failure,nieudacznik,
fair,sprawiedliwość,uczciwość
fairly,naprawdę,
fake,i.   1.  fałszerstwo,"naśladować
 2.  udawać"
falcon,sokół,
fall,cofać,dostosowywać się do|mieście|rozpadać się na kawałki
fallacious,błędny,
fallacy,błąd,błąd logiczny|fałsz|fałsz rozumowania
fallible,omylny,niedoskonały
fallout,promieniotwórczy,
fallow,leżący,
falsify,fałszować,
falsity,fałsz,
fame,sława,
famed,słynący,
familiar,znajomy,"zaznajomiony|obznajomiony 
 3.  poufały"
familiarize,zaznajamiać,
famine,głód,
famished,głodny,
famous,słynny,
fanatical,fanatyczny,
fanciful,fantastyczny,"urojony
 2.  wymyślny"
fanfold paper,ciągły,papier ciągły perforowany|składanka
fang,kieł,
fantasize,fantazjować,
fantasy,fantazjowanie,
farcical,farsowy,
farewell,"i.    pożegnanie
ii.    żegnaj",
farfetched,naciągnięty,
farm,gospodarować,
farmer,chłop,
farmhand,parobek,
farming,gospodarka,
farmland,ziemia,
farmyard,podwórze,
faroff,odległy,
farreaching,dalekosiężny,doniosły
farsighted,dalekowzroczny,
fascinate,fascynować,
fashionable,modny,
fast,potrawy na poczekaniu ciepłe,
fastidious,grymaśny,
fatal,fatalny,śmiertelny
fatalism,fatalizm,
fateful,brzemienny,
fatherinlaw,teść,
fathom,dociekać,
fatigue,zmęczenie,
fatten,tuczyć,
fatty,tłusty,tłuścioch
fatuous,bujający,głupi
faultless,bezbłędny,
fawn,przypochlebiać się,
fbi,śledcze,
fearless,nieustraszony,
feasible,osiągalny,
feast,i.    przyjęcie,
feather,pióro,
feature,urządzenie,
feces,kał,
feckless,nieporęczny,
federation,związek,
fee,opłata,gaża
feeble,wątły,
feign,udawać,
fell,zwalać,
fellowship,stowarzyszenie,związek
felony,zbrodnia,
fem,żeński,
femininity,kobiecość,
feminism,feminizm,
feminist,feministka,feministyczny
fender,błotnik,
fern,paproć,
ferocious,zajadły,zażarty
ferocity,zaciekłośc,zajadłość
ferry,transportować,
fertilise,zapładniać,"zapylać
 2.  nawozić"
fertilize,zapładniać,"zapylać
 2.  nawozić"
fertilizer,nawóz,
fervent,namiętny,żarliwy
fervor,namiętność,żarliwość
fervour,namiętność,żarliwość
festival,święto,
festive,świąteczny,
festivity,uroczystość,świętowanie
fetch,i.    sprowadzać,
fetching,korzystny,
fete,fetować,owacyjnie przyjmować
fetid,cuchnący,
fetter,kajdany,
fetus,płód,
feud,waśń,
feudal,feudalny,
feudalism,feudalizm,
fever,gorączka,"febra
 2.  rozgorączkowanie"
feverish,rozgorączkowany,"podniecony
 2.  gorączkujący"
ff,następne,i następne strony
fiasco,fiasko,
fiberglass,włókno szklane,
fibreglass,włókno szklane,
fibrous,włóknisty,
fickle,niestały,
fictional,fikcyjny,powieściowy
fictitious,fikcyjny,
fidelity,wierność,
fidget,kręcić,wiercić się
fidgety,nerwowy,wiercący się
field,marszałek polny,
fierce,zajadły,gwałtowny
fifteen,piętnaście,
fifteenth,piętnasty,
fifth,piąty,
fiftieth,pięćdziesiąty,
fifty,pięćdziesiąt,
fiftyfifty,pół na pół,
fight,"stosować kontratak
 2.  powstrzymywać",
fighter,bojownik,"uczestnik walki
 2.  myśliwiec"
figment,płód,
figurative,metaforyczny,przenośny
figure,kombinować,
filament,drucik,drucik w żarówce|włókienko|włókno
filch,zwędzić,
file,"kolumna
ii.   1.  ewidencjonować",składać|włączać do akt
filipino,filipińczyk,
filling,benzynowa,
film,błona,robić|filmować
filth,sprośność,
filthy,brudny,sprośny
fin,płetwa,
final,finalny,główny|finałowy
finality,stanowczość,
finance,dofinansowanie,
financial,finansowy,
finch,czyżyk,szczygieł|zięba
find,"stwierdzać
 2.  zdemaskować","stwierdzać
ii.   1.  znalezisko|że coś jest|że coś jest smutne"
finery,stroje i kosztowności,
fingernail,paznokieć,
finicky,grymaśny,
finish,kończyć,"dojadać|kończyć
 2.  kończyć zawody|kończyć podróż"
finished,gotowy,kończyć
finite,ograniczony,skończony
finland,finlandia,
finnish,fiński,
fir,jodła,
firearm,broń,broń palna
firebrand,podżegacz,
firefighting,przeciwpożarowy,
firelight,światło,
fireman,strażak,
fireplace,kominek,
fireproof,ognioodporny,ogniotrwały
firewood,podpałkę,drewno opałowe
firework,ogień sztuczny,
first,"imię
vi.  first night",imię chrzestne|osiągnięcie
firsthand,z pierwszej ręki,
firstrate,pierwszorzędny,
fiscal,fiskalny,
fish,łowić,
fishery,połowu,łowisko
fishing,rybołówstwo,"wędka|wędkarstwo
ii.  fishing rod"
fission,rozbicie,
fist,pięść,
fistful,garść,
fit,dopasować,"napad
 2.  przystęp gniewu|napad szału"
fitful,niespokojny,
fitter,montażysta,
fitting,sprzęt,
five,pięć,
fixed,ustalony,
fixture,"wyposażenie
 2.  stały akcent",
fizz,musować,
fizzle out,spełzać,
fizzy,musujący,
flabbergasted,oszołomiony,
flabby,obwisły,sflaczały
flaccid,zwiotczały,
flagon,karafka,
flagrant,brutalny,rażący
flagship,okręt,
flagstone,płyta,
flair,"zmysł 
 2.  wyczucie",
flamboyant,przesadny,rzucający się w oczy
flammable,łatwo,
flannel,flanelka,
flap,podniecać się,
flare,i.    rakieta świetlna,
flashlight,duża,"latarka
 2.  lampa błyskowa"
flashy,wyzywający,
flask,piersiówka,
flatmate,współmieszkaniec,
flatten,spłaszczać,wygładzać się
flatter,że,
flaunt,obnosić się,
flavor,przyprawiać,
flavour,przyprawiać,
flawless,nieskazitelny,
flaxen,lniany,
fleck,cętka,
fledgling,początkujący,
flee,uciekać,
fleeting,przelotny,
flesh,wypełniać szczegółami,
fleshandblood,z krwi i kości,
fleshy,korpulentny,mięsisty
flex,"kabel
ii.    naprężać",
flexible,giętki,
flimsy,wątły,przewiewny
fling,i.    rzucać się,mieć ubaw
flint,kamień,
flippant,kpiący,niepoważny
flipper,upłetwiona,"odnóże pławne
 2.  płetwa"
flirt,flirciarka,
flit,przemykać,
floating,niestabilny,płynny
flock,gromadzić się,
flog,opylać,
flood,wpływać,
floorboard,deska,
flop,fiasko,opadać
floppy,elastyczny,
floral,ukwiecony,
florid,rumiany,
florist,kwiaciarka,
flounce,rzucać się,
flounder,szarpać,co powiedzieć
flour,mąka,
flout,lekceważyć,łamać
flowchart,blokowy,sieć działań
flowering,kwiatowy,
flowerpot,doniczka,
flowery,kwiatowy,
fluctuate,fluktuować,
flue,przewód,przewód kominowy
fluency,biegłość,płynność
fluent,płynnie,
fluke,łut szczęścia,
fluorescent,fluorescencyjny,jarzeniowy
fluoride,fluorek,
flurry,poruszenie,
fluster,płoszyć,popłoch
fluted,żłobkowany,
flutter,dygotanie,
flux,płynność,
flyer,lotnik,
foal,źrebak,
fob off,odprawić,potraktować na odczepnego
focal point,centralny,
foe,wróg,
foetus,płód,
fog,mgła,
foible,słabostka,
foil,udaremniać,
foist,narzucać,
folder,teczka,
folding,składany,
foliage,liście,
follow,iść,podążać
follower,uczeń,
following,ciąg,poniższe
followup,i.    uzupełniający,
folly,szaleństwo,
fond,kochający,
fondle,pieścić,
food,jedzenie,"pożywienie
 2.  żywność"
foodstuff,artykuł,
foolish,niemądry,głupkowaty
foolproof,zepsucia,
foot,postawić nogę,zawitać do
football,piłka,
footballer,piłkarz,
footbrake,nożny,
footbridge,kładka,
foothills,podnóże,
foothold,oparcie,
footing,oparcie,płaszczyzna
footlights,światła rampy,
footpath,ścieżka,
for,całkowicie,
forbearance,cierpliwość,pobłażliwość
forbearing,pobłażliwy,
forbid,niech bóg broni,"powstrzymywać
 3.  god"
forbidden,zakazany,wzbroniony
forbidding,odstręczający,
force,w użyciu,wymuszać
forced,wymuszony,
ford,bród,
forearm,przedramię,
foreboding,złe przeczucie,
forecast,przewidywać,"prognozować
ii.    prognoza"
forefather,przodek,
forefinger,wskazujący,
forefront,czołówce,
forego,zrzekać się,
foregoing,"poprzedzająca partia
ii.    poprzedzający",
forehead,czoło,
foreign,zagraniczny,
foremost,czołowy,
forename,imię,
forensic,sądowy,
foresee,przewidywać,
foreshadow,zapowiadać,zwiastować
foresight,przezorność,
forestall,uprzedzać,wyprzedzać
forestry,gospodarka,leśnictwo
foretell,przewidywać,
forewarn,przestrzegać,
foreword,przedmowa,
forfeit,tracić,
forge,"podrabiać
 2.  formować",
forger,fałszerz,
forgery,fałszerstwo,
forgive,wybaczać,
forgiving,pobłażliwy,wybaczający
forgo,zrzekać się,
fork,wykładać,
forlorn,samotny,
formality,formalność,oficjalność|ceremonialność
formalize,formalizować,
formation,tworzenie,formowanie się
formative,formujący,
formidable,groźny,"trudny
 2.  niebywały"
formless,bezkształtny,
formula,formuła,"wzór
 2.  recepta"
formulate,formułować,
forsake,opuszczać,porzucać
forthcoming,nadchodzący,
forthright,dobitny,
forthwith,bezzwłocznie,
fortify,fortyfikować,wzmacniać
fortitude,męstwo,
fortuneteller,wróżka,
forty,czterdzieści,
forum,płaszczyzna,
forward,ekspediować,
forwarding,ekspedycyjny,wysyłkowy
fossil,skamieniałość,
fossilise,kamienieć,zamieniać się w kopalinę|zamieniać w kopalinę
fossilize,kamienieć,zamieniać się w kopalinę|zamieniać w kopalinę
foster,pielęgnować,
found,fundować,"zakładać
 2.  opierać"
founder,iść pod wodę,"założyciel
ii.   1.  zawodzić"
fount,źródło,
fountain,pióro,
foursome,czwórka,
fourteen,czternaście,
fowl,ptak łowny,
fractionally,ułamki,
fragile,wątły,
fragmentary,fragmentaryczny,
fragrant,aromatyczny,
frail,wątł,
frailty,słabość,"słabostka
 2.  wątłość"
framework,obramowanie,
fraudulent,oszukańczy,
fraught,przejęty,
freakish,cudaczny,
freight,pociąg towarowy,"przesyłka
ii.  freight train"
french,balkonowe,
frenchwoman,francuzka,
frenetic,entuzjastyczny,
frenzy,szał,
frequent,bywać,bywać w|uczęszczać
freshen,odświeżać,wzmagać
fresher,nowy,
freshly,świeżo,
freshman,nowy,
freshness,świeżość,
fret,gryźć,
fretful,niespokojny,
fri,piątek,
friar,zakonnik,zakonnik żebrzący
friction,nieporozumienia,
friday,piątek,
fridge,lodówka,
friendship,koleżeństwo,przyjaźń
frightful,okropny,
frigid,oziębły,
frisk,hasać,"przetrzepywać
 2.  brykać"
frisky,rozbawiony,żywy
frivolity,płochość,
frivolous,płochy,
frizzy,kędzierzawy,
fro,tędy i owędy,
frogman,płetwonurek,
frogmarch,doprowadzać,doprowadzać siłą
frolic,baraszkować,"zabawiać się
ii.    baraszkowanie"
frontal,frontalny,
frontpage,najważniejszy,
frostbite,odmrożenie,
frosted,mleczny,
frosty,mroźny,
frugal,oszczędny,
fruitful,owocny,
fruitless,bezowocny,
fruity,jędrny,
frustrate,frustrować,"przygnębiać
 2.  niweczyć"
fry,smażyć,smażyć się
fullness,właściwym,
fulltime,i.    pełnowymiarowy,
fullyfledged,dojrzały,pełnouprawniony
fulsome,przesadny,
fumble,grzebać,
fume,"opary
ii.    szaleć",
function,ceremonia,"działać|pracować
 2.  funkcjonować"
functional,funkcjonalny,działający|pracujący
functionary,urzędnik,
fundamental,fundamentalny,
funnel,przeciskać,przekazywać
funny,pocieszny,czuć się niedobrze
furious,wściekły,zażarty|rozszalały
furled,złożony,
furn,umeblowany,
furnish,wyposażać,
furnishings,umeblowanie,wyposażenie
furniture,wyposażenie,
furrow,marszczyć,
furry,futrzany,
furtherance,poparcie,
furthermore,co więcej,
fury,wściekłość,
fuse,stapiać,"zespalać
 3.  stapiać się"
fuselage,kadłub,
fusion,zespolenie,
fuss,robić dużo hałasu,strasznie się przejmować|zawracanie głowy
fussy,wybredny,przesadny
futile,jałowy,
future,przyszłość,przyszły
fuzzy,"kędzierzawy
 2.  nieostry",
fête,fetować,owacyjnie przyjmować
gabble,mleć,
gadget,urządzenie,
gaggle,stadko,
gaiety,wesołość,
gaily,radośnie,
gain,zbliżać się,"zdobywać
 2.  przybierać"
gait,chód,
galaxy,galaktyka,
gallantry,szarmanckość,
gallbladder,pęcherzyk żółciowy,
gallery,galeria,"podwyższenie
 3.  jaskółka"
gallop,galopować,
galvanise,galwanizować,pobudzać
galvanize,galwanizować,pobudzać
gamble,grać,spekulować|i.   1.  uprawiać hazard
gambling,hazardowy,
gambol,baraszkować,hasać
gamekeeper,leśniczy,
gammon,boczek,szynka wędzona
gander,gąsior,
gang,zbierać się,
gap,zróżnicowanie,
gape,zionąć,
garage,samochodowa,"stacja
ii.    garażować"
garbage,skrzynia,
garbled,zniekształcony,
garden,przyjęcie,
gardener,ogrodnik,
gargle,gulgotać,płukać|płukać gardło
garlic,czosnek,
garment,strój,
garnish,przybranie,przybierać
garrison,obsadzać,
garter,podwiązka,
gaseous,gazowy,
gash,"rana
ii.    nacinać",ranić
gasp,"i.    dyszenie
ii.    dyszeć",
gassy,gazowany,
gastric,gastryczny,
gastronomic,gastronomiczny,
gastronomy,gastronomia,
gate,przejście,
gatecrash,wpraszać,włazić na chama
gateway,wejście,
gather,gromadzić,"mniemać|nasilać
 4.  sądzić"
gathering,zapadający,
gauche,niezręczny,
gaudy,jarmarczny,
gauge,miernik,
gaunt,wychudzony,"wynędzniały
 2.  posępny"
gawky,niezdarny,
gawp,gapić,
gay,"żywy
 2.  barwny",
gaze,"i.    spoglądać
ii.    spojrzenie",
gb,wielka,
gbh,ciężkie,
gce,świadectwo,
gcse,świadectwo,
gdns,ogród,
gear,coś,być nastawionym na|być przygotowanym do czegoś|i.   1.  przekładnia zębata
gearbox,skrzynia,
gelatine,żelatyna,
gen,generał,"gen.
  ogólny"
genealogy,genealogia,
generalise,generalizować,uogólniać
generality,ogólność,ogólnik
generalize,generalizować,uogólniać
generate,generować,produkować
generation,pokolenie,
generator,prądnica,
generosity,hojność,szczodrość
generous,przychylny,
genetic,genetyczny,
genetics,genetyka,
genial,miły,łagodny
genitals,genitalia,
genitive,dopełniacz,
genius,genialność,
genocide,ludobójstwo,
genteel,dobrze ułożony,
gentle,łagodny,delikatny
gentleman,dżentelmen,
gentlemanly,dżentelmeński,
geographic,geograficzny,
geographical,geograficzny,
geography,geografia,
geology,geologia,
geometry,geometria,
germinate,kiełkować,
gesticulate,gestykulować,
gesture,gestykulować,
getaway,ucieczka,zbiegnięcie
getup,ubiór,
ghq,główna,
giant,kolosalny,
gibber,bełkotać,
gibberish,bełkot,
gibe,docinek,
giddy,oszołomiony,
gift,"podarunek
 2.  zdolność",
gifted,utalentowany,zdolny
gig,występ,
gigantic,gigantyczny,
giggle,chichotać,
giggler,chichotka,
gild,złocić,
gilt,"i.    złocony
ii.    złocenie",
gimmick,przynęta,
gin,dżin,jałowcówka
ginger,podpiwek,
gingerly,ostrożnie,płochliwie
giraffe,żyrafa,
girder,dźwigar,
girdle,elastyczny,"pas
ii.    opasywać"
girlfriend,"sympatia
 2.  przyjaciółka",
girlish,dziewczęcy,
girth,obwód,
gist,podstawowe,"the gist 
 - treść"
giveandtake,kompromisowość,
giveaway,zdradzenie się,
glacial,lodowcowy,
glad,cieszyć,cieszyć się|że
gladden,radować,
glamorous,olśniewający,zachwycający
glance,ześlizgiwać się,
gland,gruczoł,
glasshouse,cieplarnia,
glassware,szkła,szkło
gleam,przebłysk,
glee,radość,
gleeful,rozradowany,
glide,przemykać,"prześlizgiwać się
 2.  szybować"
glint,i.    błyszczeć,"lśnienie|zabłyskiwać
ii.    błysk"
glisten,lśnić,
gloat,napawać się,
global,globalny,
globule,kuleczka,
gloom,ponurość,
glorify,gloryfikować,"wysławiać
 2.  przechwalać"
glorious,wspaniały,cudowny
gloss,pomniejszać,
glossy,błyszczący,"połyskliwy
 2.  ilustrowany"
glove,i.    rękawica,"rękawiczka
ii.  glove compartment"
glow,czerwienić,
glower,patrzeć,
glowing,entuzjastyczny,
glowworm,robaczek świętojański,
glue,"i.    klej
ii.    przyklejać",
glum,chmurny,
gluttony,żarłoczność,
gmt,średni,
gnarled,powykręcany,sękaty
gnash,zgrzytać,
gnaw,dręczyć,
goad,podbechtywać,"podnieta
 2.  podjudzać"
goahead,zielone światło,
goalpost,słupek,
goat,kozioł,
gob,gęba,
gobbledygook,nowomowa,żargon
gobetween,pośrednik,
goblin,chochlik,
godchild,chrześniaczka,chrześniak
goddaughter,chrześniaczka,córka chrzestna
godfather,chrzestny,
godfearing,bogobojny,
godforsaken,zakazany,
godless,bezbożny,
godly,pobożny,
godmother,matka,
godparent,chrzestny,
godson,chrześniak,
goldfish,złota,
goldmine,żyła,
gonorrhea,rzeżączka,
gonorrhoea,rzeżączka,
good,pociąg towarowy,
goodbye,widzenia,
goodhumored,dobroduszny,łagodny
goodhumoured,dobroduszny,łagodny
goodnatured,dobroduszny,życzliwy
goodness,litość,
goodtempered,dobroduszny,
goodwill,życzliwość,
goof,skrewić,
goose,gęsia skórka,
gooseflesh,gęsia,
gorgeous,cudowny,wspaniały
gosling,gąsiątko,
gossamer,zwiewny,
gourd,dynia,
govern,rządzić,kierować|kontrolować
governess,guwernantka,
governor,rządca,"zarządca
 3.  dyrektor"
govt,rząd,rządowy
grab,chwytać,"for sth 
 - sięgać"
graceful,wdzięczny,
gradient,nachylenie,
gradual,stopniowy,
graduation,zakończenie,"zakończenie
 2.  promocja"
graffiti,ścianach,
grain,iść wbrew naturze,
grammatical,gramatyczny,
gran,babcia,
grandad,dziadek,
granddad,dziadek,
granddaughter,wnuczka,
grandeur,wielkość,"świetność
 2.  dostojeństwo"
grandfather,stojący,
grandiose,pompatyczny,
grandma,babcia,
grandmother,babcia,
grandpa,dziadziuś,
grandstand,główna,
grannie,babciunia,
granny,babciunia,
grant,zakładając,że
granulated,granulowany,
graphic,graficzny,plastyczny
grapple,zmagać,
grasp,i.    chwytać,
grasping,zachłanny,
grass,doły,doły partyjne
grasshopper,konik,
grassland,pastwisko,łąka
grateful,wdzięczny,
grater,tarka,
grating,zgrzytający,
gratitude,wdzięczność,
gratuitous,bezpłatny,
gravel,żwir,
gravestone,nagrobek,
gravitate,grawitować,
gravity,ciężkość,"siła ciężkości
 2.  powaga"
gray,siwieć,
greasy,tłusty,zatłuszczony
greedy,łapczywy,
greenery,roślinność,zieleń
greenhouse,szklarnia,
grey,siwieć,
grid,"sieć
 2.  siatka geograficzna",
grill,męczyć kogoś,
grimy,brudny,
grin,przyjmować za dobrą monetę,
grind,i.  grind up  mielić,
grinder,młynek,
gripe,labiedzić,marudzić
grisly,przerażający,
gristle,chrząstka,
grocer,spożywczego,
groggy,odurzony,oszołomiony
groundless,bezpodstawny,
groundsheet,płachta,
grouse,i.    głuszec,
grovel,płaszczyć,"czołgać się|poniżać się
 2.  pełzać"
grow,nie bądź dzieckiem!'',"zapuszczać
 4.  stawać się"
grown,dorosły,
grownup,dorosły,
grubby,brudny,
grudge,skąpić,
grudging,niechętny,
grueling,wyczerpujący,wykańczający
gruelling,wyczerpujący,wykańczający
gruesome,makabryczny,
grumble,narzekać,"utyskiwać 
ii.    narzekanie"
grumpy,marudzący,wściekły
grunt,burczenie,chrząkanie
guarantee,zapewnienie,zaręczać|że
guard,"warta
 5.  osłona",
guarded,ostrożny,powściągliwy
guardian,strażnik,
guess,i.   1.  przypuszczać,
guesswork,domysł,
guffaw,i.    ryk śmiechu,ryczeć
guide,kierować,"przewodnik
 2.  doraźna pomoc"
guidebook,przewodnik,
guile,chytrość,przebiegłość
guileful,przebiegły,
guileless,prostolinijny,
guillotine,gilotynować,
guiltless,winy,
guinea,świnka,
gullet,przełyk,
gullible,łatwowierny,
gully,parów,
gulp,przełykać szybko,
gumption,chłopski,smykałka
gun,działo,zastrzelić
gunboat,kanonierka,
gunfire,obstrzał,ogień
gunshot,wystrzał,
gurgle,paplać,
gush,"i.    tryskać
ii.    wytrysk","potok
iii.    rozpływać się"
gust,napływ,"poryw
 2.  przypływ"
guttural,gardłowy,
guzzle,pochłaniać,
gymnastic,gimnastyczny,
gymnastics,gimnastyka,
gynaecological,ginekologiczny,
gynaecology,ginekologia,
gynecological,ginekologiczny,
gynecology,ginekologia,
gyrate,obracać,wirować
habit,przyzwyczajenie,
habitable,zdatny,
habitat,siedlisko,
habitual,zwyczajowy,"nałogowy|zwykły
 2.  zatwardziały"
hackneyed,wyświechtany,
hacksaw,piła,
haddock,łupacz,łupacz ryba
haemophilia,hemofilia,
haemophiliac,hemofilię,
haemorrhage,dostawać,dostawać krwotoku
hag,jędza,
haggard,wymęczony,wynędzniały
haggle,targować,targować się
hail,"przyzywać
 2.  wysławiać",
hailstone,kulka,
hailstorm,gradowa,
haircut,strzyżenie,
hairdrier,suszarka do włosów,
hairdryer,suszarka do włosów,
hairless,nieowłosiony,
hairline,włos,
hairnet,siatka,
hairpin,spinka,
hairrising,jeżący włosy,
hairy,włochaty,
half,ze zniżką 50,
halfhearted,zapału,połowiczny
halfpenny,półpensówka,
hall,przedpokój,sala zebrań
hallowed,czcigodny,uświęcony
halloween,przeddzień wszystkich świętych,
hallucinate,mieć halucynacje,
hallway,przedpokój,
halt,zatrzymywać,
halting,pełen,wahający się
halve,przepoławiać,
hamlet,sioło,
hamper,ograniczać,
hamster,chomik,
hamstring,ścięgno,
handbag,torebka,
handbook,podręcznik,
handbrake,ręczny,
handcart,wózek,wózek ręczny
handclap,wygwizdywanie,
handcuff,zakuwać,
handicap,upośledzać,stawiać w trudnym położeniu
handicraft,rzemiosło,
handiwork,dzieło,dzieło własnych rąk
handkerchief,chusteczka,
handmade,ręcznie,
handout,ulotka,
handshake,uścisk,
handwriting,odręczne,
handwritten,ręcznie,
handy,poręczny,
handyman,złota rączka,
hangover,kociokwik,przeżytek
hank,kłąb,zwój
hanker,pragnąć,
hanky,chusteczka,
haphazard,chaotyczny,
happen,zdarzać,tak się złożyło
happening,zdarzenie,
harangue,"perora
ii.    przekonywać",
harass,nękać,prześladować
harassment,prześladowanie,znęcanie się
harbor,i.    przystań,
harbour,i.    przystań,
hardandfast,bezwzględny,ścisły
hardback,książka,
hardboard,płyta,
hardboiled,gotowany,
harden,robić,
hardheaded,trzeźwy,
hardhearted,nieczuły,
hardpressed,znękany,
hardship,ciężar,
hardup,pieniędzy,
hardwearing,trwały,
hardy,wytrwały,"wytrzymały
 2.  mrozoodporny"
harebrained,głupi,
harm,nie ma nic złego,
harmonica,harmonijka,
harmonise,harmonizować,
harmonize,harmonizować,
harp,skarżyć się,
harrowing,przygnębiający,
harvest,zbierać,"zbiór
iii.    zbierać plony"
hasbeen,zapomniana sława,
hassle,dręczyć,
hasty,pośpieszny,
hatch,"właz
 2.  wewnętrzne okno",
hate,że panu przeszkadzam,
hateful,nienawistny,
hatred,nienawiść,
haughty,wyniosły,
haunch,pośladek,
haunting,urzekający,
haven,przystań,
havoc,niszczyć,pustoszyć
hawthorn,głóg,
haystack,stóg,
hazard,niebezpieczeństwo,ryzykować
hazardous,niebezpieczny,
haze,mgiełka,
hazelnut,laskowy,
hbomb,wodorowa,
head,główkować,wbijać komuś do głowy
headdress,przybranie,
headfirst,głową,na głowę
headgear,nakrycie,
heading,nagłówek,tytuł
headlamp,światło przednie,
headlight,światło przednie,
headmaster,dyrektor szkoły,
headmistress,dyrektorka,dyrektorka szkoły
headon,czołowy,bezpośredni
headphones,słuchawki,słuchawki na uszy
headroom,wysokość,dopuszczalna wysokość pojazdu
headstone,płyta,
headwind,czołowy,
heady,ekscytujący,
heal,goić,leczyć
health,powodzenie,
hearing,słuchowy,"rozpatrzyć
ii.  hearing aid"
hearsay,pogłoski,
heart,wziąć coś do serca,
heartbeat,bicie,
heartbreak,smutek,
heartbreaking,rozdzierający,
hearten,dodawać,pokrzepiać
heartfelt,głęboki,
heartrending,rozdzierający,
hearty,serdeczny,
heat,ciepło,podgrzewać
heated,podekscytowany,
heave,ciągnąć,dźwigać się|pociągnięcie
heavenly,niebiański,
heavy,używać,
heavyduty,o dużej wytrzymałości,
heavyhanded,o ciężkiej ręce,
heavyweight,ciężkiej,zawodnik wagi ciężkiej
heckle,przeszkadzać,
hectic,gorączkowy,rozgorączkowany
hedge,asekurować,
hedgehog,jeż,
hedgerow,żywopłot,
heed,mieć,"słuchać
 2.  take"
heedless,zważający,nieuważny
heel,następować szybko po czymś,
heifer,jałówka,
heighten,wzmagać,wzmagać się
heiress,dziedziczka,
heirloom,pamiątka,
helmsman,sternik,
helper,pomocnik,
helpful,pomocny,
helpless,bezradny,
hem,czymś,
hemisphere,półkula,
hemophilia,haemophilia,
hemophiliac,hemofilię,
hemorrhage,dostawać,dostawać krwotoku
henceforth,odtąd,
heraldry,heraldyka,
herb,"zioło
ii.    ziołowy",
here,za twoje małżeństwo'',
hereditary,dziedziczny,
heredity,dziedziczenie,dziedziczność
hermit,pustelnik,
heroine,bohaterka,
herring,śledź,
hesitant,niepewny,wahający się
hesitation,zawahanie,
het up,podniecać,
heterogenous,heterogeniczny,różnorodny
heterosexual,heteroseksualny,
hew,ciosać,kuć|łamać
hexagon,sześciokąt,
heyday,pełnia,
hibernate,zapadać,
hide,chować,"ukrywać|zakrywać
ii.    skóra"
hierarchy,hierarchia,władze
high,coś,o wysokości
highbrow,intelektualny,
highhanded,arbitralny,
highlands,góry,pogórze
highlight,uwypuklać,"uwydatniać
ii.    najważniejszy punkt"
highlystrung,napięty,
highness,wysokość,
highpitched,przeraźliwy,
highpowered,potężny,
highspirited,ożywiony,pełen energii|żywy
highway,główna,
hijack,porywać,
hike,"i.    wycieczka
ii.    wędrować",
hilarious,rozśmieszający,
hilarity,wesołość,
hill,wzgórze,
hilltop,szczyt wzgórza,
hilly,pagórkowaty,
hinder,wstrzymywać,
hindsight,doświadczenie,
hindu,hinduistyczny,
historic,historyczny,przełomowy
historical,historyczny,
histrionic,teatralny,
hitandrun,którego sprawca zbiegł,
hitchhike,jechać autostopem,jechać stopem
hm,wysokość,jej wysokość
hms,okręt,okręt jej królewskiej mości
hoard,"i.    gromadzić
ii.    zasób",
hoarding,reklamowa,
hoarse,ochrypły,
hoary,zamierzchły,
hoax,fałszywy,
hobble,pętać,"utykać
 2.  krępować"
hobby,konik,
hobo,włóczęga,
hock,białe,
hoe,"i.    motyka
ii.    okopywać",
hoist,podnośnik,
holder,opakowanie,właściciel
holdup,bronią,
hole,skrywać się,
holiness,świątobliwość,
holland,holandia,
holler,ryczeć,
hollow,zapadnięty,
holy,święty,
homecoming,powrót,powrót do domu|powrót ojczyzny
homeless,bezdomny,
homely,zwykły,
homemade,domowy,
homesick,stęskniony,stęskniony za ojczyzną
homesickness,nostalgia,
homework,domowa,
homogeneity,homogeniczność,jednorodność
homogeneous,homogeniczny,
homosexual,homoseksualny,
homosexuality,homoseksualizm,
hone,ostrzyć,
honestly,naprawdę,
honesty,szczerość,uczciwość
honey,kochanie,
honeymoon,miesiąc,
honk,trąbić,
honor,proszę sądu,"uznawać
 2.  uhonorowywać|wyróżnienie
ii.   1.  honorować"
honorary,honorowy,
honour,proszę sądu,"uznawać
 2.  uhonorowywać|wyróżnienie
ii.   1.  honorować"
hoodwink,mydlić,mydlić oczy
hooker,dziwka,
hookup,połączenie,łącze
hoop,obręcz,
hoot,dawać,
hooter,sygnał,sygnał dźwiękowy
hoover,odkurzać,
hop,"wskakiwać
ii.   1.  skok",
hope,i.    spodziewać się,oczekiwać
hopeful,pełen,"dobrze się zapowiadający|optymistyczny
 2.  obiecujący"
hopefully,że,
horizontal,horyzontalny,
hormonal,hormonalny,
horn,sygnał,
hornet,szerszeń,
horny,rogowy,"z rogu
 2.  stwardniały|zrogowaciały"
horrendous,horrendalny,
horrible,okropny,
horrid,okropny,
horrific,przerażający,
horrify,przerażać,
horror,przerażenie,
horse,wyścigi konne,
horseman,jeździec,
horsepower,koń,
horseshoe,podkowa,
hose,polewać wężem,"przewód
ii.    skrapiać|zlać|zmyć"
hosiery,pończosznicze,
hospitable,gościnny,
hospitalise,hospitalizować,
hospitality,gościnność,
hospitalize,hospitalizować,
hostel,wycieczkowy,
hostility,wrogie posunięcia,
hotbed,rozsadnik,
hotelier,właściciel hotelu,
hothouse,cieplarnia,
hotly,gorąco,
hound,prześladować,
hourly,godzinowy,
houseboat,łódź,
housebreaking,włamanie,
household,domowy,obiegowy
householder,główny,
housekeeper,gosposia,
housekeeping,pieniądze,
housewife,domowa,
housework,domowe,utrzymanie domu w porządku
housing,mieszkaniowy,
hovel,chałupa,
hp,koń,
hq,główna,
hrh,królewska,jej królewska wysokość
hubbub,zgiełk,
hubcap,kołpak,kołpak koła
huddle,skupiać,"tulić się
ii.    kupa"
hug,i.    ściskać,"przyciskać
ii.    uścisk"
hulk,bryła,
hulking,niezgrabny,
hull,kadłub,
hum,brzęczenie,"szumieć|brzęczeć
 2.  melodię nucić|mruczeć|nucić"
human,człowiek,
humanism,humanizm,
humble,skromny,
humid,wilgotny,
humidity,wilgoć,
humiliate,poniżać,
humiliation,poniżenie,
humility,skromność,
humor,ugłaskać,
humorous,humorystyczny,
humour,ugłaskać,
hump,targać,
hungarian,"i.    węgierski
ii.    węgier",
hungary,węgry,
hungry,głodny,złakniony
hunt,upolować,
hunter,myśliwy,
hurried,pośpieszny,
hurtful,bolesny,
hurtle,gnać,pędzić
husband,mąż,
hush,uciszać,
husk,łupina,
hustle,popychać,"przepychać
ii.    bieganina"
hybrid,mieszany,
hydrogen,wodór,
hymn,religijny,
hypermarket,towarowy,
hypnotic,hipnotyczny,
hypnotize,hipnotyzować,
hypocrisy,obłuda,
hypocrite,obłudnik,
hypocritical,obłudny,
hypodermic,podskórny,
hypothetical,hipotetyczny,
hysteria,histeria,
hysterical,histeryczny,
ib,"ibidem
  tamże",
ibidem,"ibidem
  tamże",
icbm,międzykontynentalny,
icebox,lodówka,
iceland,islandia,
icy,oblodzony,
idealise,idealizować,
idealize,idealizować,
identity,dowód tożsamości,
ideological,ideologiczny,
ideology,ideologia,
idiomatic,idiomatyczny,
idiosyncrasy,osobliwość,
idiosyncratic,jedyny,
idiotic,idiotyczny,kretyński
idler,próżniak,
idol,bożek,
idolatry,bałwochwalstwo,
idolise,ubóstwiać,
idolize,ubóstwiać,
ignite,zapalać,zapalać się
ignition,zapłon,
ignoble,niegodny,
ignominious,haniebny,
ignorance,nieświadomość,
ignorant,nieświadomy,
ignore,ignorować,pomijać
illegal,nielegalny,bezprawny
illegible,nieczytelny,
illegitimate,nieślubny,bezprawny
illfated,dramatyczny,niepomyślny
illicit,nielegalny,
illiterate,niepiśmienny,
illogical,nielogiczny,
illtreat,maltretować,znęcać się
illuminate,oświetlać,rozjaśniać
illusion,złudzenie,
illusory,iluzoryczny,złudny
illustrate,ilustrować,unaoczniać|obrazować
illustration,zobrazowanie,
illustrative,poglądowy,
illwill,wrogość,
ilo,międzynarodowa,
image,odbiór,
imagery,obrazowanie,
imaginable,wyobrażalny,
imaginary,wyimaginowany,
imagination,wyobraźnia,
imaginative,pełen,
imagine,wyobrażać,
imbalance,nierównowaga,
imbecile,imbecylny,
imbue,nasycać,przesycać
imf,międzynarodowy,
imitate,imitować,naśladować
imitative,naśladowczy,
imitator,naśladowca,
immaculate,nieskazitelny,bezbłędny
immaterial,znaczenia,
immature,niedojrzały,
immeasurable,bezmierny,
immediacy,bezpośredniość,naoczność
immediately,bezpośrednio,
immense,gigantyczny,
immerse,zanurzać,zanurzać się
immersion,grzałka,grzałka do wody
imminent,nadciągający,
immobile,nieruchomy,
immobilise,unieruchamiać,krępować
immobilize,unieruchamiać,krępować
immodest,nieskromny,
immoral,niemoralny,
immortal,nieśmiertelny,
immortalise,uwieczniać,
immortalize,uwieczniać,
immovable,nieprzenośny,nieugięty
immune,odporny,
immunise,uodparniać,uodparniać się
immunity,nietykalność,
immunize,uodparniać,uodparniać się
immutable,niezmienny,
imp,chochlik,
impact,wrażenie,
impair,nadwerężać,osłabiać
impale,nabijać,nasadzać
impartial,obiektywny,
impassable,przebycia,
impassioned,roznamiętniony,
impassive,obojętny,
impatience,cierpliwości,niecierpliwość
impeccable,doskonały,
impede,hamować,zakłócać
impediment,czynnik,zakłócający
impending,nadciągający,
impenetrable,nieprzenikniony,niedostępny
imperceptible,niedostrzegalny,
imperfect,niedokonany,
imperfection,niedoskonałość,
imperialism,imperializm,
imperialist,imperialistyczny,
imperil,zagrażać,
imperious,władczy,
impersonal,bezosobowy,nieosobowy
impersonate,imitować,
imperturbable,niewzruszony,
impervious,niepodatny,nieprzesiąkliwy
impinge,oddziaływać,wdzierać się
implacable,nieprzejednany,nieubłagany
implant,wszczepiać,"przeszczepiać   
ii.    przeszczep"
implausible,niewiarygodny,
implement,urzeczywistniać,"przeprowadzać
ii.    narzędzie"
implementation,przeprowadzenie,wdrożenie
implicate,wplątywać,wmieszać (in - w
implicit,implicytny,"bez zastrzeżeń|sugerujący
 2.  absolutny"
implore,błagać,ubłagiwać
imply,pociągać,
impolite,niegrzeczny,
impolitic,niedyplomatyczny,
imponderable,dający,
importance,ważność,znaczenie
important,ważny,znaczący
imposing,imponujący,
imposition,narzucenie,"narzucanie się
 2.  nałożenie"
impossible,niemożliwy,beznadziejny
impound,konfiskować,rekwirować|zajmować
impoverish,zubażać,
impracticable,niewykonalny,
impractical,niepraktyczny,
imprecise,niedokładny,
impregnate,impregnować,
impression,że,
impressionable,łatwo,
impressive,robiący,
imprison,uwięzić,
imprisonment,uwięzienie,więzienie
improbable,nieprawdopodobny,
impromptu,improwizowany,
improper,niewłaściwy,
improve,poprawiać,polepszać się
improvement,polepszenie,
improvise,improwizować,
imprudent,nierozważny,
impudence,bezczelność,
impudent,bezczelny,
impulsive,impulsywny,żywiołowy
impurity,zanieczyszczenie,
in as much,jako że,
inability,niemożność,
inaccessible,niedostępny,
inaccuracy,niedokładność,nieścisłość
inaccurate,niedokładny,nieścisły
inaction,bezczynność,
inactive,bezczynny,
inadequate,niewystarczający,
inadvertent,niechcący,
inadvertently,niechcący,
inadvisable,nierozsądny,
inalienable,niezbywalny,
inane,bezmyślny,niemądry
inanimate,nieżywotny,
inarticulate,nieartykułowany,
inasmuch as,jako że,
inattentive,nieuważny,
inaudible,niesłyszalny,
inaugural,inauguracyjny,
inaugurate,wprowadzać,
inauguration,wprowadzenie,
inborn,wrodzony,
inbred,zakorzeniony,blisko
inbuilt,wbudowany,
inc,osobowości,
incalculable,nieobliczalny,
incapable,niezdatny,
incapacitate,obezwładniać,uniemożliwiać
incapacity,niezdolność,
incarcerate,uwięzić,
incarnation,wcielenie,
incautious,nieostrożny,
incendiary,zapalający,
incessant,nieustanny,
inch,posuwać,
incidence,zasięg,zasięg występowania
incidental,uboczny,towarzyszący
incidentally,tak w ogóle,
incinerator,spalania,
incision,nacięcie,
incisive,cięty,
incite,pobudzać,podżegać
inclination,skłonność,
inclined,skłonny,nachylony|opadający
include,zawierać,włączać
included,włączając,
including,włączając,włącznie
inclusion,włączenie,
inclusive,włącznie,globalny|ryczałtowy
incoherent,niespójny,
income,dochód,
incoming,następujący,przypływ
incomparable,niezrównany,
incompatible,niezgodny,niekompatybilny
incompetent,niesprawny,
incomplete,niekompletny,niepełny
incomprehensible,niepojęty,
incomprehension,niepojmowanie,
inconceivable,niewyobrażalny,
inconclusive,rozstrzygnięty,"niezakończony
 2.  nie rozstrzygający"
incongruity,niedopasowanie,niedostosowanie się
incongruous,pasujący,wyróżniający się
inconsequential,znaczenia,
inconsiderable,niepokaźny,
inconsiderate,względów,
inconsistency,niezgodność,niespójność
inconsistent,niespójny,niezgodny
inconspicuous,niezauważalny,
inconvenience,niedogodność,
inconvenient,niedogodny,
incorporate,wcielać,"włączać   
 2.  posiadać"
incorporated,osobowości,
incorrect,niepoprawny,niewłaściwy
incorrigible,niepoprawny,
incorruptible,nieprzekupny,
increase,"increase
i.    wzrastać","zwiększać
ii.    wzrost|zwiększać się"
incredible,niewiarygodny,"niebywały
 2.  nieprawdopodobny"
incredulous,niedowierzający,
increment,dodatek,dodatek płacowy
incriminate,inkryminować,obciążać
incubate,inkubować,
incur,zaciągać,"robić
 2.  narażać się"
incurable,nieuleczalny,niepoprawny
incursion,wtargnięcie,
indecency,nieprzyzwoitość,
indecent,niegodny,uwłaczający
indecision,niepewność,
indecisive,niezdecydowany,
indefinable,nieokreślony,
indefinite,przedimek,
indefinitely,aż,
indelible,niezmywalny,
indemnify,płacić,
indent,obijać,
independence,niezależność,niepodległość
indescribable,nieopisany,
indestructible,niezniszczalny,
indeterminate,nieokreślony,
index,wskazujący,
indict,postawić,
indictment,oskarżenie,
indifferent,przeciętny,
indigenous,miejscowy,
indigestible,niestrawny,
indigestion,niestrawność,
indignant,oburzony,
indignation,oburzenie,
indiscreet,niedyskretny,
indiscriminate,niewybredny,ogólny
indispensable,nieodzowny,
indisputable,niezaprzeczalny,
indistinct,niewyraźny,
indistinguishable,nieodróżnialny,
individual,indywidualny,
individuality,indywidualność,
indivisible,niepodzielny,
indoctrinate,indoktrynować,
indoor,pokojowy,
indoors,wewnątrz,
indubitable,niezaprzeczalny,
induce,wywoływać,zachęcać|skłaniać
inducement,zachęta,
indulgence,pobłażliwość,zaangażowanie
indulgent,pobłażliwy,
industrialise,industrializować,uprzemysławiać
industrialist,przemysłowiec,
industrialize,industrializować,uprzemysławiać
inedible,niejadalny,
ineffective,nieskuteczny,
ineffectual,nieefektywny,
inefficiency,nieefektywność,niesprawność
inefficient,niewydajny,"nieefektywny
 2.  energiochłonny"
ineligible,nadający,
inept,niedorzeczny,nieumiejętny
inequality,nierówność,niejednakowość
ineradicable,wykorzenienia,
inert,bezwładny,
inertia,apatia,
inescapable,nieunikniony,
inessential,nieistotny,
inestimable,nieoszacowany,
inevitable,uniknięcia,
inexact,niedokładny,
inexcusable,nieusprawiedliwiony,
inexhaustible,niewyczerpany,
inexorable,nieubłagany,
inexperience,doświadczenia,
inexperienced,niedoświadczony,
inexplicable,niewytłumaczalny,
inexpressible,niewyrażalny,
inextricable,nierozerwalny,
infallible,nieomylny,
infamous,niesławny,o złej sławie
infamy,niesława,
infancy,dzieciństwo,niemowlęctwo
infant,dziecko,niemowlę
infatuated,zadurzony,
infatuation,zadurzenie,zaślepienie
infect,infekować,zarażać
infection,zakażenie,
infectious,infekcyjny,zaraźliwy
infer,wysnuć,"wnioskować 
 2.  sugerować"
inference,wniosek,wnioskowanie
infernal,piekielny,
inferno,ognia,piekło
infertile,niepłodny,"bezpłodny
 2.  nieurodzajny"
infertility,bezpłodność,nieurodzajność
infested,opanowany,
infidel,niewierny,
infidelity,niewierność,
infighting,wewnętrzne rozgrywki,
infiltrate,przenikać,
infinite,nieskończony,
infinitive,bezokolicznik,
infinity,nieskończoność,
infirm,niedołężny,słaby
inflame,rozjuszać,rozogniać
inflamed,rozogniony,
inflammable,łatwopalny,
inflate,nadmuchiwać,nadymać|nadymać się
inflated,nadmuchiwany,"nadęty|rozdęty
 3.  zawyżony"
inflationary,inflacyjny,
inflect,odmieniać,
inflexible,niezmienny,
inflict,narzucać,wymierzać
influence,mieć,
influential,wpływowy,
influx,napływ,
inform,informować,zawiadamiać
informal,nieformalny,"luźny
 2.  nieoficjalny"
information,wiadomości,
informative,informacyjny,pouczający
informed,poinformowany,
infrequent,nieczęsty,
infringe,naruszać,łamać
infringement,naruszenie,złamanie
infuriate,doprowadzać,rozwścieczać
ingenious,pomysłowy,przemyślny
ingenuity,pomysłowość,
ingenuous,niewinny,
ingratiate,wkradać,
ingratitude,niewdzięczność,
ingredient,składnik,
inhabit,zamieszkiwać,
inhale,wdychać,
inherent,nieodłączny,wrodzony
inherit,dziedziczyć,
inheritance,dziedziczenie,
inhibit,powstrzymywać,
inhospitable,niegościnny,
inhumane,niehumanitarny,
inimitable,niepowtarzalny,
iniquitous,krzywdzący,
iniquity,niegodziwość,
initiate,inicjować,
initiative,prowadzenie,
inject,wstrzykiwać,wprowadzać
injunction,zalecenie,
injure,ranić,
inlaid,wykładany,
innate,wrodzony,
inner,wewnętrzny,
innocence,niewinność,naiwność
innocent,naiwny,
innumerable,nieprzeliczony,
inoculate,szczepić,szczepić ochronnie
inopportune,niestosowny,
inordinate,nadmierny,
inorganic,nieorganiczny,
inquest,badanie,śledztwo
inquire,badać,dociekać|dociekać czegoś|i.    dowiadywać się
inquiry,zapytanie,dociekanie
inquisitive,wścibski,
inroads,dawać,
insane,szalony,
insanitary,niehigieniczny,
insanity,szaleństwo,
insatiable,nienasycony,
inscribe,grawerować,ryć
insecticide,środek,
insecure,niepewny,
insecurity,niepewność,
insensitive,niewrażliwy,
inseparable,nieodłączny,
insert,wsuwać,"wkładać
 2.  wstawiać"
insertion,wstawka,wstawienie
insidious,podstępny,
insight,pojmowanie,wgląd
insignificant,liczący,nieważny
insistent,"nalegający
 2.  natarczywy",
insolent,bezczelny,
insoluble,nierozwiązalny,
insolvent,niewypłacalny,
insomnia,bezsenność,
inspect,oglądać,kontrolować|przeprowadzać inspekcję
inspection,oględziny,
inspire,pobudzać,"budzić 
 3.  inspirować|skłaniać
 2.  natchnąć"
inspired,natchniony,błyskotliwy
instability,niestabilność,
installation,zainstalowanie,podłączenie
instantaneous,natychmiastowy,
instep,wnętrze,śródstopie
instigate,podjudzać,poduszczać
instil,wywoływać,zaszczepiać
instill,wywoływać,zaszczepiać
instinctive,instynktowny,
institution,zakład,
instructive,kształcący,pouczający
insubordinate,niesubordynowany,
insubordination,nieposłuszeństwo,
insufferable,wytrzymania,nieznośny
insufficient,niewystarczający,
insular,odizolowany,
insulate,izolować,
insult,obrażać,
insuperable,nieprzezwyciężalny,
insure,gwarantować,zabezpieczać|zapewniać
insurmountable,niepokonany,nieprzezwyciężony
insurrection,powstanie,
intact,nietknięty,
intake,zużycie,"przyjmowanie
 2.  nabór"
intangible,nieuchwytny,
integer,całkowita,
integral,integralny,
intelligent,inteligentny,
intelligible,zrozumiały,
intense,gwałtowny,"silny
 2.  poważny"
intensify,intensyfikować,intensyfikować się|wzmagać|wzmagać się
intensity,intensywność,
intensive,intensywny,
intentional,intencjonalny,rozmyślny
interact,oddziaływać,
interactive,interakcyjny,
intercede,interweniować,wstawiać się
intercept,przechwytywać,zatrzymywać
interchangeable,wymienny,
intercontinental,międzykontynentalny,
intercourse,stosunek,stosunek płciowy
interdependent,współzależny,
interesting,interesujący,
interface,sprzęg,
interfere,tykać,
interim,czasowy,
interior,wnętrze,wewnętrzny
interject,wtrącać,wtrącać się
interjection,wtrącenie,wykrzyknik|wtrącenie się
interlock,wiązać,"zespalać
 2.  zaplatać|zespalać się"
intermarriage,małżeństwo,
intermediary,pośrednik,
intermediate,pośredni,średni
interminable,kończący,
intermittent,okresowy,
intern,internować,
internal,wewnętrzny,
internally,wewnątrz,wewnętrzny
internment,internowanie,
interplay,oddziaływanie,
interpret,interpretować,tłumaczyć
interpretation,przekład,
interpreter,tłumacz,tłumacz ustny
interrelate,wiązać,wiązać się
interrogate,przesłuchiwać,
interrogation,przesłuchanie,
interrogative,pytający,
interrogator,przesłuchujący,śledczy
interrupt,przerywać,
interruption,przerwanie,
intersect,przecinać,
intersection,skrzyżowanie,przecięcie|punkt przecięcia
intersperse,przemieszać,przetykać
intertwine,splatać,splatać się
interval,w odstępach,
intervene,interweniować,
intestinal,jelitowy,
intimacy,intymność,
intimidate,zastraszać,
intimidation,zastraszenie,
intolerable,wytrzymania,nieznośny
intolerant,nietolerancyjny,
intone,intonować,recytować
intoxication,oszołomienie,
intractable,niepodatny,
intrepid,nieustraszony,
intricacy,skomplikowanie,zawiłość
intricate,zawiły,
intrinsic,podstawowy,
intro,wstęp,
introduce,przedstawiać,wprowadzać
introduction,wprowadzenie,"wstęp
 3.  przedstawienie"
introductory,wprowadzający,wstępny
introspective,rozmyślający,rozmyślający nad sobą
intrude,przeszkadzać,do czegoś)|nachodzić
intruder,natręt,
intrusive,natrętny,
intuitive,intuicyjny,
invade,najeżdżać,
invalid,"nie wiążący
 2.  bezpodstawny",
invalidate,unieważniać,znosić
invaluable,nieoceniony,
invariable,niezmienny,
invent,wynajdować,"wymyślać
 2.  wynaleźć"
inverse,odwrotny,
invert,odwracać,
invertebrate,bezkręgowiec,
inverted commas,cudzysłów,
invest,nakładać,
investigate,przeprowadzać,
investigation,dochodzenie,
investigator,prowadzący,
investment,inwestowanie,
invidious,nienawistny,nierówny
invigorating,ożywczy,pobudzający
invincible,niepokonany,niezwyciężony
invisible,niewidoczny,niewidzialny
invitation,zaproszenie,
invite,przyzywać,
inviting,zachęcający,
involuntary,mimowolny,
involve,obejmować,wciągać
involved,zaabsorbowany,"wciągnięty|pogmatwany
 4.  a. odnośny|wplątany
 3.  zawiły|zaczynać romansować z kimś"
involvement,zaangażowanie,"wciągnięcie|wplątanie
 3.  odniesienie"
inward,wewnątrz,dośrodkowy
inwards,wewnątrz,do środka
ira,irlandzka,
iranian,irański,irańczyk
irascible,drażliwy,
ire,irlandia,
ireland,irlandia,
iridescent,opalizujący,
irishwoman,irlandka,
irksome,uciążliwy,
iron,pokonywać,
ironing board,deska,
irony,ironia,
irrational,irracjonalny,
irreducible,nieprzekazywalny,
irregularity,nieregularność,nieprawidłowość
irrelevance,związku,
irrelevant,związku,
irreligious,wierzący,
irreparable,naprawienia,
irreplaceable,niezastąpiony,
irrepressible,pognębienia,nieokiełznany
irresolute,niezdecydowany,
irrespective,niezależnie,
irresponsible,nieodpowiedzialny,
irretrievable,nieodwracalny,
irreverent,lekceważący,
irrevocable,nieodwołalny,
irrigate,irygować,nawadniać
irritable,nerwowy,
irritant,środek,
irritate,irytować,podrażniać
islamic,muzułmański,
isle,ostrów,
isolate,izolować,"wyobcowywać|wyobcowywać 
 3.  wyodrębniać"
isolation,odosobnienie,
italy,włochy,
itch,wielka,
itchy,swędzący,
item,wiadomość,
itemise,sporządzać listę,
itemize,sporządzać listę,
itinerant,wędrowny,
itinerary,plan podróży,
itv,niezależna,
jacket,marynarka,
jackpot,najwyższa,
jaded,sterany,
jagged,poszarpany,
jam,być,zablokowywać się
jamaica,jamajka,
jan,styczeń,
january,styczeń,
japan,japonia,
japanese,japoński,japończyk
jargon,żargon,
jaundice,żółtaczka,
jaundiced,zgorzkniały,
jaunt,wycieczka,
jaw,szczęka,
jazzy,jazowy,wystrzałowy
jealous,zawistny,
jealousy,zazdrość,
jeans,dżinsy,
jeep,dżip,
jemmy,łom,
jeopardise,narażać na niebezpieczeństwo,
jeopardize,narażać na niebezpieczeństwo,
jeopardy,niebezpieczeństwo,
jerk,rzucać,szarpnięcie
jerky,konwulsyjny,trzęsący|trzęsący się
jettison,wyzbywać,
jetty,nabrzeże,
jew,żyd,
jewellery,biżuteria,
jewess,żydówka,
jewish,żydowski,
jibe,docinek,
jiggle,kręcić,kręcić się|machać
jilt,porzucać,
jittery,roztrzęsiony,
jobless,bezrobotny,
jocular,żartobliwy,dowcipny
joker,dowcipniś,"żartowniś
 2.  dżoker"
jokingly,żartem,
jolly,szalenie,
jolt,szarpać,wstrząsać
jordanian,jordański,jordańczyk
jostle,przepychać,walczyć|przepychać się|rozpychać
jot,napisać,
jovial,jowialny,
joyful,radosny,szczęśliwy
joystick,drążek,dżojstik
jp,sędzia,
jubilant,rozradowany,triumfujący
jubilation,świętowanie,
judaism,judaizm,
judgement,wydawać,wydawać werdykt
judicial,oceniający,
judiciary,sądownictwo,the judiciary  władza jurysdykcyjna
judicious,rozsądny,rozważny
jug,dzbanek,
juggernaut,wielka ciężarówka,
juggle,żonglować,przestawiać
juggler,żongler,
jukebox,grająca,
jumble,splątywać,wyprzedaż|wyprzedaż dobroczynna
jumpy,nerwowy,
junction,połączenie,
jungle,dżungla,
junk,rupiecie,starocie
jurisdiction,władza sądownicza,
jurist,prawnik,
justifiable,usprawiedliwiony,
justification,uzasadnienie,
justify,uzasadniać,justować
jut,wychodzić,wychodzić na zewnątrz
juxtapose,porównywać,zestawiać
keg,beczułka,
kenya,kenia,
kerb,krawężnik,
kestrel,pustułka,
kettle,czajnik,
kettledrum,kocioł,
keyhole,dziurka,
keynote,hasło,
keyword,słowo,
kickoff,początek,początek meczu piłkarskiego
kidnap,porywać,porwanie
kidney,nerka,
kill,przyjaźń,
killer,zabójca,
kind,"uprzejmy 
iii.   1.  miło",
kindhearted,życzliwy,
kindle,rozniecać,rozpalać
kindling,rozpałkę,
kindly,uprzejmy,
king,król,
kingdom,królestwo,
kingfisher,zimorodek,
kink,skręt,zwój
kinky,perwersyjny,
kiosk,budka,
kipper,wędzony,
kiss,całować,pocałunek
kit,ubiór,
kitchen,kuchnia,kuchenny
kitty,wspólne pieniądze,
knead,miesić,
knickers,majtki luźniejsze,
knicksknacks,ozdóbki,
knight,konik,uszlachcać
knit,dziergać,marszczyć brwi
knitting,dzierganie,
knobbly,zwęźlony,
knocker,kołatka,
knoll,wzgórek,
knotty,poplątany,zawiły
knowledgeable,poinformowany,
korean,koreański,koreańczyk
kosher,koszerny,
kudos,sława,
lab,partia,
label,oznaczać,obdarzać
laborious,pracochłonny,
lacerate,kaleczyć,przecinać
lackey,pachołek,sługus
laconic,lakoniczny,
lacquer,lakierować,
lacy,koronkowy,
lad,młodzieniec,
laden,obładowany,
ladle,nabierać,
ladylike,dystyngowany,
lair,legowisko,
lament,biadać,biadanie
lamentable,opłakany,
lamppost,słup latarni,
lampshade,abażur,
landed,posiadający,
landlocked,otoczony,
landmark,zwrotny,
landscape,kształtować,
lane,alejka,
lang,język,
language,język,
languid,apatyczny,
languor,apatyczność,
lanky,kościsty,
lantern,latarnia,
laptop,przenośny,
larder,spiżarnia,
laryngitis,zapalenie,
lascivious,pożądliwy,
lasting,trwały,
lat,szerokość,łacina|łaciński
late,niedawno zmarły,
latecomer,spóźnialski,
lateral,boczny,
lather,mydlić,
latitude,szerokość,
latter,dwóch,
latterday,współczesny,
lattice,kratka,
laudable,chwalebny,
laughable,groteskowy,śmieszny
laughing stock,pośmiewisko,
laughter,śmiech,
launder,prać,
launderette,pralnia,
lavish,zarzucać,
law,sąd,
lawabiding,praworządny,
lawful,legalny,
lawless,nielegalny,samowolny
lawnmower,kosiarka,kosiarka do trawników
lawsuit,postępowanie,proces sądowy
lax,luźny,nieścisły
laxative,środek,
layabout,nicpoń,
layer,powłoka,
layoff,zwolnienie,
layout,rozmieszczenie,
laze,leniuchować,
lea,wydział,
lead,rysik,
leaden,ciężki,
leader,prowadzący,"przywódca
 2.  lider"
leading,czołowy,wiodący
leaflet,ulotka,
leaky,cieknący,
leaning,ciągota,"skłonność
 2.  krzywy"
leap,rok przestępny,
learn,uczyć,
learned,uczony,
learning,głęboka,
lease,dzierżawić,"i.    dzierżawa|najem
ii.    wynajmować"
leather,skóra,
leathery,skórzasty,łykowaty
lebanese,libański,libańczyk
lecherous,lubieżny,
lecturer,wykładowca,
ledge,półka,"półka
 2.  parapet"
ledger,księga,księga rachunkowa
lefthand,lewostronny,
lefthanded,leworęczny,
leftist,lewicowy,
leg,część,
legacy,spadek,"legat
 2.  spuścizna"
legality,legalność,
legalize,legalizować,
legendary,legendarny,
legible,czytelny,
legislate,ustanawiać,
legislative,legislacyjny,
legitimate,właściwy,
leisurely,nieśpieszny,nieśpiesznie
lengthen,wydłużać,
lengthy,długi,wydłużony
lenient,pobłażliwy,
lens,soczewka,
leper,trędowaty,
leprosy,trąd,
lesbian,lesbijka,
less,niż,
lessen,zmniejszać,zmniejszać się
lesson,korzyść,
letdown,rozczarowanie,zawód
lethal,zabójczy,
lethargic,letargiczny,
letterbox,skrzynka,
lettuce,sałata,
letup,zelżenie,
leukaemia,białaczka,
leukemia,białaczka,
levelheaded,zrównoważony,
lever,rączka,podważać
levity,lekkomyślność,płochość
levy,pobranie,pobierać|ściągać
lewd,pożądliwy,
liability,zobowiązania pieniężne,
liaise,współpracować,
liaison,porozumienie,
liar,kłamca,
lib,liberalny,
libel,zniesławienie,
liberal,liberał,
liberate,uwalniać,oswobadzać|spod czegoś)
liberated,wyzwolony,
liberation,czegoś,
library,biblioteka,
libya,libia,
license,wydawać zezwolenie,wydawać zezwolenie licencję
licensed,koncesjonowany,
licentious,rozwiązły,
lick,"położyć
ii.   1.  polizanie",
lid,pokrywka,powieka
lieut,porucznik,
lieutcol,podpułkownik,
life,kamizelka,
lifebelt,ratunkowy,
lifeboat,łódź,
lifeguard,ratownik,
lifelike,żywy,
lifeline,ratunkowa,
lifelong,całe,na życie
lifesize,naturalnej wielkości,
lifespan,długość,"życie
 2.  żywotność"
lifetime,całe,"życie
 2.  trwanie"
ligament,wiązadło,
light,"żarówka
v.  light guide",
lighten,rozjaśniać,"rozjaśniać
 2.  zmniejszać wagę"
lighter,zapalniczka,
lightheaded,oszołomiony,
lighthearted,wesoły,
lighthouse,latarnia,
lighting,oświetlenie,
lightly,beztrosko,lekkomyślnie
lightyear,rok świetlny,
likable,miły,
likeable,miły,
likelihood,możliwość,prawdopodobieństwo
likeminded,podobnie myślący,
liken,przyrównywać,
likeness,podobieństwo,
liking,upodobanie,
lilt,zaśpiew,
lily,lilia,
limb,kończyna,odnóże
limber up,przygotowywać,ćwiczyć
limbo,zapomnienie,
limelight,światła,
limitation,ograniczenie,
limitless,nieograniczony,
limp,kuśtykać,kulenie
linear,linearny,liniowy
linen,płócienny,bieliźniany
linesman,sędzia,
lineup,skład,
linger,bawić,
lingerie,damska,
linguistic,językoznawczy,
linguistics,językoznawstwo,
lining,podszewka,"podbicie
 2.  wyściółka"
linkage,związek,
links,boisko,
linkup,połączenie,
lipread,czytać,
lipstick,kredka,
liquid,płynny,
liquidate,likwidować,
liquidcrystal display,ciekłokrystaliczny,
lisp,seplenić,seplenienie
list,"spis
ii.   1.  wypisywać",
listener,słuchacz,
listless,osowiały,
litany,litania,
literacy,umiejętność,
literal,dosłowny,literalny
literature,piśmiennictwo,
litigate,procesować,
litigation,spór sądowy,
litter,lęg,zaśmiecać
liturgy,liturgia,
livelihood,źródło,
liven up,ożywiać,ożywiać się
liver,wątroba,
living,pokój,
lizard,jaszczurka,
lmt,lokalny,
loaded,załadowany,
loaf,bochenek,
loan,pożyczenie,
loathe,nie cierpieć,
loathing,obrzydzenie,wstręt
local,lokalny,miejscowy
locate,wynajdować,lokować
lock,wszystko,
locker,schowek,schowek na bagaż
locust,szarańcza,
lodge,domek,lokować
logic,logika,
logical,logiczny,
logistics,logistyka,
loins,lędźwie,genitalia
loiter,marudzić,zwlekać
loll,wywieszać,"zwieszać
 3.  wywieszać się"
london,londyński,
londoner,londyńczyk,
lone,jedyny,
lonely,samotny,osamotniony
loner,samotnik,
lonesome,osamotniony,
long,długość,
longdistance,długodystansowy,zamiejscowy
longevity,długowieczność,
longitude,długość,długość geograficzna
longlife,długotrwały,o przedłużonej trwałości
longlived,długowieczny,
longrange,zasięgu,dalekosiężny
longsighted,dalekowzroczny,
longstanding,długotrwały,
longwinded,rozwlekły,
lookout,czujka,wyglądać
loom,budzić,"i.   1.  zarysowywać się|wyłaniać się
 2.  nadciągać"
loony,szajbnięty,
loophole,furtka,
loosen,rozluźniać,"poluźniać
 2.  poluzowywać|poluźniać się"
lopsided,koślawy,
lord,boże,
lorry,ciężarówka,
loss,nie znajdować,
lost,"spływaj!''
ii.  lost property",
lotion,płyn kosmetyczny,
lottery,loteria,
loudspeaker,głośnik,
lounge,ubranie na co dzień,
lovely,cudowny,wspaniały
lover,kochanek,miłośnik
lowcut,głęboko,
lowkey,dyskretny,z rezerwą
lowlands,niziny,
loyal,lojalny,
loyalty,lojalność,wierność|przywiązanie
lozenge,tabletka,
lp,płyta,płyta długogrająca analogowa
lst,lokalny,
lt,porucznik,
ltcol,podpułkownik,
ltd,ograniczoną,
lubricate,smarować,
luckily,szczęście,
lucrative,lukratywny,
ludicrous,groteskowy,śmieszny
lug,tachać,taskać
luggage,bagaż,
lugubrious,żałobny,
lukewarm,niezainteresowany,obojętny
lullaby,kołysanka,
luminous,fosforyzujący,
lump,bryła,"narośl|kwota ogólna|włączać   
iii.  lump sum"
lunacy,szaleństwo,
lunar,księżycowy,
lung,płuco,
lunge,szarpnięcie,
lurid,okropny,
lurk,czaić,
luscious,rewelacyjny,
lush,"wybujały
 2.  luksusowy",
lustful,pożądliwy,
lusty,pełen wigoru,
luxuriate,się,rozkoszować się
luxury,luksusowy,
lw,długie,
lynch,linczować,
lynx,ryś,
lyric,liryczny,
lyrical,liryczny,
lyrics,słowa,słowa pieśni
mac,płaszcz przeciwdeszczowy,
macabre,makabryczny,
macedonian,macedoński,macedończyk
machine,maszynowy,"obrabiać
iii.  machine gun"
machinery,urządzenia,
macintosh,płaszcz,
mackintosh,płaszcz,
mad,zwariowany,
madden,rozwścieczać,
madetomeasure,zrobiony na miarę,zrobiony na zamówienie
madly,szalenie,szaleńczo
madness,szaleństwo,obłęd
magazine,miesięcznik,
magic,magiczny,
magistrate,sędzia,
magnetic,magnetyczny,
magnification,powiększenie,
magnificent,wspaniały,
magnify,powiększać,wyolbrzymiać
magnitude,duży,wielkość
magpie,sroka,
mahogany,mahoń,
maid,pokojówka,służąca
maiden,nazwisko,
mail,zamówienie pocztowe,
mailbox,skrzynka,
maim,okaleczać,
mainframe,główny,komputer główny duży
mainland,kontynentalny,
mainly,głównie,
mainspring,główna,główna przyczyna sprężyna
mainstream,uważany,
maintain,utrzymywać,konserwować|dbać
maintenance,utrzymanie,
maisonette,małe,
majestic,majestatyczny,
makeshift,doraźny,
making,wytwarzanie,mieć zadatki czegoś
maladjusted,niedostosowany,
malaise,niepokój,
malevolent,nieżyczliwy,
malice,złośliwość,
malicious,złośliwy,
malign,oczerniać,zniesławiać
malignant,złośliwy,
malinger,symulować chorobę,
mall,handlowe,
mallet,młotek,
malnutrition,niedożywienie,
malpractice,zaniedbanie,
maltreat,maltretować,znęcać się
mammoth,gigantyczny,
manage,zdołać,
manageable,wykonalny,
management,władza,"zarządzanie
 2.  kontrola"
manager,"kierownik
 2.  menadżer",
managing,główny,
mandarin,mandarynka,
mandate,poparcie,upoważnienie
mandatory,nakazany,
maneuver,manewrować,
manfully,namiętnie,z determinacją
manhandle,poturbować,
manhole,właz,
manhood,męskość,dojrzałość
manhunt,obława,pościg
manic,maniakalny,szaleńczy
manicure,pielęgnować,"pielęgnacja|pielęgnować
ii.    pielęgnacja paznokci"
manifest,przejawiać,"unaoczniony
ii.    przedstawiać"
manifold,różnoraki,
manipulate,manipulować,
mankind,ludzkość,
manly,męski,
manmade,przekształcony przez człowieka,
manoeuvre,manewrować,
manor,dwór,"dwór
 2.  majątek"
manpower,siła,
manslaughter,zabójstwo,
mantelpiece,półka,
mantle,płaszcz,
manual,ręczny,podręcznik
manure,gnój,
manuscript,rękopis,
map,rozkładać,rozkładać w czasie
mar,niszczyć,
marathon,maratoński,
marauder,rabuś,
marauding,plądrujący,rabujący
mare,kobyła,
marginal,marginesowy,
marigold,nagietek,
marina,przystań,
marinate,marynować,marynować się
marjoram,majeranek,
marked,wyraźny,
marker,znacznik,
market,dostępny,
marketable,dający,
marksman,wyborowy,
marmalade,owoców,
maroon,kasztanowy,
marooned,odcięty od świata,
marquee,duży,
marriage,małżeństwo,
married,żonaty,wychodzić za mąż
marry,pobierać,żenić się
martial,wojskowy,
martyr,męczennik,
martyrdom,męczeństwo,
marvellous,cudowny,
marvelous,cudowny,
masc,męski,
mascara,tusz do rzęs,
mascot,maskotka,
masculine,męski,zmaskulinizowany
mash,tłuc,
masochism,masochizm,
masonry,murarka,
massacre,masakrować,
massive,rozległy,
massproduce,produkować na masową skalę,
masterful,władczy,
mastermind,główny,"i.    planować|przeprowadzać
ii.    dusza"
masterpiece,arcydzieło,
masturbate,onanizować,
mat,chodnik,"podkładka
 2.  dywanik"
matchbox,pudełko,
matching,odpowiadający,pasujący
matchless,niedościgniony,
material,materiał,materialny
materialise,materializować się,
materialism,materializm,
materialistic,materialistyczny,
materialize,materializować się,
maternal,macierzyński,
maternity,macierzyński,położniczy
mathematical,matematyczny,
mathematics,matematyka,
matinee,popołudniówka,
mating,godowy,
matinée,popołudniówka,
matriculate,immatrykulować,
matrimonial,matrymonialny,
matrimony,małżeństwo,
matron,pielęgniarka,
matt,matowy,
matted,skołtuniony,
matteroffact,chłodny,
mature,dojrzewać,dojrzały
maturity,dojrzałość,dorosłość
maudlin,rzewny,
maul,szarpać,
mauve,fiołkowy,
maverick,"dysydent
ii.    niezależny",
max,maksymalny,
maximise,zwiększać maksymalnie,
maximize,zwiększać maksymalnie,
maximum,maksymalny,
maybe,być,może
md,medycyny,
mead,miód,miód pitny
meadow,łąka,
meager,skąpy,
meagre,skąpy,
meal,posiłek,
mealtime,posiłku,
mean,małostkowy,"wielkość|przeciętna|średnia
iii.   1.  umiar"
meander,"wędrować
ii.    meander",
meaningful,posiadający,znaczący
meaningless,bezsensowny,
meantime,międzyczasie,
measly,nędzny,
measurable,dostrzegalny,
measure,mierzyć,
measured,odmierzony,rozważny
meat,mięso,
mechanic,mechanik,
mechanical,mechaniczny,techniczny
mechanise,mechanizować,
mechanism,mechanizm,sposób
mechanize,mechanizować,
medal,odznaczenie,
meddle,mieszać,
media,środki,
mediaeval,średniowieczny,
mediate,pośredniczyć,
medicinae doctor,medycyny,
medieval,średniowieczny,
mediocre,mierny,pośledni
medium,materiał,
meet,spotykać,dochodzić
meeting,spotkanie,zebranie
melancholy,melancholia,melancholijny
mellow,głęboki,"dojrzewać|soczysty
 2.  pełny|łagodnieć"
melodious,melodyjny,
melodramatic,melodramatyczny,
melody,melodia,
melt,topić,wtapiać
member,członek,członkowski
membership,członkostwo,
membrane,błona,błona śluzowa
memento,pamiątka,
memoirs,pamiętniki,
memorable,pamiętny,
memorial,pomnik,pamiątkowy|upamiętniający
memorise,zapamiętywać,
memorize,zapamiętywać,
menacing,groźny,
mend,naprawiać,
meningitis,zapalenie,
menstrual,menstruacyjny,
menstruate,menstruować,miesiączkować
mentality,mentalność,umysłowość
mercenary,najemnik,wyrachowany
merchant,komercyjny,
merciful,litościwy,"miłosierny
 2.  zbawczy"
merciless,bezlitosny,
mercury,rtęć,
mercy,litość,
merge,scalać,"stapiać
 2.  wtapiać się|stapiać się"
meridian,południk,
merriment,wesołość,
merry,wesołych,
mesmerise,hipnotyzować,oczarowywać
mesmerize,hipnotyzować,oczarowywać
message,wiadomość,przesłanie
messenger,posłaniec,
messy,brudny,
metabolism,metabolizm,
metallic,metaliczny,
metaphor,przenośnia,
metaphysics,metafizyka,
meteoric,błyskawiczny,
meteorological,meteorologiczny,
meteorology,meteorologia,
methodical,metodyczny,
methodology,metodyka,
meticulous,dokładny,
metric,metryczny,
metropolis,metropolia,
mettle,krewkość,
mew,miauczeć,
mexican,meksykański,
mgr,dostojność,
mi,wojskowy,
mickey,nabierać,
microbe,drobnoustrój,
microchip,płytka,układ scalony
microwave,kuchenka,
mid,środkowy,
midday,południe,
middle,średniowiecze,
middleaged,w średnim wieku,
middleman,pośrednik,
middleofthe road,centrowy,
middling,przeciętny,średni
midget,karzeł,
midnight,przebiegający,w środku nocy
midsummer,kanikuła,środek lata
midway,pomiędzy,w środku
midweek,środek,w środku tygodnia
midwife,położna,
migrate,migrować,wędrować
migration,wędrówka,
mild,łagodny,
mildew,pleśń,
mileometer,licznik,
milestone,kamień,
milieu,otoczenie,
militant,bojowy,bojownik
military,wojskowy,
militate,zapobiegać,
militia,straż miejska,
milk,eksploatować,
mill,mielić,"zakład
ii.    mleć"
millennium,tysiąclecie,
miller,młynarz,
millionth,milionowy,
milometer,licznik,
mime,naśladować,
mimeograph,powielać,
mimic,naśladować,"przedrzeźniać
ii.    mimik"
mimicry,naśladownictwo,
mindless,bezsensowny,bezmyślny
mine,kopać,zaminowywać
minefield,minowe,
miner,górnik,
mineral,minerał,mineralny
mingle,mieszać,
miniature,miniaturowy,
minimal,minimalny,
minimise,minimalizować,
minimize,minimalizować,
minimum,minimalny,
mining,górnictwo,górniczy
miniskirt,minispódniczka,
minister,duchowny,
ministerial,ministerialny,
ministry,duchowieństwo,
minor,minorowy,niepełnoletni
minus,odejmowania,
miraculous,cudowny,
mirror,odzwierciedlać,
mirth,radość,wesołość
misadventure,nieszczęśliwy,
misapprehension,błędne,złudzenie
misappropriate,przywłaszczać,
misbehave,źle,
misbehavior,złe zachowanie się,
misbehaviour,złe zachowanie się,
misc,różne,
miscalculate,przeliczyć,przeliczyć się
miscarriage,poronienie,
miscarry,wypalać,
miscellaneous,różnorodny,
mischief,figlarność,"psotliwość
ii.   1.  dokazywanie"
mischievous,"złośliwy
 2.  dokuczliwy",
misconceived,nieprzemyślany,źle pomyślany
misconception,błędne,
misconduct,niewłaściwe,
misconstruction,błędne,
misconstrue,źle,
misdemeanor,występek,
misdemeanour,występek,
misdirect,źle,
miser,skąpiec,
miserly,skąpy,
misfire,wypalać,
misfortune,nieszczęście,
misgiving,złe przeczucie,
misguided,błędny,fałszywy
mishandle,zaniedbywać,zaprzepaszczać
mishap,przypadek,zły przypadek
misinform,błędnie,
misinformation,błędna,
misinterpret,interpretować,opacznie rozumieć
misjudge,oceniać,mylnie osądzać
mislay,zapodziewać,
mislead,mylić,wprowadzać w błąd
mismanage,niewłaściwie,
misnomer,niewłaściwy,
misplaced,niewłaściwy,źle skierowany
misprint,omyłka,
misread,niewłaściwie,
misrepresent,fałszywie,
miss,nietrafienie,pomijać
misshapen,zniekształcony,
missing,zaginiony,brakujący
missionary,misyjny,
misspell,zrobić,
misspend,marnować,
mist,pokrywać mgiełką,
mistake,pomyłka,"mylić
 2.  mylić"
mistletoe,jemioła,
mistrust,dowierzać,
misty,zamglony,
misunderstand,rozumieć,
misunderstanding,nieporozumienie,sprzeczka
mitigate,mitygować,łagodzić
mitten,mitenka,rękawica z jednym palcem
mix,mylić,
mixed,pomieszany,zamieszany
mixer,betoniarka,
mixture,mieszanka,
mo,rejonowy,"mo.
  poniedziałek"
moan,jęczenie,
mob,otaczać,"tłuszcza
ii.    otaczać tłumem"
mobility,mobilność,ruchliwość
mobilize,mobilizować,
mockery,kpić,
model,brać,pracować jako model|występować jako modelka
moderate,miarkować,
modern,współczesny,nowoczesny
modernise,modernizować,
modernize,modernizować,
modest,skromny,
modesty,skromność,
modifier,określenie,
modify,modyfikować,
modulate,modulować,
module,moduł,
moisten,zwilżać,
moisture,wilgoć,
molar,trzonowy,ząb trzonowy
moldy,spleśniały,
molecule,cząsteczka,molekuła
mollify,udobruchiwać,
mollusc,mięczak,
mollusk,mięczak,
molt,"pierzyć się
ii.    linienie",
molten,stopiony,
mom,mamuśka,
momentary,chwilowy,
momentous,doniosły,
mon,poniedziałek,
monarchy,monarchia,
monastic,klasztorny,
monday,poniedziałek,
monetary,monetarny,pieniężny
mongol,mongoloidalny,mongoł
monkey,małpa,
mono,monofoniczny,"mono
ii.    sprzęt mono"
monogamy,jednożeństwo,
monolithic,monolityczny,
monopolistic,monopolistyczny,
monotonous,monotonny,jednostajny
monster,"potwór
ii.    monstrualny",
monstrosity,monstrualność,
monstrous,monstrualny,
month,miesiąc,
monthly,comiesięczny,miesięcznik
monument,pomnik,
monumental,monumentalny,gigantyczny
mood,nastrój,"humor
 2.  zły nastrój"
moody,kapryśny,
moonless,bezksiężycowy,
moonlit,księżycowy,rozświetlony księżycem
moor,wrzosowisko,cumować
mooring,stanowisko,
moose,łoś,
mope,upadać na duchu,
moralise,moralizować,
moralistic,moralistyczny,
morality,moralność,
moralize,moralizować,
moreover,więcej,
morning,poranek,ranny
moroccan,marokański,marokańczyk
morocco,maroko,
moronic,kretyński,
morsel,kawałek,kąsek
mortal,śmiertelny,śmiertelnik
mortality,śmiertelność,
mortgage,pożyczka,wpisać dług hipoteczny
mortify,upokarzać,
mosaic,mozaika,
mossy,omszały,
mostly,w większości,
mothball,kulka,
motheaten,zżarty przez mole,
mother,język,
motherhood,macierzyństwo,
motherinlaw,teściowa,
motherly,matczyny,
motherofpearl,perłowa,
mothertobe,przyszła matka,
motion,być,
motionless,nieruchomy,
motivate,spowodować,dawać motywację
motive,powód,
motley,różnorodny,
motorcar,samochód,
motoring,drogowy,
mouldy,spleśniały,
moult,"pierzyć się
ii.    linienie",
mound,góra,
mountain,góra,
mountaineering,alpinistyka,
mourn,boleć,"nosić żałobę 
 2.  opłakiwać"
mourner,żałobnik,
mournful,grobowy,żałobny
mourning,żałoba,
moustache,wąs,wąsy
mouthful,kęs,
mouthwash,płyn,
mouthwatering,apetyczny,pobudzający apetyt
movable,przenośny,
move,poruszać się,przenosić się|przeprowadzać|przetasowanie służbowe
moveable,przenośny,
moving,poruszający,ruchomy
mower,kosiarka,
mozambican,mozambikański,mozambikańczyk
mozambique,mozambik,
mt,góra,
mth,miesiąc,
mucky,ubabrany,świński
mucus,śluz,
mud,błoto,
muddle,bałagan,"pomieszanie|mieszać|mylić|zamęt
ii.   1.  pomieszać"
mudguard,błotnik,
muffle,zagłuszać,
mug,łupić,
mugger,zbój,
muggy,duszny,
mule,muł,
mull over,przemyśliwać,
multiaccess,wielodostępność,
multifarious,różnorodny,
multilateral,wielostronny,
multiplication,mnożenie,rozmnażanie się
multiplicity,wielość,
multitasking,wielozadaniowość,
multitude,wielość,
mumble,mamrotać,
mummify,mumifikować,
mummy,mamuśka,mumia
mumps,świnka,
munch,przeżuwać,
mundane,przyziemny,
municipality,samorząd,samorząd miejski
munificence,szczodrość,
mural,malowidło ścienne,
murder,mordować,
mushroom,mnożyć,
mushy,rozgnieciony,"przejrzały
 2.  ckliwy"
musk,piżmo,
muslim,muzułmanin,muzułmański
muslin,muślin,
mussel,małż,
mustache,wąs,wąsy
muster,ześrodkowywać,
musty,stęchły,
mutate,mutować,przekształcać się
muted,przytłumiony,przygaszony
mutilated,okaleczony,zniekształcony
mutiny,rebelia,buntować
mutter,mamrotać,mruczenie
muzzle,nakładać,
mw,średnie,
my,mój,
myopic,krótkowzroczny,
myriad,mnóstwo,niezliczony
mystic,mistyczny,
mystify,wprowadzać,zaskakiwać
mystique,mistyka,
mythic,mityczny,
mythical,mityczny,
mythology,mitologia,
nab,przyłapywać,
nag,nudzić,
naive,naiwny,
namely,mianowicie,
namesake,imiennik,
napkin,serwetka,
napoleon,napoleonka,
nappy,pieluszka,
narrate,opowiadać,przedstawiać
narrative,narracyjny,
nasal,nosowy,
nasty,paskudny,"do niczego
 3.  ciężki"
nationalise,nacjonalizować,upaństwawiać
nationalism,nacjonalizm,
nationalistic,nacjonalistyczny,
nationality,narodowość,
nationalize,nacjonalizować,upaństwawiać
nato,północnoatlantycki,
naturalist,przyrodnik,
naturally,oczywiście,
naughty,niegrzeczny,nieładny
nausea,nudności,
nauseate,przyprawiać,
nautical,żeglarski,
navel,pępek,
navigable,spławny,żeglowny
navigate,żeglować,prowadzić|pilotować
navigation,żegluga,
navy,marynarka,
ne,płn.-wsch,północno-wschodni
near,wschód,
necessary,potrzebny,
necessitate,czynić,
necklace,kolia,
neckline,wycięcie,
needle,wbijać,
needless,mówić,oczywiście
needlework,robótki,
needy,potrzebujący,
negate,negować,
neglect,niedopatrzenie,
negligee,prześwitujący szlafrok,
negligent,niedbały,opieszały
negligible,mało,
negligée,prześwitujący szlafrok,
negotiable,możliwy,możliwy do zrealizowania
negress,murzynka,
neigh,rżeć,
neighborhood,sąsiedni,
neighboring,sąsiadujący,sąsiedni
neighborly,dobrosąsiedzki,
neighbourhood,sąsiedni,
neighbouring,sąsiadujący,sąsiedni
neighbourly,dobrosąsiedzki,
neither,żaden,
nephew,bratanek,
nerveracking,denerwujący,
nervous,nerwowy,
nestle,wtulać,być usadowiony
net,firanka,"osiągać
v.  net curtain"
netherlands,holandia,
netting,siatka,
neurotic,neurotyczny,
neutralise,blokować,
neutrality,neutralność,
neutralize,blokować,
newborn,nowonarodzony,
news,prasowa,
newsflash,wiadomość,
newsprint,gazetowy,
newsreel,kronika,
nhs,państwowa,
nib,stalówka,
nicety,subtelność,szczegół
nickel,pięciocentówka,
nickname,przezwisko,"nadawać przydomek|przydomek
ii.    przezywać"
niggardly,powściągliwy,"szczupły
 2.  skąpy"
nightcap,kieliszek,
nightie,koszulka,
nightingale,słowik,
nightlife,życie,
nightmarish,koszmarny,
nighttime,ciemność,
nightwatchman,stróż nocny,
nine,dziewięć,
nineteen,dziewiętnaście,
nineteenth,dziewiętnasty,
ninetieth,dziewięćdziesiąty,
ninety,dziewięćdziesiąt,
ninth,dziewiąty,
nip,ukąszenie,
nobility,wyższe warstwy,
noble,imponujący,
nocturnal,nocny,
nod,"skinąć
 2.  wskazywać głową",
node,węzeł,
nodule,guzek,węzeł
noise,zakłócenia,
noiseless,bezgłośny,
noisy,hałaśliwy,
nomadic,nomadyczny,wędrowny
nominate,mianować,
nomination,mianowanie,
nonalcoholic,bezalkoholowy,
noncommittal,pełen,wymijający
nondescript,nieokreślonego,
nonentity,nikt ważny,
nonevent,żadne wydarzenie,
nonexistent,nieistniejący,
nonplussed,zakłopotany,
nonsense,czynić coś bezsensownym,
nonsensical,nonsensowny,
nonsmoker,niepalący,
nonstarter,niewypał,
nook,kącik,kąt
noon,południe,
noose,pętla,
normal,normalny,
normality,normalność,
northeastern,północno-wschodni,
northerly,północny,
northern,północny,
northwestern,północno-zachodni,
norway,norwegia,
nosedive,pikowanie,gwałtowne
nosey,wścibski,
nostalgic,cierpiący,
nosy,wścibski,
notable,godny,
notarial,notarialny,
notch,osiągać,
notebook,notatnik,
noted,znany,
notepaper,listowy,
noteworthy,godny,
noticeable,widoczny,
noticeboard,ogłoszeń,
notification,zawiadomienie,
notify,zawiadamiać,
notion,opinia,pojęcie
notoriety,notoryczność,rozgłos
notorious,być,
notwithstanding,jednakże,
nourish,piastować,
nourishing,odżywczy,
nourishment,pożywienie,
novel,powieść,
novelist,powieściopisarz,
nowhere,coś prowadzi donikąd,"donikąd
 2.  *from"
noxious,trujący,
nr,blisko,w pobliżu
nt,nowy,
nuclear,atomowy,
nudity,nagość,
nugget,rodzynek,"interesująca wiadomość|wiadomość
 2.  bryłka"
nuisance,utrapienie,
null,znaczenia,
numb,"powodować kostnienie
 2.  paraliżować",
number,pomyłka,
numeral,liczbowy,liczebnik
numerical,liczbowy,
nurse,pielęgniarka,
nursing,karmiący,
nurture,doglądać,"wychowywać
 2.  dopomagać"
nutcracker,dziadek,
nutcrackers,dziadek,
nutmeg,gałka,
nutrient,odżywcza,
nutrition,odżywianie się,
nutritious,odżywczy,
nuzzle,ocierać,
nw,płn.-zach,północno-zachodni
ny,nowy,
nyc,nowy,
nz,nowa,
oaf,bęcwał,
oak,dąb,
oar,wiosło,
oas,państwa,
oau,jedności,
obedient,posłuszny,
obese,otyły,
obey,być,stosować się
objection,wątpliwość,
objectionable,niestosowny,niewłaściwy
obligation,zobowiązanie,
obligatory,obowiązkowy,
obliging,uczynny,
oblique,pośredni,"skośny|wymijający
 2.  ukośny"
obliterate,unicestwiać,
oblivion,nieświadomość,zapomnienie
oblivious,nieświadomy,
obnoxious,nieznośny,
oboe,obój,
obscure,niejasny,"zamazany|niewyraźny
ii.    zaciemniać"
obsequious,służalczy,
observable,dostrzegalny,
observance,przestrzeganie,
obsessional,obsesyjny,
obsessive,obsesyjny,
obsolete,przestarzały,
obstetrics,położnictwo,
obstruct,tarasować,blokować
obtain,osiągać,uzyskiwać
obtainable,osiągalny,
obtrusive,narzucający,natrętny
occasional,okazjonalny,
occult,magiczny,
occupational,zawodowy,
occur,zdarzać,
ocr,rozpoznawianie,
oct,październik,
octagon,ośmiokąt,
october,październik,
octopus,ośmiornica,
oddity,dziwaczność,
oddments,różności,
odious,nienawistny,wstrętny
of,wybór,
offcolour,niezdrowy,
offender,wykroczenia,
official,urzędnik,
offline,rozłączny,nie podlegający systemowi operacyjnemu
offload,przerzucać,
offputting,odstręczający,
offset,wyrównywać,"równoważyć
ii.    druk offsetowy"
offshoot,odrośl,
ogle,przypatrywać,
ogre,potwór,
ohms,służbie,
oil,olejny,
oilfield,złoże,
oily,zatłuszczony,
oldfashioned,staromodny,staroświecki
olympic,igrzyska,
ominous,przerażający,złowieszczy
omission,opuszczenie,"luka
 2.  pominięcie"
omit,zaniedbywać,
omnibus,antologia,zbiór
once,już,
oncoming,nadchodzący,nadciągający
one,się,
oneman,jednoosobowy,
onerous,ciężki,uciążliwy
ones,swój,
onesided,jednostronny,
onetime,niegdyś,
ongoing,trwający,zachodzący
online,bezpośredni,podległy systemowi operacyjnemu
onrush,przypływ,
onset,początek,
onus,ciężar,obowiązek
onward,wprzód,
onwards,wprzód,
oops,bęc,
opec,ˈəʊpek,
open,powstawać,
opening,godziny,
openly,otwarcie,
openminded,umyśle,światły
operate,przeprowadzać,
operatic,operowy,
operating system,operacyjny,
operational,zastosowania,
operator,"telefonistka
 3.  przedsiębiorca",
operetta,operetka,
opinionated,wiedzący,
opportune,samą,
opportunism,oportunizm,
opportunity,sposobność,
oppose,sprzeciwiać,
opposed,przeciwny,przeciwstawny
opposing,przeciwstawny,
oppress,prześladować,"przygniatać|uciskać
 2.  działać opresyjnie"
oppression,prześladowanie,
oppressive,przygniatający,uciskający
opt,optować,nie udzielać się
optimism,optymizm,
optimistic,optymistyczny,
optimum,optymalny,
option,możliwość,
oracle,wyrocznia,
oration,przemówienie,
orbit,krążyć,
orchestrate,aranżować,"organizować
 2.  zorkiestrować|orkiestrować"
ordeal,ciężkie,
ordination,wyświęcenie,
organic,organiczny,naturalny
organisation,uorganizowanie,
organisational,organizacyjny,
organise,zrzeszać się,
organism,organizm,
organization,uorganizowanie,
organize,zrzeszać się,
orgy,orgia,rozpasanie
oriental,orientalny,
originate,brać,
originator,twórca,
ornamental,ornamentalny,
ornate,ozdobny,
ornithology,ornitologia,
oscillate,oscylować,
ostensible,rzekomy,
ostentatious,wystawny,
ostrich,struś,
oust,usuwać,wypierać
outandout,kompletny,zupełny
outbuilding,budynek,dobudówka
outburst,przypływ,
outcast,wyrzutek,
outclass,deklasować,przewyższać
outcome,wynik,
outdated,przestarzały,
outdo,pokonywać,przewyższać
outdoor,wyjściowy,zewnętrzny
outer,przestrzeń,
outermost,zewnętrzny,
outfit,placówka,
outgrow,wyrastać,
outing,wycieczka,
outlast,przetrwać,przeżyć
outlive,przetrwać,przeżyć
outlook,poglądy,"światopogląd
 2.  prospekt"
outlying,odległy,
outmoded,przestarzały,
outnumber,przewyższać,
outoftheway,odludny,
outpost,placówka,
outrage,gniewać,"szokować
ii.   1.  rozgniewanie"
outrageous,szokujący,wzburzający
outside,zewnętrze,tuż za
outsider,człowiek,
outskirts,przedmieścia,
outsmart,przechytrzać,
outstanding,wybitny,
outstretched,wyciągnięty,
outstrip,przewyższyć,prześcignąć
outward,podróż za granicę,
outwards,podróż za granicę,
outweigh,przeważać,
outwit,przechytrzać,
outworn,zużyty,
ovary,jajnik,
oven,kuchenka,
overawe,przerażać,
overbalance,przeważać,
overbearing,apodyktyczny,
overboard,burtę,
overcast,zaciągnięty,
overcharge,brać,liczyć za dużo
overcoat,płaszcz,
overcrowded,przeludniony,zatłoczony
overcrowding,przeludnienie,
overdo,przesadzać,
overdone,długo,za długo smażony
overdose,duża,
overdraft,przekroczenie,
overdraw,przekroczyć,
overdue,opóźniony,zaległy
overestimate,przeceniać,
overgrown,zarosły,
overhaul,"modernizować
ii.    reforma",
overhear,podsłuchiwać,
overheat,przegrzewać,
overjoyed,zachwycony,
overlap,część,
overload,przeciążać,
overlook,ignorować,
overpopulated,przeludniony,
overpower,przemóc,owładnąć
overrate,przeceniać,
override,stosować,
overriding,naczelny,najważniejszy
overrule,uchylać,przegłosowywać
overrun,przekraczać,
oversee,mieć,mieć pieczę nad czymś|nadzorować
overshoot,przenosić,udawać się za daleko
oversight,niedopatrzenie,
oversimplify,upraszczać,
oversize,nadmiarowy,większy niż zwykle
oversized,nadmiarowy,większy niż zwykle
oversleep,przesypiać,spać za długo
overstate,przesadzać,wyolbrzymiać
overtake,wyprzedzać,
overthrow,odrzucać,"obalenie|overthrow
i.   1.  obalać|przewrót|zrzucać
 2.  porzucać"
overturn,przewracać,pozbawiać władzy
overview,przegląd,
overwhelm,miażdżyć,przytłaczać
overwhelming,przygniatający,
overwork,przepracowywać,zapracowywać się
overwrought,napięty,spięty
owing to,dzięki,
own,posiadać,"mieć
ii.    własny"
owner,właściciel,
ownership,własność,
ox,wół,
oxide,tlenek,
pace,przejść dwa kroki,zrobić kroki
pacific,pacyfik,
pacifism,pacyfizm,
pacify,uspokajać,
packaging,opakowanie,
packed,zatłoczony,napchany
packet,opakowanie,
packing,skrzynia,
padding,podbicie,wyściółka
paddy,ryżowe,
padlock,kłódka,
pagan,pogański,
pageantry,uroczystość,
paidup,pełnopłatny,
pained,urażony,zbolały
painful,obolały,"bolący
 2.  bolesny"
painkiller,środek,
painless,bezbolesny,łatwy
painstaking,drobiazgowy,
paintbrush,pędzel,pędzel do malowania
pajamas,piżama,
pakistani,pakistański,pakistańczyk
palace,pałac,
palate,podniebienie,
palatial,wspaniały,pałacowy
paleness,bladość,
palestinian,palestyński,palestyńczyk
pall,wyświechtywać,"nudzić się
ii.    całun"
palpitation,dygotanie,
paltry,mizerny,
pamper,dogadzać,rozpieszczać
pan,patelnia,
pancake,naleśnik,
pandemonium,piekło,
pander,zaspokajać,
paneling,boazeria,
panelling,boazeria,
pang,ukłucie,"ból
 2.  wyrzut"
panic,panika,panikować
panicstricken,ogarnięty,
panoramic,panoramiczny,
panpipes,fletnia,
pansy,bratek,
pantomime,bajkowy,
pantry,spiżarnia,
paperback,książka,książka w miękkiej oprawie
paperweight,papierów,
paperwork,papierkowa,
paprika,papryka,
parable,przypowieść,
paradoxical,paradoksalny,
paragon,wzór,
parallel,mieć,
paralyse,paraliżować,
paralysis,paraliż,
paralyze,paraliżować,
parameter,czynnik,
paramilitary,paramilitarny,
paranoid,paranoidalny,
paraphernalia,użytku,
paraphrase,parafrazować,
parasite,pasożyt,
parasitic,pasożytniczy,
parasol,przeciwsłoneczny,
parcel,paczka,
parched,wysuszony,
pardon,słucham?'',
pardonable,wybaczenia,
pare,obierać,
paris,paryż,
parish,parafia,parafialny
parisian,paryżanin,
parity,równowaga,równość
parking,licznik,
parlance,mowa,
parliamentary,parlamentarny,
parochial,parafiański,
parody,parodia,parodiować
parquet,parkietowy,
parry,odparowywać,
parsimonious,oszczędny,
parsley,pietruszka,
partial,lubić,
partially,częściowo,
participate,uczestniczyć,
participial,imiesłowowy,
participle,imiesłów,
particle,cząstka,partykuła
particularly,szczególnie,
partition,dzielić,"przedzielać
 2.  przeprowadzać rozbiór"
partly,częściowo,
partnership,współudział,"uczestnictwo
 3.  spółka"
party,brać,
passable,przyjęcia,"możliwy
 2.  przejezdny"
passenger,pasażer,
passerby,przechodzień,
passing,przelotny,
passion,namiętność,"uczucie
 3.  zamiłowanie"
passionate,zapamiętały,namiętny
password,hasło,
pasteurized,pasteryzowany,
pastille,pastylka,
pastime,rozrywka,
pasture,pastwisko,
pasty,niezdrowy,pasztecik
pat,standardowy,
patch,naprawić,załagadzać
patchy,łaciaty,
patent,bezsporny,skóra lakierowana
pathetic,żałosny,wzruszający
pathological,patologiczny,
patriotic,patriotyczny,
patrol,patrolować,
patrolman,posterunkowy,
patron,gość,
patter,bębnienie,"stukać
ii.   1.  stukot"
paunch,duży brzuch,
pauper,nędzarz,
pave,utwardzać,wykładać kamieniami
paving stone,płyta,
paw,bić,drapać łapą
pawn,zastawiać,pionek
pawnbroker,właściciel,
pay,opłacać,być|zwracać
payday,dzień,
payee,wypłaty,
payment,wypłata,zapłata
pd,zapłacony,
pea,groszek,
peaceable,pokojowy,
peaceful,spokojny,
peach,brzoskwinia,brzoskwiniowy
peanut,masło,
pear,gruszka,
pearl,perła,
pearly,perłowy,
peasant,chłop,
peasantry,chłopi,chłopstwo
peck,muskać,dziobanie|muskać ustami|pocałunek
pecuniary,pieniężny,
pedagogic,pedagogiczny,
pedagogy,pedagogika,
pedantic,pedantyczny,
peddle,handlować,"handlować
 2.  rozpowszechniać"
pedestal,piedestał,
pedestrian,przechodzień,przyziemny
peer,równy,równy komuś
peevish,zirytowany,
pejorative,pejoratywny,
pekinese,pekińczyk,
pen,długopis,
penal,karny,
penalise,karać,
penalize,karać,
penalty,karny,
pendant,wisiorek,
pendulum,wahadło,
penetrate,docierać,przez coś)
penetration,przenikliwość,
peninsula,półwysep,
penis,członek,
penitentiary,zakład,
pennsylvania,pensylwania,
pensionable,uprawniony,
pensive,zadumany,
pentathlon,pięciobój,
pentecost,świątki,
pentup,spętany,
peppermint,miętus,
per procurationem,zastępstwie,
perceive,dostrzegać,"postrzegać
 2.  widzieć"
percentage,udział procentowy,
perceptible,dostrzegalny,
perception,wnikliwość,widzenie
peremptory,władczy,
perfection,doskonałość,
perfectly,całkowicie,"zupełnie
 2.  doskonale"
perforate,perforować,
performance,wykonanie,
perfume,woń,
perfunctory,niedbały,
perhaps,być,może
perilous,niebezpieczny,
perimeter,obwód,
period,historyczny,
periodic,okresowy,
periodical,periodyczny,
periphery,peryferia,
perishable,łatwo,
perishing,przeraźliwy,zimny
perjure,popełniać,
perjury,krzywoprzysięstwo,
perk,dodatek,
perky,ożywiony,
perm,trwała,
permeate,przenikać,
permissible,dopuszczalny,
permissive,przyzwalający,
pernickety,drobiazgowy,
perpendicular,pionowy,prostopadły
perpetrate,popełniać,
perpetuate,kontynuować,
perpetuity,wieczność,
perplexed,zakłopotany,
perplexing,kłopotliwy,
perplexity,zakłopotanie,
persecute,prześladować,
persecution,prześladowanie,
perseverance,wytrwałość,
persevere,poddawać,trwać
persist,upierać się,
persnickety,drobiazgowy,
personable,sympatyczny,
personage,osobistość,
personality,osobowość,osobistość
personally,osobiście,
personify,personifikować,uosabiać
personnel,obsługa,
perspire,pocić,
persuade,coś,
persuasive,przekonujący,
pert,zuchwały,
pertain,odnosić,
pertinent,odnoszący,
peruse,czytać,czytać uważnie
peruvian,peruwiański,peruwiańczyk
pervade,przenikać,szerzyć się
pervasive,panujący,przygniatający
perversion,zboczenie,
perversity,przewrotność,
pervert,wypaczać,demoralizować
perverted,zboczony,wypaczony
pessimism,pesymizm,
pester,gnębić,męczyć
pesticide,środek owadobójczy,
pestle,tłuczek,
petal,płatek,
peter out,dochodzić,
petite,drobny,
petition,składać skargę,
petrified,zastygły,
petticoat,halka,półhalka
petulant,nadąsany,
pew,ławka,ławka kościelna
phantom,złudny,
pharmacy,apteka,
phase,"i.    faza
ii.    stopniować",stopniowo zaprzestawać
pheasant,bażant,
phenomenal,fenomenalny,
philadelphia,filadelfia,
philanthropy,filantropia,
philatelic,filatelistyczny,
philately,filatelistyka,
philippine,filipiński,
philippines,filipiny,
philistine,"kołtun
ii.    filisterski",kołtuński
philological,filologiczny,
philology,filologia,
philosophic,filozoficzny,
philosophical,filozoficzny,
philosophise,filozofować,
philosophize,filozofować,
phlegmatic,flegmatyczny,
phobia,fobia,
phonetic,fonetyczny,
phonetics,fonetyka,
phoney,fałszywy,
phony,fałszywy,
phosphorescent,fosforyzujący,
phosphorus,fosforyzujący,
photo,fotka,
photocopier,fotokopiarka,
photocopy,fotokopia,"kopiować|kserokopia
ii.    kopiować kserograficznie"
photogenic,fotogeniczny,
photographic,fotograficzny,
photostat,fotokopia,
phrasal verb,czasownik,
phrase,rozmówki,
phraseological,frazeologiczny,
phraseology,frazeologia,
physics,fizyka,
physiological,fizjologiczny,
physiology,fizjologia,
physiotherapeutic,fizykoterapeutyczny,
physiotherapy,fizykoterapia,
physique,budowa,wygląd
picket,pikietować,
pickpocket,złodziej,
pictorial,obrazkowy,
piddling,błahy,
pidgin,język,pidżin
pie,warzywa w cieście,
piece,kompletować,
piecemeal,kawałek,
piecework,akordowa,
pierce,przebijać,
piety,pobożność,
pig,świnia,
pigeon,gołąb,
pigeonhole,przegródka,
piggybank,skarbonka-świnka,
pigheaded,uparty jak osioł,
pigment,barwnik,
pilchard,sardynka,
pilfer,podwędzić,rąbnąć
pilgrimage,pielgrzymka,
pill,pigułka,
pillow,poduszka,
pillowcase,poszewka,
pillowslip,poszewka,
pilot,wieczny,
pinafore,bezrękawnik,
pincers,"obcęgi
 2.  kleszcze",
pinched,wyczerpany,znękany
pincushion,poduszeczka,
pinkish,różowawy,
pinpoint,wskazywać,wykazywać
pinstripe,prążkowany,
pinstriped,prążkowany,
pint,pół litra piwa,
pioneer,wprowadzać,
pious,pobożny,
pip,sygnał,
pipe,mrzonka,
piped music,muzyka,
pipeline,rurociąg,
piping,wrzący,
piquant,pikantny,atrakcyjny
pique,urażona duma,
piqued,urażony,
piranha,pirania,
pirate,nielegalny,kopiować
piston,tłok,
pit,glinianka,kanał
pitchblack,czarny,
pitched battle,zażarta,
pitchfork,widły,
piteous,żałosny,
pitfall,niebezpieczeństwo,pułapka
pith,miękisz,
pithy,jędrny,
pitiable,żałosny,
pitiful,żałosny,
pitiless,bezlitosny,
pittance,żałosne,
pivot,kręcić,kręcić się wokół osi|obracać się
pixie,chochlik,
pkt,paczka,
placate,zadowalać,
placed,być,
placid,spokojny,
plagiarise,popełniać plagiat,
plagiarize,popełniać plagiat,
plaice,flądra,płastuga
plain,zwykła sprawa,
plainclothes,nieumundurowany,
plaintiff,powód,
plaintive,żałosny,
plan,planować,"zamierzać|program
ii.   1.  planować"
planetary,planetarny,
plant,podstawiać,
plate,naczynia,szkło taflowe
platform,podwyższenie,
platinum,platynowy,
platitude,banał,
platonic,platoniczny,
platter,półmisek,
plausible,przekonujący,
playact,grać,
playback,odtworzenie,
playground,podwórko,
playing card,boisko,
playoff,dogrywka,
plaything,zabawka,
plea,nieprzyznanie,
pleading,błagalny,błaganie
pleasant,miły,
pleasantry,uprzejmość,
pleasing,przyjemny,zadowalający
pleasurable,radosny,
pleasure,radość,to ja dziękuję''
pleated,plisowany,
pledge,zobowiązanie,"przyrzeczenie
ii.   1.  deklarować|się do zrobienia czegoś)"
plenipotentiary,pełnomocnik,
plenty,dużo,
pleurisy,zapalenie,
pliable,podatny,
plight,trudne położenie,
plimsoll,tenisówka,
plinth,cokół,
plop,pluśnięcie,pluskać
plot,wykreślać,
plumage,upierzenie,
plumb,sondować,zgłębiać coś
plumber,hydraulik,
plume,pióro,
plummet,spadać,
plump,wytrzepywać,
plunder,łupienie,"łup|łupić
ii.   1.  plądrowanie"
pluperfect,zaprzeszły,zaprzeszły czas
plush,luksusowy,
plywood,sklejka,
pneumonia,zapalenie płuc,
poach,gotować,dusić
poacher,kłusownik,
pob,skrytka,
pocket,kieszonkowe,
pocketful,kieszeń,pełna kieszeń
pod,strączek,
podgy,tłustawy,
poetic,poetyczny,
poetical,poetyczny,
poignant,dojmujący,przejmujący
pointed,zaostrzony,znaczący
pointer,wskazówka,
pointless,bezsensowny,
poise,opanowanie,
poised,zrównoważony,
poison,otruwać,zatruwać
poky,maluśki,przymały
polack,polaczek,
poland,polska,
polar,niedźwiedź,
polarise,polaryzować,polaryzować się
polarity,przeciwieństwo,sprzeczność
polarize,polaryzować,polaryzować się
police,chronić,
policewoman,policjantka,
polio,paraliż,
polish,zakończyć,
polished,dystyngowany,
politic,dyplomatyczny,"rozważny
 2.  rozsądny"
political,polityczny,upolityczniony
poll,ankietowanie,
pollen,pyłek,pyłek kwiatowy
pollinate,zapylać,
polling,głosowanie,
pollutant,substancja zanieczyszczająca środowisko,
pollute,zanieczyszczać,
poly,politechnika,
polygamy,poligamia,
polygon,wielokąt,
polytechnic,politechnika,
pompous,pompatyczny,
ponder,rozmyślać,rozpatrywać
ponderous,ciężki,niezgrabny
pontiff,arcykapłan,papież
ponytail,koński,
pool,gromadzić,
popcorn,prażona,
pope,papież,
popularise,popularyzować,
popularity,popularność,wzięcie
popularize,popularyzować,
populate,zasiedlać,
population,ludność,
populous,ludny,
porcupine,jeżozwierz,
porn,pornografia,
pornography,pornografia,
porpoise,morświn,
porridge,owsianka,
portable,przenośny,
portend,wróżyć,zwiastować
portentous,wróżący,
porter,bagażowy,
porthole,okienko,
portray,przedstawiać,portretować
portrayal,przedstawienie,
portugal,portugalia,
posh,z wyższej klasy,
possibility,możliwość,
postage,znaczek,
postcard,kartka,widokówka
postcode,pocztowy,
postdate,postdatować,
posterity,potomność,
posthumous,pośmiertny,
postmark,pocztowy,
postmaster,naczelnik,
postmortem,sekcja zwłok,
postpone,odkładać,odraczać
posy,bukiecik,wiązanka
pot,sadzić,
potency,potęga,
potent,potężny,
potential,"zdolności
 2.  potencjał",
potentiality,możliwości,
potholing,speleologiczny,
potion,napój,
poultry,drób,
pounce,rzucać się,
pour,"sypać
 2.  lać się",
pout,wydymać,wydymać wargi
poverty,ubóstwo,
povertystricken,cierpiący,
pow,wojenny,
powder,pył,
powdered,sproszkowany,upudrowany
powdery,sproszkowany,
power,elektrownia,
powerful,potężny,rewelacyjny
powerless,bezsilny,
pp,zastępstwie,
pr,służba,
practicable,możliwy,
practice,ćwiczyć,
practise,ćwiczyć,
practised,wprawny,
practitioner,praktykujący,praktykujący lekarz
pragmatic,pragmatyczny,
prairie,preria,
praiseworthy,godny,
pram,wózek,wózek dziecięcy
prance,paradować,tańczyć
prattle,gaworzyć,"paplać
ii.    gaworzenie"
prawn,krewetka,
pray,modlić,
preamble,wstęp,
prearrange,przygotować z góry,
precarious,niebezpieczny,niepewny
precaution,środek ostrożności,środek zapobiegawczy
precede,poprzedzać,
precedence,pierwszeństwo,
precept,reguła,
precious,zupełnie,
precipice,przepaść,
precipitate,pochopny,
precipitous,przepastny,
precis,skrót,
precise,dokładny,
precisely,dokładnie,
precision,dokładność,
preclude,dopuszczać,
precocious,wcześnie rozwinięty,
preconceived,góry,
preconception,góry,
precondition,warunek,
predator,drapieżnik,
predatory,drapieżny,
predecessor,poprzednik,
predestined,predestynowany,
predetermined,góry,
predicament,złe położenie,
predicate,orzeczenie,
predicative,predykatywny,
predict,przewidywać,przepowiadać
predictable,przepowiadalny,
prediction,przepowiednia,
predispose,usposabiać,
predominant,dominujący,
predominantly,przeważnie,
predominate,dominować,
preeminent,dominujący,
prefab,prefabrykatów,
prefabricated,prefabrykowany,
preface,przedmowa,poprzedzać
prefect,dyżurny,dyżurny klasowy
prefer,preferować,chcieć
preference,"upodobanie
 2.  pierwszeństwo",
preferential,uprzywilejowany,
pregnancy,ciąża,
pregnant,ciężarny,
prehistoric,prehistoryczny,
prejudge,oceniać,
prejudice,uprzedzenie,
prejudiced,uprzedzony,
prelate,prałat,
premarital,przedmałżeński,
premature,przedwczesny,
premier,najważniejszy,
premonition,przeczucie,
preoccupation,główne,
preoccupied,zajęty,
preparatory,"przygotowujący
ii.  preparatory school",
prepare,przygotowywać,
prepared,przygotowany,gotowy
prepay,opłacać,
preposition,przyimek,
prepositional,przyimkowy,
preposterous,niedorzeczny,
prerequisite,warunek,
presence,przytomność,
presentable,się,
presentation,ceremonia,
presentday,obecny,
preservative,środek konserwujący,
preside,prezydować,przewodniczyć
president,przewodniczący,
pressing,nagły,
pressurise,skłaniać naciskiem,
pressurised,ciśnieniowy,
pressurize,skłaniać naciskiem,
pressurized,ciśnieniowy,
prestige,prestiż,
prestigious,prestiżowy,
presume,przypuszczać,że a jest|że a jest chory
presumption,mniemanie,
presumptuous,zarozumiały,
presuppose,zakładać,
presupposition,założenie,
pretence,że się coś robi,
pretend,udawać,
pretense,że się coś robi,
pretentious,pretensjonalny,
prevail,panować,przeważać
prevalent,dominujący,panujący
prevent,zapobiegać,powstrzymywać
preventive,profilaktyka,
preview,przegląd,
previously,wcześniej,
priceless,bezcenny,
prickle,uczucie,kłuć
prickly,kłujący,drażliwy
priest,duchowny,
priestess,kapłanka,
priesthood,kapłaństwo,the priesthood  stan kapłański
primaeval,pierwotny,
primeaval,pierwotny,
primer,podkład,
primeval,pierwotny,
primitive,prymitywny,pierwotny
primrose,pierwiosnek,
prince,książę,
princely,książęcy,
princess,księżna,księżniczka
principal,główny,
principality,księstwo,
principally,głównie,
principle,gruncie,
principled,pryncypialny,
prise,oswobodzić,otworzyć|otworzyć wyłamując
prism,graniastosłup,
prison,więzienie,
prisoner,wojenny,
pristine,nieskazitelny,
privacy,odosobnienie,"osobność
 2.  życie osobiste|życie prywatne"
private,genitalia,
privatise,prywatyzować,
privatize,prywatyzować,
privileged,uprzywilejowany,
privy,wtajemniczony,
prize,oswobodzić,otworzyć|otworzyć wyłamując
probable,możliwy,
probation,sądowy,
probationer,sądowym,
probity,uczciwość,
procedural,proceduralny,
proceeds,dochód,
proclaim,ogłaszać,
procrastinate,zwlekać,
procreate,rodzić,rozmnażać się
procure,uzyskać,
prodigal,marnotrawny,
prodigious,zadziwiająco wielki,
product,wytwór,
productive,produktywny,owocny
productivity,produktywność,
profess,wyznawać,twierdzić
professionalism,profejonalizm,
proffer,przedstawiać,ofiarowywać
proficiency,biegłość,
proficient,biegły,
profitable,dochodowy,korzystny
profound,głęboki,
profusion,obfitość,
program,programowy,
programmable,programowalny,
programme,programowy,
progress,postępy,
progression,przejście,
progressive,postępowy,
prohibit,zabraniać,
prohibitive,zbyt duży,
project,pokazywać,wystawać
projection,część,
proliferate,mnożyć,rozprzestrzeniać się
prolific,płodny,
prolog,wstęp,
prologue,wstęp,
prolong,przedłużać,
prolonged,długi,przedłużający się
promiscuous,przebierający,
promising,się,obiecujący
promote,propagować,promować|awansować
prompt,znacznik,
prompting,podpowiadanie,wskazówka
promptly,dokładnie,
prone,skłonny,
pronoun,zaimek,
pronounced,wyraźnie się odznaczający,
pronouncement,wypowiedź,
propel,wyrzucać,popychać
propensity,skłonność,
proper,rzeczownik,
properly,właściwie,
prophesy,prorokować,wieszczyć
proportion,część,
proportional,proporcjonalny,
proportionate,proporcjonalny,
proposal,"sugestia
 2.  oświadczyny",
propose,sugerować,"proponować
 2.  wysuwać"
propound,proponować,przedkładać
proprietary,zastrzeżony,
proprietor,właściciel,
propriety,przyzwoitość,
propulsion,napęd,
prosaic,prozaiczny,
prosecute,oskarżać,ścigać sądownie
prosecution,ściganie,
prosecutor,oskarżyciel,
prospective,potencjalny,
prosper,prosperować,
prosperous,prosperujący,
prostitute,prostytutka,prostytuować
protect,chronić,
protection,osłona,
protective,ochronny,opiekuńczy
protege,protegowany,
protein,białko,
protestation,zapewnienie,
protracted,przeciągający,
protrude,wystawać,
protuberance,wypukłość,
proud,dumny,
prov,województwo,
prove,udowadniać,"wykazywać
 2.  okazywać się"
proverb,przysłowie,
proverbial,przysłowiowy,
provide,zaopatrywać,
provided,że,
providence,opatrzność,
providential,opatrznościowy,
providing,że,
provincial,prowincjonalny,
provision,dostarczanie,
provisional,prowizoryczny,
provocative,prowokujący,"drażniący|wyzywający
 2.  prowokacyjny"
prowess,możliwości,zdolności
prowl,skradać się,
proximity,bliskość,
prude,świętoszek,
prudent,rozsądny,
prudish,pruderyjny,
prune,obcinać,
pry,wtrącać się,
précis,skrót,
pst,strefowy,
psyche,psychika,
psychiatric,psychiatryczny,
psychiatry,psychiatria,
psychic,nadnaturalny,
psychical,nadnaturalny,
psycho,psychiczny,
psychoanalyse,stosować psychoanalizę,
psychoanalyze,stosować psychoanalizę,
psychological,psychologiczny,
psychotherapy,psychoterapia,
pty,zastrzeżony,
puberty,dojrzewanie,
pubic,łonowy,
public,szkoła powszechna,
publican,właściciel pabu,
publicise,rozreklamowywać,
publicize,rozreklamowywać,
publicspirited,społecznikowski,
publish,publikować,wydawać
pucker,marszczyć,wzdymać się
puddle,kałuża,
puerile,dziecięcy,
puerto rico,portoryko,
puffy,obrzmiały,
pull,odjeżdżać,"wychodzić|to pieces* 
 - rozbierać"
pulley,krążek,
pulsate,pulsować,
pummel,bić,
pumpkin,dynia,
pun,słów,
punch,dziurkarka,
punchup,bijatyka,
punchy,dobitny,
punctual,punktualny,
punctuation,interpunkcyjny,
puncture,przebicie,dziurawić
pundit,mędrzec,
punish,karać,
punishable,karalny,
punitive,karny,karzący
puny,maleńki,
puppet,marionetka,marionetkowy
puppy,szczenię,
pure,zupełny,
purely,całkowicie,
purgatory,czyściec,
purge,czegoś,czystka
purify,oczyszczać,
puritan,purytański,
puritanical,purytański,
purity,czystość,
purport,twierdzić,"zapewniać
ii.    istota"
purpose,rozmyślnie,
purposeful,celowy,
purposeless,bezcelowy,
purposely,rozmyślnie,
purser,płatnik,
purvey,dostarczać,
pushchair,wózek,
pushover,igraszka,
pushy,idący,
puss,kicia,
putrid,zgniły,
puzzle,łamigłówka,zagadka
pyjamas,piżama,
pylon,słup,słup wysokiego napięcia
pyramid,ostrosłup,
pyrex,szkło,
quadrangle,kwadratowy,kwadratowy podwórze|podwórze
quadruped,zwierzę,
quadruple,zwiększać,
quagmire,trzęsawisko,
quail,przepiórka,
qualified,wykwalifikowany,by coś robić
qualify,otrzymywać,
qualitative,jakościowy,
qualm,skrupuły,wątpliwość
quantitative,ilościowy,
quarrelsome,kłótliwy,
quarterfinal,ćwierćfinał,
quarterly,kwartalnik,
quash,anulować,unieważniać
quay,nabrzeże,
queasy,czujący,odczuwający mdłości
queer,pedał,
quench,gasić,
query,zapytanie,kwestionować
question,pytanie,
questionable,kwestionowalny,wątpliwy
quick,do głębi,głęboko|urazić do głębi
quicken,przyspieszać,
quickwitted,pojętny,
quiet,uspokajać,
quieten,uspokajać,
quilt,kołdra,
quilted,ocieplany,
quip,powiedzenie,
quirk,zrządzenie,
quit,przestawać,rzucać
quite,całkiem,
quits,godzić,kończyć
quiver,dygotać,"trząść się
ii.    dygotanie"
quizzical,kpiący,
quotation,cudzysłów,
rabbit,królik,
rabble,ciżba,tłum
rabid,zażarty,"zaciekły
 2.  wściekły"
rabies,wścieklizna,
rac,królewski,
race,przygotowywać,pędzić
racecourse,wyścigowy,
racehorse,koń,
racetrack,wyścigowy,
racial,rasowy,
racialism,rasizm,
racing,wyścigi,
racism,rasizm,
rack,półka,bagażnik
racy,pikantny,z werwą
radiant,rozpromieniony,rozjarzony
radiation,promieniowanie,
radiator,grzejnik,"kaloryfer
 2.  chłodnica"
radical,fundamentalny,
radioactive,radioaktywny,
radioactivity,radioaktywność,
radiography,prześwietlenie,
radiology,radiologia,
radiotherapy,naświetlanie,
radish,rzodkiewka,
radius,promień,
raf,królewskie,
raffle,loteria,
ragbag,śmietnik,
raging,oszalały,wściekły
raid,obława,
railcard,karta miesięczna na pociąg,
rainbow,tęcza,
raincoat,płaszcz,
rainfall,poziom opadów,
rainstorm,oberwanie,
raised,wyniesiony,wypukły
raisin,rodzynka,
rajah,radża,
rally,wyścig,piłek|zbierać się wokół kogoś
ram,"walić
 2.  wbijać",
ramble,wędrówka,
rambler,wędrowiec,
rambling,rozrzucony,
ramification,rozgałęzienie,
rampage,panikować,
rampant,szerzący,
rampart,wał,
ramshackle,walący,
rancid,zjełczały,
rancor,zajadłość,
rancour,zajadłość,
random,przypadkowy,
randy,podniecony,
range,ustawiać,
ranger,strażnik,
rank,zaliczać,
rankle,gryźć,leżeć na sercu
ransack,przetrząsać,przewracać do góry nogami
rant,perorować,
rap,stukać,stuknięcie
rapist,gwałciciel,
rapport,harmonia,
rapprochement,zbliżenie,
rapt,olśniony,
rapturous,entuzjastyczny,
rarefied,rozrzedzony,
rarely,rzadko,
rarity,rzadkość,
rascal,łobuz,
rasp,chrypienie,"i.    chrypieć|zgrzytać
ii.    zgrzytanie"
rate,wymiany,
ratepayer,płatnik,
rather,niż,
ratify,ratyfikować,
ration,przydział,
rational,racjonalny,rozsądny
rationalism,racjonalizm,
rattle,stukanie,grzechotka
rattlesnake,grzechotnik,
ravage,druzgotać,"niweczyć
ii.   ravages  spustoszenia"
rave,wywnętrzać,
raven,kruczoczarny,
ravenous,wygłodniały,żarłoczny
ravine,parów,
ravishing,przepiękny,
raw,"żywy
ii.  raw material",
ray,promień,
rayon,sztuczny,
razor,żyletka,
re,odnośnie,
reactionary,reakcyjny,
read,czytać,"coś się czyta|przeczytać 
 2.  być napisanym"
readable,przeczytania,
readership,czytelników,
readily,"skwapliwie
 2.  łatwo",
readiness,gotowość,
readymade,gotowy,
real,majątek,
realism,realizm,
realistic,realistyczny,
realm,królestwo,
ream,zwały,
reaper,żniwiarka,żniwiarz
reappear,pojawiać,pojawiać się powtórnie
rearm,przezbroić,
rearrange,przestawiać,reorganizować
reason,uzasadnienie,
reasonably,całkiem,rozsądnie
reasoned,racjonalny,wyważony
reasoning,rozumowanie,
reassemble,składać,składać z powrotem
reassert,umacniać,"wzmacniać
 2.  potwierdzać się"
reassurance,zapewnienie,
reassure,dodawać,pocieszać
rebirth,odrodzenie,
rebuff,odmówić,"odrzucić
ii.    odmowa"
rebuild,odbudowywać,
rebut,obalić,
recalcitrant,krnąbrny,
recap,podsumowywać,podsumowanie
recapitulate,podsumowywać,
recapitulation,podsumowanie,
receipt,rachunek,przy otrzymaniu czegoś
recent,niedawny,
receptacle,pojemnik,
reception,"witanie
 4.  odbiór",
recess,"wnęka
 3. recesses  zakamarki",
recipe,kulinarny,
reciprocal,obopólny,
reciprocate,odwzajemniać,
recite,recytować,
reckless,lekkomyślny,
reclaim,odzyskiwać,rekultywować|meliorować|osuszać
recline,rozłożyć,wyciągnąć się
reclining,rozkładany,
recluse,odludek,
recognise,rozpoznawać,doceniać
recognizable,rozpoznawalny,
recognize,rozpoznawać,doceniać
recoil,szarpać,szarpać w tył
recollect,przypominać,
recommend,polecać,"rekomendować 
 2.  zalecać"
recommendation,zalecenie,
reconcile,godzić,
recondition,remontować,
reconsider,przemyśleć,zastanowić się
reconstitute,przywracać,odświeżać
reconstruct,odbudowywać,rekonstruować
reconstruction,odbudowa,
recording,nagranie,nagrywanie|dźwięk
recover,wyzdrowieć,pokryć na nowo
recreate,odtwarzać,
rectangle,prostokąt,
rectangular,prostokątny,
rectify,naprawiać,
recuperate,dochodzić,
recur,powracać,powtarzać się
recurrence,nawrót,powtarzanie się
recurrent,nawracający,powtarzający się
recycle,przetwarzać,
red,przynęta,
redden,czerwienić,czerwienić się
redeem,ratować,"okupywać
 2.  dotrzymywać"
redemption,odkupienie,
redeploy,przemieszczać,przeorganizować
redirect,przeadresowywać,
redletter,"red-letter day 
 - święto",
redness,czerwoność,
redo,przerabiać,
redouble,podwajać,zwiększać
redress,naprawiać,"rekompensować
ii.    rekompensata"
reduce,redukować,"obniżać 
 3.  zmuszać|zmniejszać
 2.  doprowadzać"
reduction,ograniczenie,
redundant,zbędny,
reek,odór,
reel,chwiać,wirować|kręcić się
reelect,powtórnie,
referee,sędzia,
reference,odniesienie,książka podręczna|wydawnictwo słownikowe
refill,napełniać,
refine,oczyszczać,"rafinować
 2.  krystalizować"
refined,rafinowany,
refinement,udoskonalenie,wyrafinowanie
refinery,rafineria,
reflect,odbijać,
reflective,pełen,
reform,poprawić,reedukować
reformation,przekształcenie,
refrigerator,chłodziarka,lodówka
refuel,tankować,uzupełniać paliwo
refuge,schronienie,
refugee,uchodźca,
refund,pieniędzy,"zwracać|zwrot
ii.    zwracać pieniądze"
refusal,odmowa,
regain,odzyskiwać,
regal,królewski,
regalia,regalia,insygnia
regenerate,odradzać,
regime,reżym,
regimental,pułkowy,
regimentation,ścisła władza,
regional,regionalny,
registered,polecony,
registry,urząd,
regress,przechodzić,przechodzić w gorszy stan
regret,"ubolewanie
 2.  wątpliwości",wyrażać żal z powodu
regretful,przepraszający,
regrettable,pożałowania,
regroup,przegrupowywać,przegrupowywać się
regular,żołnierz,
regularity,regularność,
regulate,regulować,
regulation,regulaminowy,
rehabilitate,rehabilitować,odnawiać
rehearsal,próba,
rehearse,mieć,ćwiczyć
reign,panować,panowanie
reimburse,rekompensować,wynagradzać
reincarnate,przechodzić,wcielać się
reinforce,wzmacniać,potwierdzać
reinforced,wzmocniony,żelazobeton|żelbet
reiterate,powtarzać,
rejoice,radować,
rejuvenate,odmładzać,
relapse,powracać,"ponowne wpadnięcie 
 2.  pogorszenie"
relate,odnosić,
relation,odniesienie,
relax,odprężać,rozluźniać
relaxation,"odprężenie się
 2.  osłabienie",rozluźnienie
relaxed,rozluźniony,
release,być,nowa płyta|płyta
relegate,odsuwać,relegować
relent,łagodnieć,
relentless,bezlitosny,nieugięty
reliability,niezawodność,
reliable,niezawodny,odpowiedzialny
reliant,zależny,
relieve,zmniejszyć,"ulżyć
 2.  uwalniać"
relieved,pełen,uszczęśliwiony
religion,religia,
religious,religijny,
religiously,z czcią,
relinquish,rezygnować,
relive,odżyć,
relocate,przenosić,
rely,że b coś zrobi,
remand,w areszcie śledczym,
remarkable,godny,zadziwiający
remedial,"rehabilitacyjny
 2.  dokształcający",
remedy,zaradzić,
remember,pamiętać,"przypominać
 2.  przekazywać pozdrowienia|przypominać sobie"
remind,przypominać,
reminder,przypomnienie,upomnienie
reminisce,wieść,
reminiscent,przypominający,
remission,wcześniejsze zwolnienie,
remit,odpuszczać,odraczać
remnant,pozostałość,
remote,oddalony,odseparowany
removal,usunięcie,transportowy|przewoźny
removed,odległy,
remunerate,wynagradzać,
rename,przemianowywać,
rend,rozdzierać,
render,wykonywać,że ktoś jest bezradnym
rendering,wykonanie,
rendezvous,spotkanie,
renewal,wznowienie,przedłużenie
renovate,odnawiać,
renown,sława,
renowned,sławny,
rent,wynajmować,opłata wynajmu
rental,opłata,
renunciation,wyrzeczenie się,
reorganise,reorganizować,
reorganize,reorganizować,
rep,"rep.
  republikański",
repair,w złym stanie,
repartee,cięta,
repay,zwracać,odpłacać|rewanżować się
repayment,pieniędzy,"zwrot
 2.  spłata"
repeal,odwoływać,"uchylać
ii.    odwołanie"
repeatedly,powtórnie,
repel,odpychać,odrzucać
repellent,"wstrętny 
ii.    środek odstraszający",
repent,żałować,
repentance,żal,
repentant,żałujący,
repetition,powtórzenie,
repetitious,powtarzający,
repetitive,powtarzający,
rephrase,przeformułowywać,
replace,zastępować,odkładać|umieszczać z powrotem
replacement,zastąpienie,zastępstwo
replay,puszczać,powtórny|puszczać znów
replenish,napełniać,powtórnie napełniać|uzupełniać
replete,przepełniony,
replica,kopia,
reply,odpowiadać,odpowiedź
report,wieści,
repose,odpoczynek,
repository,składnica,
reprehensible,naganny,
represent,reprezentować,przedstawiać
representation,zażalenie,
repress,tłumić,"utrzymywać w posłuchu|zduszać
 2.  represjonować"
repression,tłumienie,
repressive,represyjny,
reprimand,upominać,
reprint,dodrukowywać,"reprint
i.    przedrukowywać"
reprisal,odwetowa,
reproachful,pełen,
reproduce,reprodukować,"naśladować
 2.  mnożyć się"
reproduction,rozmnażanie,
reprove,ganić,strofować
republic,republika,
republican,republikański,
repudiate,odrzucać,
repugnance,wstręt,
repugnant,wstrętny,
repulse,odrzucać,
repulsion,wstręt,
repulsive,odrażający,
reputable,renomowany,
reputation,opinia,
requisite,niezbędny,"wymagany
ii.    rzecz niezbędna"
requisition,rekwirować,
reroute,kierować,kierować inną trasą
rescuer,ratownik,
research,badania,"praca naukowa
ii.    badać|prowadzić badania|prowadzić badania naukowe"
resemblance,podobieństwo,
resemble,być,przypominać
resent,czuć,mieć za złe
resentful,urażony,
reservation,zastrzeżenie,
reserved,pełen,powściągliwy
reservoir,zbiornik,
reside,znajdować się,
resident,stały,
residential,mieszkalny,
residual,szczątkowy,
residue,pozostałości,
resignation,wypowiedzenie,
resigned,pogodzony,
resilient,elastyczny,prężny
resin,żywica,
resist,stawiać,"odpierać
 3.  powstrzymywać się|opierać
 2.  dawać odpór|opierać się"
resolute,zdecydowany,
resonant,głęboki,
resonate,rozbrzmiewać,
resounding,rozgłośny,
resourceful,pomysłowy,zmyślny
respectable,szacowny,
respectful,pełen,
respective,właściwy,
respiration,oddychanie,
respiratory,oddechowy,płucny
respite,wytchnienie,
resplendent,olśniewający,pełen splendoru
respond,odpowiadać,
responsibility,odpowiedzialność,obowiązek
responsible,odpowiedzialny,
restful,dający,
restitution,przywrócenie,
restive,niespokojny,
restoration,przywrócenie,
restore,przywracać,restaurować
restrain,powstrzymywać   (from - przed,
restrained,powściągliwy,
restraint,ograniczenie,powściągliwość
restrict,ograniczać,
restriction,ograniczenie,
restrictive,ograniczający,
result,kończyć,wynikać|że)
resultant,wynikający,wynikły
resume,podsumowanie,"1.  wznawiać|kontynuować
 2.  przyjmować|kontynuować się"
resumption,podjęcie,ponowne podjęcie
resurgence,odrodzenie,
resurrect,wskrzeszać,
resurrection,wskrzeszenie,
resuscitate,reanimować,
retail,sprzedaż,detaliczny
retain,zachowywać,zatrzymywać
retaliate,brać,
retarded,opóźniony,
retd,emerytowany,
retention,pozostawienie,
rethink,przemyśleć,
reticent,powściągliwy,
retinue,świta,
retire,kłaść,
retired,emerytowany,
retiring,ustępujący,
retrace,cofać,
retrieval,odzyskiwanie,
retrieve,odzyskiwać,naprawiać
retrograde,regresywny,
retrospect,się,
returnable,podlegający,
reunion,spotkanie,"zjazd
 2.  połączenie"
reunite,połączyć,"złączyć
 2.  scalać"
rev,obrót,
revd,wielebny,
reveal,odkrywać,odsłaniać
revealing,odsłaniający,odkrywający
revel,się,hulać
revelation,odkrycie,
revelry,hulanka,
revenue,dochód,
reverberate,odbijać,
revere,czcić,
reverence,czczenie,cześć
reverend,wielebny,
reverent,pełen,
reversal,"zmiana
 2.  odwrócenie",
reversion,nawrót,
revert,cofać,powracać
review,recenzowany,
revise,poprawiać,
revitalise,ożywiać,
revitalize,ożywiać,
revival,ożywienie,
revive,ożywiać,"ożywiać
 2.  ocucić"
revoke,odwoływać,
revolt,buntować,
revolting,odrażający,odstręczający
revolutionary,rewolucyjny,
revolutionise,rewolucjonizować,
revolutionize,rewolucjonizować,
revolve,kręcić,obracać się
revue,rewia,
reward,nagradzać,
rewarding,opłacalny,
rewind,przewijać,
rewrite,przepisywać,ulepszać
rhetoric,retoryka,
rhetorical,retoryczny,
rhino,nosorożec,
rhinoceros,nosorożec,
rhododendron,różanecznik,
rhyme,rymować,
rhythmic,rytmiczny,
ribald,sprośny,
rice,ryż,
rick,stóg,
rickety,rozklekotany,rozpadający się
ricochet,rykoszetować,
ride,podjeżdżać,podjeżdżać do góry
ridge,"krawędź
 2.  karb",wypukłość
ridicule,"szydzić 
ii.    szyderstwo",
ridiculous,groteskowy,śmieszny
rife,powszechny,
rig,klecić,
rigging,otaklowanie,
right,pierwszeństwo,"możliwość przejazdu|pierwszeństwo
 2.  prawo przejazdu"
rigid,nieelastyczny,
rigorous,rygorystyczny,
rigors,ciężary,
rigours,ciężary,
rile,drażnić,irytować
rind,skórka,
rinse,płukać,opłukanie|płukanie
riotous,żywiołowy,
rip,zdzierać,
ripe,dojrzały,
ripoff,złodziejstwo,
risky,ryzykowny,
rite,ceremoniał,obrzęd
ritual,rytuał,rytualny
rival,czemuś,"konkurent
ii.    rywalizujący"
river,łożysko,
riverside,pobrzeże,
rm,pokój,
rn,królewska,
roadway,jezdnia,
roadworthy,przejezdny,
roam,wędrować,włóczyć się
rob,ograbiać,rabować
robber,napastnik,rabuś
robbery,grabież,
robust,kwitnący,
rockery,ogródek,
rockingchair,bujany,
rockinghorse,koń,
rod,trzpień,
rodent,gryzoń,
roll,"zwijać
 2.  podwijać",
rollcall,odczytywanie,
roller,lokówka,
rolling,wałek,wałek do ciasta
romance,romantyka,
romania,rumunia,
romantic,romantyczny,
romanticise,sentymentalizować,uromantyczniać
romanticize,sentymentalizować,uromantyczniać
romp,hasanie,"szaleć
ii.    szaleństwo"
roofing,pokrycie,
roofrack,bagażnik,
room,pomieszczenie,
roommate,współlokator,
roomy,przestronny,
root,wypłaszać,
rope,przywiązywać,
rosary,różaniec,
rose,wino różowe,
rostrum,mównica,
rosé,wino różowe,
rota,kolejność,
rotary,obrotowy,
rotate,obracać,prowadzić rotację|zmieniać kolejno
rotund,okrągły,pękaty
rouge,róż,
rough,zarysowywać,
roundabout,okrężny,
rounded,zaokrąglony,
roundtheclock,całodzienny,całą|dwadzieścia cztery godziny|i.    całodobowy
rout,rozgromić,rozsypka
route,"sposób
ii.    kierować",
routine,normalny,
rove,wędrować,
rover,wędrowiec,
rowboat,łódź,
rowdy,hałaśliwy,
rowing,łódż,
royal,królewska,
rpm,obroty na minutę,
rps,obroty na sekundę,
rub,pocierać,ocierać
rubber,gumka,
rubbish,"śmiecie
 2.  tandeta",
rude,niegrzeczny,
rudimentary,rudymentarny,
rudiments,zaczątki,
rueful,smutny,
ruffian,opryszek,
rugged,mocny,
ruin,zrujnowanie,
ruinous,rujnujący,
rule,panować,
ruling,panujący,
rummage,przeszukiwać,szperać
rumor,pogłoska,wieść głosi|że on coś robi
rumour,pogłoska,wieść głosi|że on coś robi
rump,kadłub,
runaway,uciekający spod kontroli,
rundown,"wykończony
 2.  kiepski",
runny,cieknący,lejący się
runup,the run-up  okres poprzedzający,
runway,startowy,
rupture,nadrywać,
ruse,podstęp,
rustic,rustykalny,wieśniaczy
rustle,szeleścić,
rusty,zardzewiały,
ruthless,bezlitosny,
rye,żyto,
résumé,podsumowanie,
sachet,saszetka,
sacking,workowa,
sacrificial,ofiarny,
sacrilege,świętokradztwo,
sacrosanct,święty,
sad,smutny,
sadden,zasmucać,
sadness,smutek,
safe,pewności,
safeguard,ochraniać,zabezpieczenie
safekeeping,opieka,
safety,agrafka,klapa bezpieczeństwa
sag,obwisać,zwisać
saint,święty,
saintly,święty,
salad,sałatka,
salaried,pobierający,
salesman,pośrednik,
saleswoman,pośredniczka,
salient,główny,najważniejszy
saliva,ślina,
sallow,pożólkły,
salmon,łosoś,
salty,słony,
salute,czcić,salutowanie
salvage,ratunkowa,ratunkowy
salvation,odkupienie,wybawienie
sameness,jednakowość,
sanctify,poświęcać,uświęcać
sanctimonious,świętoszkowaty,
sanctity,świętość,
sand,szlifować,
sandal,sandał,
sandpaper,ścierny,
sandstorm,piaskowa,
sandwich,kanapka,wciskać
sandy,piaskowy,
sanguine,optymistyczny,
sanitary,podpaska,
sanity,zdrowe,"zdrowy rozsądek
 2.  celowość"
santa clause,święty,
sap,wyczerpywać,
sapling,sadzonka,
sarcastic,sarkastyczny,
sardine,sardynka,
sardonic,sardoniczny,
satchel,teczka,
satellite,sputnik,
satirical,satyryczny,
satirise,wykpiwać,
satirize,wykpiwać,
satisfactory,zadowalający,
satisfied,zadowolony,usatysfakcjonowany
satisfy,zadowalać,"spełniać|zaspokajać
 3.  przekonywać"
satisfying,zadowalający,
saturate,zarzucać,
saucepan,sosjerka,
saucer,spodek,
saudi arabia,arabia,
saunter,przechadzać,
sausage,kiełbasa,
saute,smażyć na sposób sauté,
sauté,smażyć na sposób sauté,
savage,skrytykować,
save,oprócz,
savings,oszczędnośći,"oszczędność
ii.  savings account|rachunek oszczędnościowy"
sawdust,trociny,
saxony,saksonia,
say,mów,
saying,powiedzenie,
scaffolding,rusztowanie,
scald,parzyć,oparzenie
scaly,łuskowaty,
scamp,fuszerować,partolić
scamper,odbiegać,
scandalise,gorszyć,
scandalize,gorszyć,
scandalous,skandaliczny,
scandinavia,skandynawia,
scant,nikły,wątły
scanty,nikły,skąpy
scapegoat,kozioł,
scar,pokrywać,"szrama
ii.    pokrywać bliznami"
scarce,niewystarczający,
scarcely,nieomalże,
scarecrow,wróble,
scared,wystraszony,
scarlet,płonica,
scathing,zgryźliwy,
scatter,rozpraszać,
scattered,rozrzucony,posypany
scavenge,wygrzebywać,wygrzebywać ze śmieci
scenery,sceneria,"pejzaż
 2.  dekoracja"
scenic,widowiskowy,
scent,"wywęszać
 2.  perfumować",
scented,perfumowany,
sceptical,sceptyczny,
schedule,opóźniony,
scheme,knuć,
schizophrenia,schizofrenia,
scholarly,uczony,
scholarship,nauka,
schoolboy,uczeń,
schoolchild,uczeń,
schooling,nauka,wykształcenie
schoolmistress,nauczycielka,
scientific,naukowy,
scissors,nożyczki,
scoff,wcinać,
scold,besztać,łajać
scope,możliwość,
scorch,przypalić,spalić
scorching,upalny,
score,"zdobywać
 3.  mieć przewagę",
scotch,szkocka,klejąca taśma przezroczysta|taśma przezroczysta
scotswoman,szkotka,
scoundrel,łajdak,
scour,przeszukiwać,szorować|czyścić
scourge,boży,
scout,badać,
scowl,krzywić,
scram,znikać,
scramble,gramolenie,
scrap,wyrzucać na złom,
scrape,drasnąć,otrzeć się
scratch,spełniać oczekiwania,
scrawl,"i.    bazgrać
ii.    bazgroły",
scrawny,kościsty,
scream,hałasować,"i.   1.  krzyczeć przenikliwie|krzyczeć|wrzask
 2.  przenikliwy hałas"
screen,przebadywać,
screwdriver,wkrętak,śrubokręt
screwy,dziwaczny,
scribble,gryzmolić,
scripture,pismo święte,
scroll,zwój,
scrounge,ciągnąć,wypraszać
scrounger,naciągacz,
scruffy,brudny,
scruples,skrupuł,
scrupulous,skrupulatny,dokładny
scrutinise,analizować,badać|badać dokładnie
scrutinize,analizować,badać|badać dokładnie
scrutiny,dokładne badanie,
scuff,ciągnąć,ciągnąć nogami|szurać
scullery,pomieszczenie,
sculptor,rzeźbiarz,
sculpture,rzeźba,rzeźbiarstwo
scurrilous,zniesławiający,
scurry,przebiegać,
se,południowo-wschodni,"se
  płd.-wsch."
sea,wiedzieć,
seafaring,żeglarski,
seafront,nabrzeże,
seal,odcinać,"odcinać wejście|zamykać|zamykać
 2.  zamykać hermetycznie"
seam,złoże,
seaman,żeglarz,
seamy,nieprzyjemny,
seaport,portowe,
searing,dojmujący,
seashore,wybrzeże,
season,okresowy,
seasonal,sezonowy,
seasoned,doświadczony,
seating,siedzenia,
seato,południowo-wschodniej,
seaworthy,zdatny,
secede,odłączać,
secluded,odosobniony,
seclusion,odosobnienie,
second,zastanowienie,
secondary,drugorzędny,średni
secondbest,jakości,
secondrate,jakości,
secret,służby,
secrete,wydzielać,
section,część,
sector,ugrupowanie,
secular,świecki,
sedate,spokojny,
sedentary,siedzący,
seductive,ponętny,
see,dopilnowywać,
seedling,kiełek,
seeing,zważywszy,że
seek,starać się,
seem,wydawać się,
seeming,pozorny,
seep,przeciekać,przesączać się
seethe,czegoś,
segregate,oddzielać,
seismic,sejsmiczny,
seize,"łapać
 2.  przejmować",
seizure,zawładnięcie,
seldom,rzadko,
select,wybierać,elitarny
selective,selekcyjny,"wybiórczy
 2.  krytyczny"
selfassured,pewny,
selfcentered,egoistyczny,
selfcentred,egoistyczny,
selfconfident,pewny,
selfconscious,niepewny,nieśmiały
selfcontained,oddzielny,
selfcontrol,opanowanie,
selfdefence,własna,
selfdefense,własna,
selfemployed,własnym,
selfgovernment,samorząd,
selfindulgent,folgujący,
selfinterest,własny interes,własny korzyść
selfish,samolubny,
selfless,bezinteresowny,
selfmade,zawdzięczający wszystko samemu sobie,
selfreliant,liczący,niezależny
selfrespect,poczucie własnej wartości,
selfsacrifice,poświęcenie,samopoświęcenie się
selfservice,samoobsługowy,samoobsługa
selfsufficient,samowystarczalny,
sell,się z czegoś),
selling price,sprzedażna,
sellotape,klejąca,taśma przezroczysta
semblance,podobieństwo,wrażenie
semen,nasienie,
semicircle,półkole,półokrąg
semicolon,średnik,
semifinal,półfinał,
semiprecious,półszlachetny,
send,wysyłać,
sendoff,pożegnanie,
senior,człowiek,
seniority,starszeństwo,
sensation,odczucie,
sensibility,wrażliwość,
sensible,rozsądny,
sensual,zmysłowy,
sensuous,oddziałujący,
sentiment,odczucie,
sentimental,sentymentalny,uczuciowy
sentry,wartownik,
separate,oddzielać,rozdzielać
sept,wrzesień,
september,wrzesień,
septic,zainfekowany,
sequel,ciąg,
serene,pogodny,
serf,poddany,
series,seria,
serious,poważny,
seriously,poważnie,
sermon,kazanie,
serpent,wąż,
serrated,ząbkowany,
server,usługodawca,
service,benzynowa,
serviceable,praktyczny,
serviceman,żołnierz,
serviette,serwetka,
servile,służalczy,
set,porównywać,"różnić|zakładać
 2.  wystawiać|załatwiać"
setback,niepowodzenie,
settlement,"wyrównanie
 2.  załatwienie sprawy",załatwienie
seventeen,siedemnaście,
seventh,siódmy,
seventieth,siedemdziesiąty,
seventy,siedemdziesiąt,
sever,odcinać,rozcinać
severance,odłączenie,
severe,poważny,
sewage,ścieki,kanalizacyjny
sewer,kanał,ściek
sewing,szycia,
sexless,bezpłciowy,
sexual,seksualny,płciowy
sexuality,płciowość,seksualność
sexy,seksowny,
sgd,podpisany,
shabby,"zaniedbany
 2.  zgniły",
shack,budka,
shackle,krępować,kajdany|pęta
shade,ocieniać,przechodzić
shadowy,zacieniony,
shaggy,zmierzwiony,
shake,reorganizować,trząść
shakeup,czystka,
shaky,roztrzęsiony,chwiejny
sham,udawany,
shamble,bałagan,
shamefaced,zawstydzony,
shameful,haniebny,zawstydzający
shameless,bezwstydny,
shandy,oranżadą,
shanty,dzielnica slumsów,i.    chałupa
shape,kształt,przybierać kształt
shaped,ukształtowany,
shapeless,bezkształtny,
shapely,kształtny,
share,dzielić,podzielić
shareholder,udziałowiec,
shareware,tanie,
sharpen,wyostrzać,zaostrzać
sharpener,temperówka,
shatter,roztrzaskiwać,
shave,golenie,"golenie się|golić
ii.    ogolenie się|i.    golić się"
shaven,ogolony,
shaver,maszynka,
shaving,strużyny,
sheathe,wkładać,
sheen,połysk,
sheepish,ogłupiały,zbaraniały
sheepskin,kożuch,skóra barania
sheer,przeświecający,
sheikh,sheik,
shelf,półka,
shelter,chronić,"osłaniać|osłona
 2.  schron"
sheltered,osłonięty,spokojny
shelve,odkładać,"odkładać
 2.  stopniowo opadać"
shepherd,prowadzić,doprowadzać
shift,zmieniać,
shifty,przebiegły,
shimmer,migotać,
shin,goleń,
shine,połysk,
shingle,żwir,
shiny,błyszczący,
shipwreck,ˈʃɪprek,
shipyard,stocznia,
shirk,wykręcać,
shirty,wściekły,
shocking,szokujący,wstrząsający
shoehorn,łyżka,
shoelace,sznurowadło,
shoo,odganiać,
shooting,spadająca,
shoplift,kraść,kraść ze sklepu
shoplifter,złodziej,
shoplifting,kradzież,
shopper,kupujący,
shopsoiled,obniżonej,
shore,utwierdzać,
shorn,obcięty,
shortbread,herbatnik,
shortcircuit,spięcie,
shorten,skracać,skracać się
shortfall,niedostatek,
shorthand,stenografia,
shortlived,krótkotrwały,
shortly,wkrótce,"niebawem
 2.  krótko"
shortsighted,krótkowzroczny,
shortterm,krótkoterminowy,
shotgun,śrutówka,
should,chciałbym,
shoulder,łopatka,
shove,popychać,pchnięcie|zabieraj się!''
shovel,zgarniać,"wpychać|łopata
ii.   1.  odgarniać"
show,kompromitować,"odcinać się
 3.  zawstydzać"
showdown,rozgrywka,
shower,zasypywać,
showery,ulewny,
showoff,popisujący,
showroom,wystawowy,
showy,ostentacyjny,
shred,ciąć,strzęp|ciąć na kawałeczki
shrewd,domyślny,
shriek,wrzeszczeć,"zanosić się 
ii.    wrzask"
shrimp,krewetka,
shrine,święte,
shrinkage,kurczenie,
shrivel,kurczyć,wysychać
shroud,spowijać,
shrunken,skurczony,
shudder,wzdrygać,drżenie|wzdrygnięcie się
shuffle,powłóczyć,"powłóczyć
 2.  kręcić się"
shun,unikać,
shunt,przesuwać,
shut,zamykać,milczeć!''
shutdown,zamknięcie,
shutter,żaluzja,
sickbed,łoże,łóżko chorego
sicken,czuć,
sickly,odstręczający,
sidelong,boczny,"ukośny
 2.  z boku"
sidestep,omijać,
sidetrack,sprowadzać,zbaczać
sidewalk,chodnik,
sideways,boczny,
sidle,zmierzać,zmierzać niepewnie
siege,oblężenie,
sieve,przesiewać,przecedzać
sift,przesiewać,
sigh,wzdychać,westchnięcie
sightseeing,zwiedzanie,
sign,zatrudniać,zatrudniać się
significant,znaczący,
signify,oznaczać,
silencer,tłumik,
silesia,śląsk,
silhouette,sylwetka,
silk,jedwabny,
silly,głupi,głupiutki
silt,ił,muł
silverplated,posrebrzany,
silverware,stołowe,
similar,podobny,
similarity,podobieństwo,
simile,porównanie,
simmer,gotować,
simple,zwyczajny,niedorozwinięty
simpleminded,prostoduszny,
simplification,uproszczenie,
simplify,upraszczać,
simulate,symulować,imitować
simultaneous,jednoczesny,
sin,grzeszyć,
sincerity,szczerość,
sinew,ścięgno,
singe,przypalać,"przypalać
ii.    przypalenizna"
singer,śpiewak,
singing,śpiewanie,"śpiew
ii.    śpiewny"
singlehanded,w pojedynkę,
singlet,podkoszulek,
singly,w pojedynkę,
singular,niezwykły,
sinister,złowieszczy,
sinner,grzesznik,
sinuous,kręty,
sinus,zatoka,
sip,pociągać,łyczek
siphon,przetaczać,wyciągać
sir,państwo,
sisterinlaw,bratowa,
sit,kłaść,
site,lokować,
sittingroom,pokój,
situated,umieszczony,
six,sześć,
sixteen,szesnaście,
sixth,szósty,
sixtieth,sześćdziesiąty,
sixty,sześćdziesiąt,
sizzle,skwierczeć,
skate,jeździć,prześlizgiwać
skater,łyżwiarz,
skating,lodowisko,
sketchy,szkicowy,
ski,wyciąg,wyciąg narciarski
skill,umiejętność,"biegłość
 2.  wprawa"
skilled,wykwalifikowany,
skimp,skąpić,
skimpy,wystarczający,skąpy
skin,osłonka,
skindeep,powierzchowny,
skint,goły,spłukany
skintight,dopasowany,obcisły
skip,podskakiwać,"opuszczać
ii.    podskakiwanie"
skipping rope,skakanka,
skirt,spódnica,obchodzić
skit,parodia,
skulk,kryć,ukrywać się
skyblue,szafirowy,
skylight,świetlik,
slack,luźna,
slacken,lżeć,
slag,hałda,
slander,"potwarz
ii.    spotwarzać",rzucać oszczerstwa
slang,żargonowy,
slant,widzenia,"tendencyjność
 2.  on a|the slant 
 - ukośnie"
slash,kreska,"rozciąć
 2.  walić się"
slat,listwa żaluzji,
slate,łupek,
slaughterhouse,rzeźnia,
slav,słowianin,
slave,tyrać,
slavery,mordęga,
slavic,słowiański,
slavonic,słowiański,
slay,mordować,
sleazy,brudny,
sledge,sanie,
sledgehammer,młot,
sleeper,spać,
sleeping,pigułka,"śpiwór
iii.  sleeping pill"
sleepless,bezsenny,
sleet,śnieg,
sleeveless,rękawów,
sleigh,sanie,
sleight of hand,żonglerka,
slender,szczupły,
slice,kromka,
slick,gładki,"gładki
 2.  zręczny"
slide,"suwać
 2.  wsuwać się",suwać się|ślizgać
slime,śluz,
slipped disc,wypadnięcie dysku,
slipper,kapeć,
slippery,śliski,
slipshod,niedbały,
slipway,pochylnia,
slit,nacięcie,
slither,ześlizgiwać,
sliver,"drzazga
 2.  kawałek",
slop,rozchlapywać,rozchlapywać się|rozlewać
slot,wchodzić na swoje miejsce,
slovak,słowacki,słowak
slovakia,słowacja,
slovenia,słowenia,
slovenian,słoweński,słoweniec
slovenly,niechlujny,
sluggish,ociężały,
sluice,śluza,
slump,opadać,"spadać
 2.  opadać ciężko"
slurp,siorbać,
slush,ckliwość,i.    rozmokły śnieg
sly,znaczący,
smallish,przymały,
smart,boleć,"od czegoś)
 2.  cierpieć"
smarten up,upiększać,upiększać się
smash,przebój,
smashing,fajny,
smelly,śmierdzący,
smithy,kuźnia,
smoked,wędzony,
smokeless,bezdymny,
smokescreen,zasłona,
smoky,zadymiony,przydymiony
smolder,tlić się,
smother,dusić,"przytłaczać|przygniatać|tłumić
 2.  zadusić"
smoulder,tlić się,
smudge,rozmazywać,zasmarowywać
smuggle,przemycać,szmuglować
smuggler,przemytnik,
smutty,zabrudzony,
snafu,ogólny burdel,
snag,trudność,rozdzierać
snail,ślimak,
snake,wąż,
snap,zgarniać,
snapshot,zdjęcie,
snarl,warczeć,warczenie
sneak,przekradać,wykradać
sneaker,tenisówka,
sneaky,ukradkowy,
sneeze,kichać,kichnięcie
snigger,chichotać,
snivel,biadolić,zawodzić
snobbery,snobizm,
snobbish,snobistyczny,
snooty,zadzierający,
snore,chrapać,chrapanie
snorkel,oddechowa,
snort,parskać,"prychać
ii.    parsknięcie|prychnięcie"
snowball,śnieżka,
snowbound,zasypany,
snowdrift,zaspa śnieżna,
snowdrop,przebiśnieg,śnieżyczka
snowed under,przysypany,
snowflake,płatek,
snowman,bałwan,bałwan śniegowy
snowplough,pług,
snowplow,pług,
snowy,zaśnieżony,
snp,szkocka,
snuggle,przytulać,
soak,moczyć,"namakać
 2.  przemakać"
soap,telewizyjny,
soapy,namydlony,
sob,szlochanie,"szlochać
ii.    łkanie"
sobering,otrzeźwiający,
soccer,piłka,piłka nożna europejska
social,społeczna,ubezpieczenia społeczne
socialise,spotykać się towarzysko,
socialism,socjalizm,
socialist,socjalistyczny,
socialize,spotykać się towarzysko,
society,społeczeństwo,
sociology,socjologia,
sock,skarpetka,
socket,gniazdko,"panewka|łożysko
 3.  oczodół"
sod,darń,
soda,sodowa,
sodden,przemoczony,
soften,łagodnieć,
software,oprogramowanie,
soggy,namoknięty,przemokły
soil,brudzić,"ziemia
ii.    uwalać"
solar,słoneczny,
soldier,żołnierz,
solely,całkowicie,
solemn,poważny,
solicit,nagabywać,zaczepiać
solidarity,solidarność,
solidify,zastygać,
solitary,samotny,
solitude,samotność,
soluble,rozpuszczalny,
solve,rozwiązywać,
solvent,wypłacalny,rozpuszczalnik
some,jakiś,
somebody,ktoś,
someday,któregoś,
somehow,jakoś,w jakiś sposób
someone,ktoś,
someplace,gdzieś,
somersault,koziołek,przewrót
sometime,kiedyś,
somewhat,dość,
somewhere,gdzieś,
song,pieśń,
soninlaw,zięć,
sonny,synuś,
soon,wkrótce,wolałby zrobić a
soothe,uspokajać,łagodzić|koić
soporific,nasenny,
sordid,brudny,
sore,drażliwy,
sort,załatwiać,
souldestroying,śmiertelnie nudny,
soulful,uduchowiony,
soulless,bezduszny,
sound,badać,
soundproof,dźwiękoszczelny,
soundtrack,ścieżka,
sour,oziębiać,"turn sour 
 - kwaśnieć"
source,źródło,
southbound,południe,
southeastern,południowo-wschodni,
southerly,południowy,
southern,południowy,
southwestern,południowo-zachodni,
souvenir,pamiątka,
sovereign,najwyższa,
soviet,związek,
space,kosmiczny,
spacecraft,okręt,
spaceship,statek,
spacious,rozległy,
spain,hiszpania,
spanish,hiszpański,
sparing,oszczędny,
spark,iskierka,wszczynać|świeca|świeca iskrowa
sparrow,wróbel,
sparse,nieliczny,
spartan,spartański,
spasmodic,spazmatyczny,
spastic,kurczowy,
spate,napływ,przypływ
spatial,przestrzenny,
spatter,opryskiwać,rozpryskiwać
spawn,produkować,
speak,mów,mówić
spear,"włócznia
ii.    przeszywać",
special,specjalny,wyrób specjalny
specialise,specjalizować się,
specialist,specjalistyczny,
speciality,specjalność,
specialize,specjalizować się,
specialty,specjalność,
species,gatunek,
specific,specjalny,szczegółowy
specifically,szczególnie,
specify,wyszczególniać,precyzować
speck,plamka,"ślad
 2.  szczypta"
spectacular,widowiskowy,
speculative,spekulatywny,"niepewny|kalkulujący
 3.  spekulacyjny"
speechless,oniemiały,
speedboat,ślizgacz,
speedometer,prędkościomierz,
speedway,wyścigowy,
speedy,prędki,
spellbound,oczarowany,
spelling,ortografia,
spent,zużyty,
sperm,nasienie,plemnik
spew,wypluwać,wyrzucać|wyrzucać z siebie
spickandspan,prosto spod igły,
spicy,przyprawiony,
spider,pająk,
spill,rozlewać,"rozlewać
 2.  wylewać się"
spin,kręcić,obracać|kręcić się
spinal,kręgosłup,rdzeń kręgowy
spindry,odwirowywać,
spinoff,uboczny,
spiral,opadać,
spirited,energiczny,żywy
spiteful,złośliwy,
splash,rozchlapywać,ochlapywać
spleen,śledziona,
splendid,wspaniały,
splendor,wspaniałość,znakomitość
splendour,wspaniałość,znakomitość
splice,splatać,
split,rozdzielać,
spokeswoman,przedstawicielka,
spongebag,kosmetyczka,
spongy,gąbczasty,
sponsor,sponsorować,"patronować
 2.  podtrzymywać|zgłaszać
ii.    sponsor"
spontaneous,spontaniczny,samoistny
spooky,makabryczny,przerażający
spool,rolka,
spoon,nakładać,"łyżeczka
ii.    nakładać łyżką"
spoonful,łyżeczka,łyżka
sporadic,sporadyczny,
sporting,sportowy,
sports car,samochód,
spotless,nieskazitelny,
spotted,kropkowany,
spouse,małżonek,małżonka
spout,"sprzedawać
ii.    dzióbek","tryskać
 2.  karmić|wyrzucać"
sprain,wykręcać,"wykręcenie|zwichnąć
ii.    zwichnięcie"
spray,rozpryskiwać,sypać się
spread,rozpościerać,rozciągać|rozciągać się
spreadsheet,elektroniczny,
sprig,gałązka,
sprightly,żwawy,żywy
spring,zaskakiwać,pojawiać się
springboard,odskocznia,
springclean,porządkować,
springtime,wiosny,
springy,elastyczny,sprężysty
sprinkle,posypywać,polewać
sprout,pęd,"wyłaniać się
ii.    kiełek"
spruce,świerk,
spry,żywotny,
spurious,fałszywy,
spurn,odtrącać,
squad,policyjny,wóz patrolowy
squalid,brudny,
squall,nawałnica,szkwał
squalor,nędza,
squander,roztrwaniać,trwonić
squarely,bezpośrednio,
squash,rozgniatać,
squeak,piszczeć,"skrzypieć
ii.    pisk"
squeaky,piszczący,skrzypiący
squeamish,nerwowy,wrażliwy
squeeze,uścisk,"wciskać|wtłaczać
ii.    uściśnięcie|wtłaczać się"
squid,kałamarnica,mątwa
squiggle,zakrętas,
squirm,wiercić,
squirrel,wiewiórka,
squirt,strumień,
st,święty,
stabilise,stabilizować,stabilizować się
stability,stabilność,
stabilize,stabilizować,stabilizować się
stable,stabilny,stajnia
stag,wieczór,
stage,scenę,
stagecoach,dyliżans,
stagemanage,reżyserować,
stagger,oszałamiać,planować|układać
stagnate,wchodzić w zastój,
staid,stateczny,
stain,witraż,
stainless,nierdzewny,
stalwart,dzielny,wierny
stamina,wytrwałość,wytrzymałość
stammer,jąkać,"wyjąkać
ii.    jąkanie się"
stammerer,jąkała,
stamp,pieczętować,określać
stampede,panika,
stand,przechodzić,"znosić|stawiać czoła 
 4.  popierać"
standalone,autonomiczny,niezależny
standard,życia,stopa życiowa
standardise,standaryzować,
standardize,standaryzować,
standby,rezerwowy,i.   1.  niezawodny środek|środek
standing,miejsca stojące,
standoffish,oficjalny,
standpoint,widzenia,
staple,podstawowy,
stare,spoglądać,spojrzenie
starry,rozgwieżdżony,
starryeyed,idealistyczny,
start,"zaczynać
 2.  rozpoczynać pracę","zaczynać
 2.  zapuszczać"
starter,przystawka,rozrusznik
startle,zaskakiwać,
starvation,głód,
starve,głodować,"głodzić|zagłodzić
 3.  pozbawiać"
state,stany,
stated,określony,
stately,majestatyczny,
statement,wyciąg,
statesman,mąż,
static,zakłócenia,
stationary,nieruchomy,
stationer,materiałów,
stationery,materiały,
statistics,statystyka,
statue,posąg,
statuesque,posągowy,
statuette,figurka,
statutory,ustawowy,
stave off,odkładać,zapobiegać
stay,kłaść,zatrzymywać się
std,międzymiastowe,
steadfast,niezachwiany,niezłomny
steady,wyrównywać,uspokajać
stealth,skradanie,
stealthy,potajemny,
steam,wjeżdżać,wjeżdżać pod napędem parowym|wpływać pod napędem parowym
steamroller,drogowy,
steamy,zaparowany,
steelworks,stalownia,
steely,stalowy,
steep,stromy,
steeped,osadzony,
steeple,wieża,
stellar,gwiezdny,
stem,wynikać,
stench,odór,smród
stencil,"matryca
ii.    matrycować",
stepladder,składana,
stereo,sprzęt,
sterile,sterylny,bezpłodny
sterilise,sterylizować,
sterilize,sterylizować,
steward,zarządca,
stick,bronić,
sticker,naklejka,
stiff,śmierć,
stifle,gnieść,
stigma,piętno,
stile,przejście,przełaz
still,nieruchomy,
stillborn,urodzony,
stilted,wysilony,
stimulate,stymulować,pobudzać
sting,pieczenie,użądlić|zaboleć
stingy,skąpy,
stink,cuchnąć,smród|i.    śmierdzieć
stinking,cholerny,
stipulate,wymagać,żądać
stir,poruszać,ruszać
stirring,wzburzający,
stirrup,strzemię,
stocking,pończocha,
stocky,krępy,
stoke,podrzucać,podsycać
stolid,flegmatyczny,
stomach,żołądek,
stomachache,ból,
stomp,stąpać,
stonecold,zimny,
stonedeaf,głuchy,
stony,kamienny,
stool,stołek,
stoop,garbienie,
stopgap,tymczasowe rozwiązanie,
stoppage,przerwanie,
stopper,korek,
storage,magazynowanie,
store,przechowywać,
storeroom,skład,
storey,piętro,
storm,"wzburzać się
 3.  szturmować",
story,piętro,
stout,pulchny,"tęgi
 2.  solidny"
stove,kuchenka,
stow,odkładać,stow away  chować
stowaway,pasażer,
straddle,stawać,"siadać okrakiem
 2.  przekraczać"
straighten,wyprostowywać,
straightforward,bezpośredni,
straitlaced,pruderyjny,
strand,być,
strangled,zduszony,
strategic,strategiczny,
strategy,strategia,
strawberry,truskawka,
stray,błąkać,zabłąkany|i.    błądzić
stream,dzielić,
streamline,robić,
street,szary człowiek,
strengthen,wzmacniać,"umacniać
 2.  dawać siłę|umacniać się"
strenuous,wyczerpujący,
strew,zarzucać,pokrywać
stricken,dotknięty,rażony
stride,kroczyć,iść długimi krokami
string,linka,"łańcuch
ii.   1.  nawlekać"
stringy,włóknisty,żylasty
strip,demontować,"pozbawiać 
iii.  strip club|rozbierać
 2.  zabierać"
stripe,pasek,prążek
strive,usiłować,walczyć
stroke,głaskać,
stroll,przechadzka,
structural,strukturalny,
structure,kształtować,
strum,brzdąkać,
strut,kroczyć,
stubble,ściernisko,
stuck,utknąć,
stuckup,zarozumiały,
studded,nabijany,
studied,wystudiowany,
studio,pracownia,
studious,pilny,
study,pracownia,"uczenie się
 2.  studium"
stuffy,duszny,
stump,odłamek,
stun,ogłuszać,oszołamiać
stupefy,oszałamiać,
stupendous,zdumiewający,
stupidity,głupota,głupstwo
stupor,odurzenie,otępienie
sturdy,silny,wytrzymały
stutterer,jąkała,
style,projektować,
stylise,stylizować,
stylish,modny,
stylize,stylizować,
suave,gładki,
subconscious,podświadomy,podświadomość
subcontract,podnajmować,"subcontract
i.    zlecać"
subdivide,dzielić,
subdue,przyprowadzić,"poskromić
 2.  opanować"
subjective,subiektywny,
subjunctive,tryb łączący,
sublet,podnajmować,
submarine,okręt,
submerge,zanurzać,"zanurzać
 2.  zatapiać"
submissive,uległy,
submit,ulegać,przedkładać
subnormal,opóźniony,opóźniony w rozwoju
subscribe,subskrybować,wspomagać|wykładać
subsequent,następujący,późniejszy
subsidence,osiadanie,
subsidiary,dodatkowy,
subsidise,dotować,subsydiować
subsidize,dotować,subsydiować
subsist,przetrwać,
substance,realność,prawdziwa wartość
substandard,niedopuszczalny,poniżej normy
substantial,znaczny,"poważny
 2.  istotny|ważny"
substantiate,udowadniać,uzasadniać
substitute,namiastka,zastępstwo
subterfuge,podstęp,
subterranean,podziemny,
subtle,subtelny,
subtlety,subtelność,
subtract,odejmować,
subtraction,odejmowanie,
suburban,prowincjonalny,
subversive,wywrotowy,
success,powodzenie,
successful,odnosić,
successive,kolejny,następujący
successor,następca,
succinct,zwięzły,
succumb,ulegać,
suck,"zasysać
 3.  wciągać",
suction,przyssanie,
sudanese,sudański,sudańczyk
sudden,znienacka,
suds,mydliny,
sue,dochodzić,skarżyć do sądu
suet,tłuszcz,łój
sufferer,cierpiący,
suffering,cierpienie,
suffice,wystarczać,
sufficient,czegoś,
suffix,przyrostek,
suffocate,dusić,dusić się
sugar,"słodzić
iv.  sugar bowl",
suggest,sugerować,proponować
suggestion,"sugestia
 2.  napomknięcie",ślad
suicidal,samobójczy,
suicide,samobójstwo,
suitcase,walizka,
suited,dopasowany,odpowiadający sobie
sulfur,siarka,
sulky,nadąsany,zasępiony
sullen,posępny,
sulphur,siarka,
sultan,sułtan,
sultana,rodzynka,
sultry,duszny,gorący|namiętny
sum,krótko,
summarise,streszczać,
summarize,streszczać,
summary,streszczenie,doraźny
summingup,podsumowanie,
sumptuous,wystawny,świadczący o przepychu
sun,opalania,
sunbathe,leżeć,opalać się
sunblock,przeciwsłoneczny,
sunburn,oparzenie,
sunburnt,opalony,"opalony
 2.  oparzony słońcem"
sundae,lodowy,
sundial,słoneczny,
sundown,zachód,zachód słońca
sunflower,słonecznik,
sunglasses,słoneczne,
sunlamp,kwarcowa,
sunlight,słońce,światło słońca
sunny,słoneczny,
sunrise,wschód,wschód słońca
sunset,zachód,zachód słońca
sunshade,parasolka,
sunshine,słońce,światło słońca
sunstroke,porażenie,
superb,rewelacyjny,
supercilious,wyniosły,
superficial,powierzchowny,
superfluous,nadmierny,
superimpose,nakładać,
superintend,nadzorować,
superior,doświadczeniem,"wyniosły
ii.    przełożony|wyższy"
supersede,zastępować,
supersonic,naddźwiękowy,
superstition,przesąd,
superstitious,przesądny,
supervise,nadzorować,opiekować się
supervision,nadzór,
supplant,zastępować,
supple,giętki,"zwinny
 2.  miękki"
supplementary,dodatkowy,uzupełniający
support,podpierać,podtrzymywać
supporter,poplecznik,
suppose,myślę,"supposing 
 - przypuśćmy|że"
supposed,domniemany,
supposition,domniemanie,
suppress,zdławiać,"zatajać|zduszać
 2.  powstrzymywać"
supreme,najwyższy,"główny
 2.  najznakomitszy"
surface,zwykła,poczta zwykła nielotnicza
surfboard,deska,
surgical,chirurgiczny,
surly,grubiański,
surmise,domyślać,
surmount,pokonać,
surname,nazwisko,
surpass,przewyższać,
surplus,nadwyżka,"nadmiar
ii.    tworzący nadwyżkę"
surprise,niespodzianka,"zaskakujący
iii.    zaskakiwać"
surprising,zaskakujący,
surrender,poddanie,"zrzeczenie|poddawać|poddawać 
 2.  oddawać|poddawać się"
surreptitious,potajemny,
surrogate,zastępca,
surround,otaczać,
surveillance,nadzór,nadzór policyjny
survival,przetrwanie,
survive,przeżywać,przetrwać
survivor,ocalały,pozostały przy życiu
susceptible,podatny,
suspend,zawieszać,
suspense,napięcie,
suspension,wiszący,
suspicious,podejrzany,
sustained,ciągły,
sustenance,pożywienie,
swab,kłębek,
swallow,przełykać,
swamp,"mokradło
ii.    zalewać",
swampy,podmokły,
swan,łabędź,
swapping,przemieszczenie,przemieszczenie zadań
swarm,mrowić,
swarthy,smagły,śniady
swat,pacnąć,uderzyć
swear,przysięgać,przeklinać|kląć
swearword,przekleństwo,
sweeping,uogólniający,rozległy|zbyt uogólniający
sweeten,przekupić,
sweetheart,kochanie,ukochany
sweltering,upalny,
swerve,skręcenie,
swig,chlapnąć,"strzelić sobie
ii.    chlapnięcie|łyk"
swimmer,pływak,
swimming,kąpielówki,"pływalnia|pływalnia
iii.  swimming pool"
swimsuit,kąpielowy,
swindle,oszukiwać,
swine,świnia,
swing,bujać,huśtać
swipe,zamachnięcie,"zwędzać
ii.    zamachnięcie się"
swirl,wirować,"kręcenie się|kręcić
ii.    wirowanie|kręcić się"
swish,chlastać,"śmigać
ii.    śmiganie|śmignięcie"
switchback,kolejka,
switzerland,szwajcaria,
swivel,obracać,
swollen,opuchnięty,
swoon,omdlewać,
swoop,spadanie,
sworn,straszny,zaprzysięgły
swot,"uczyć się
ii.    kujon",
symbolise,symbolizować,
symbolism,symbolizm,
symbolize,symbolizować,
symmetrical,symetryczny,
symmetry,symetria,
symphonic,symfoniczny,
symptomatic,symptomatyczny,
synchronise,synchronizować,
synchronize,synchronizować,
synonymous,synonimiczny,
synopsis,streszczenie,
syntactic,syntaktyczny,
syntax,składnia,
synthesise,syntetyzować,
synthesize,syntetyzować,
synthetic,syntetyczny,sztuczny
syphon,przetaczać,wyciągać
syringe,strzykawka,
system,układ,
systematic,systematyczny,
systematise,systematyzować,
systematize,systematyzować,
ta,dziękuję,
tab,etykietka,
tabby,pręgowany,"kotka|pręgowany
ii.   1.  buras"
tablespoon,duża,
tablespoonful,duża,
tablet,tabletka,
tabloid,bulwarowa,
taboo,niedozwolony,
tabulate,układać,
tacit,milczący,
taciturn,małomówny,
tack,gwóźdź,i.   1.  gwóźdź tapicerski
tacky,paskudny,
tactful,taktowny,
tactical,taktyczny,
tactics,taktyka,
tadpole,kijanka,
tailor,dostosowywać,"i.    krawiec męski|krawiec
ii.    przysposabiać"
taiwanese,tajwański,tajwańczyk
takeover,przejęcie,przewrót
takings,wpływy,
tale,opowiadanie,opowieść
talented,utalentowany,
talk,dyskutować,
talker,gaduła,
tally,"rachunek
ii.    zgadzać się",
tamper,majstrować,manipulować
tangerine,mandarynka,
tangible,konkretny,
tangle,zaplątać,
tantalise,zwodzić,
tantalize,zwodzić,
tantamount,równoznaczny,
tantrum,histeria,
tanzanian,tanzański,
tape,"przytwierdzać
iii.  tape measure",szpula z taśmą
taper,świeca,
tar,dziegieć,smołować
tardy,powolny,
tariff,cło,
tarmac,powierzchnia smołowa,
tarnish,matować,"matowieć
 2.  brukać"
tarpaulin,płótno,
tarry,pozostawać,
tart,kwaśny,
tartar,kamień,kamień nazębny
task,zajęcie,
tasteful,gustowny,
tata,cześć,
tattered,obstrzępiony,
tatty,brudny,
taunt,"drwić
ii.    szyderstwo",i.    drażnić
taut,naprężony,
tawdry,tandetny,
tawny,brunatny,
tax,podatkowa,
taxable,podlegający,
taxation,opodatkowanie,
taxi,taksówkarz,
taxpayer,podatnik,
tb,gruźlica,
tea,ekspresowa,
teacup,filiżanka,
teak,tekowe,
teamwork,zespołowa,
teapot,czajniczek,
tearful,płaczliwy,łzawy
tease,drażnić,
teaspoon,łyżeczka,łyżeczka do herbaty
teaspoonful,łyżeczka,łyżeczka do herbaty
teatime,picia,
teatowel,ścierka,ścierka do naczyń
technically,"ściśle biorąc
 2.  technicznie",
technician,technik,
technique,technika,
technological,technologiczny,
technology,technika,
teddy,miś,
tedious,nudny,żmudny
teenager,nastolatek,
teeshirt,koszulka,
teeter,czymś,
teethe,ząbkować,
teetotal,nie pijący alkoholu,
telecommunications,telekomunikacyjny,
telegraphic,telegraficzny,
telepathic,telepatyczny,
telepathy,telepatia,
telescopic,teleskopowy,
televise,nadawać,nadawać przez telewizję
telex,nadawać dalekopisem,"teleks
ii.    nadawać teleksem"
tell,mówić,
telling,skuteczny,wymowny|wiele mówiący
temerity,czelność,zuchwałość
temper,złość,
temperate,umiarkowany,
temporal,czasowy,doczesny
temporary,czasowy,
tempt,coś,
tenable,utrzymania,mogący być obroniony
tenacious,nieustępliwy,
tenancy,dzierżawa,
tenant,"najemca
 2.  dzierżawca",
tendency,skłonność,
tender,przetargowa,przedstawiać
tendon,ścięgno,
tenement,czynszowy,
tenor,wymowa,tenorowy
tense,napięty,"naprężony
ii.    napinać się"
tension,napięcie,naprężenie
tentacle,czułek,
tentative,próbny,
tenth,dziesiąty,
tenuous,słaby,
term,krótszą,
terminate,jechać,
terminology,terminologia,
terminus,duża,stacja końcowa
terrace,stojące,szereg domów
terrible,okropny,
terrify,przerażać,
territorial,terytorialny,
terror,przerażenie,
terrorise,terroryzować,
terroristic,terrorystyczny,
terrorize,terroryzować,
terrorstricken,przerażony,
terse,krótki,oschły
test,badanie,i.    sprawdzać|próbówka|sprawdzać
testicle,jądro,
tetanus,tężec,
textbook,podręcznik,
textiles,przemysł,
th,czwartek,
than,niż,
thank,dzięki,
thankful,szczęśliwy,uszczęśliwiony
thankless,niewdzięczny,
thanksgiving,święto,
that,aż,
thatched,strzechą,
thaw,odtajać,rozmrażać
theatrical,teatralny,
theft,kradzież,
theology,teologia,
theorem,twierdzenie,
theoretical,teoretyczny,
theorise,teoretyzować,
theorize,teoretyzować,
theory,teoria,
therapeutic,terapeutyczny,
therapeutical,terapeutyczny,
therapy,terapia,
thereafter,później,
thermal,termiczny,ocieplany
thicken,gęstnieć,zagęszczać
thicket,gęstwina,
thickness,grubość,
thickset,krępy,
thickskinned,gruboskórny,
thief,złodziej,
thimble,naparstek,
thin,rozwadniać,
think,wymyślać,
thinker,myśliciel,
thirdly,trzecie,
thirdrate,trzeciorzędny,
thirst,pragnienie,
thirsty,spragniony,
thirteen,trzynaście,
thirty,trzydzieści,
this,mówi,
thong,pasek,rzemień
thorough,drobiazgowy,dokładny
thoroughfare,arteria,
thought,zamyślenie,pogląd
thoughtful,zamyślony,rozważny
thoughtless,bezmyślny,
thousand,tysiąc,
thousandth,tysięczny,
threadbare,wyświechtany,
threedimensional,trójwymiarowy,
thresh,młócić,
threshold,próg,
thrift,oszczędność,
thrifty,oszczędny,
thrill,ekscytować,
thrive,prosperować,rozkwitać
throb,"pulsować
ii.    dudnienie",
throng,tłoczyć,
throughout,cały,"przez
ii.    całkowicie"
throw,zarzucać,"zwracać
 2.  wzbijać"
thu,czwartek,
thug,łotr,
thumb,zatrzymywać,
thumbtack,pinezka,
thump,uderzać,"uderzenie|łomot
 2.  grzmotnięcie"
thunderbolt,uderzenie,
thunderous,grzmiący,
thursday,czwartek,
thus,w taki sposób,
thwart,stać,unicestwić
tic,tik,
tickle,łaskotać,łechtać
ticklish,delikatny,"drażliwy
 2.  mający łaskotki"
tidal,pływowy,
tidbit,kąsek,
tide,pływ,przypływ
tier,rząd,
tiff,sprzeczka,
tighten,zaciskać,"zaciskać
 2.  naprężać się|zaostrzać"
tightfisted,skąpy,
tilt,przechylać,"przechylać
ii.    przechylenie"
timeless,ponadczasowy,
timely,aktualny,w porę
timer,minutnik,
timid,nieśmiały,
timing,poczucie,
timpani,kotły,
tin,konserwować,
tinfoil,folia,
tingle,kłuć,szczypać
tinkle,brzęczeć,brzęczenie
tinned,konserwowy,
tinsel,bożonarodzeniowa,
tinted,kolorowy,farbowany
tipple,trunek,
tipsy,ululany,
tire,męczyć,
tired,zmęczony,wyczerpany
tireless,niestrudzony,
tiresome,męczący,
tiring,nużący,
tissue,bibułka,
titbit,kąsek,
titillate,podniecać,łechtać
titivate,wysztafirować,
title,tytuł,
titled,utytułowany,
titleholder,zdobywca tytułu,
titter,chichotać,
tittletattle,plotka,
titular,tytularny,
toadstool,trujący,
tobacco,tytoń,
toddler,małe,pędrak
toenail,paznokieć,paznokieć palca nogi
toilet,miska,
toiletries,toaletowe,
tolerable,wytrzymania,znośny
tolerance,wyrozumiałość,
tolerant,tolerancyjny,
tolerate,tolerować,znosić
tomboy,chłopczyca,
tombstone,płyta,
tonedeaf,słuchu,
tonguetwister,wyrażenie trudne do wymówienia,
tonnage,tonaż,
tonsil,migdałek,
tonsillitis,zapalenie,
too,aż,"także
 2.  zbyt"
toot,trąbić,zatrąbienie
tooth,ząb,
toothache,ból,
toothbrush,szczoteczka,
toothpaste,zębów,
toothpick,wykałaczka,
topheavy,przeciążony,
topical,aktualny,
toplevel,najwyższym,
topmost,najwyższy,
topsecret,ściśle tajny,
topup,dolewka,
torment,dręczyć,"torment
i.    męka|udręka
ii.    męczyć"
tormentor,dręczyciel,
torpedo,torpedować,
tortoise,żółw,
torture,torturować,
toss,przewracać,"rzucać|rozstrzygać przez rzut monety|rzucać
 2.  wstrząsać"
tot,berbeć,"dzidziuś
 2.  kieliszeczek"
totalitarian,totalitarny,
touch,być,"być w kontakcie|dotykać
 2.  stykać się|kontaktować się
 3.  poruszać"
touchdown,lądowanie,
touching,poruszający,wzruszający
touchy,drażliwy,
toughen,wzmacniać,"utwardzać
 2.  twardnieć"
toupee,mała,
tour,wycieczka,"zwiedzanie
ii.    objeżdżać"
tourism,turystyka,
tousled,rozczochrany,
tout,biletów,
towel,ręcznik,
towering,wyniosły,
towpath,ścieżka,
toxic,toksyczny,
trace,kopiować,ślad
track,wiedzieć,
trade,działacz,związkowiec
traditional,tradycyjny,
traffic,światła,
tragedy,tragedia,
tragic,tragiczny,
trail,ciągnąć,"tracić|wlec
 2.  tracić punkty|wlec za sobą"
train,koleją,
trained,szkolony,
traipse,ciągnąć,włóczyć się
trample,deptać,"nadepnąć 
 2.  zdeptywać"
tranquil,spokojny,
transact,przeprowadzać,
transcend,przekraczać,
transcendental,transcendentny,
transcribe,transkrybować,
transfer,naklejka,
transform,przekształcać,
transfusion,przetoczenie,
transient,efemeryczny,
transition,przejście,
transitory,przejściowy,
transl,tłumaczenie,
translate,przekładać,tłumaczyć
translation,przekład,tłumaczenie
translator,tłumacz,
transmission,przenoszenie,"przesyłanie
 2.  transmisja"
transmit,przesyłać,"przekazywać|przenosić 
 2.  transmitować"
transmitter,przekaźnik,
transport,przewozić,
transverse,poprzeczny,
trap,pułapka,"zamknąć
 3.  zwabiać|znęcać
 4.  przechwytywać|znęcać w pułapkę"
trapdoor,zapadnia,
trashcan,kubeł,
trashy,bezwartościowy,
trauma,cierpienie,
traumatic,traumatyczny,
travel,jeździć,przenosić|pracownik biura podróży
traverse,przecinać,
travesty,parodia,
treas,skarbnik,
treasurer,skarbnik,
treat,nasycać,"fundować|stawiać
ii.    szczególna uroczystość"
treatment,leczenie,
trek,podróżować,podróż
tremble,drżeć,
tremendous,niebywały,
tremor,drżenie,
trench,rów,
trend,kierunek,
trendy,modny,
trepidation,niepokój,
trespass,wchodzić,wtargnąć
trespasser,wstęp,
triangle,trójkąt,
triangular,trójkątny,
tribal,plemienny,
tribe,plemię,
tribesman,członek,
tribunal,trybunał,
tributary,dopływ,
trick,oszukiwać,
trickery,podstęp,
trickle,i.    ciec strużką,"sączyć się
ii.    strużka|wątły strumyczek"
tricky,podstępny,
trifle,"bagatela
 2.  przekładaniec",odrobinę
trifling,nieważny,
trigger,język,
trilogy,trylogia,
trimming,ozdóbka,
trinket,ozdóbka,świecidełko
trip,przewracać,
tripartite,trójstronny,
triple,potrójny,potrajać
trite,banalny,
triumph,triumfować,
trivia,banały,
trivial,banalny,nie znaczący
troop,oddział,"wojsko
ii.    przegrupowywać się"
trooper,żołnierz,
tropic,tropik,
tropical,tropikalny,
troubled,zmartwiony,"zakłopotany
 2.  zaburzony"
troublemaker,kłopotów,
troublesome,kłopotliwy,
trout,pstrąg,
trowel,łopatka,"łopatka
 2.  kielnia"
trudge,iść,
truly,poważaniem,
trumpeter,trębacz,
truncate,obcinać,okaleczać
truncheon,pałka,
trundle,toczyć,toczyć się
trust,"wierzyć 
 2.  zaufać",
trustee,powiernik,zarządca
trustful,ufny,
trusting,ufny,
trustworthy,godny,
trusty,ulubiony,
trying,ciężki,dojmujący
tshirt,koszulka,
tu,wtorek,związek zawodowy
tubercular,gruźliczy,gruźlik
tuberculosis,gruźlica,
tubular,rurkowy,
tuck,wpychać,zawijać
tues,wtorek,
tuesday,wtorek,
tuft,kępka,pęczek
tumbler,szklanka,
tummy,brzuszek,
tumor,nowotwór,
tumour,nowotwór,
tuna,tuńczyk,
tuna fish,tuńczyk,
tuneful,melodyjny,
turgid,napuszony,
turk,turek,
turmoil,niepokój,
turning,zwrotny,
turnout,publiczność,
turnover,"fluktuacja
 2.  obrót",przerób
turquoise,turkusowy,
turret,wieżyczka,
turtle,żółw,
turtleneck,ˈtɜ:təlnek,
tusk,kieł,
tussle,szamotać,"szarpać się
ii.    szamotanina"
tutorial,seminaryjny,
twang,brzdąkać,"brzęknięcie
ii.    brzęczeć|w coś)"
tweet,ćwierkać,
twelve,dwanaście,
twenty,dwadzieścia,
twiddle,kręcić,obracać
twig,gałązka,
twin,bliźniak,bliźniaczy|podwójny
twine,linka,okręcać
twinge,odczucie,
twinkle,błysk,
twirl,kręcić,kręcić się|obracać|obracać się
twist,obracać,"odkręcać|obracać się|skręt
 2.  wykręcenie|wykręcać"
twit,dureń,
twitter,ćwierkać,świergotać
twofaced,dwulicowy,
twoway,dwustronny,
type,drukować,wpisywać|pisać
typewriter,pisania,
typical,charakterystyczny,
typify,uosabiać,
typist,maszynistka,
tyrannical,tyrański,
tyranny,tyrania,
udder,wymię,
ugly,paskudny,
ukrainian,ukraiński,
ulcer,wrzód,
ult,"ultimo
  ubiegłego miesiąca",
ultimate,ostateczny,najwyższy
ultimo,"ultimo
  ubiegłego miesiąca",
ultraviolet,ultrafioletowy,
umbilical cord,pępowina,
umpire,sędzia,sędziować
umpteen,ilość,tysiąc
unabated,słabnący,
unable,móc,
unacceptable,przyjęcia,
unaccountable,wyjaśniony,
unaccustomed,nieprzywykły,niezwyczajny
unanimous,jednogłośny,
unarmed,nieuzbrojony,
unassuming,bezpretensjonalny,
unattached,związany,
unauthorized,upoważnienia,nieupoważniony
unavoidable,uniknięcia,
unbearable,zniesienia,
unbeatable,pokonania,nie do prześcignięcia
unbelievable,niewiarygodny,
unborn,nienarodzony,
unbounded,bezgraniczny,
unbroken,bez zakłóceń,
unbutton,rozpinać,
uncalledfor,nieproszony,
uncanny,zadziwiający,
unceasing,nieustanny,
unceremonious,bezceremonialny,
uncertain,niepewny,
uncertainty,niepewność,wątpliwość
unchallenged,niekwestionowalny,
unchecked,niepohamowany,
uncomfortable,niewygodny,niepewny|źle się czujący
uncommitted,neutralny,"niezaangażowany
 2.  nie związany"
uncomprehending,pojmujący,
uncompromising,bezkompromisowy,
unconcerned,troszczący,
unconditional,bezwarunkowy,
uncontrolled,niekontrolowany,
uncork,odkorkować,
uncountable,niepoliczalny,
uncouth,nieokrzesany,
uncover,odkrywać,
undaunted,powstrzymany,
undecided,niezdecydowany,
undeniable,niezaprzeczalny,
undercover,tajny,
underdeveloped,słabo,
underdog,słabsza,
underdone,niedogotowany,
underestimate,niedoceniać,
underfed,niedożywiony,
undergo,poddawać,przechodzić
underground,podziemny,
undergrowth,poszycie,
underhand,potajemny,
underlie,znajdować,
underline,podkreślać,
underling,podwładny,
undermine,podkopywać,
underneath,spód,
underpaid,niedopłacany,
underpants,kalesony,
underprivileged,mający,upośledzony
underrate,doceniać,
undershirt,koszulka,
underside,spód,
understand,pojmować,rozumieć
understandable,zrozumiały,
understanding,pojmowanie,zrozumienie
understatement,niedomówienie,
undertaker,przedsiębiorca,
undervalue,niedoceniać,
underwater,podwodny,
underway,trwać,
underworld,świat przestępczy,
underwriter,ubezpieczeniowy,
undesirable,niepożądany,
undo,rozwiązywać,"rozpinać
 2.  niszczyć|zaprzeczać"
undoing,klęska,
undone,rozwiązany,
undoubted,niezaprzeczalny,
undress,rozbierać,rozbierać się
undue,nadmierny,
undulate,falować,
unearth,odkopywać,wydobywać na światło dzienne
unease,niepokój,
uneasy,niepewny,
unemployed,bezrobotny,
unemployment,bezrobocie,
unending,kończący,
unequivocal,jasny,
unerring,nieomylny,
uneven,nierówny,
uneventful,wydarzeń,
unexpected,niespodziewany,
unfailing,niezawodny,
unfaithful,niewierny,
unfasten,rozpinać,
unfeeling,nieczuły,
unfold,rozwijać,"rozwijać
 2.  odsłaniać"
unforeseen,nieprzewidziany,
unforgettable,niezapomniany,
unforgivable,niewybaczalny,
unfortunate,nieszczęśliwy,
unfounded,bezpodstawny,
unfriendly,nieprzyjazny,
unfurnished,umeblowany,
ungainly,niezgrabny,
unhappy,pożałowania,
unhealthy,niezdrowy,
unheardof,niesłychany,
unicorn,jednorożec,
uniformity,ujednolicenie,
unify,jednoczyć,unifikować
unilateral,jednostronny,
uninhabited,niezamieszkany,niezamieszkały
unique,unikalny,"unikatowy
 2.  wyłączny"
unisex,płci,obupłciowy
unit,zespół,
unitarian,unitariański,
unite,jednoczyć,jednoczyć się
unity,jedność,
universal,powszechny,uniwersalny
universe,wszechświat,
unjustified,nieuzasadniony,niezrozumiały
unkempt,rozczochrany,źle utrzymany
unknown,nieznajomy,
unlawful,bezprawny,
unleaded,bezołowiowy,
unless,jeżeli,
unlike,przeciwieństwie,
unlikely,nieprawdopodobny,że coś się|że coś się skończy
unlit,niezapalony,nieoświetlony
unlock,otwierać,
unmade,nieposłany,
unmarked,nieoznaczony,nieruszony
unmistakable,niewątpliwy,łatwy do poznania
unmitigated,całkowity,
unnecessary,niepotrzebny,zbędny
unnerve,odbierać,
unnoticed,niezauważony,
unobtrusive,narzucający,
unofficial,nieoficjalny,
unorthodox,nieortodoksyjny,
unpack,rozpakowywać,
unpaid,bezpłatny,niezapłacony
unparalleled,niezrównany,
unpleasant,nieprzyjemny,
unplug,wyłączać,wyłączać z sieci
unprecedented,bezprecedensowy,
unpredictable,przewidzenia,
unprofitable,niedochodowy,
unqualified,niewykwalifikowany,
unquestionable,niekwestionowany,
unravel,rozplątywać,"rozplątywać
 2.  rozwikływać"
unreal,nierealny,
unrealistic,nierealistyczny,
unreasonable,nierozsądny,
unrecognisable,odróżnienia,
unrecognizable,odróżnienia,
unrelated,związany,
unreliable,nieodpowiedzialny,
unremitting,niestrudzony,
unreserved,zastrzeżeń,całkowity
unrest,niepokój,
unrewarding,dający,
unripe,niedojrzały,
unrivalled,niezrównany,
unroll,rozwijać,
unruly,nieposłuszny,
unsafe,niebezpieczny,niepewny|zagrożony
unsatisfactory,niezadowalający,
unsavory,odrażający,
unsavoury,odrażający,
unscathed,draśnięty,
unscrew,odkręcać,
unscrupulous,skrupułów,
unseen,widziany,
unshakable,niezachwiany,
unshaven,nieogolony,
unsightly,mało,nieładny
unskilled,niewykwalifikowany,
unsophisticated,nieskomplikowany,
unsound,błędny,zagrożony
unspeakable,niewypowiedziany,
unspecified,niewyszczególniony,
unsuited,niedobrany,
unsure,niepewny,
unsympathetic,współczujący,nieczuły
untangle,rozplątywać,
untapped,nienaruszony,
untenable,obrony,
unthinkable,pomyślenia,
untidy,niechlujny,
untie,rozwiązywać,
until,dopóki,
untimely,przedwczesny,
untold,niewypowiedziany,
untranslatable,nieprzetłumaczalny,
untreated,nieleczony,nieoczyszczony
unusual,niezwykły,
unwary,spodziewający,nieostrożny
unwelcome,nieproszony,niepożądany
unwieldy,nieporęczny,
unwilling,niechętny,
unwise,niemądry,
unwitting,bezwolny,nieświadomy
unworkable,przeprowadzenia,
unworthy,niegodny,
unwrap,rozpakowywać,
unwritten,niepisany,
unzip,rozpinać,
upandcoming,wybijający się w górę,
upbringing,wychowanie,
update,aktualizować,modernizować
upheaval,niepokój,przewrót|przewrót społeczny
uphill,górę,"w górę
ii.    ciężki"
uphold,podtrzymywać,utrzymywać
upholstered,tapicerowany,
upholstery,tapicerka,
upkeep,utrzymania,
upper,burżuazja,warstwa wyższa
uppermost,najwyższy,"najwyżej
 2.  najważniejszy"
uprising,powstanie,
uproot,wykorzeniać,wykorzeniać się
upstream,górę,w górze
uptake,coś,
uptight,spięty,
uptodate,nowoczesny,zorientowany
uptown,śródmieścia,
upturn,zwyżka,
upturned,odwrócony,
upward,góry,górny
urbane,kurtuazyjny,
urchin,łobuz,
urge,kłaść,
urgency,nagła,
urgent,naglący,
urinate,oddawać,
usable,zdatny,
usaf,siły,
usage,użycie,"użycie
 2.  znaczenie"
useful,użyteczny,
user,użytkownik,
usherette,bileterka,
usn,marynarka,
uss,okręt,
usurp,uzurpować,
utensil,przybór,przyrząd
utilise,posiłkować,stosować
utilitarian,użytkowy,utylitarny
utility,przedsiębiorstwo użyteczności publicznej,
utilize,posiłkować,stosować
utter,wypowiadać,"wydawać
ii.    całkowity"
utterance,wypowiedź,
uturn,zawrócenie,
vacate,zwalniać,
vaccinate,szczepić,
vaccination,szczepienie,
vaccine,szczepionka,
vaginal,dopochwowy,
vagrant,włóczęga,
vague,niejasny,niewyraźny
vain,próżno,
valid,ważny,uzasadniony
validate,potwierdzać,
validity,ważność,
valueadded tax,podatek,
valued,ceniony,
valueless,bezwartościowy,
valve,zawór,
van,furgonetka,
vandalise,niszczyć,niszczyć po chuligańsku
vandalism,wandalizm,
vandalize,niszczyć,niszczyć po chuligańsku
vanity,kosmetyczka,
vanquish,pokonywać,pokonywać doszczętnie
variability,zmienność,
variable,zmienny,
varicose veins,żylaki,
varied,różnorodny,
variegated,różnokolorowy,
variety,różnorodność,
various,różnorodny,
variously,rozmaicie,
varnish,werniksować,
vary,różnić,
vast,ogromny,
vat,beczka,kadź|podatek od wartości dodanej
veal,cielęcina,
veer,zbaczać,zbaczać nagle|zmieniać kierunek
vegetable,"warzywo
ii.    roślinny",
vegetarian,wegetariański,
vegetate,wegetować,
vegetation,roślinność,
vehemence,porywczość,zaciekłość
vehement,gwałtowny,zaciekły
vehicle,narzędzie,
velocity,prędkość,
velvety,aksamitny,
ven,czcigodny,
vending machine,maszyna do sprzedaży,
veneer,fornirować,okładać
venerable,czcigodny,
venetian blind,żaluzja,żaluzja nastawna
vengeful,mściwy,
vent,otwór,
ventilate,wentylować,
ventilator,wywietrznik,
ventriloquist,brzuchomówca,
venture,przedsięwzięcie,
verb,czasownik,
verbal,werbalny,"słowny
 2.  czasownikowy"
verbatim,dosłowny,dosłownie
verbose,rozwlekły,
verification,sprawdzenie,potwierdzenie
verify,sprawdzać,"weryfikować
 2.  potwierdzać"
veritable,istny,
vermin,szkodnik,
vernacular,"język miejscowy
ii.    miejscowy",
versatile,wszechstronny,
vertebra,krąg,
vertical,pionowy,
vertigo,zawrót,
vested,wyposażony,
vestige,pozostałość,ślad
vestry,zakrystia,
vex,irytować,
vexed,zirytowany,trudny|zawikłany
viable,możliwy,
vibrant,dynamiczny,"przesycony energią
 2.  rozjarzony"
vibrate,drgać,wibrować
vibration,drganie,
vicarage,plebania,
vicarious,pośredni,zastępczy
vice,przestępstwo,"występek
 3.  imadło"
vicinity,bliskość,pobliże
vicious,podstępny,
victimise,represjonować,
victimize,represjonować,
victor,zwycięzca,
victorian,wiktoriański,
victorious,zwycięski,
victory,zwycięstwo,
vie,rywalizować,
vienna,wiedeń,
vigil,czuwanie,
vigilant,czujny,
vigor,energia,
vigorous,energiczny,
vigour,energia,
village,wioska,
villager,wieśniak,
vindicate,rekompensować,wybronić
vindictive,mściwy,
vine,latorośl,winorośl
vintage,rocznika,
viola,altówka,
violence,gwałtowność,
violinist,skrzypek,
vip,ważna,
viper,żmija,
virile,męski,
virtual,faktyczny,właściwy
virtually,dobrą,właściwie
virulent,złośliwy,
visibility,widoczność,
visible,widoczny,
visionary,dalekowzroczny,
visit,odwiedzać,odwiedziny
vistula,wisła,
visual,wzrokowy,
visualise,unaoczniać,unaoczniać sobie|wyobrażać|wyobrażać sobie
visualize,unaoczniać,unaoczniać sobie|wyobrażać|wyobrażać sobie
vital,witalny,"zasadniczy
 2.  żywotny"
vitiate,kazić,psuć
viva,ustny,
vivacious,energiczny,żywy
vivid,żywy,
vocabulary,słownictwo,
vocal,struny,
vocation,powołanie,
vodka,wódka,
vogue,modny,
voice,się,najgłośniej
volition,nieprzymuszenie,
volleyball,piłka,siatkówka
voltage,napięcie,
voluble,wymowny,
volume,natężenie,
voluminous,obszerny,
voluntary,dobrowolny,
voluptuous,ponętny,
vomit,zwracać,"wymiotować
ii.    wymiociny"
voracious,żarłoczny,
vouch for,ręczyć,zaręczać
voucher,bloczek,
vow,przysięga,
vowel,samogłoska,
voyage,podróż,
voyager,podróżnik,
vulgar,wulgarny,
vulnerable,podatny,wrażliwy
vulture,sęp,
wad,kłębek,
waddle,kiwać,kiwać się jak kaczka|telepać się
waft,snuć,
wag,machać,
wage,zarobek,"pensja
ii.    prowadzić"
waggle,ruszać,ruszać się
wail,zawodzić,zawodzenie
waistband,pasek,
waistcoat,kamizelka,
waistline,obwód,
wait,chwileczkę,
waiting,poczekalnia,
waitress,kelnerka,
waive,uchylać,zawieszać
wake,budzić,"zbudzić
 2.  uświadamiać sobie"
waken,budzić,
wales,walia,
walk,iść,
walkabout,mieszać,
walker,źle,
walking,chodzenie,
walkover,łatwe zwycięstwo,
wall,ściana,przypierać kogoś do muru
walled,otoczony,
wallop,trzasnąć,łupnąć
wallpaper,tapetować,
walnut,włoski,
wan,wybladły,
wand,czarodziejska,różdżka
wander,błąkać,
wane,blednąć,księżyc maleje
wangle,kombinować,
wanton,bezmyślny,
warble,śpiewać,
ward,odstraszać,odsuwać
warden,strażnik,zarządca
warder,strażnik,
warfare,działania,
warhead,głowica,
warlike,bojowy,
warmblooded,ciepłokrwisty,
warmhearted,usposobiony,
warmonger,podżegacz,
warmth,ciepło,
warn,ostrzegać,uprzedzać
warp,skrzywienie,
warpath,ścieżka,
warren,nora królicza,
warrior,wojownik,
warship,okręt,
wart,brodawka,
wartime,wojny,
wary,ostrożny,
wash,wyrzucać,
washable,nadający,
washbasin,umywalka,
washedout,wyblakły,wymęczony
washer,praczka,"pracz
 2.  podkładka"
washing,pralka,
washingup,płyn,
waste,marnować,zużyty
wastebasket,śmieci,
wasted,niepotrzebny,
wasteful,marnotrawny,
wasteland,odłóg,
watchband,pasek,
watchful,przezorny,
watchman,strażnik,stróż
watchstrap,pasek,
watchword,hasło,
water,lilia,
waterborne,przenoszony,
watercress,rzeżucha,
waterfront,przybrzeżna,wybrzeże
watering can,polewaczka,
waterlogged,nasiąknięty,
waterproof,uszczelniać,
watershed,krytyczny,
waterside,wybrzeże,
watertight,wodoszczelny,
waterworks,wodociągowa,wodociągi
wavelength,długość,
wax,księżyc,"smar
ii.   1.  woskować"
waxy,nawoskowany,
waylay,zatrzymywać,
wayward,kapryśny,
we,my,"we.
  środa"
weaken,osłabiać,słabnąć
weakling,słabeusz,
wealthy,majętny,
weapon,broń,
wear,przecierać,wycierać
wearing,wyczerpujący,
wearisome,nużący,wyczerpujący
weary,znużony,"wyczerpany
ii.    nużyć się"
weasel,łasica,
weatherbeaten,zahartowany,
weathercock,kurek,
web,pajęczyna,
webbed,płetwiasty,
wed,środa,
wedding,ślub,
wednesday,środa,
weed,usuwać,
weedkiller,środek,
weekday,dzień,
weekend,tygodnia,
weekly,cotygodniowy,
weepy,płaczliwy,
weightless,mający,nieważki
weightlifter,ciężarowiec,
weightlifting,podnoszenie,
weighty,poważny,ważki
weird,dziwaczny,
welcome,chętnie,witamy gdzieś''
welcoming,przyzwalający,zapraszający
welfare,państwo,
welladvised,rozsądny,
wellbehaved,wychowany,
wellbeing,samopoczucie,
wellearned,ciężko,dobrze zasłużony
wellfounded,uzasadniony,
wellheeled,nadziany,
wellintentioned,mający,
wellkept,utrzymany,
wellknown,znany,
wellmeaning,mający,życzliwy
wellread,oczytany,
wellspoken,mówiący,
welltimed,w porę,
welltodo,zamożny,
wellwisher,człowiek,
welshwoman,walijka,
werewolf,wilkołak,
westerner,człowiek,
whack,udział,
whacked,wypompowany,
wharf,nabrzeże,przystań
whatsoever,ogóle,
wheelbarrow,taczka,
wheelchair,wózek,
wheeze,świszczeć,"sapać
ii.    świszczenie"
whenever,kiedykolwiek,
whereabouts,dokąd,"miejsce położenia
ii.    gdzie"
whereby,dzięki,poprzez który
wherein,w którym,
whereupon,toteż,
wherever,gdziekolwiek,
wherewithal,środki,
whet,zaostrzać,
whether,czy przyjąć ofertę,
which,ją,
whichever,jakikolwiek,którykolwiek
whimper,skowyczeć,kwilenie
whimsical,kapryśny,
whip,chłostać,zrywać
whipround,składka,
whir,buczenie,"buczeć
ii.    furkot|i.    furkotać"
whirl,wirować,"obracać
ii.    wirowanie"
whirr,buczenie,"buczeć
ii.    furkot|i.    furkotać"
whisk,trzepaczka,
whitecollar,administracyjny,umysłowy
whitehot,rozpalony,
whiten,bieleć,wybielać
whitewash,bielić,
whittle,kurczyć,redukować
who,światowa organizacja zdrowia,
whoever,ktokolwiek,
wholehearted,serdeczny,
wholesale,masowy,
wholesaler,hurtownik,
wholesome,zdrowy,
wholewheat,pełnoziarnisty,
wholly,całkowicie,
whopping,ogromny,
whose,którego,"której|których
 2.  czyj"
wicked,paskudny,
wicker,plecionka,
wickerwork,plecionka,
wideangle,szerokokątny,
wideawake,całkowicie,
widen,poszerzać,"poszerzać
 2.  rozszerzać się"
wideranging,szeroką,
widespread,rozpowszechniony,
widow,wdowa,
widowed,owdowiały,
widowhood,wdowieństwo,
width,szerokość,
wield,dzierżyć,
wife,żona,
wig,peruka,
wiggle,podrygiwać,szarpać
wilderness,"pustynia
 2.  zdziczały teren",
wildgoose chase,poszukiwanie,
wildlife,zwierzęta,
wilful,świadomy,"rozmyślny
 2.  krnąbrny"
willful,świadomy,"rozmyślny
 2.  krnąbrny"
willing,chętny,
willpower,siła,
willynilly,chcąc,
wilt,usychać,więdnąć
winch,wciągać,
windbreak,wiatrołom,
windfall,uśmiech,
windowshopping,oglądanie,oglądanie wystaw
windswept,chłostany,
windy,wietrzny,
winger,skrzydłowy,
wingspan,rozpiętość,
winner,zwycięzca,
wintertime,zimowa,
wintry,zimowy,
wipe,wycierać,
wiry,żylasty,sztywny
wisdom,ząb,
wisecracker,dowcipniś,
wish,życzenie,życzyć komuś sukcesu
wishful thinking,pobożne życzenia,
wishywashy,mdły,
wisp,wiecheć,
wistful,melancholijny,
wit,coś,
witch,i.    wiedźma,
witchhunt,polowanie,
withdraw,wycofywać,wycofywać się
withdrawal,wycofanie,"głód
 5.  wypłata"
withdrawn,zamknięty,zamknięty w sobie
withered,pomarszczony,uschnięty
withering,miażdżący,
withhold,powstrzymywać,wstrzymywać
withstand,wytrzymywać,
witnessbox,świadka,
witnessstand,świadka,
witter,ględzić,paplać
witty,dowcipny,
wizard,czarnoksiężnik,
wizardry,czaroksięstwo,
wizened,pomarszczony,
wobble,chwiać,trząść się
woe,nieszczęście,
woeful,żałosny,
womanhood,kobiecość,
wonderful,cudowny,
wonderment,zadziwienie,
wonky,chwiejny,
wooded,zadrzewiony,
wooden,drewniany,
woodpecker,dzięcioł,
woodwind,dęte,
woodwork,stolarka,
woodworm,kornik,
woody,zdrewniały,
word,komputerowe,
wording,słowna,
wordplay,słów,
wordy,rozwlekły,wielosłowny
workable,użyteczny,
workbench,stół,
worked up,podekscytowany,
worker,pracownik,robotnik
workforce,siła,
workload,obciążenie,
workman,pracownik,
workmanship,rzemiosło,
worktop,powierzchnia,
worldclass,światowej klasy,
worldfamous,światowej,
worldly,"doczesny
 2.  światowy",
worldwide,światowym,światowy
wornout,znoszony,wykończony
worried,zaniepokojony,
worry,kłopot,"niepokoić
 3.  zmartwienie"
worrying,niepokojący,
worsen,pogarszać,pogarszać się
worsted,samodział,
worth,książki,
worthless,bezwartościowy,
worthwhile,opłacalny,
wouldbe,niedoszły,
wpb,śmieci,
wrapper,opakowanie,
wrapping,opakowanie,
wreak,odpłacać,
wreck,rek,
wreckage,szczątki,
wren,strzyżyk,
wrench,ból,
wrest,wyrywać,
wrestle,bić,walczyć|walczyć wręcz
wrestler,zapaśnik,
wretched,cholerny,
wriggle,kręcić,"przedostawać się
ii.    kręcenie|wiercić"
wrinkle,marszczyć,
wrinkled,pomarszczony,pomięty
wristwatch,zegarek,
writ,pismo urzędowe,
writeoff,spisany,
writeup,omówienie,
writhe,wić się,
writing,listowy,
written,pisemny,napisany
wrongdoer,sprawca zła,
wrongdoing,nadużycie,niewłaściwe postępowanie
wrongful,krzywdzący,
wry,kwaśny,skrzywiony
wt,ciężar,
xenophobia,ksenofobia,
xerox,kserować,
xray,prześwietlać,
yachting,żeglarstwo,
yank,wyszarpywać,
yarn,bajka,
yearn,tęsknić,
yearning,tęsknota,
yeast,drożdże,
yell,wrzeszczeć,
yellow,żółta,
yemeni,jemeński,jemeńczyk
yes,nie zrobiłeś tego?'',zrobiłem''
yet,dotąd,
yha,związek,
ymca,stowarzyszenie,
yolk,żółtko,
youngish,dość,
youngster,chłopiec,
your,własny,
yours,z poważaniem'',
youth,schronisko młodzieżowe,
youthful,młodzieńczy,młody
yugoslav,jugosłowiański,
yugoslavia,jugosławia,
ywca,stowarzyszenie,
zany,dziwaczny,
zeal,zapał,
zealous,fanatyczny,
zebra,przejście,
zionism,syjonizm,
zip,zamykać,
zipper,zamek,
zombie,żywy,
zoo,ogród,
zoology,zoologia,
zoom,zmienną,
zucchini,cukinia,
émigré,uchodźca,
